date,slot,time_local,mill_kW,press_kW,total_load_kW,price_eur_mwh,cost_eur,housings,modules,pickup
2024-01-02,0,08:00,1.8638,0.0,1.8638,65.67,0.0306,60.0,30.0,0.0
2024-01-02,1,08:15,6.7293,0.0,6.7293,65.67,0.110478,60.0,30.0,0.0
2024-01-02,2,08:30,5.9956,0.0,5.9956,65.67,0.098433,60.0,30.0,0.0
2024-01-02,3,08:45,7.1179,9.5021,16.62,65.67,0.272859,20.0,30.0,0.0
2024-01-02,4,09:00,6.1091,17.0147,23.1237,64.73,0.3742,20.0,30.0,0.0
2024-01-02,5,09:15,5.6324,17.1381,22.7705,64.73,0.368484,20.0,30.0,0.0
2024-01-02,6,09:30,5.8458,16.0793,21.9251,64.73,0.354803,20.0,30.0,0.0
2024-01-02,7,09:45,5.1816,3.2115,8.3931,64.73,0.135821,20.0,30.0,0.0
2024-01-02,8,10:00,6.7301,0.0,6.7301,68.98,0.116061,20.0,70.0,0.0
2024-01-02,9,10:15,3.9878,0.0,3.9878,68.98,0.06877,20.0,70.0,0.0
2024-01-02,10,10:30,1.3266,9.5021,10.8287,68.98,0.186741,80.0,70.0,0.0
2024-01-02,11,10:45,4.184,17.0147,21.1986,68.98,0.365571,80.0,70.0,0.0
2024-01-02,12,11:00,5.1593,17.1381,22.2974,73.54,0.409938,80.0,70.0,0.0
2024-01-02,13,11:15,4.2588,16.0793,20.3381,73.54,0.373916,80.0,70.0,0.0
2024-01-02,14,11:30,5.404,3.2115,8.6155,73.54,0.158396,80.0,70.0,0.0
2024-01-02,15,11:45,4.491,9.5021,13.9931,73.54,0.257264,40.0,110.0,0.0
2024-01-02,16,12:00,5.1252,17.0147,22.1399,78.16,0.432613,40.0,110.0,0.0
2024-01-02,17,12:15,3.0543,17.1381,20.1924,78.16,0.39456,40.0,110.0,0.0
2024-01-02,18,12:30,5.093,16.0793,21.1723,78.16,0.413706,40.0,110.0,0.0
2024-01-02,19,12:45,3.6006,3.2115,6.8121,78.16,0.133109,40.0,110.0,0.0
2024-01-02,20,13:00,4.9802,9.5021,14.4823,78.87,0.285555,0.0,150.0,0.0
2024-01-02,21,13:15,4.3843,17.0147,21.399,78.87,0.421935,0.0,150.0,0.0
2024-01-02,22,13:30,1.5369,17.1381,18.675,78.87,0.368224,0.0,150.0,0.0
2024-01-02,23,13:45,0.0,16.0793,16.0793,78.87,0.317043,100.0,150.0,0.0
2024-01-02,24,14:00,0.0,3.2115,3.2115,79.24,0.06362,100.0,150.0,0.0
2024-01-02,25,14:15,0.0,0.0,0.0,79.24,0.0,100.0,190.0,0.0
2024-01-02,26,14:30,0.0,0.0,0.0,79.24,0.0,100.0,190.0,0.0
2024-01-02,27,14:45,0.0,0.0,0.0,79.24,0.0,100.0,190.0,0.0
2024-01-02,28,15:00,0.0,0.0,0.0,79.96,0.0,100.0,0.0,190.0
2024-01-02,29,15:15,0.0,0.0,0.0,79.96,0.0,100.0,0.0,0.0
2024-01-02,30,15:30,0.0,0.0,0.0,79.96,0.0,100.0,0.0,0.0
2024-01-02,31,15:45,0.0,0.0,0.0,79.96,0.0,100.0,0.0,0.0
2024-01-02,32,16:00,0.0,0.0,0.0,83.46,0.0,100.0,-0.0,0.0
2024-01-02,33,16:15,0.0,0.0,0.0,83.46,0.0,100.0,-0.0,0.0
2024-01-02,34,16:30,0.0,0.0,0.0,83.46,0.0,100.0,-0.0,0.0
2024-01-02,35,16:45,0.0,0.0,0.0,83.46,0.0,100.0,-0.0,0.0
2024-01-02,36,17:00,0.0,0.0,0.0,80.92,0.0,100.0,-0.0,0.0
2024-01-02,37,17:15,0.0,0.0,0.0,80.92,0.0,100.0,-0.0,0.0
2024-01-02,38,17:30,0.0,0.0,0.0,80.92,0.0,100.0,-0.0,0.0
2024-01-02,39,17:45,0.0,0.0,0.0,80.92,0.0,100.0,-0.0,0.0
2024-01-02,40,18:00,1.8638,9.5021,11.3659,74.95,0.212969,60.0,-0.0,0.0
2024-01-02,41,18:15,6.7293,17.0147,23.744,74.95,0.444902,60.0,-0.0,0.0
2024-01-02,42,18:30,5.9956,17.1381,23.1337,74.95,0.433467,60.0,-0.0,0.0
2024-01-02,43,18:45,7.1179,16.0793,23.1972,74.95,0.434657,60.0,-0.0,0.0
2024-01-02,44,19:00,6.1091,3.2115,9.3206,63.18,0.147218,60.0,-0.0,0.0
2024-01-02,45,19:15,5.6324,9.5021,15.1345,63.18,0.23905,20.0,40.0,0.0
2024-01-02,46,19:30,5.8458,17.0147,22.8605,63.18,0.361081,20.0,40.0,0.0
2024-01-02,47,19:45,5.1816,17.1381,22.3197,63.18,0.352539,20.0,40.0,0.0
2024-01-02,48,20:00,6.7301,16.0793,22.8094,57.11,0.325661,20.0,40.0,0.0
2024-01-02,49,20:15,3.9878,3.2115,7.1993,57.11,0.102788,20.0,40.0,0.0
2024-01-02,50,20:30,0.0,9.5021,9.5021,57.11,0.135666,80.0,80.0,0.0
2024-01-02,51,20:45,0.0,17.0147,17.0147,57.11,0.242927,80.0,80.0,0.0
2024-01-02,52,21:00,0.0,17.1381,17.1381,46.89,0.200901,80.0,80.0,0.0
2024-01-02,53,21:15,0.0,16.0793,16.0793,46.89,0.188489,80.0,80.0,0.0
2024-01-02,54,21:30,0.0,3.2115,3.2115,46.89,0.037647,80.0,80.0,0.0
2024-01-02,55,21:45,0.0,0.0,0.0,46.89,0.0,80.0,10.0,110.0
2024-01-03,0,08:00,1.8638,9.5021,11.3659,59.61,0.169381,40.0,10.0,0.0
2024-01-03,1,08:15,6.7293,17.0147,23.744,59.61,0.353844,40.0,10.0,0.0
2024-01-03,2,08:30,5.9956,17.1381,23.1337,59.61,0.34475,40.0,10.0,0.0
2024-01-03,3,08:45,7.1179,16.0793,23.1972,59.61,0.345696,40.0,10.0,0.0
2024-01-03,4,09:00,6.1091,3.2115,9.3206,60.61,0.14123,40.0,10.0,0.0
2024-01-03,5,09:15,5.6324,9.5021,15.1345,60.61,0.229326,0.0,50.0,0.0
2024-01-03,6,09:30,5.8458,17.0147,22.8605,60.61,0.346394,0.0,50.0,0.0
2024-01-03,7,09:45,5.1816,17.1381,22.3197,60.61,0.338199,0.0,50.0,0.0
2024-01-03,8,10:00,6.7301,16.0793,22.8094,57.0,0.325034,0.0,50.0,0.0
2024-01-03,9,10:15,3.9878,3.2115,7.1993,57.0,0.10259,0.0,50.0,0.0
2024-01-03,10,10:30,1.8638,9.5021,11.3659,57.0,0.161965,60.0,90.0,0.0
2024-01-03,11,10:45,6.7293,17.0147,23.744,57.0,0.338351,60.0,90.0,0.0
2024-01-03,12,11:00,5.9956,17.1381,23.1337,54.89,0.317452,60.0,90.0,0.0
2024-01-03,13,11:15,7.1179,16.0793,23.1972,54.89,0.318323,60.0,90.0,0.0
2024-01-03,14,11:30,6.1091,3.2115,9.3206,54.89,0.127901,60.0,90.0,0.0
2024-01-03,15,11:45,5.6324,9.5021,15.1345,54.89,0.207684,20.0,130.0,0.0
2024-01-03,16,12:00,5.8458,17.0147,22.8605,53.89,0.307988,20.0,130.0,0.0
2024-01-03,17,12:15,5.1816,17.1381,22.3197,53.89,0.300702,20.0,130.0,0.0
2024-01-03,18,12:30,6.7301,16.0793,22.8094,53.89,0.307299,20.0,130.0,0.0
2024-01-03,19,12:45,3.9878,3.2115,7.1993,53.89,0.096992,20.0,130.0,0.0
2024-01-03,20,13:00,0.0,9.5021,9.5021,54.42,0.129276,80.0,170.0,0.0
2024-01-03,21,13:15,0.0,17.0147,17.0147,54.42,0.231485,80.0,170.0,0.0
2024-01-03,22,13:30,0.0,17.1381,17.1381,54.42,0.233164,80.0,170.0,0.0
2024-01-03,23,13:45,0.0,16.0793,16.0793,54.42,0.218759,80.0,170.0,0.0
2024-01-03,24,14:00,0.0,3.2115,3.2115,60.86,0.048863,80.0,170.0,0.0
2024-01-03,25,14:15,0.0,9.5021,9.5021,60.86,0.144574,40.0,210.0,0.0
2024-01-03,26,14:30,0.0,17.0147,17.0147,60.86,0.258878,40.0,210.0,0.0
2024-01-03,27,14:45,0.0,17.1381,17.1381,60.86,0.260756,40.0,210.0,0.0
2024-01-03,28,15:00,0.0,16.0793,16.0793,67.18,0.270052,40.0,210.0,0.0
2024-01-03,29,15:15,0.0,3.2115,3.2115,67.18,0.053937,40.0,210.0,0.0
2024-01-03,30,15:30,0.0,0.0,0.0,67.18,0.0,40.0,250.0,0.0
2024-01-03,31,15:45,0.0,0.0,0.0,67.18,0.0,40.0,250.0,0.0
2024-01-03,32,16:00,0.0,0.0,0.0,73.59,0.0,40.0,250.0,0.0
2024-01-03,33,16:15,0.0,0.0,0.0,73.59,0.0,40.0,250.0,0.0
2024-01-03,34,16:30,0.0,0.0,0.0,73.59,0.0,40.0,250.0,0.0
2024-01-03,35,16:45,0.0,0.0,0.0,73.59,0.0,40.0,250.0,0.0
2024-01-03,36,17:00,0.0,0.0,0.0,82.28,0.0,40.0,250.0,0.0
2024-01-03,37,17:15,0.0,0.0,0.0,82.28,0.0,40.0,250.0,0.0
2024-01-03,38,17:30,0.0,0.0,0.0,82.28,0.0,40.0,250.0,0.0
2024-01-03,39,17:45,0.0,0.0,0.0,82.28,0.0,40.0,250.0,0.0
2024-01-03,40,18:00,0.0,0.0,0.0,82.97,0.0,40.0,250.0,0.0
2024-01-03,41,18:15,0.0,0.0,0.0,82.97,0.0,40.0,250.0,0.0
2024-01-03,42,18:30,0.0,0.0,0.0,82.97,0.0,40.0,250.0,0.0
2024-01-03,43,18:45,0.0,0.0,0.0,82.97,0.0,40.0,250.0,0.0
2024-01-03,44,19:00,0.0,0.0,0.0,79.03,0.0,40.0,250.0,0.0
2024-01-03,45,19:15,0.0,0.0,0.0,79.03,0.0,40.0,250.0,0.0
2024-01-03,46,19:30,0.0,0.0,0.0,79.03,0.0,40.0,250.0,0.0
2024-01-03,47,19:45,0.0,0.0,0.0,79.03,0.0,40.0,250.0,0.0
2024-01-03,48,20:00,0.0,0.0,0.0,73.23,0.0,40.0,250.0,0.0
2024-01-03,49,20:15,0.0,0.0,0.0,73.23,0.0,40.0,250.0,0.0
2024-01-03,50,20:30,0.0,0.0,0.0,73.23,0.0,40.0,250.0,0.0
2024-01-03,51,20:45,0.0,9.5021,9.5021,73.23,0.17396,0.0,250.0,0.0
2024-01-03,52,21:00,0.0,17.0147,17.0147,67.41,0.28674,0.0,250.0,0.0
2024-01-03,53,21:15,0.0,17.1381,17.1381,67.41,0.28882,0.0,250.0,0.0
2024-01-03,54,21:30,0.0,16.0793,16.0793,67.41,0.270976,0.0,250.0,0.0
2024-01-03,55,21:45,0.0,3.2115,3.2115,67.41,0.054122,0.0,110.0,140.0
2024-01-04,0,08:00,1.3266,0.0,1.3266,91.47,0.030337,0.0,150.0,0.0
2024-01-04,1,08:15,4.184,0.0,4.184,91.47,0.095677,0.0,150.0,0.0
2024-01-04,2,08:30,5.1593,0.0,5.1593,91.47,0.117981,0.0,150.0,0.0
2024-01-04,3,08:45,4.2588,0.0,4.2588,91.47,0.097389,0.0,150.0,0.0
2024-01-04,4,09:00,5.404,0.0,5.404,94.2,0.127265,0.0,150.0,0.0
2024-01-04,5,09:15,4.491,0.0,4.491,94.2,0.105764,0.0,150.0,0.0
2024-01-04,6,09:30,5.1252,0.0,5.1252,94.2,0.120698,0.0,150.0,0.0
2024-01-04,7,09:45,3.0543,0.0,3.0543,94.2,0.07193,0.0,150.0,0.0
2024-01-04,8,10:00,5.093,0.0,5.093,91.61,0.116642,0.0,150.0,0.0
2024-01-04,9,10:15,3.6006,0.0,3.6006,91.61,0.082464,0.0,150.0,0.0
2024-01-04,10,10:30,4.9802,0.0,4.9802,91.61,0.11406,0.0,150.0,0.0
2024-01-04,11,10:45,4.3843,0.0,4.3843,91.61,0.100412,0.0,150.0,0.0
2024-01-04,12,11:00,1.5369,0.0,1.5369,90.03,0.034592,0.0,150.0,0.0
2024-01-04,13,11:15,1.3266,0.0,1.3266,90.03,0.029859,100.0,150.0,0.0
2024-01-04,14,11:30,4.184,0.0,4.184,90.03,0.094171,100.0,150.0,0.0
2024-01-04,15,11:45,5.1593,9.5021,14.6614,90.03,0.329992,60.0,150.0,0.0
2024-01-04,16,12:00,4.2588,17.0147,21.2735,86.3,0.458976,60.0,150.0,0.0
2024-01-04,17,12:15,5.404,17.1381,22.5421,86.3,0.486346,60.0,150.0,0.0
2024-01-04,18,12:30,4.491,16.0793,20.5703,86.3,0.443805,60.0,150.0,0.0
2024-01-04,19,12:45,5.1252,3.2115,8.3367,86.3,0.179864,60.0,150.0,0.0
2024-01-04,20,13:00,3.0543,9.5021,12.5564,85.96,0.269838,20.0,190.0,0.0
2024-01-04,21,13:15,5.093,17.0147,22.1077,85.96,0.475094,20.0,190.0,0.0
2024-01-04,22,13:30,3.6006,17.1381,20.7387,85.96,0.445675,20.0,190.0,0.0
2024-01-04,23,13:45,4.9802,16.0793,21.0595,85.96,0.452569,20.0,190.0,0.0
2024-01-04,24,14:00,4.3843,3.2115,7.5958,92.11,0.174913,20.0,190.0,0.0
2024-01-04,25,14:15,1.5369,0.0,1.5369,92.11,0.035391,20.0,230.0,0.0
2024-01-04,26,14:30,0.0,9.5021,9.5021,92.11,0.218809,80.0,230.0,0.0
2024-01-04,27,14:45,0.0,17.0147,17.0147,92.11,0.391805,80.0,230.0,0.0
2024-01-04,28,15:00,0.0,17.1381,17.1381,98.62,0.42254,80.0,230.0,0.0
2024-01-04,29,15:15,0.0,16.0793,16.0793,98.62,0.396435,80.0,230.0,0.0
2024-01-04,30,15:30,0.0,3.2115,3.2115,98.62,0.079179,80.0,230.0,0.0
2024-01-04,31,15:45,0.0,0.0,0.0,98.62,0.0,80.0,270.0,0.0
2024-01-04,32,16:00,0.0,0.0,0.0,105.73,0.0,80.0,270.0,0.0
2024-01-04,33,16:15,0.0,0.0,0.0,105.73,0.0,80.0,270.0,0.0
2024-01-04,34,16:30,0.0,0.0,0.0,105.73,0.0,80.0,270.0,0.0
2024-01-04,35,16:45,0.0,0.0,0.0,105.73,0.0,80.0,270.0,0.0
2024-01-04,36,17:00,0.0,0.0,0.0,133.23,0.0,80.0,270.0,0.0
2024-01-04,37,17:15,0.0,0.0,0.0,133.23,0.0,80.0,270.0,0.0
2024-01-04,38,17:30,0.0,0.0,0.0,133.23,0.0,80.0,270.0,0.0
2024-01-04,39,17:45,0.0,0.0,0.0,133.23,0.0,80.0,270.0,0.0
2024-01-04,40,18:00,0.0,0.0,0.0,144.65,0.0,80.0,270.0,0.0
2024-01-04,41,18:15,0.0,0.0,0.0,144.65,0.0,80.0,270.0,0.0
2024-01-04,42,18:30,0.0,0.0,0.0,144.65,0.0,80.0,270.0,0.0
2024-01-04,43,18:45,0.0,0.0,0.0,144.65,0.0,80.0,270.0,0.0
2024-01-04,44,19:00,0.0,0.0,0.0,125.0,0.0,80.0,270.0,0.0
2024-01-04,45,19:15,0.0,0.0,0.0,125.0,0.0,80.0,270.0,0.0
2024-01-04,46,19:30,0.0,0.0,0.0,125.0,0.0,80.0,270.0,0.0
2024-01-04,47,19:45,0.0,0.0,0.0,125.0,0.0,80.0,270.0,0.0
2024-01-04,48,20:00,0.0,0.0,0.0,103.59,0.0,80.0,270.0,0.0
2024-01-04,49,20:15,0.0,0.0,0.0,103.59,0.0,80.0,270.0,0.0
2024-01-04,50,20:30,0.0,0.0,0.0,103.59,0.0,80.0,270.0,0.0
2024-01-04,51,20:45,0.0,0.0,0.0,103.59,0.0,80.0,270.0,0.0
2024-01-04,52,21:00,0.0,0.0,0.0,100.01,0.0,80.0,270.0,0.0
2024-01-04,53,21:15,0.0,0.0,0.0,100.01,0.0,80.0,270.0,0.0
2024-01-04,54,21:30,0.0,0.0,0.0,100.01,0.0,80.0,270.0,0.0
2024-01-04,55,21:45,0.0,0.0,0.0,100.01,0.0,80.0,120.0,150.0
2024-01-05,0,08:00,1.3266,9.5021,10.8287,89.57,0.242482,40.0,120.0,0.0
2024-01-05,1,08:15,4.184,17.0147,21.1986,89.57,0.474691,40.0,120.0,0.0
2024-01-05,2,08:30,5.1593,17.1381,22.2974,89.57,0.499295,40.0,120.0,0.0
2024-01-05,3,08:45,4.2588,16.0793,20.3381,89.57,0.455421,40.0,120.0,0.0
2024-01-05,4,09:00,5.404,3.2115,8.6155,94.93,0.204468,40.0,120.0,0.0
2024-01-05,5,09:15,4.491,9.5021,13.9931,94.93,0.332092,0.0,160.0,0.0
2024-01-05,6,09:30,5.1252,17.0147,22.1399,94.93,0.525434,0.0,160.0,0.0
2024-01-05,7,09:45,3.0543,17.1381,20.1924,94.93,0.479217,0.0,160.0,0.0
2024-01-05,8,10:00,5.093,16.0793,21.1723,96.28,0.509617,0.0,160.0,0.0
2024-01-05,9,10:15,3.6006,3.2115,6.8121,96.28,0.163968,0.0,160.0,0.0
2024-01-05,10,10:30,4.9802,0.0,4.9802,96.28,0.119874,0.0,200.0,0.0
2024-01-05,11,10:45,4.3843,0.0,4.3843,96.28,0.105531,0.0,200.0,0.0
2024-01-05,12,11:00,1.5369,0.0,1.5369,98.22,0.037738,0.0,200.0,0.0
2024-01-05,13,11:15,1.3266,0.0,1.3266,98.22,0.032576,100.0,200.0,0.0
2024-01-05,14,11:30,4.184,0.0,4.184,98.22,0.102737,100.0,200.0,0.0
2024-01-05,15,11:45,5.1593,9.5021,14.6614,98.22,0.360012,60.0,200.0,0.0
2024-01-05,16,12:00,4.2588,17.0147,21.2735,92.24,0.490567,60.0,200.0,0.0
2024-01-05,17,12:15,5.404,17.1381,22.5421,92.24,0.519821,60.0,200.0,0.0
2024-01-05,18,12:30,4.491,16.0793,20.5703,92.24,0.474352,60.0,200.0,0.0
2024-01-05,19,12:45,5.1252,3.2115,8.3367,92.24,0.192244,60.0,200.0,0.0
2024-01-05,20,13:00,3.0543,9.5021,12.5564,91.54,0.287354,20.0,240.0,0.0
2024-01-05,21,13:15,5.093,17.0147,22.1077,91.54,0.505934,20.0,240.0,0.0
2024-01-05,22,13:30,3.6006,17.1381,20.7387,91.54,0.474606,20.0,240.0,0.0
2024-01-05,23,13:45,4.9802,16.0793,21.0595,91.54,0.481947,20.0,240.0,0.0
2024-01-05,24,14:00,4.3843,3.2115,7.5958,96.41,0.183079,20.0,240.0,0.0
2024-01-05,25,14:15,1.5369,0.0,1.5369,96.41,0.037043,20.0,280.0,0.0
2024-01-05,26,14:30,0.0,9.5021,9.5021,96.41,0.229024,80.0,280.0,0.0
2024-01-05,27,14:45,0.0,17.0147,17.0147,96.41,0.410096,80.0,280.0,0.0
2024-01-05,28,15:00,0.0,17.1381,17.1381,100.05,0.428667,80.0,110.0,170.0
2024-01-05,29,15:15,0.0,16.0793,16.0793,100.05,0.402183,80.0,110.0,0.0
2024-01-05,30,15:30,0.0,3.2115,3.2115,100.05,0.080327,80.0,110.0,0.0
2024-01-05,31,15:45,0.0,0.0,0.0,100.05,0.0,80.0,150.0,0.0
2024-01-05,32,16:00,0.0,0.0,0.0,102.97,0.0,80.0,150.0,0.0
2024-01-05,33,16:15,0.0,0.0,0.0,102.97,0.0,80.0,150.0,0.0
2024-01-05,34,16:30,0.0,0.0,0.0,102.97,0.0,80.0,150.0,0.0
2024-01-05,35,16:45,0.0,0.0,0.0,102.97,0.0,80.0,150.0,0.0
2024-01-05,36,17:00,0.0,0.0,0.0,107.38,0.0,80.0,150.0,0.0
2024-01-05,37,17:15,0.0,0.0,0.0,107.38,0.0,80.0,150.0,0.0
2024-01-05,38,17:30,0.0,0.0,0.0,107.38,0.0,80.0,150.0,0.0
2024-01-05,39,17:45,0.0,0.0,0.0,107.38,0.0,80.0,150.0,0.0
2024-01-05,40,18:00,0.0,0.0,0.0,108.45,0.0,80.0,150.0,0.0
2024-01-05,41,18:15,0.0,0.0,0.0,108.45,0.0,80.0,150.0,0.0
2024-01-05,42,18:30,0.0,0.0,0.0,108.45,0.0,80.0,150.0,0.0
2024-01-05,43,18:45,1.3266,0.0,1.3266,108.45,0.035968,80.0,150.0,0.0
2024-01-05,44,19:00,4.184,0.0,4.184,103.96,0.108741,80.0,150.0,0.0
2024-01-05,45,19:15,5.1593,0.0,5.1593,103.96,0.134091,80.0,150.0,0.0
2024-01-05,46,19:30,4.2588,0.0,4.2588,103.96,0.110687,80.0,150.0,0.0
2024-01-05,47,19:45,5.404,0.0,5.404,103.96,0.140451,80.0,150.0,0.0
2024-01-05,48,20:00,4.491,0.0,4.491,100.09,0.112377,80.0,150.0,0.0
2024-01-05,49,20:15,5.1252,0.0,5.1252,100.09,0.128245,80.0,150.0,0.0
2024-01-05,50,20:30,3.0543,0.0,3.0543,100.09,0.076427,80.0,150.0,0.0
2024-01-05,51,20:45,5.093,9.5021,14.5951,100.09,0.365206,40.0,150.0,0.0
2024-01-05,52,21:00,3.6006,17.0147,20.6153,94.19,0.485439,40.0,150.0,0.0
2024-01-05,53,21:15,4.9802,17.1381,22.1183,94.19,0.520831,40.0,150.0,0.0
2024-01-05,54,21:30,4.3843,16.0793,20.4636,94.19,0.481867,40.0,150.0,0.0
2024-01-05,55,21:45,1.5369,3.2115,4.7484,94.19,0.111812,40.0,40.0,110.0
2024-01-08,0,08:00,0.0,0.0,0.0,121.11,0.0,140.0,80.0,0.0
2024-01-08,1,08:15,0.0,0.0,0.0,121.11,0.0,140.0,80.0,0.0
2024-01-08,2,08:30,0.0,0.0,0.0,121.11,0.0,140.0,80.0,0.0
2024-01-08,3,08:45,0.0,0.0,0.0,121.11,0.0,140.0,80.0,0.0
2024-01-08,4,09:00,0.0,0.0,0.0,117.83,0.0,140.0,80.0,0.0
2024-01-08,5,09:15,0.0,0.0,0.0,117.83,0.0,140.0,80.0,0.0
2024-01-08,6,09:30,0.0,0.0,0.0,117.83,0.0,140.0,80.0,0.0
2024-01-08,7,09:45,0.0,0.0,0.0,117.83,0.0,140.0,80.0,0.0
2024-01-08,8,10:00,0.0,0.0,0.0,110.6,0.0,140.0,80.0,0.0
2024-01-08,9,10:15,0.0,0.0,0.0,110.6,0.0,140.0,80.0,0.0
2024-01-08,10,10:30,0.0,0.0,0.0,110.6,0.0,140.0,80.0,0.0
2024-01-08,11,10:45,0.0,0.0,0.0,110.6,0.0,140.0,80.0,0.0
2024-01-08,12,11:00,0.0,0.0,0.0,103.0,0.0,140.0,80.0,0.0
2024-01-08,13,11:15,0.0,0.0,0.0,103.0,0.0,140.0,80.0,0.0
2024-01-08,14,11:30,0.0,0.0,0.0,103.0,0.0,140.0,80.0,0.0
2024-01-08,15,11:45,1.3266,9.5021,10.8287,103.0,0.27884,100.0,80.0,0.0
2024-01-08,16,12:00,4.184,17.0147,21.1986,95.5,0.506118,100.0,80.0,0.0
2024-01-08,17,12:15,5.1593,17.1381,22.2974,95.5,0.532351,100.0,80.0,0.0
2024-01-08,18,12:30,4.2588,16.0793,20.3381,95.5,0.485573,100.0,80.0,0.0
2024-01-08,19,12:45,5.404,3.2115,8.6155,95.5,0.205695,100.0,80.0,0.0
2024-01-08,20,13:00,4.491,9.5021,13.9931,92.6,0.323941,60.0,120.0,0.0
2024-01-08,21,13:15,5.1252,17.0147,22.1399,92.6,0.512538,60.0,120.0,0.0
2024-01-08,22,13:30,3.0543,17.1381,20.1924,92.6,0.467455,60.0,120.0,0.0
2024-01-08,23,13:45,5.093,16.0793,21.1723,92.6,0.490138,60.0,120.0,0.0
2024-01-08,24,14:00,3.6006,3.2115,6.8121,100.0,0.170303,60.0,120.0,0.0
2024-01-08,25,14:15,4.9802,9.5021,14.4823,100.0,0.362058,20.0,160.0,0.0
2024-01-08,26,14:30,4.3843,17.0147,21.399,100.0,0.534975,20.0,160.0,0.0
2024-01-08,27,14:45,1.5369,17.1381,18.675,100.0,0.466875,20.0,160.0,0.0
2024-01-08,28,15:00,0.0,16.0793,16.0793,107.98,0.43406,120.0,30.0,130.0
2024-01-08,29,15:15,0.0,3.2115,3.2115,107.98,0.086694,120.0,30.0,0.0
2024-01-08,30,15:30,0.0,0.0,0.0,107.98,0.0,120.0,70.0,0.0
2024-01-08,31,15:45,0.0,0.0,0.0,107.98,0.0,120.0,70.0,0.0
2024-01-08,32,16:00,0.0,0.0,0.0,116.87,0.0,120.0,70.0,0.0
2024-01-08,33,16:15,0.0,0.0,0.0,116.87,0.0,120.0,70.0,0.0
2024-01-08,34,16:30,0.0,0.0,0.0,116.87,0.0,120.0,70.0,0.0
2024-01-08,35,16:45,0.0,0.0,0.0,116.87,0.0,120.0,70.0,0.0
2024-01-08,36,17:00,0.0,0.0,0.0,129.13,0.0,120.0,70.0,0.0
2024-01-08,37,17:15,0.0,0.0,0.0,129.13,0.0,120.0,70.0,0.0
2024-01-08,38,17:30,0.0,0.0,0.0,129.13,0.0,120.0,70.0,0.0
2024-01-08,39,17:45,0.0,0.0,0.0,129.13,0.0,120.0,70.0,0.0
2024-01-08,40,18:00,0.0,0.0,0.0,130.01,0.0,120.0,70.0,0.0
2024-01-08,41,18:15,0.0,0.0,0.0,130.01,0.0,120.0,70.0,0.0
2024-01-08,42,18:30,0.0,0.0,0.0,130.01,0.0,120.0,70.0,0.0
2024-01-08,43,18:45,0.0,0.0,0.0,130.01,0.0,120.0,70.0,0.0
2024-01-08,44,19:00,0.0,0.0,0.0,122.12,0.0,120.0,70.0,0.0
2024-01-08,45,19:15,0.0,0.0,0.0,122.12,0.0,120.0,70.0,0.0
2024-01-08,46,19:30,0.0,0.0,0.0,122.12,0.0,120.0,70.0,0.0
2024-01-08,47,19:45,0.0,0.0,0.0,122.12,0.0,120.0,70.0,0.0
2024-01-08,48,20:00,0.0,0.0,0.0,114.21,0.0,120.0,70.0,0.0
2024-01-08,49,20:15,0.0,0.0,0.0,114.21,0.0,120.0,70.0,0.0
2024-01-08,50,20:30,0.0,0.0,0.0,114.21,0.0,120.0,70.0,0.0
2024-01-08,51,20:45,0.0,0.0,0.0,114.21,0.0,120.0,70.0,0.0
2024-01-08,52,21:00,0.0,0.0,0.0,102.83,0.0,120.0,70.0,0.0
2024-01-08,53,21:15,0.0,0.0,0.0,102.83,0.0,120.0,70.0,0.0
2024-01-08,54,21:30,0.0,0.0,0.0,102.83,0.0,120.0,70.0,0.0
2024-01-08,55,21:45,0.0,0.0,0.0,102.83,0.0,120.0,70.0,0.0
2024-01-09,0,08:00,0.0,0.0,0.0,133.24,0.0,120.0,70.0,0.0
2024-01-09,1,08:15,0.0,0.0,0.0,133.24,0.0,120.0,70.0,0.0
2024-01-09,2,08:30,0.0,0.0,0.0,133.24,0.0,120.0,70.0,0.0
2024-01-09,3,08:45,0.0,0.0,0.0,133.24,0.0,120.0,70.0,0.0
2024-01-09,4,09:00,0.0,0.0,0.0,120.91,0.0,120.0,70.0,0.0
2024-01-09,5,09:15,0.0,0.0,0.0,120.91,0.0,120.0,70.0,0.0
2024-01-09,6,09:30,0.0,0.0,0.0,120.91,0.0,120.0,70.0,0.0
2024-01-09,7,09:45,0.0,0.0,0.0,120.91,0.0,120.0,70.0,0.0
2024-01-09,8,10:00,0.0,0.0,0.0,113.19,0.0,120.0,70.0,0.0
2024-01-09,9,10:15,0.0,0.0,0.0,113.19,0.0,120.0,70.0,0.0
2024-01-09,10,10:30,0.0,0.0,0.0,113.19,0.0,120.0,70.0,0.0
2024-01-09,11,10:45,0.0,9.5021,9.5021,113.19,0.268885,80.0,70.0,0.0
2024-01-09,12,11:00,1.3266,17.0147,18.3413,105.78,0.485036,80.0,70.0,0.0
2024-01-09,13,11:15,4.184,17.1381,21.3221,105.78,0.563862,80.0,70.0,0.0
2024-01-09,14,11:30,5.1593,16.0793,21.2386,105.78,0.561655,80.0,70.0,0.0
2024-01-09,15,11:45,4.2588,3.2115,7.4703,105.78,0.197553,80.0,70.0,0.0
2024-01-09,16,12:00,5.404,9.5021,14.9061,100.22,0.373473,40.0,110.0,0.0
2024-01-09,17,12:15,4.491,17.0147,21.5057,100.22,0.538826,40.0,110.0,0.0
2024-01-09,18,12:30,5.1252,17.1381,22.2633,100.22,0.557806,40.0,110.0,0.0
2024-01-09,19,12:45,3.0543,16.0793,19.1336,100.22,0.479393,40.0,110.0,0.0
2024-01-09,20,13:00,5.093,3.2115,8.3045,100.82,0.209315,40.0,110.0,0.0
2024-01-09,21,13:15,3.6006,9.5021,13.1027,100.82,0.330254,0.0,150.0,0.0
2024-01-09,22,13:30,4.9802,17.0147,21.9949,100.82,0.554382,0.0,150.0,0.0
2024-01-09,23,13:45,4.3843,17.1381,21.5224,100.82,0.542473,0.0,150.0,0.0
2024-01-09,24,14:00,1.5369,16.0793,17.6162,110.89,0.488364,0.0,150.0,0.0
2024-01-09,25,14:15,0.0,3.2115,3.2115,110.89,0.08903,100.0,150.0,0.0
2024-01-09,26,14:30,0.0,0.0,0.0,110.89,0.0,100.0,190.0,0.0
2024-01-09,27,14:45,0.0,0.0,0.0,110.89,0.0,100.0,190.0,0.0
2024-01-09,28,15:00,0.0,0.0,0.0,119.4,0.0,100.0,190.0,0.0
2024-01-09,29,15:15,0.0,0.0,0.0,119.4,0.0,100.0,190.0,0.0
2024-01-09,30,15:30,0.0,0.0,0.0,119.4,0.0,100.0,190.0,0.0
2024-01-09,31,15:45,0.0,0.0,0.0,119.4,0.0,100.0,190.0,0.0
2024-01-09,32,16:00,0.0,0.0,0.0,127.85,0.0,100.0,190.0,0.0
2024-01-09,33,16:15,0.0,0.0,0.0,127.85,0.0,100.0,190.0,0.0
2024-01-09,34,16:30,0.0,0.0,0.0,127.85,0.0,100.0,190.0,0.0
2024-01-09,35,16:45,0.0,0.0,0.0,127.85,0.0,100.0,190.0,0.0
2024-01-09,36,17:00,0.0,0.0,0.0,137.84,0.0,100.0,190.0,0.0
2024-01-09,37,17:15,0.0,0.0,0.0,137.84,0.0,100.0,190.0,0.0
2024-01-09,38,17:30,0.0,0.0,0.0,137.84,0.0,100.0,190.0,0.0
2024-01-09,39,17:45,0.0,0.0,0.0,137.84,0.0,100.0,190.0,0.0
2024-01-09,40,18:00,0.0,0.0,0.0,137.8,0.0,100.0,190.0,0.0
2024-01-09,41,18:15,0.0,0.0,0.0,137.8,0.0,100.0,190.0,0.0
2024-01-09,42,18:30,0.0,0.0,0.0,137.8,0.0,100.0,190.0,0.0
2024-01-09,43,18:45,0.0,0.0,0.0,137.8,0.0,100.0,190.0,0.0
2024-01-09,44,19:00,0.0,0.0,0.0,130.43,0.0,100.0,190.0,0.0
2024-01-09,45,19:15,0.0,0.0,0.0,130.43,0.0,100.0,190.0,0.0
2024-01-09,46,19:30,0.0,0.0,0.0,130.43,0.0,100.0,190.0,0.0
2024-01-09,47,19:45,0.0,0.0,0.0,130.43,0.0,100.0,190.0,0.0
2024-01-09,48,20:00,0.0,0.0,0.0,120.24,0.0,100.0,190.0,0.0
2024-01-09,49,20:15,0.0,0.0,0.0,120.24,0.0,100.0,190.0,0.0
2024-01-09,50,20:30,0.0,0.0,0.0,120.24,0.0,100.0,190.0,0.0
2024-01-09,51,20:45,0.0,0.0,0.0,120.24,0.0,100.0,190.0,0.0
2024-01-09,52,21:00,0.0,0.0,0.0,111.68,0.0,100.0,190.0,0.0
2024-01-09,53,21:15,0.0,0.0,0.0,111.68,0.0,100.0,190.0,0.0
2024-01-09,54,21:30,0.0,0.0,0.0,111.68,0.0,100.0,190.0,0.0
2024-01-09,55,21:45,0.0,0.0,0.0,111.68,0.0,100.0,60.0,130.0
2024-01-10,0,08:00,0.0,0.0,0.0,141.28,0.0,100.0,60.0,0.0
2024-01-10,1,08:15,0.0,0.0,0.0,141.28,0.0,100.0,60.0,0.0
2024-01-10,2,08:30,0.0,0.0,0.0,141.28,0.0,100.0,60.0,0.0
2024-01-10,3,08:45,0.0,0.0,0.0,141.28,0.0,100.0,60.0,0.0
2024-01-10,4,09:00,0.0,0.0,0.0,130.39,0.0,100.0,60.0,0.0
2024-01-10,5,09:15,0.0,0.0,0.0,130.39,0.0,100.0,60.0,0.0
2024-01-10,6,09:30,0.0,0.0,0.0,130.39,0.0,100.0,60.0,0.0
2024-01-10,7,09:45,0.0,0.0,0.0,130.39,0.0,100.0,60.0,0.0
2024-01-10,8,10:00,1.3266,0.0,1.3266,118.56,0.039322,100.0,60.0,0.0
2024-01-10,9,10:15,4.184,0.0,4.184,118.56,0.124013,100.0,60.0,0.0
2024-01-10,10,10:30,5.1593,0.0,5.1593,118.56,0.152923,100.0,60.0,0.0
2024-01-10,11,10:45,4.2588,9.5021,13.7609,118.56,0.407874,60.0,60.0,0.0
2024-01-10,12,11:00,5.404,17.0147,22.4187,109.13,0.611638,60.0,60.0,0.0
2024-01-10,13,11:15,4.491,17.1381,21.6291,109.13,0.590097,60.0,60.0,0.0
2024-01-10,14,11:30,5.1252,16.0793,21.2045,109.13,0.578511,60.0,60.0,0.0
2024-01-10,15,11:45,3.0543,3.2115,6.2658,109.13,0.170947,60.0,60.0,0.0
2024-01-10,16,12:00,5.093,9.5021,14.5951,102.21,0.372941,20.0,100.0,0.0
2024-01-10,17,12:15,3.6006,17.0147,20.6153,102.21,0.526773,20.0,100.0,0.0
2024-01-10,18,12:30,4.9802,17.1381,22.1183,102.21,0.565179,20.0,100.0,0.0
2024-01-10,19,12:45,4.3843,16.0793,20.4636,102.21,0.522897,20.0,100.0,0.0
2024-01-10,20,13:00,1.5369,3.2115,4.7484,105.61,0.125369,20.0,100.0,0.0
2024-01-10,21,13:15,0.0,9.5021,9.5021,105.61,0.250879,80.0,140.0,0.0
2024-01-10,22,13:30,0.0,17.0147,17.0147,105.61,0.44923,80.0,140.0,0.0
2024-01-10,23,13:45,0.0,17.1381,17.1381,105.61,0.452489,80.0,140.0,0.0
2024-01-10,24,14:00,0.0,16.0793,16.0793,112.91,0.453878,80.0,140.0,0.0
2024-01-10,25,14:15,0.0,3.2115,3.2115,112.91,0.090652,80.0,140.0,0.0
2024-01-10,26,14:30,0.0,0.0,0.0,112.91,0.0,80.0,180.0,0.0
2024-01-10,27,14:45,0.0,0.0,0.0,112.91,0.0,80.0,180.0,0.0
2024-01-10,28,15:00,0.0,0.0,0.0,123.8,0.0,80.0,0.0,180.0
2024-01-10,29,15:15,0.0,0.0,0.0,123.8,0.0,80.0,0.0,0.0
2024-01-10,30,15:30,0.0,0.0,0.0,123.8,0.0,80.0,0.0,0.0
2024-01-10,31,15:45,0.0,0.0,0.0,123.8,0.0,80.0,0.0,0.0
2024-01-10,32,16:00,0.0,0.0,0.0,134.64,0.0,80.0,0.0,0.0
2024-01-10,33,16:15,0.0,0.0,0.0,134.64,0.0,80.0,0.0,0.0
2024-01-10,34,16:30,0.0,0.0,0.0,134.64,0.0,80.0,0.0,0.0
2024-01-10,35,16:45,0.0,0.0,0.0,134.64,0.0,80.0,0.0,0.0
2024-01-10,36,17:00,0.0,0.0,0.0,143.79,0.0,80.0,0.0,0.0
2024-01-10,37,17:15,0.0,0.0,0.0,143.79,0.0,80.0,0.0,0.0
2024-01-10,38,17:30,0.0,0.0,0.0,143.79,0.0,80.0,0.0,0.0
2024-01-10,39,17:45,0.0,0.0,0.0,143.79,0.0,80.0,0.0,0.0
2024-01-10,40,18:00,0.0,0.0,0.0,140.0,0.0,80.0,0.0,0.0
2024-01-10,41,18:15,0.0,0.0,0.0,140.0,0.0,80.0,0.0,0.0
2024-01-10,42,18:30,0.0,0.0,0.0,140.0,0.0,80.0,0.0,0.0
2024-01-10,43,18:45,0.0,0.0,0.0,140.0,0.0,80.0,0.0,0.0
2024-01-10,44,19:00,0.0,0.0,0.0,132.15,0.0,80.0,0.0,0.0
2024-01-10,45,19:15,0.0,0.0,0.0,132.15,0.0,80.0,0.0,0.0
2024-01-10,46,19:30,0.0,0.0,0.0,132.15,0.0,80.0,0.0,0.0
2024-01-10,47,19:45,0.0,0.0,0.0,132.15,0.0,80.0,0.0,0.0
2024-01-10,48,20:00,0.0,0.0,0.0,120.0,0.0,80.0,0.0,0.0
2024-01-10,49,20:15,0.0,0.0,0.0,120.0,0.0,80.0,0.0,0.0
2024-01-10,50,20:30,0.0,0.0,0.0,120.0,0.0,80.0,0.0,0.0
2024-01-10,51,20:45,0.0,0.0,0.0,120.0,0.0,80.0,0.0,0.0
2024-01-10,52,21:00,0.0,0.0,0.0,109.76,0.0,80.0,0.0,0.0
2024-01-10,53,21:15,0.0,0.0,0.0,109.76,0.0,80.0,0.0,0.0
2024-01-10,54,21:30,0.0,0.0,0.0,109.76,0.0,80.0,0.0,0.0
2024-01-10,55,21:45,0.0,0.0,0.0,109.76,0.0,80.0,0.0,0.0
2024-01-11,0,08:00,0.0,0.0,0.0,141.0,0.0,80.0,0.0,0.0
2024-01-11,1,08:15,0.0,0.0,0.0,141.0,0.0,80.0,0.0,0.0
2024-01-11,2,08:30,0.0,0.0,0.0,141.0,0.0,80.0,0.0,0.0
2024-01-11,3,08:45,0.0,0.0,0.0,141.0,0.0,80.0,0.0,0.0
2024-01-11,4,09:00,0.0,0.0,0.0,129.16,0.0,80.0,0.0,0.0
2024-01-11,5,09:15,0.0,0.0,0.0,129.16,0.0,80.0,0.0,0.0
2024-01-11,6,09:30,1.3266,0.0,1.3266,129.16,0.042837,80.0,0.0,0.0
2024-01-11,7,09:45,4.184,0.0,4.184,129.16,0.1351,80.0,0.0,0.0
2024-01-11,8,10:00,5.1593,0.0,5.1593,113.65,0.14659,80.0,0.0,0.0
2024-01-11,9,10:15,4.2588,0.0,4.2588,113.65,0.121004,80.0,0.0,0.0
2024-01-11,10,10:30,5.404,9.5021,14.9061,113.65,0.42352,40.0,0.0,0.0
2024-01-11,11,10:45,4.491,17.0147,21.5057,113.65,0.611031,40.0,0.0,0.0
2024-01-11,12,11:00,5.1252,17.1381,22.2633,106.48,0.592648,40.0,0.0,0.0
2024-01-11,13,11:15,3.0543,16.0793,19.1336,106.48,0.509337,40.0,0.0,0.0
2024-01-11,14,11:30,5.093,3.2115,8.3045,106.48,0.221065,40.0,0.0,0.0
2024-01-11,15,11:45,3.6006,9.5021,13.1027,106.48,0.348795,0.0,40.0,0.0
2024-01-11,16,12:00,4.9802,17.0147,21.9949,99.38,0.546464,0.0,40.0,0.0
2024-01-11,17,12:15,4.3843,17.1381,21.5224,99.38,0.534725,0.0,40.0,0.0
2024-01-11,18,12:30,1.5369,16.0793,17.6162,99.38,0.437674,0.0,40.0,0.0
2024-01-11,19,12:45,1.3266,3.2115,4.5381,99.38,0.11275,100.0,40.0,0.0
2024-01-11,20,13:00,4.184,9.5021,13.6861,99.0,0.33873,60.0,80.0,0.0
2024-01-11,21,13:15,5.1593,17.0147,22.174,99.0,0.548807,60.0,80.0,0.0
2024-01-11,22,13:30,4.2588,17.1381,21.3969,99.0,0.529574,60.0,80.0,0.0
2024-01-11,23,13:45,5.404,16.0793,21.4833,99.0,0.531712,60.0,80.0,0.0
2024-01-11,24,14:00,4.491,3.2115,7.7025,105.98,0.204079,60.0,80.0,0.0
2024-01-11,25,14:15,5.1252,9.5021,14.6273,105.98,0.38755,20.0,120.0,0.0
2024-01-11,26,14:30,3.0543,17.0147,20.069,105.98,0.531728,20.0,120.0,0.0
2024-01-11,27,14:45,5.093,17.1381,22.2311,105.98,0.589013,20.0,120.0,0.0
2024-01-11,28,15:00,3.6006,16.0793,19.6799,117.96,0.580361,20.0,120.0,0.0
2024-01-11,29,15:15,4.9802,3.2115,8.1917,117.96,0.241574,20.0,120.0,0.0
2024-01-11,30,15:30,4.3843,0.0,4.3843,117.96,0.129294,20.0,160.0,0.0
2024-01-11,31,15:45,1.5369,0.0,1.5369,117.96,0.045323,20.0,160.0,0.0
2024-01-11,32,16:00,0.0,0.0,0.0,137.35,0.0,120.0,160.0,0.0
2024-01-11,33,16:15,0.0,0.0,0.0,137.35,0.0,120.0,160.0,0.0
2024-01-11,34,16:30,0.0,0.0,0.0,137.35,0.0,120.0,160.0,0.0
2024-01-11,35,16:45,0.0,0.0,0.0,137.35,0.0,120.0,160.0,0.0
2024-01-11,36,17:00,0.0,0.0,0.0,150.09,0.0,120.0,160.0,0.0
2024-01-11,37,17:15,0.0,0.0,0.0,150.09,0.0,120.0,160.0,0.0
2024-01-11,38,17:30,0.0,0.0,0.0,150.09,0.0,120.0,160.0,0.0
2024-01-11,39,17:45,0.0,0.0,0.0,150.09,0.0,120.0,160.0,0.0
2024-01-11,40,18:00,0.0,0.0,0.0,136.69,0.0,120.0,160.0,0.0
2024-01-11,41,18:15,0.0,0.0,0.0,136.69,0.0,120.0,160.0,0.0
2024-01-11,42,18:30,0.0,0.0,0.0,136.69,0.0,120.0,160.0,0.0
2024-01-11,43,18:45,0.0,0.0,0.0,136.69,0.0,120.0,160.0,0.0
2024-01-11,44,19:00,0.0,0.0,0.0,132.31,0.0,120.0,160.0,0.0
2024-01-11,45,19:15,0.0,0.0,0.0,132.31,0.0,120.0,160.0,0.0
2024-01-11,46,19:30,0.0,0.0,0.0,132.31,0.0,120.0,160.0,0.0
2024-01-11,47,19:45,0.0,0.0,0.0,132.31,0.0,120.0,160.0,0.0
2024-01-11,48,20:00,0.0,0.0,0.0,117.88,0.0,120.0,160.0,0.0
2024-01-11,49,20:15,0.0,0.0,0.0,117.88,0.0,120.0,160.0,0.0
2024-01-11,50,20:30,0.0,9.5021,9.5021,117.88,0.280027,80.0,160.0,0.0
2024-01-11,51,20:45,0.0,17.0147,17.0147,117.88,0.501422,80.0,160.0,0.0
2024-01-11,52,21:00,0.0,17.1381,17.1381,107.19,0.459258,80.0,160.0,0.0
2024-01-11,53,21:15,0.0,16.0793,16.0793,107.19,0.430885,80.0,160.0,0.0
2024-01-11,54,21:30,0.0,3.2115,3.2115,107.19,0.08606,80.0,160.0,0.0
2024-01-11,55,21:45,0.0,0.0,0.0,107.19,0.0,80.0,10.0,190.0
2024-01-12,0,08:00,0.0,0.0,0.0,140.74,0.0,80.0,10.0,0.0
2024-01-12,1,08:15,0.0,0.0,0.0,140.74,0.0,80.0,10.0,0.0
2024-01-12,2,08:30,0.0,0.0,0.0,140.74,0.0,80.0,10.0,0.0
2024-01-12,3,08:45,0.0,0.0,0.0,140.74,0.0,80.0,10.0,0.0
2024-01-12,4,09:00,0.0,0.0,0.0,134.96,0.0,80.0,10.0,0.0
2024-01-12,5,09:15,0.0,0.0,0.0,134.96,0.0,80.0,10.0,0.0
2024-01-12,6,09:30,0.0,0.0,0.0,134.96,0.0,80.0,10.0,0.0
2024-01-12,7,09:45,0.0,0.0,0.0,134.96,0.0,80.0,10.0,0.0
2024-01-12,8,10:00,0.0,0.0,0.0,122.01,0.0,80.0,10.0,0.0
2024-01-12,9,10:15,0.0,0.0,0.0,122.01,0.0,80.0,10.0,0.0
2024-01-12,10,10:30,1.3266,0.0,1.3266,122.01,0.040466,80.0,10.0,0.0
2024-01-12,11,10:45,4.184,0.0,4.184,122.01,0.127621,80.0,10.0,0.0
2024-01-12,12,11:00,5.1593,0.0,5.1593,114.73,0.147983,80.0,10.0,0.0
2024-01-12,13,11:15,4.2588,0.0,4.2588,114.73,0.122154,80.0,10.0,0.0
2024-01-12,14,11:30,5.404,9.5021,14.9061,114.73,0.427545,40.0,10.0,0.0
2024-01-12,15,11:45,4.491,17.0147,21.5057,114.73,0.616838,40.0,10.0,0.0
2024-01-12,16,12:00,5.1252,17.1381,22.2633,106.98,0.595431,40.0,10.0,0.0
2024-01-12,17,12:15,3.0543,16.0793,19.1336,106.98,0.511729,40.0,10.0,0.0
2024-01-12,18,12:30,5.093,3.2115,8.3045,106.98,0.222103,40.0,10.0,0.0
2024-01-12,19,12:45,3.6006,9.5021,13.1027,106.98,0.350433,0.0,50.0,0.0
2024-01-12,20,13:00,4.9802,17.0147,21.9949,103.08,0.566809,0.0,50.0,0.0
2024-01-12,21,13:15,4.3843,17.1381,21.5224,103.08,0.554633,0.0,50.0,0.0
2024-01-12,22,13:30,1.5369,16.0793,17.6162,103.08,0.453969,0.0,50.0,0.0
2024-01-12,23,13:45,1.3266,3.2115,4.5381,103.08,0.116947,100.0,50.0,0.0
2024-01-12,24,14:00,4.184,9.5021,13.6861,104.54,0.357685,60.0,90.0,0.0
2024-01-12,25,14:15,5.1593,17.0147,22.174,104.54,0.579518,60.0,90.0,0.0
2024-01-12,26,14:30,4.2588,17.1381,21.3969,104.54,0.559209,60.0,90.0,0.0
2024-01-12,27,14:45,5.404,16.0793,21.4833,104.54,0.561466,60.0,90.0,0.0
2024-01-12,28,15:00,4.491,3.2115,7.7025,110.0,0.21182,60.0,10.0,80.0
2024-01-12,29,15:15,5.1252,9.5021,14.6273,110.0,0.40225,20.0,50.0,0.0
2024-01-12,30,15:30,3.0543,17.0147,20.069,110.0,0.551898,20.0,50.0,0.0
2024-01-12,31,15:45,5.093,17.1381,22.2311,110.0,0.611355,20.0,50.0,0.0
2024-01-12,32,16:00,3.6006,16.0793,19.6799,120.0,0.590398,20.0,50.0,0.0
2024-01-12,33,16:15,4.9802,3.2115,8.1917,120.0,0.245752,20.0,50.0,0.0
2024-01-12,34,16:30,4.3843,0.0,4.3843,120.0,0.13153,20.0,90.0,0.0
2024-01-12,35,16:45,1.5369,0.0,1.5369,120.0,0.046107,20.0,90.0,0.0
2024-01-12,36,17:00,0.0,0.0,0.0,127.5,0.0,120.0,90.0,0.0
2024-01-12,37,17:15,0.0,0.0,0.0,127.5,0.0,120.0,90.0,0.0
2024-01-12,38,17:30,0.0,0.0,0.0,127.5,0.0,120.0,90.0,0.0
2024-01-12,39,17:45,0.0,0.0,0.0,127.5,0.0,120.0,90.0,0.0
2024-01-12,40,18:00,0.0,0.0,0.0,126.0,0.0,120.0,90.0,0.0
2024-01-12,41,18:15,0.0,0.0,0.0,126.0,0.0,120.0,90.0,0.0
2024-01-12,42,18:30,0.0,0.0,0.0,126.0,0.0,120.0,90.0,0.0
2024-01-12,43,18:45,0.0,0.0,0.0,126.0,0.0,120.0,90.0,0.0
2024-01-12,44,19:00,0.0,0.0,0.0,119.47,0.0,120.0,90.0,0.0
2024-01-12,45,19:15,0.0,0.0,0.0,119.47,0.0,120.0,90.0,0.0
2024-01-12,46,19:30,0.0,0.0,0.0,119.47,0.0,120.0,90.0,0.0
2024-01-12,47,19:45,0.0,0.0,0.0,119.47,0.0,120.0,90.0,0.0
2024-01-12,48,20:00,0.0,0.0,0.0,108.79,0.0,120.0,90.0,0.0
2024-01-12,49,20:15,0.0,0.0,0.0,108.79,0.0,120.0,90.0,0.0
2024-01-12,50,20:30,0.0,9.5021,9.5021,108.79,0.258433,80.0,90.0,0.0
2024-01-12,51,20:45,0.0,17.0147,17.0147,108.79,0.462757,80.0,90.0,0.0
2024-01-12,52,21:00,0.0,17.1381,17.1381,98.48,0.42194,80.0,90.0,0.0
2024-01-12,53,21:15,0.0,16.0793,16.0793,98.48,0.395872,80.0,90.0,0.0
2024-01-12,54,21:30,0.0,3.2115,3.2115,98.48,0.079067,80.0,90.0,0.0
2024-01-12,55,21:45,0.0,0.0,0.0,98.48,0.0,80.0,0.0,130.0
2024-01-15,0,08:00,1.3266,9.5021,10.8287,99.3,0.268823,40.0,0.0,0.0
2024-01-15,1,08:15,4.184,17.0147,21.1986,99.3,0.526256,40.0,0.0,0.0
2024-01-15,2,08:30,5.1593,17.1381,22.2974,99.3,0.553534,40.0,0.0,0.0
2024-01-15,3,08:45,4.2588,16.0793,20.3381,99.3,0.504894,40.0,0.0,0.0
2024-01-15,4,09:00,5.404,3.2115,8.6155,100.29,0.216012,40.0,0.0,0.0
2024-01-15,5,09:15,4.491,0.0,4.491,100.29,0.112602,40.0,40.0,0.0
2024-01-15,6,09:30,5.1252,0.0,5.1252,100.29,0.128501,40.0,40.0,0.0
2024-01-15,7,09:45,3.0543,0.0,3.0543,100.29,0.07658,40.0,40.0,0.0
2024-01-15,8,10:00,5.093,9.5021,14.5951,94.88,0.346196,0.0,40.0,0.0
2024-01-15,9,10:15,3.6006,17.0147,20.6153,94.88,0.488995,0.0,40.0,0.0
2024-01-15,10,10:30,4.9802,17.1381,22.1183,94.88,0.524647,0.0,40.0,0.0
2024-01-15,11,10:45,4.3843,16.0793,20.4636,94.88,0.485397,0.0,40.0,0.0
2024-01-15,12,11:00,1.5369,3.2115,4.7484,90.26,0.107147,0.0,40.0,0.0
2024-01-15,13,11:15,1.8638,9.5021,11.3659,90.26,0.256472,60.0,80.0,0.0
2024-01-15,14,11:30,6.7293,17.0147,23.744,90.26,0.535782,60.0,80.0,0.0
2024-01-15,15,11:45,5.9956,17.1381,23.1337,90.26,0.522011,60.0,80.0,0.0
2024-01-15,16,12:00,7.1179,16.0793,23.1972,83.86,0.486329,60.0,80.0,0.0
2024-01-15,17,12:15,6.1091,3.2115,9.3206,83.86,0.195406,60.0,80.0,0.0
2024-01-15,18,12:30,5.6324,9.5021,15.1345,83.86,0.317296,20.0,120.0,0.0
2024-01-15,19,12:45,5.8458,17.0147,22.8605,83.86,0.47927,20.0,120.0,0.0
2024-01-15,20,13:00,5.1816,17.1381,22.3197,82.15,0.45839,20.0,120.0,0.0
2024-01-15,21,13:15,6.7301,16.0793,22.8094,82.15,0.468448,20.0,120.0,0.0
2024-01-15,22,13:30,3.9878,3.2115,7.1993,82.15,0.147855,20.0,120.0,0.0
2024-01-15,23,13:45,1.3266,9.5021,10.8287,82.15,0.222395,80.0,160.0,0.0
2024-01-15,24,14:00,4.184,17.0147,21.1986,84.5,0.447821,80.0,160.0,0.0
2024-01-15,25,14:15,5.1593,17.1381,22.2974,84.5,0.471033,80.0,160.0,0.0
2024-01-15,26,14:30,4.2588,16.0793,20.3381,84.5,0.429643,80.0,160.0,0.0
2024-01-15,27,14:45,5.404,3.2115,8.6155,84.5,0.182003,80.0,160.0,0.0
2024-01-15,28,15:00,4.491,9.5021,13.9931,89.44,0.312887,40.0,50.0,150.0
2024-01-15,29,15:15,5.1252,17.0147,22.1399,89.44,0.495047,40.0,50.0,0.0
2024-01-15,30,15:30,3.0543,17.1381,20.1924,89.44,0.451503,40.0,50.0,0.0
2024-01-15,31,15:45,5.093,16.0793,21.1723,89.44,0.473412,40.0,50.0,0.0
2024-01-15,32,16:00,3.6006,3.2115,6.8121,97.52,0.16608,40.0,50.0,0.0
2024-01-15,33,16:15,4.9802,9.5021,14.4823,97.52,0.353079,0.0,90.0,0.0
2024-01-15,34,16:30,4.3843,17.0147,21.399,97.52,0.521708,0.0,90.0,0.0
2024-01-15,35,16:45,1.5369,17.1381,18.675,97.52,0.455296,0.0,90.0,0.0
2024-01-15,36,17:00,0.0,16.0793,16.0793,106.46,0.42795,100.0,90.0,0.0
2024-01-15,37,17:15,0.0,3.2115,3.2115,106.46,0.085474,100.0,90.0,0.0
2024-01-15,38,17:30,0.0,0.0,0.0,106.46,0.0,100.0,130.0,0.0
2024-01-15,39,17:45,0.0,0.0,0.0,106.46,0.0,100.0,130.0,0.0
2024-01-15,40,18:00,0.0,0.0,0.0,112.8,0.0,100.0,130.0,0.0
2024-01-15,41,18:15,0.0,0.0,0.0,112.8,0.0,100.0,130.0,0.0
2024-01-15,42,18:30,0.0,0.0,0.0,112.8,0.0,100.0,130.0,0.0
2024-01-15,43,18:45,1.3266,0.0,1.3266,112.8,0.037411,100.0,130.0,0.0
2024-01-15,44,19:00,4.184,0.0,4.184,110.38,0.115457,100.0,130.0,0.0
2024-01-15,45,19:15,5.1593,0.0,5.1593,110.38,0.142372,100.0,130.0,0.0
2024-01-15,46,19:30,4.2588,9.5021,13.7609,110.38,0.379733,60.0,130.0,0.0
2024-01-15,47,19:45,5.404,17.0147,22.4187,110.38,0.618644,60.0,130.0,0.0
2024-01-15,48,20:00,4.491,17.1381,21.6291,102.42,0.553814,60.0,130.0,0.0
2024-01-15,49,20:15,5.1252,16.0793,21.2045,102.42,0.54294,60.0,130.0,0.0
2024-01-15,50,20:30,3.0543,3.2115,6.2658,102.42,0.160436,60.0,130.0,0.0
2024-01-15,51,20:45,5.093,9.5021,14.5951,102.42,0.373707,20.0,170.0,0.0
2024-01-15,52,21:00,3.6006,17.0147,20.6153,91.78,0.473018,20.0,170.0,0.0
2024-01-15,53,21:15,4.9802,17.1381,22.1183,91.78,0.507505,20.0,170.0,0.0
2024-01-15,54,21:30,4.3843,16.0793,20.4636,91.78,0.469538,20.0,170.0,0.0
2024-01-15,55,21:45,1.5369,3.2115,4.7484,91.78,0.108951,20.0,70.0,100.0
2024-01-16,0,08:00,0.0,0.0,0.0,144.11,0.0,120.0,110.0,0.0
2024-01-16,1,08:15,0.0,0.0,0.0,144.11,0.0,120.0,110.0,0.0
2024-01-16,2,08:30,0.0,0.0,0.0,144.11,0.0,120.0,110.0,0.0
2024-01-16,3,08:45,0.0,0.0,0.0,144.11,0.0,120.0,110.0,0.0
2024-01-16,4,09:00,0.0,0.0,0.0,138.6,0.0,120.0,110.0,0.0
2024-01-16,5,09:15,0.0,0.0,0.0,138.6,0.0,120.0,110.0,0.0
2024-01-16,6,09:30,0.0,0.0,0.0,138.6,0.0,120.0,110.0,0.0
2024-01-16,7,09:45,0.0,0.0,0.0,138.6,0.0,120.0,110.0,0.0
2024-01-16,8,10:00,0.0,0.0,0.0,122.0,0.0,120.0,110.0,0.0
2024-01-16,9,10:15,0.0,0.0,0.0,122.0,0.0,120.0,110.0,0.0
2024-01-16,10,10:30,0.0,0.0,0.0,122.0,0.0,120.0,110.0,0.0
2024-01-16,11,10:45,0.0,0.0,0.0,122.0,0.0,120.0,110.0,0.0
2024-01-16,12,11:00,0.0,0.0,0.0,110.0,0.0,120.0,110.0,0.0
2024-01-16,13,11:15,0.0,0.0,0.0,110.0,0.0,120.0,110.0,0.0
2024-01-16,14,11:30,0.0,9.5021,9.5021,110.0,0.261308,80.0,110.0,0.0
2024-01-16,15,11:45,0.0,17.0147,17.0147,110.0,0.467904,80.0,110.0,0.0
2024-01-16,16,12:00,1.3266,17.1381,18.4647,103.43,0.477452,80.0,110.0,0.0
2024-01-16,17,12:15,4.184,16.0793,20.2632,103.43,0.523957,80.0,110.0,0.0
2024-01-16,18,12:30,5.1593,3.2115,8.3708,103.43,0.216449,80.0,110.0,0.0
2024-01-16,19,12:45,4.2588,9.5021,13.7609,103.43,0.355823,40.0,150.0,0.0
2024-01-16,20,13:00,5.404,17.0147,22.4187,94.98,0.532332,40.0,150.0,0.0
2024-01-16,21,13:15,4.491,17.1381,21.6291,94.98,0.513584,40.0,150.0,0.0
2024-01-16,22,13:30,5.1252,16.0793,21.2045,94.98,0.5035,40.0,150.0,0.0
2024-01-16,23,13:45,3.0543,3.2115,6.2658,94.98,0.148782,40.0,150.0,0.0
2024-01-16,24,14:00,5.093,9.5021,14.5951,96.0,0.350282,0.0,190.0,0.0
2024-01-16,25,14:15,3.6006,17.0147,20.6153,96.0,0.494767,0.0,190.0,0.0
2024-01-16,26,14:30,4.9802,17.1381,22.1183,96.0,0.53084,0.0,190.0,0.0
2024-01-16,27,14:45,4.3843,16.0793,20.4636,96.0,0.491127,0.0,190.0,0.0
2024-01-16,28,15:00,1.5369,3.2115,4.7484,110.25,0.130877,0.0,60.0,130.0
2024-01-16,29,15:15,0.0,0.0,0.0,110.25,0.0,100.0,100.0,0.0
2024-01-16,30,15:30,0.0,0.0,0.0,110.25,0.0,100.0,100.0,0.0
2024-01-16,31,15:45,0.0,0.0,0.0,110.25,0.0,100.0,100.0,0.0
2024-01-16,32,16:00,0.0,0.0,0.0,111.39,0.0,100.0,100.0,0.0
2024-01-16,33,16:15,0.0,0.0,0.0,111.39,0.0,100.0,100.0,0.0
2024-01-16,34,16:30,0.0,0.0,0.0,111.39,0.0,100.0,100.0,0.0
2024-01-16,35,16:45,0.0,0.0,0.0,111.39,0.0,100.0,100.0,0.0
2024-01-16,36,17:00,0.0,0.0,0.0,128.15,0.0,100.0,100.0,0.0
2024-01-16,37,17:15,0.0,0.0,0.0,128.15,0.0,100.0,100.0,0.0
2024-01-16,38,17:30,0.0,0.0,0.0,128.15,0.0,100.0,100.0,0.0
2024-01-16,39,17:45,0.0,0.0,0.0,128.15,0.0,100.0,100.0,0.0
2024-01-16,40,18:00,0.0,0.0,0.0,127.31,0.0,100.0,100.0,0.0
2024-01-16,41,18:15,0.0,0.0,0.0,127.31,0.0,100.0,100.0,0.0
2024-01-16,42,18:30,0.0,0.0,0.0,127.31,0.0,100.0,100.0,0.0
2024-01-16,43,18:45,0.0,0.0,0.0,127.31,0.0,100.0,100.0,0.0
2024-01-16,44,19:00,0.0,0.0,0.0,111.77,0.0,100.0,100.0,0.0
2024-01-16,45,19:15,0.0,0.0,0.0,111.77,0.0,100.0,100.0,0.0
2024-01-16,46,19:30,1.8638,9.5021,11.3659,111.77,0.317593,60.0,100.0,0.0
2024-01-16,47,19:45,6.7293,17.0147,23.744,111.77,0.663465,60.0,100.0,0.0
2024-01-16,48,20:00,5.9956,17.1381,23.1337,95.49,0.552259,60.0,100.0,0.0
2024-01-16,49,20:15,7.1179,16.0793,23.1972,95.49,0.553775,60.0,100.0,0.0
2024-01-16,50,20:30,6.1091,3.2115,9.3206,95.49,0.222505,60.0,100.0,0.0
2024-01-16,51,20:45,5.6324,9.5021,15.1345,95.49,0.361299,20.0,140.0,0.0
2024-01-16,52,21:00,5.8458,17.0147,22.8605,86.21,0.492701,20.0,140.0,0.0
2024-01-16,53,21:15,5.1816,17.1381,22.3197,86.21,0.481045,20.0,140.0,0.0
2024-01-16,54,21:30,6.7301,16.0793,22.8094,86.21,0.491599,20.0,140.0,0.0
2024-01-16,55,21:45,3.9878,3.2115,7.1993,86.21,0.155163,20.0,10.0,130.0
2024-01-17,0,08:00,1.3266,9.5021,10.8287,96.5,0.261243,80.0,50.0,0.0
2024-01-17,1,08:15,4.184,17.0147,21.1986,96.5,0.511417,80.0,50.0,0.0
2024-01-17,2,08:30,5.1593,17.1381,22.2974,96.5,0.537926,80.0,50.0,0.0
2024-01-17,3,08:45,4.2588,16.0793,20.3381,96.5,0.490657,80.0,50.0,0.0
2024-01-17,4,09:00,5.404,3.2115,8.6155,106.16,0.228656,80.0,50.0,0.0
2024-01-17,5,09:15,4.491,9.5021,13.9931,106.16,0.371378,40.0,90.0,0.0
2024-01-17,6,09:30,5.1252,17.0147,22.1399,106.16,0.587592,40.0,90.0,0.0
2024-01-17,7,09:45,3.0543,17.1381,20.1924,106.16,0.535907,40.0,90.0,0.0
2024-01-17,8,10:00,5.093,16.0793,21.1723,110.33,0.583984,40.0,90.0,0.0
2024-01-17,9,10:15,3.6006,3.2115,6.8121,110.33,0.187895,40.0,90.0,0.0
2024-01-17,10,10:30,4.9802,9.5021,14.4823,110.33,0.399459,0.0,130.0,0.0
2024-01-17,11,10:45,4.3843,17.0147,21.399,110.33,0.590238,0.0,130.0,0.0
2024-01-17,12,11:00,1.5369,17.1381,18.675,111.1,0.518698,0.0,130.0,0.0
2024-01-17,13,11:15,0.0,16.0793,16.0793,111.1,0.446602,100.0,130.0,0.0
2024-01-17,14,11:30,0.0,3.2115,3.2115,111.1,0.089199,100.0,130.0,0.0
2024-01-17,15,11:45,0.0,0.0,0.0,111.1,0.0,100.0,170.0,0.0
2024-01-17,16,12:00,0.0,0.0,0.0,117.71,0.0,100.0,170.0,0.0
2024-01-17,17,12:15,0.0,0.0,0.0,117.71,0.0,100.0,170.0,0.0
2024-01-17,18,12:30,0.0,0.0,0.0,117.71,0.0,100.0,170.0,0.0
2024-01-17,19,12:45,0.0,0.0,0.0,117.71,0.0,100.0,170.0,0.0
2024-01-17,20,13:00,0.0,0.0,0.0,121.7,0.0,100.0,170.0,0.0
2024-01-17,21,13:15,0.0,0.0,0.0,121.7,0.0,100.0,170.0,0.0
2024-01-17,22,13:30,0.0,0.0,0.0,121.7,0.0,100.0,170.0,0.0
2024-01-17,23,13:45,0.0,0.0,0.0,121.7,0.0,100.0,170.0,0.0
2024-01-17,24,14:00,0.0,0.0,0.0,121.74,0.0,100.0,170.0,0.0
2024-01-17,25,14:15,0.0,0.0,0.0,121.74,0.0,100.0,170.0,0.0
2024-01-17,26,14:30,0.0,0.0,0.0,121.74,0.0,100.0,170.0,0.0
2024-01-17,27,14:45,0.0,0.0,0.0,121.74,0.0,100.0,170.0,0.0
2024-01-17,28,15:00,0.0,0.0,0.0,125.46,0.0,100.0,170.0,0.0
2024-01-17,29,15:15,0.0,0.0,0.0,125.46,0.0,100.0,170.0,0.0
2024-01-17,30,15:30,0.0,0.0,0.0,125.46,0.0,100.0,170.0,0.0
2024-01-17,31,15:45,0.0,0.0,0.0,125.46,0.0,100.0,170.0,0.0
2024-01-17,32,16:00,0.0,0.0,0.0,128.56,0.0,100.0,170.0,0.0
2024-01-17,33,16:15,0.0,0.0,0.0,128.56,0.0,100.0,170.0,0.0
2024-01-17,34,16:30,0.0,0.0,0.0,128.56,0.0,100.0,170.0,0.0
2024-01-17,35,16:45,0.0,0.0,0.0,128.56,0.0,100.0,170.0,0.0
2024-01-17,36,17:00,0.0,0.0,0.0,140.52,0.0,100.0,170.0,0.0
2024-01-17,37,17:15,0.0,0.0,0.0,140.52,0.0,100.0,170.0,0.0
2024-01-17,38,17:30,0.0,0.0,0.0,140.52,0.0,100.0,170.0,0.0
2024-01-17,39,17:45,0.0,0.0,0.0,140.52,0.0,100.0,170.0,0.0
2024-01-17,40,18:00,0.0,0.0,0.0,123.59,0.0,100.0,170.0,0.0
2024-01-17,41,18:15,0.0,0.0,0.0,123.59,0.0,100.0,170.0,0.0
2024-01-17,42,18:30,0.0,0.0,0.0,123.59,0.0,100.0,170.0,0.0
2024-01-17,43,18:45,1.3266,0.0,1.3266,123.59,0.04099,100.0,170.0,0.0
2024-01-17,44,19:00,4.184,0.0,4.184,114.28,0.119536,100.0,170.0,0.0
2024-01-17,45,19:15,5.1593,0.0,5.1593,114.28,0.147403,100.0,170.0,0.0
2024-01-17,46,19:30,4.2588,0.0,4.2588,114.28,0.121675,100.0,170.0,0.0
2024-01-17,47,19:45,5.404,0.0,5.404,114.28,0.154393,100.0,170.0,0.0
2024-01-17,48,20:00,4.491,0.0,4.491,109.8,0.123279,100.0,170.0,0.0
2024-01-17,49,20:15,5.1252,0.0,5.1252,109.8,0.140686,100.0,170.0,0.0
2024-01-17,50,20:30,3.0543,0.0,3.0543,109.8,0.083842,100.0,170.0,0.0
2024-01-17,51,20:45,5.093,9.5021,14.5951,109.8,0.400635,60.0,170.0,0.0
2024-01-17,52,21:00,3.6006,17.0147,20.6153,101.09,0.521,60.0,170.0,0.0
2024-01-17,53,21:15,4.9802,17.1381,22.1183,101.09,0.558986,60.0,170.0,0.0
2024-01-17,54,21:30,4.3843,16.0793,20.4636,101.09,0.517167,60.0,170.0,0.0
2024-01-17,55,21:45,1.5369,3.2115,4.7484,101.09,0.120003,60.0,0.0,170.0
2024-01-18,0,08:00,0.0,0.0,0.0,125.89,0.0,160.0,40.0,0.0
2024-01-18,1,08:15,0.0,0.0,0.0,125.89,0.0,160.0,40.0,0.0
2024-01-18,2,08:30,0.0,0.0,0.0,125.89,0.0,160.0,40.0,0.0
2024-01-18,3,08:45,0.0,0.0,0.0,125.89,0.0,160.0,40.0,0.0
2024-01-18,4,09:00,0.0,0.0,0.0,122.17,0.0,160.0,40.0,0.0
2024-01-18,5,09:15,0.0,0.0,0.0,122.17,0.0,160.0,40.0,0.0
2024-01-18,6,09:30,0.0,0.0,0.0,122.17,0.0,160.0,40.0,0.0
2024-01-18,7,09:45,0.0,0.0,0.0,122.17,0.0,160.0,40.0,0.0
2024-01-18,8,10:00,0.0,0.0,0.0,110.9,0.0,160.0,40.0,0.0
2024-01-18,9,10:15,0.0,0.0,0.0,110.9,0.0,160.0,40.0,0.0
2024-01-18,10,10:30,0.0,0.0,0.0,110.9,0.0,160.0,40.0,0.0
2024-01-18,11,10:45,0.0,0.0,0.0,110.9,0.0,160.0,40.0,0.0
2024-01-18,12,11:00,0.0,0.0,0.0,107.95,0.0,160.0,40.0,0.0
2024-01-18,13,11:15,0.0,9.5021,9.5021,107.95,0.256438,120.0,40.0,0.0
2024-01-18,14,11:30,0.0,17.0147,17.0147,107.95,0.459183,120.0,40.0,0.0
2024-01-18,15,11:45,0.0,17.1381,17.1381,107.95,0.462514,120.0,40.0,0.0
2024-01-18,16,12:00,1.3266,16.0793,17.4059,93.55,0.407081,120.0,40.0,0.0
2024-01-18,17,12:15,4.184,3.2115,7.3955,93.55,0.172961,120.0,40.0,0.0
2024-01-18,18,12:30,5.1593,9.5021,14.6614,93.55,0.342894,80.0,80.0,0.0
2024-01-18,19,12:45,4.2588,17.0147,21.2735,93.55,0.497534,80.0,80.0,0.0
2024-01-18,20,13:00,5.404,17.1381,22.5421,87.62,0.493785,80.0,80.0,0.0
2024-01-18,21,13:15,4.491,16.0793,20.5703,87.62,0.450593,80.0,80.0,0.0
2024-01-18,22,13:30,5.1252,3.2115,8.3367,87.62,0.182615,80.0,80.0,0.0
2024-01-18,23,13:45,3.0543,9.5021,12.5564,87.62,0.275049,40.0,120.0,0.0
2024-01-18,24,14:00,5.093,17.0147,22.1077,86.43,0.477692,40.0,120.0,0.0
2024-01-18,25,14:15,3.6006,17.1381,20.7387,86.43,0.448112,40.0,120.0,0.0
2024-01-18,26,14:30,4.9802,16.0793,21.0595,86.43,0.455044,40.0,120.0,0.0
2024-01-18,27,14:45,4.3843,3.2115,7.5958,86.43,0.164127,40.0,120.0,0.0
2024-01-18,28,15:00,1.5369,9.5021,11.039,94.25,0.260106,0.0,30.0,130.0
2024-01-18,29,15:15,1.3266,17.0147,18.3413,94.25,0.432167,100.0,30.0,0.0
2024-01-18,30,15:30,4.184,17.1381,21.3221,94.25,0.502401,100.0,30.0,0.0
2024-01-18,31,15:45,5.1593,16.0793,21.2386,94.25,0.500435,100.0,30.0,0.0
2024-01-18,32,16:00,4.2588,3.2115,7.4703,99.52,0.185862,100.0,30.0,0.0
2024-01-18,33,16:15,5.404,0.0,5.404,99.52,0.134452,100.0,70.0,0.0
2024-01-18,34,16:30,4.491,0.0,4.491,99.52,0.111737,100.0,70.0,0.0
2024-01-18,35,16:45,5.1252,0.0,5.1252,99.52,0.127515,100.0,70.0,0.0
2024-01-18,36,17:00,3.0543,0.0,3.0543,104.68,0.079932,100.0,70.0,0.0
2024-01-18,37,17:15,5.093,0.0,5.093,104.68,0.133284,100.0,70.0,0.0
2024-01-18,38,17:30,3.6006,0.0,3.6006,104.68,0.094229,100.0,70.0,0.0
2024-01-18,39,17:45,4.9802,0.0,4.9802,104.68,0.130333,100.0,70.0,0.0
2024-01-18,40,18:00,4.3843,0.0,4.3843,103.26,0.113182,100.0,70.0,0.0
2024-01-18,41,18:15,1.5369,9.5021,11.039,103.26,0.284971,60.0,70.0,0.0
2024-01-18,42,18:30,0.0,17.0147,17.0147,103.26,0.439234,160.0,70.0,0.0
2024-01-18,43,18:45,1.3266,17.1381,18.4647,103.26,0.476667,160.0,70.0,0.0
2024-01-18,44,19:00,4.184,16.0793,20.2632,94.53,0.478871,160.0,70.0,0.0
2024-01-18,45,19:15,5.1593,3.2115,8.3708,94.53,0.197824,160.0,70.0,0.0
2024-01-18,46,19:30,4.2588,9.5021,13.7609,94.53,0.325205,120.0,110.0,0.0
2024-01-18,47,19:45,5.404,17.0147,22.4187,94.53,0.52981,120.0,110.0,0.0
2024-01-18,48,20:00,4.491,17.1381,21.6291,86.97,0.470272,120.0,110.0,0.0
2024-01-18,49,20:15,5.1252,16.0793,21.2045,86.97,0.461038,120.0,110.0,0.0
2024-01-18,50,20:30,3.0543,3.2115,6.2658,86.97,0.136235,120.0,110.0,0.0
2024-01-18,51,20:45,5.093,9.5021,14.5951,86.97,0.317334,80.0,150.0,0.0
2024-01-18,52,21:00,3.6006,17.0147,20.6153,83.12,0.428386,80.0,150.0,0.0
2024-01-18,53,21:15,4.9802,17.1381,22.1183,83.12,0.459619,80.0,150.0,0.0
2024-01-18,54,21:30,4.3843,16.0793,20.4636,83.12,0.425234,80.0,150.0,0.0
2024-01-18,55,21:45,1.5369,3.2115,4.7484,83.12,0.098671,80.0,10.0,140.0
2024-01-19,0,08:00,0.0,0.0,0.0,104.27,0.0,180.0,50.0,0.0
2024-01-19,1,08:15,0.0,0.0,0.0,104.27,0.0,180.0,50.0,0.0
2024-01-19,2,08:30,0.0,0.0,0.0,104.27,0.0,180.0,50.0,0.0
2024-01-19,3,08:45,0.0,0.0,0.0,104.27,0.0,180.0,50.0,0.0
2024-01-19,4,09:00,0.0,0.0,0.0,103.06,0.0,180.0,50.0,0.0
2024-01-19,5,09:15,0.0,0.0,0.0,103.06,0.0,180.0,50.0,0.0
2024-01-19,6,09:30,0.0,0.0,0.0,103.06,0.0,180.0,50.0,0.0
2024-01-19,7,09:45,0.0,0.0,0.0,103.06,0.0,180.0,50.0,0.0
2024-01-19,8,10:00,0.0,9.5021,9.5021,95.15,0.226031,140.0,50.0,0.0
2024-01-19,9,10:15,0.0,17.0147,17.0147,95.15,0.404737,140.0,50.0,0.0
2024-01-19,10,10:30,0.0,17.1381,17.1381,95.15,0.407672,140.0,50.0,0.0
2024-01-19,11,10:45,0.0,16.0793,16.0793,95.15,0.382486,140.0,50.0,0.0
2024-01-19,12,11:00,0.0,3.2115,3.2115,86.36,0.069336,140.0,50.0,0.0
2024-01-19,13,11:15,0.0,9.5021,9.5021,86.36,0.20515,100.0,90.0,0.0
2024-01-19,14,11:30,0.0,17.0147,17.0147,86.36,0.367347,100.0,90.0,0.0
2024-01-19,15,11:45,1.3266,17.1381,18.4647,86.36,0.398654,100.0,90.0,0.0
2024-01-19,16,12:00,4.184,16.0793,20.2632,76.83,0.389206,100.0,90.0,0.0
2024-01-19,17,12:15,5.1593,3.2115,8.3708,76.83,0.160783,100.0,90.0,0.0
2024-01-19,18,12:30,4.2588,9.5021,13.7609,76.83,0.264313,60.0,130.0,0.0
2024-01-19,19,12:45,5.404,17.0147,22.4187,76.83,0.430607,60.0,130.0,0.0
2024-01-19,20,13:00,4.491,17.1381,21.6291,73.35,0.396624,60.0,130.0,0.0
2024-01-19,21,13:15,5.1252,16.0793,21.2045,73.35,0.388837,60.0,130.0,0.0
2024-01-19,22,13:30,3.0543,3.2115,6.2658,73.35,0.1149,60.0,130.0,0.0
2024-01-19,23,13:45,5.093,9.5021,14.5951,73.35,0.267638,20.0,170.0,0.0
2024-01-19,24,14:00,3.6006,17.0147,20.6153,75.21,0.387619,20.0,170.0,0.0
2024-01-19,25,14:15,4.9802,17.1381,22.1183,75.21,0.41588,20.0,170.0,0.0
2024-01-19,26,14:30,4.3843,16.0793,20.4636,75.21,0.384767,20.0,170.0,0.0
2024-01-19,27,14:45,1.5369,3.2115,4.7484,75.21,0.089281,20.0,170.0,0.0
2024-01-19,28,15:00,0.0,9.5021,9.5021,77.45,0.183984,80.0,20.0,190.0
2024-01-19,29,15:15,0.0,17.0147,17.0147,77.45,0.329447,80.0,20.0,0.0
2024-01-19,30,15:30,0.0,17.1381,17.1381,77.45,0.331836,80.0,20.0,0.0
2024-01-19,31,15:45,0.0,16.0793,16.0793,77.45,0.311335,80.0,20.0,0.0
2024-01-19,32,16:00,0.0,3.2115,3.2115,84.69,0.067995,80.0,20.0,0.0
2024-01-19,33,16:15,0.0,0.0,0.0,84.69,0.0,80.0,60.0,0.0
2024-01-19,34,16:30,0.0,0.0,0.0,84.69,0.0,80.0,60.0,0.0
2024-01-19,35,16:45,0.0,0.0,0.0,84.69,0.0,80.0,60.0,0.0
2024-01-19,36,17:00,0.0,0.0,0.0,93.6,0.0,80.0,60.0,0.0
2024-01-19,37,17:15,0.0,0.0,0.0,93.6,0.0,80.0,60.0,0.0
2024-01-19,38,17:30,0.0,0.0,0.0,93.6,0.0,80.0,60.0,0.0
2024-01-19,39,17:45,0.0,0.0,0.0,93.6,0.0,80.0,60.0,0.0
2024-01-19,40,18:00,0.0,0.0,0.0,91.7,0.0,80.0,60.0,0.0
2024-01-19,41,18:15,0.0,0.0,0.0,91.7,0.0,80.0,60.0,0.0
2024-01-19,42,18:30,0.0,0.0,0.0,91.7,0.0,80.0,60.0,0.0
2024-01-19,43,18:45,0.0,0.0,0.0,91.7,0.0,80.0,60.0,0.0
2024-01-19,44,19:00,0.0,0.0,0.0,82.23,0.0,80.0,60.0,0.0
2024-01-19,45,19:15,0.0,9.5021,9.5021,82.23,0.195339,40.0,60.0,0.0
2024-01-19,46,19:30,0.0,17.0147,17.0147,82.23,0.349779,40.0,60.0,0.0
2024-01-19,47,19:45,0.0,17.1381,17.1381,82.23,0.352316,40.0,60.0,0.0
2024-01-19,48,20:00,0.0,16.0793,16.0793,74.0,0.297467,40.0,60.0,0.0
2024-01-19,49,20:15,0.0,3.2115,3.2115,74.0,0.059413,40.0,60.0,0.0
2024-01-19,50,20:30,0.0,9.5021,9.5021,74.0,0.175789,-0.0,100.0,0.0
2024-01-19,51,20:45,0.0,17.0147,17.0147,74.0,0.314771,-0.0,100.0,0.0
2024-01-19,52,21:00,0.0,17.1381,17.1381,71.12,0.304715,-0.0,100.0,0.0
2024-01-19,53,21:15,0.0,16.0793,16.0793,71.12,0.28589,-0.0,100.0,0.0
2024-01-19,54,21:30,0.0,3.2115,3.2115,71.12,0.0571,0.0,100.0,0.0
2024-01-19,55,21:45,0.0,0.0,0.0,71.12,0.0,0.0,10.0,130.0
2024-01-22,0,08:00,1.3266,0.0,1.3266,66.48,0.022049,0.0,10.0,0.0
2024-01-22,1,08:15,4.184,0.0,4.184,66.48,0.069538,0.0,10.0,0.0
2024-01-22,2,08:30,5.1593,0.0,5.1593,66.48,0.085748,0.0,10.0,0.0
2024-01-22,3,08:45,4.2588,0.0,4.2588,66.48,0.070782,0.0,10.0,0.0
2024-01-22,4,09:00,5.404,0.0,5.404,57.58,0.077791,0.0,10.0,0.0
2024-01-22,5,09:15,4.491,0.0,4.491,57.58,0.064649,0.0,10.0,0.0
2024-01-22,6,09:30,5.1252,0.0,5.1252,57.58,0.073777,0.0,10.0,0.0
2024-01-22,7,09:45,3.0543,0.0,3.0543,57.58,0.043967,0.0,10.0,0.0
2024-01-22,8,10:00,5.093,0.0,5.093,61.55,0.078369,0.0,10.0,0.0
2024-01-22,9,10:15,3.6006,0.0,3.6006,61.55,0.055405,0.0,10.0,0.0
2024-01-22,10,10:30,4.9802,0.0,4.9802,61.55,0.076633,0.0,10.0,0.0
2024-01-22,11,10:45,4.3843,0.0,4.3843,61.55,0.067464,0.0,10.0,0.0
2024-01-22,12,11:00,1.5369,0.0,1.5369,60.6,0.023284,0.0,10.0,0.0
2024-01-22,13,11:15,1.8638,9.5021,11.3659,60.6,0.172194,60.0,10.0,0.0
2024-01-22,14,11:30,6.7293,17.0147,23.744,60.6,0.359721,60.0,10.0,0.0
2024-01-22,15,11:45,5.9956,17.1381,23.1337,60.6,0.350475,60.0,10.0,0.0
2024-01-22,16,12:00,7.1179,16.0793,23.1972,56.92,0.330096,60.0,10.0,0.0
2024-01-22,17,12:15,6.1091,3.2115,9.3206,56.92,0.132632,60.0,10.0,0.0
2024-01-22,18,12:30,5.6324,9.5021,15.1345,56.92,0.215365,20.0,50.0,0.0
2024-01-22,19,12:45,5.8458,17.0147,22.8605,56.92,0.325305,20.0,50.0,0.0
2024-01-22,20,13:00,5.1816,17.1381,22.3197,56.72,0.316493,20.0,50.0,0.0
2024-01-22,21,13:15,6.7301,16.0793,22.8094,56.72,0.323437,20.0,50.0,0.0
2024-01-22,22,13:30,3.9878,3.2115,7.1993,56.72,0.102086,20.0,50.0,0.0
2024-01-22,23,13:45,1.3266,9.5021,10.8287,56.72,0.153551,80.0,90.0,0.0
2024-01-22,24,14:00,4.184,17.0147,21.1986,58.23,0.308599,80.0,90.0,0.0
2024-01-22,25,14:15,5.1593,17.1381,22.2974,58.23,0.324595,80.0,90.0,0.0
2024-01-22,26,14:30,4.2588,16.0793,20.3381,58.23,0.296072,80.0,90.0,0.0
2024-01-22,27,14:45,5.404,3.2115,8.6155,58.23,0.12542,80.0,90.0,0.0
2024-01-22,28,15:00,4.491,9.5021,13.9931,59.73,0.208953,40.0,20.0,110.0
2024-01-22,29,15:15,5.1252,17.0147,22.1399,59.73,0.330603,40.0,20.0,0.0
2024-01-22,30,15:30,3.0543,17.1381,20.1924,59.73,0.301523,40.0,20.0,0.0
2024-01-22,31,15:45,5.093,16.0793,21.1723,59.73,0.316155,40.0,20.0,0.0
2024-01-22,32,16:00,3.6006,3.2115,6.8121,59.99,0.102165,40.0,20.0,0.0
2024-01-22,33,16:15,4.9802,0.0,4.9802,59.99,0.074691,40.0,60.0,0.0
2024-01-22,34,16:30,4.3843,0.0,4.3843,59.99,0.065754,40.0,60.0,0.0
2024-01-22,35,16:45,1.5369,0.0,1.5369,59.99,0.02305,40.0,60.0,0.0
2024-01-22,36,17:00,0.0,0.0,0.0,70.94,0.0,140.0,60.0,0.0
2024-01-22,37,17:15,0.0,0.0,0.0,70.94,0.0,140.0,60.0,0.0
2024-01-22,38,17:30,0.0,0.0,0.0,70.94,0.0,140.0,60.0,0.0
2024-01-22,39,17:45,0.0,0.0,0.0,70.94,0.0,140.0,60.0,0.0
2024-01-22,40,18:00,0.0,0.0,0.0,77.35,0.0,140.0,60.0,0.0
2024-01-22,41,18:15,0.0,0.0,0.0,77.35,0.0,140.0,60.0,0.0
2024-01-22,42,18:30,0.0,0.0,0.0,77.35,0.0,140.0,60.0,0.0
2024-01-22,43,18:45,0.0,0.0,0.0,77.35,0.0,140.0,60.0,0.0
2024-01-22,44,19:00,0.0,0.0,0.0,71.99,0.0,140.0,60.0,0.0
2024-01-22,45,19:15,0.0,0.0,0.0,71.99,0.0,140.0,60.0,0.0
2024-01-22,46,19:30,0.0,0.0,0.0,71.99,0.0,140.0,60.0,0.0
2024-01-22,47,19:45,0.0,0.0,0.0,71.99,0.0,140.0,60.0,0.0
2024-01-22,48,20:00,0.0,0.0,0.0,66.65,0.0,140.0,60.0,0.0
2024-01-22,49,20:15,0.0,0.0,0.0,66.65,0.0,140.0,60.0,0.0
2024-01-22,50,20:30,0.0,0.0,0.0,66.65,0.0,140.0,60.0,0.0
2024-01-22,51,20:45,0.0,9.5021,9.5021,66.65,0.158329,100.0,60.0,0.0
2024-01-22,52,21:00,0.0,17.0147,17.0147,57.0,0.242459,100.0,60.0,0.0
2024-01-22,53,21:15,0.0,17.1381,17.1381,57.0,0.244218,100.0,60.0,0.0
2024-01-22,54,21:30,0.0,16.0793,16.0793,57.0,0.22913,100.0,60.0,0.0
2024-01-22,55,21:45,0.0,3.2115,3.2115,57.0,0.045764,100.0,60.0,0.0
2024-01-23,0,08:00,0.0,0.0,0.0,69.82,0.0,100.0,100.0,0.0
2024-01-23,1,08:15,0.0,0.0,0.0,69.82,0.0,100.0,100.0,0.0
2024-01-23,2,08:30,0.0,0.0,0.0,69.82,0.0,100.0,100.0,0.0
2024-01-23,3,08:45,0.0,0.0,0.0,69.82,0.0,100.0,100.0,0.0
2024-01-23,4,09:00,0.0,0.0,0.0,69.93,0.0,100.0,100.0,0.0
2024-01-23,5,09:15,0.0,0.0,0.0,69.93,0.0,100.0,100.0,0.0
2024-01-23,6,09:30,0.0,0.0,0.0,69.93,0.0,100.0,100.0,0.0
2024-01-23,7,09:45,0.0,0.0,0.0,69.93,0.0,100.0,100.0,0.0
2024-01-23,8,10:00,0.0,0.0,0.0,59.97,0.0,100.0,100.0,0.0
2024-01-23,9,10:15,0.0,0.0,0.0,59.97,0.0,100.0,100.0,0.0
2024-01-23,10,10:30,0.0,0.0,0.0,59.97,0.0,100.0,100.0,0.0
2024-01-23,11,10:45,1.3266,0.0,1.3266,59.97,0.01989,100.0,100.0,0.0
2024-01-23,12,11:00,4.184,0.0,4.184,59.8,0.06255,100.0,100.0,0.0
2024-01-23,13,11:15,5.1593,0.0,5.1593,59.8,0.077132,100.0,100.0,0.0
2024-01-23,14,11:30,4.2588,9.5021,13.7609,59.8,0.205726,60.0,100.0,0.0
2024-01-23,15,11:45,5.404,17.0147,22.4187,59.8,0.33516,60.0,100.0,0.0
2024-01-23,16,12:00,4.491,17.1381,21.6291,59.14,0.319787,60.0,100.0,0.0
2024-01-23,17,12:15,5.1252,16.0793,21.2045,59.14,0.313508,60.0,100.0,0.0
2024-01-23,18,12:30,3.0543,3.2115,6.2658,59.14,0.09264,60.0,100.0,0.0
2024-01-23,19,12:45,5.093,9.5021,14.5951,59.14,0.215788,20.0,140.0,0.0
2024-01-23,20,13:00,3.6006,17.0147,20.6153,59.43,0.306292,20.0,140.0,0.0
2024-01-23,21,13:15,4.9802,17.1381,22.1183,59.43,0.328623,20.0,140.0,0.0
2024-01-23,22,13:30,4.3843,16.0793,20.4636,59.43,0.304038,20.0,140.0,0.0
2024-01-23,23,13:45,1.5369,3.2115,4.7484,59.43,0.070549,20.0,140.0,0.0
2024-01-23,24,14:00,0.0,0.0,0.0,62.7,0.0,120.0,180.0,0.0
2024-01-23,25,14:15,0.0,0.0,0.0,62.7,0.0,120.0,180.0,0.0
2024-01-23,26,14:30,0.0,0.0,0.0,62.7,0.0,120.0,180.0,0.0
2024-01-23,27,14:45,0.0,0.0,0.0,62.7,0.0,120.0,180.0,0.0
2024-01-23,28,15:00,0.0,0.0,0.0,74.63,0.0,120.0,180.0,0.0
2024-01-23,29,15:15,0.0,0.0,0.0,74.63,0.0,120.0,180.0,0.0
2024-01-23,30,15:30,0.0,0.0,0.0,74.63,0.0,120.0,180.0,0.0
2024-01-23,31,15:45,0.0,0.0,0.0,74.63,0.0,120.0,180.0,0.0
2024-01-23,32,16:00,0.0,0.0,0.0,78.95,0.0,120.0,180.0,0.0
2024-01-23,33,16:15,0.0,0.0,0.0,78.95,0.0,120.0,180.0,0.0
2024-01-23,34,16:30,0.0,0.0,0.0,78.95,0.0,120.0,180.0,0.0
2024-01-23,35,16:45,0.0,0.0,0.0,78.95,0.0,120.0,180.0,0.0
2024-01-23,36,17:00,0.0,0.0,0.0,81.59,0.0,120.0,180.0,0.0
2024-01-23,37,17:15,0.0,0.0,0.0,81.59,0.0,120.0,180.0,0.0
2024-01-23,38,17:30,0.0,0.0,0.0,81.59,0.0,120.0,180.0,0.0
2024-01-23,39,17:45,0.0,0.0,0.0,81.59,0.0,120.0,180.0,0.0
2024-01-23,40,18:00,0.0,0.0,0.0,84.51,0.0,120.0,180.0,0.0
2024-01-23,41,18:15,0.0,0.0,0.0,84.51,0.0,120.0,180.0,0.0
2024-01-23,42,18:30,0.0,0.0,0.0,84.51,0.0,120.0,180.0,0.0
2024-01-23,43,18:45,0.0,0.0,0.0,84.51,0.0,120.0,180.0,0.0
2024-01-23,44,19:00,0.0,0.0,0.0,74.55,0.0,120.0,180.0,0.0
2024-01-23,45,19:15,0.0,0.0,0.0,74.55,0.0,120.0,180.0,0.0
2024-01-23,46,19:30,0.0,0.0,0.0,74.55,0.0,120.0,180.0,0.0
2024-01-23,47,19:45,0.0,0.0,0.0,74.55,0.0,120.0,180.0,0.0
2024-01-23,48,20:00,0.0,0.0,0.0,61.95,0.0,120.0,180.0,0.0
2024-01-23,49,20:15,0.0,0.0,0.0,61.95,0.0,120.0,180.0,0.0
2024-01-23,50,20:30,0.0,9.5021,9.5021,61.95,0.147164,80.0,180.0,0.0
2024-01-23,51,20:45,0.0,17.0147,17.0147,61.95,0.263515,80.0,180.0,0.0
2024-01-23,52,21:00,0.0,17.1381,17.1381,53.74,0.23025,80.0,180.0,0.0
2024-01-23,53,21:15,0.0,16.0793,16.0793,53.74,0.216025,80.0,180.0,0.0
2024-01-23,54,21:30,0.0,3.2115,3.2115,53.74,0.043146,80.0,180.0,0.0
2024-01-23,55,21:45,0.0,0.0,0.0,53.74,0.0,80.0,20.0,200.0
2024-01-24,0,08:00,0.0,0.0,0.0,51.58,0.0,80.0,20.0,0.0
2024-01-24,1,08:15,0.0,0.0,0.0,51.58,0.0,80.0,20.0,0.0
2024-01-24,2,08:30,1.3266,0.0,1.3266,51.58,0.017107,80.0,20.0,0.0
2024-01-24,3,08:45,4.184,9.5021,13.6861,51.58,0.176482,40.0,20.0,0.0
2024-01-24,4,09:00,5.1593,17.0147,22.174,50.76,0.281388,40.0,20.0,0.0
2024-01-24,5,09:15,4.2588,17.1381,21.3969,50.76,0.271527,40.0,20.0,0.0
2024-01-24,6,09:30,5.404,16.0793,21.4833,50.76,0.272623,40.0,20.0,0.0
2024-01-24,7,09:45,4.491,3.2115,7.7025,50.76,0.097745,40.0,20.0,0.0
2024-01-24,8,10:00,5.1252,9.5021,14.6273,50.1,0.183207,0.0,60.0,0.0
2024-01-24,9,10:15,3.0543,17.0147,20.069,50.1,0.251364,0.0,60.0,0.0
2024-01-24,10,10:30,5.093,17.1381,22.2311,50.1,0.278444,0.0,60.0,0.0
2024-01-24,11,10:45,3.6006,16.0793,19.6799,50.1,0.246491,0.0,60.0,0.0
2024-01-24,12,11:00,4.9802,3.2115,8.1917,50.78,0.103994,0.0,60.0,0.0
2024-01-24,13,11:15,4.3843,0.0,4.3843,50.78,0.055659,0.0,100.0,0.0
2024-01-24,14,11:30,1.5369,0.0,1.5369,50.78,0.019511,0.0,100.0,0.0
2024-01-24,15,11:45,1.8638,9.5021,11.3659,50.78,0.144291,60.0,100.0,0.0
2024-01-24,16,12:00,6.7293,17.0147,23.744,39.32,0.233403,60.0,100.0,0.0
2024-01-24,17,12:15,5.9956,17.1381,23.1337,39.32,0.227404,60.0,100.0,0.0
2024-01-24,18,12:30,7.1179,16.0793,23.1972,39.32,0.228028,60.0,100.0,0.0
2024-01-24,19,12:45,6.1091,3.2115,9.3206,39.32,0.091621,60.0,100.0,0.0
2024-01-24,20,13:00,5.6324,9.5021,15.1345,36.44,0.137876,20.0,140.0,0.0
2024-01-24,21,13:15,5.8458,17.0147,22.8605,36.44,0.208259,20.0,140.0,0.0
2024-01-24,22,13:30,5.1816,17.1381,22.3197,36.44,0.203332,20.0,140.0,0.0
2024-01-24,23,13:45,6.7301,16.0793,22.8094,36.44,0.207793,20.0,140.0,0.0
2024-01-24,24,14:00,3.9878,3.2115,7.1993,45.04,0.081064,20.0,140.0,0.0
2024-01-24,25,14:15,1.3266,9.5021,10.8287,45.04,0.121932,80.0,180.0,0.0
2024-01-24,26,14:30,4.184,17.0147,21.1986,45.04,0.238697,80.0,180.0,0.0
2024-01-24,27,14:45,5.1593,17.1381,22.2974,45.04,0.251069,80.0,180.0,0.0
2024-01-24,28,15:00,4.2588,16.0793,20.3381,49.95,0.253972,80.0,180.0,0.0
2024-01-24,29,15:15,5.404,3.2115,8.6155,49.95,0.107586,80.0,180.0,0.0
2024-01-24,30,15:30,4.491,9.5021,13.9931,49.95,0.174739,40.0,220.0,0.0
2024-01-24,31,15:45,5.1252,17.0147,22.1399,49.95,0.276471,40.0,220.0,0.0
2024-01-24,32,16:00,3.0543,17.1381,20.1924,50.8,0.256444,40.0,220.0,0.0
2024-01-24,33,16:15,5.093,16.0793,21.1723,50.8,0.268888,40.0,220.0,0.0
2024-01-24,34,16:30,3.6006,3.2115,6.8121,50.8,0.086514,40.0,220.0,0.0
2024-01-24,35,16:45,4.9802,0.0,4.9802,50.8,0.063249,40.0,260.0,0.0
2024-01-24,36,17:00,4.3843,0.0,4.3843,54.21,0.059419,40.0,260.0,0.0
2024-01-24,37,17:15,1.5369,0.0,1.5369,54.21,0.020829,40.0,260.0,0.0
2024-01-24,38,17:30,0.0,0.0,0.0,54.21,0.0,140.0,260.0,0.0
2024-01-24,39,17:45,0.0,0.0,0.0,54.21,0.0,140.0,260.0,0.0
2024-01-24,40,18:00,0.0,0.0,0.0,53.32,0.0,140.0,260.0,0.0
2024-01-24,41,18:15,0.0,0.0,0.0,53.32,0.0,140.0,260.0,0.0
2024-01-24,42,18:30,0.0,0.0,0.0,53.32,0.0,140.0,260.0,0.0
2024-01-24,43,18:45,0.0,0.0,0.0,53.32,0.0,140.0,260.0,0.0
2024-01-24,44,19:00,0.0,0.0,0.0,50.09,0.0,140.0,260.0,0.0
2024-01-24,45,19:15,0.0,0.0,0.0,50.09,0.0,140.0,260.0,0.0
2024-01-24,46,19:30,0.0,9.5021,9.5021,50.09,0.11899,100.0,260.0,0.0
2024-01-24,47,19:45,0.0,17.0147,17.0147,50.09,0.213066,100.0,260.0,0.0
2024-01-24,48,20:00,0.0,17.1381,17.1381,42.18,0.180721,100.0,260.0,0.0
2024-01-24,49,20:15,0.0,16.0793,16.0793,42.18,0.169556,100.0,260.0,0.0
2024-01-24,50,20:30,0.0,3.2115,3.2115,42.18,0.033865,100.0,260.0,0.0
2024-01-24,51,20:45,0.0,9.5021,9.5021,42.18,0.1002,60.0,300.0,0.0
2024-01-24,52,21:00,0.0,17.0147,17.0147,40.04,0.170317,60.0,300.0,0.0
2024-01-24,53,21:15,0.0,17.1381,17.1381,40.04,0.171552,60.0,300.0,0.0
2024-01-24,54,21:30,0.0,16.0793,16.0793,40.04,0.160954,60.0,300.0,0.0
2024-01-24,55,21:45,0.0,3.2115,3.2115,40.04,0.032147,60.0,150.0,150.0
2024-01-25,0,08:00,0.0,0.0,0.0,91.87,0.0,60.0,190.0,0.0
2024-01-25,1,08:15,0.0,0.0,0.0,91.87,0.0,60.0,190.0,0.0
2024-01-25,2,08:30,0.0,0.0,0.0,91.87,0.0,60.0,190.0,0.0
2024-01-25,3,08:45,0.0,0.0,0.0,91.87,0.0,60.0,190.0,0.0
2024-01-25,4,09:00,0.0,0.0,0.0,87.97,0.0,60.0,190.0,0.0
2024-01-25,5,09:15,0.0,0.0,0.0,87.97,0.0,60.0,190.0,0.0
2024-01-25,6,09:30,0.0,0.0,0.0,87.97,0.0,60.0,190.0,0.0
2024-01-25,7,09:45,0.0,0.0,0.0,87.97,0.0,60.0,190.0,0.0
2024-01-25,8,10:00,0.0,0.0,0.0,83.95,0.0,60.0,190.0,0.0
2024-01-25,9,10:15,0.0,0.0,0.0,83.95,0.0,60.0,190.0,0.0
2024-01-25,10,10:30,0.0,0.0,0.0,83.95,0.0,60.0,190.0,0.0
2024-01-25,11,10:45,0.0,0.0,0.0,83.95,0.0,60.0,190.0,0.0
2024-01-25,12,11:00,0.0,0.0,0.0,78.66,0.0,60.0,190.0,0.0
2024-01-25,13,11:15,0.0,0.0,0.0,78.66,0.0,60.0,190.0,0.0
2024-01-25,14,11:30,0.0,0.0,0.0,78.66,0.0,60.0,190.0,0.0
2024-01-25,15,11:45,0.0,0.0,0.0,78.66,0.0,60.0,190.0,0.0
2024-01-25,16,12:00,0.0,0.0,0.0,74.95,0.0,60.0,190.0,0.0
2024-01-25,17,12:15,0.0,0.0,0.0,74.95,0.0,60.0,190.0,0.0
2024-01-25,18,12:30,0.0,0.0,0.0,74.95,0.0,60.0,190.0,0.0
2024-01-25,19,12:45,0.0,0.0,0.0,74.95,0.0,60.0,190.0,0.0
2024-01-25,20,13:00,0.0,0.0,0.0,77.86,0.0,60.0,190.0,0.0
2024-01-25,21,13:15,0.0,0.0,0.0,77.86,0.0,60.0,190.0,0.0
2024-01-25,22,13:30,0.0,0.0,0.0,77.86,0.0,60.0,190.0,0.0
2024-01-25,23,13:45,0.0,0.0,0.0,77.86,0.0,60.0,190.0,0.0
2024-01-25,24,14:00,0.0,0.0,0.0,87.07,0.0,60.0,190.0,0.0
2024-01-25,25,14:15,0.0,0.0,0.0,87.07,0.0,60.0,190.0,0.0
2024-01-25,26,14:30,0.0,0.0,0.0,87.07,0.0,60.0,190.0,0.0
2024-01-25,27,14:45,0.0,0.0,0.0,87.07,0.0,60.0,190.0,0.0
2024-01-25,28,15:00,0.0,0.0,0.0,93.91,0.0,60.0,190.0,0.0
2024-01-25,29,15:15,0.0,0.0,0.0,93.91,0.0,60.0,190.0,0.0
2024-01-25,30,15:30,0.0,0.0,0.0,93.91,0.0,60.0,190.0,0.0
2024-01-25,31,15:45,0.0,0.0,0.0,93.91,0.0,60.0,190.0,0.0
2024-01-25,32,16:00,0.0,0.0,0.0,102.46,0.0,60.0,190.0,0.0
2024-01-25,33,16:15,0.0,0.0,0.0,102.46,0.0,60.0,190.0,0.0
2024-01-25,34,16:30,0.0,0.0,0.0,102.46,0.0,60.0,190.0,0.0
2024-01-25,35,16:45,0.0,0.0,0.0,102.46,0.0,60.0,190.0,0.0
2024-01-25,36,17:00,0.0,0.0,0.0,123.38,0.0,60.0,190.0,0.0
2024-01-25,37,17:15,0.0,0.0,0.0,123.38,0.0,60.0,190.0,0.0
2024-01-25,38,17:30,0.0,0.0,0.0,123.38,0.0,60.0,190.0,0.0
2024-01-25,39,17:45,0.0,0.0,0.0,123.38,0.0,60.0,190.0,0.0
2024-01-25,40,18:00,0.0,0.0,0.0,115.54,0.0,60.0,190.0,0.0
2024-01-25,41,18:15,0.0,0.0,0.0,115.54,0.0,60.0,190.0,0.0
2024-01-25,42,18:30,0.0,0.0,0.0,115.54,0.0,60.0,190.0,0.0
2024-01-25,43,18:45,0.0,0.0,0.0,115.54,0.0,60.0,190.0,0.0
2024-01-25,44,19:00,0.0,0.0,0.0,98.79,0.0,60.0,190.0,0.0
2024-01-25,45,19:15,0.0,0.0,0.0,98.79,0.0,60.0,190.0,0.0
2024-01-25,46,19:30,0.0,0.0,0.0,98.79,0.0,60.0,190.0,0.0
2024-01-25,47,19:45,0.0,0.0,0.0,98.79,0.0,60.0,190.0,0.0
2024-01-25,48,20:00,0.0,0.0,0.0,91.07,0.0,60.0,190.0,0.0
2024-01-25,49,20:15,0.0,0.0,0.0,91.07,0.0,60.0,190.0,0.0
2024-01-25,50,20:30,0.0,0.0,0.0,91.07,0.0,60.0,190.0,0.0
2024-01-25,51,20:45,0.0,0.0,0.0,91.07,0.0,60.0,190.0,0.0
2024-01-25,52,21:00,0.0,0.0,0.0,86.31,0.0,60.0,190.0,0.0
2024-01-25,53,21:15,0.0,0.0,0.0,86.31,0.0,60.0,190.0,0.0
2024-01-25,54,21:30,0.0,0.0,0.0,86.31,0.0,60.0,190.0,0.0
2024-01-25,55,21:45,0.0,0.0,0.0,86.31,0.0,60.0,10.0,180.0
2024-01-26,0,08:00,0.0,0.0,0.0,76.59,0.0,60.0,10.0,0.0
2024-01-26,1,08:15,1.8638,0.0,1.8638,76.59,0.035688,60.0,10.0,0.0
2024-01-26,2,08:30,6.7293,0.0,6.7293,76.59,0.128849,60.0,10.0,0.0
2024-01-26,3,08:45,5.9956,0.0,5.9956,76.59,0.1148,60.0,10.0,0.0
2024-01-26,4,09:00,7.1179,0.0,7.1179,70.58,0.125595,60.0,10.0,0.0
2024-01-26,5,09:15,6.1091,0.0,6.1091,70.58,0.107795,60.0,10.0,0.0
2024-01-26,6,09:30,5.6324,9.5021,15.1345,70.58,0.267049,20.0,10.0,0.0
2024-01-26,7,09:45,5.8458,17.0147,22.8605,70.58,0.403373,20.0,10.0,0.0
2024-01-26,8,10:00,5.1816,17.1381,22.3197,61.61,0.343779,20.0,10.0,0.0
2024-01-26,9,10:15,6.7301,16.0793,22.8094,61.61,0.351321,20.0,10.0,0.0
2024-01-26,10,10:30,3.9878,3.2115,7.1993,61.61,0.110887,20.0,10.0,0.0
2024-01-26,11,10:45,0.0,9.5021,9.5021,61.61,0.146356,80.0,50.0,0.0
2024-01-26,12,11:00,1.8638,17.0147,18.8785,59.14,0.279119,80.0,50.0,0.0
2024-01-26,13,11:15,6.7293,17.1381,23.8674,59.14,0.352879,80.0,50.0,0.0
2024-01-26,14,11:30,5.9956,16.0793,22.0749,59.14,0.326377,80.0,50.0,0.0
2024-01-26,15,11:45,7.1179,3.2115,10.3294,59.14,0.15272,80.0,50.0,0.0
2024-01-26,16,12:00,6.1091,9.5021,15.6112,52.28,0.204038,40.0,90.0,0.0
2024-01-26,17,12:15,5.6324,17.0147,22.6471,52.28,0.295998,40.0,90.0,0.0
2024-01-26,18,12:30,5.8458,17.1381,22.9839,52.28,0.3004,40.0,90.0,0.0
2024-01-26,19,12:45,5.1816,16.0793,21.2609,52.28,0.277879,40.0,90.0,0.0
2024-01-26,20,13:00,6.7301,3.2115,9.9416,46.47,0.115496,40.0,90.0,0.0
2024-01-26,21,13:15,3.9878,9.5021,13.4899,46.47,0.156719,0.0,130.0,0.0
2024-01-26,22,13:30,1.8638,17.0147,18.8785,46.47,0.219321,100.0,130.0,0.0
2024-01-26,23,13:45,6.7293,17.1381,23.8674,46.47,0.277279,100.0,130.0,0.0
2024-01-26,24,14:00,5.9956,16.0793,22.0749,49.28,0.271962,100.0,130.0,0.0
2024-01-26,25,14:15,7.1179,3.2115,10.3294,49.28,0.127258,100.0,130.0,0.0
2024-01-26,26,14:30,6.1091,9.5021,15.6112,49.28,0.19233,60.0,170.0,0.0
2024-01-26,27,14:45,5.6324,17.0147,22.6471,49.28,0.279013,60.0,170.0,0.0
2024-01-26,28,15:00,5.8458,17.1381,22.9839,50.11,0.287931,60.0,20.0,150.0
2024-01-26,29,15:15,5.1816,16.0793,21.2609,50.11,0.266345,60.0,20.0,0.0
2024-01-26,30,15:30,6.7301,3.2115,9.9416,50.11,0.124543,60.0,20.0,0.0
2024-01-26,31,15:45,3.9878,9.5021,13.4899,50.11,0.168995,20.0,60.0,0.0
2024-01-26,32,16:00,1.8638,17.0147,18.8785,52.74,0.248913,120.0,60.0,0.0
2024-01-26,33,16:15,6.7293,17.1381,23.8674,52.74,0.314691,120.0,60.0,0.0
2024-01-26,34,16:30,5.9956,16.0793,22.0749,52.74,0.291057,120.0,60.0,0.0
2024-01-26,35,16:45,7.1179,3.2115,10.3294,52.74,0.136193,120.0,60.0,0.0
2024-01-26,36,17:00,6.1091,9.5021,15.6112,60.7,0.236899,80.0,100.0,0.0
2024-01-26,37,17:15,5.6324,17.0147,22.6471,60.7,0.34367,80.0,100.0,0.0
2024-01-26,38,17:30,5.8458,17.1381,22.9839,60.7,0.348781,80.0,100.0,0.0
2024-01-26,39,17:45,5.1816,16.0793,21.2609,60.7,0.322633,80.0,100.0,0.0
2024-01-26,40,18:00,6.7301,3.2115,9.9416,58.75,0.146017,80.0,100.0,0.0
2024-01-26,41,18:15,3.9878,9.5021,13.4899,58.75,0.198133,40.0,140.0,0.0
2024-01-26,42,18:30,1.3266,17.0147,18.3413,58.75,0.269388,140.0,140.0,0.0
2024-01-26,43,18:45,4.184,17.1381,21.3221,58.75,0.313168,140.0,140.0,0.0
2024-01-26,44,19:00,5.1593,16.0793,21.2386,64.96,0.344915,140.0,140.0,0.0
2024-01-26,45,19:15,4.2588,3.2115,7.4703,64.96,0.121318,140.0,140.0,0.0
2024-01-26,46,19:30,5.404,9.5021,14.9061,64.96,0.242075,100.0,180.0,0.0
2024-01-26,47,19:45,4.491,17.0147,21.5057,64.96,0.349253,100.0,180.0,0.0
2024-01-26,48,20:00,5.1252,17.1381,22.2633,58.78,0.327159,100.0,180.0,0.0
2024-01-26,49,20:15,3.0543,16.0793,19.1336,58.78,0.281169,100.0,180.0,0.0
2024-01-26,50,20:30,5.093,3.2115,8.3045,58.78,0.122034,100.0,180.0,0.0
2024-01-26,51,20:45,3.6006,9.5021,13.1027,58.78,0.192545,60.0,220.0,0.0
2024-01-26,52,21:00,4.9802,17.0147,21.9949,62.02,0.341031,60.0,220.0,0.0
2024-01-26,53,21:15,4.3843,17.1381,21.5224,62.02,0.333705,60.0,220.0,0.0
2024-01-26,54,21:30,1.5369,16.0793,17.6162,62.02,0.273139,60.0,220.0,0.0
2024-01-26,55,21:45,0.0,3.2115,3.2115,62.02,0.049794,160.0,40.0,180.0
2024-01-29,0,08:00,0.0,0.0,0.0,99.17,0.0,160.0,80.0,0.0
2024-01-29,1,08:15,0.0,0.0,0.0,99.17,0.0,160.0,80.0,0.0
2024-01-29,2,08:30,0.0,0.0,0.0,99.17,0.0,160.0,80.0,0.0
2024-01-29,3,08:45,0.0,0.0,0.0,99.17,0.0,160.0,80.0,0.0
2024-01-29,4,09:00,0.0,0.0,0.0,88.39,0.0,160.0,80.0,0.0
2024-01-29,5,09:15,0.0,0.0,0.0,88.39,0.0,160.0,80.0,0.0
2024-01-29,6,09:30,0.0,0.0,0.0,88.39,0.0,160.0,80.0,0.0
2024-01-29,7,09:45,0.0,0.0,0.0,88.39,0.0,160.0,80.0,0.0
2024-01-29,8,10:00,0.0,0.0,0.0,78.9,0.0,160.0,80.0,0.0
2024-01-29,9,10:15,0.0,0.0,0.0,78.9,0.0,160.0,80.0,0.0
2024-01-29,10,10:30,0.0,0.0,0.0,78.9,0.0,160.0,80.0,0.0
2024-01-29,11,10:45,1.3266,9.5021,10.8287,78.9,0.213597,120.0,80.0,0.0
2024-01-29,12,11:00,4.184,17.0147,21.1986,71.27,0.377707,120.0,80.0,0.0
2024-01-29,13,11:15,5.1593,17.1381,22.2974,71.27,0.397285,120.0,80.0,0.0
2024-01-29,14,11:30,4.2588,16.0793,20.3381,71.27,0.362374,120.0,80.0,0.0
2024-01-29,15,11:45,5.404,3.2115,8.6155,71.27,0.153507,120.0,80.0,0.0
2024-01-29,16,12:00,4.491,9.5021,13.9931,70.24,0.24572,80.0,120.0,0.0
2024-01-29,17,12:15,5.1252,17.0147,22.1399,70.24,0.388776,80.0,120.0,0.0
2024-01-29,18,12:30,3.0543,17.1381,20.1924,70.24,0.354579,80.0,120.0,0.0
2024-01-29,19,12:45,5.093,16.0793,21.1723,70.24,0.371785,80.0,120.0,0.0
2024-01-29,20,13:00,3.6006,3.2115,6.8121,74.99,0.12771,80.0,120.0,0.0
2024-01-29,21,13:15,4.9802,9.5021,14.4823,74.99,0.271508,40.0,160.0,0.0
2024-01-29,22,13:30,4.3843,17.0147,21.399,74.99,0.401178,40.0,160.0,0.0
2024-01-29,23,13:45,1.5369,17.1381,18.675,74.99,0.350109,40.0,160.0,0.0
2024-01-29,24,14:00,0.0,16.0793,16.0793,82.55,0.331836,140.0,160.0,0.0
2024-01-29,25,14:15,0.0,3.2115,3.2115,82.55,0.066277,140.0,160.0,0.0
2024-01-29,26,14:30,0.0,0.0,0.0,82.55,0.0,140.0,200.0,0.0
2024-01-29,27,14:45,0.0,0.0,0.0,82.55,0.0,140.0,200.0,0.0
2024-01-29,28,15:00,0.0,0.0,0.0,97.6,0.0,140.0,30.0,170.0
2024-01-29,29,15:15,0.0,0.0,0.0,97.6,0.0,140.0,30.0,0.0
2024-01-29,30,15:30,0.0,0.0,0.0,97.6,0.0,140.0,30.0,0.0
2024-01-29,31,15:45,0.0,0.0,0.0,97.6,0.0,140.0,30.0,0.0
2024-01-29,32,16:00,0.0,0.0,0.0,108.43,0.0,140.0,30.0,0.0
2024-01-29,33,16:15,0.0,0.0,0.0,108.43,0.0,140.0,30.0,0.0
2024-01-29,34,16:30,0.0,0.0,0.0,108.43,0.0,140.0,30.0,0.0
2024-01-29,35,16:45,0.0,0.0,0.0,108.43,0.0,140.0,30.0,0.0
2024-01-29,36,17:00,0.0,0.0,0.0,127.42,0.0,140.0,30.0,0.0
2024-01-29,37,17:15,0.0,0.0,0.0,127.42,0.0,140.0,30.0,0.0
2024-01-29,38,17:30,0.0,0.0,0.0,127.42,0.0,140.0,30.0,0.0
2024-01-29,39,17:45,0.0,0.0,0.0,127.42,0.0,140.0,30.0,0.0
2024-01-29,40,18:00,0.0,0.0,0.0,117.3,0.0,140.0,30.0,0.0
2024-01-29,41,18:15,0.0,0.0,0.0,117.3,0.0,140.0,30.0,0.0
2024-01-29,42,18:30,0.0,0.0,0.0,117.3,0.0,140.0,30.0,0.0
2024-01-29,43,18:45,0.0,0.0,0.0,117.3,0.0,140.0,30.0,0.0
2024-01-29,44,19:00,0.0,0.0,0.0,107.52,0.0,140.0,30.0,0.0
2024-01-29,45,19:15,0.0,0.0,0.0,107.52,0.0,140.0,30.0,0.0
2024-01-29,46,19:30,0.0,0.0,0.0,107.52,0.0,140.0,30.0,0.0
2024-01-29,47,19:45,0.0,0.0,0.0,107.52,0.0,140.0,30.0,0.0
2024-01-29,48,20:00,0.0,0.0,0.0,91.98,0.0,140.0,30.0,0.0
2024-01-29,49,20:15,0.0,0.0,0.0,91.98,0.0,140.0,30.0,0.0
2024-01-29,50,20:30,0.0,0.0,0.0,91.98,0.0,140.0,30.0,0.0
2024-01-29,51,20:45,0.0,0.0,0.0,91.98,0.0,140.0,30.0,0.0
2024-01-29,52,21:00,0.0,0.0,0.0,86.79,0.0,140.0,30.0,0.0
2024-01-29,53,21:15,0.0,0.0,0.0,86.79,0.0,140.0,30.0,0.0
2024-01-29,54,21:30,0.0,0.0,0.0,86.79,0.0,140.0,30.0,0.0
2024-01-29,55,21:45,0.0,0.0,0.0,86.79,0.0,140.0,30.0,0.0
2024-01-30,0,08:00,0.0,0.0,0.0,95.93,0.0,140.0,30.0,0.0
2024-01-30,1,08:15,0.0,0.0,0.0,95.93,0.0,140.0,30.0,0.0
2024-01-30,2,08:30,0.0,0.0,0.0,95.93,0.0,140.0,30.0,0.0
2024-01-30,3,08:45,0.0,0.0,0.0,95.93,0.0,140.0,30.0,0.0
2024-01-30,4,09:00,0.0,0.0,0.0,84.93,0.0,140.0,30.0,0.0
2024-01-30,5,09:15,0.0,0.0,0.0,84.93,0.0,140.0,30.0,0.0
2024-01-30,6,09:30,0.0,0.0,0.0,84.93,0.0,140.0,30.0,0.0
2024-01-30,7,09:45,0.0,0.0,0.0,84.93,0.0,140.0,30.0,0.0
2024-01-30,8,10:00,0.0,0.0,0.0,77.15,0.0,140.0,30.0,0.0
2024-01-30,9,10:15,0.0,0.0,0.0,77.15,0.0,140.0,30.0,0.0
2024-01-30,10,10:30,0.0,9.5021,9.5021,77.15,0.183272,100.0,30.0,0.0
2024-01-30,11,10:45,0.0,17.0147,17.0147,77.15,0.328171,100.0,30.0,0.0
2024-01-30,12,11:00,1.3266,17.1381,18.4647,70.1,0.323594,100.0,30.0,0.0
2024-01-30,13,11:15,4.184,16.0793,20.2632,70.1,0.355113,100.0,30.0,0.0
2024-01-30,14,11:30,5.1593,3.2115,8.3708,70.1,0.146699,100.0,30.0,0.0
2024-01-30,15,11:45,4.2588,9.5021,13.7609,70.1,0.24116,60.0,70.0,0.0
2024-01-30,16,12:00,5.404,17.0147,22.4187,68.1,0.381678,60.0,70.0,0.0
2024-01-30,17,12:15,4.491,17.1381,21.6291,68.1,0.368236,60.0,70.0,0.0
2024-01-30,18,12:30,5.1252,16.0793,21.2045,68.1,0.361006,60.0,70.0,0.0
2024-01-30,19,12:45,3.0543,3.2115,6.2658,68.1,0.106676,60.0,70.0,0.0
2024-01-30,20,13:00,5.093,9.5021,14.5951,68.23,0.248956,20.0,110.0,0.0
2024-01-30,21,13:15,3.6006,17.0147,20.6153,68.23,0.351646,20.0,110.0,0.0
2024-01-30,22,13:30,4.9802,17.1381,22.1183,68.23,0.377283,20.0,110.0,0.0
2024-01-30,23,13:45,4.3843,16.0793,20.4636,68.23,0.349058,20.0,110.0,0.0
2024-01-30,24,14:00,1.5369,3.2115,4.7484,71.93,0.085388,20.0,110.0,0.0
2024-01-30,25,14:15,0.0,9.5021,9.5021,71.93,0.170871,80.0,150.0,0.0
2024-01-30,26,14:30,0.0,17.0147,17.0147,71.93,0.305966,80.0,150.0,0.0
2024-01-30,27,14:45,0.0,17.1381,17.1381,71.93,0.308186,80.0,150.0,0.0
2024-01-30,28,15:00,0.0,16.0793,16.0793,79.49,0.319535,80.0,30.0,120.0
2024-01-30,29,15:15,0.0,3.2115,3.2115,79.49,0.06382,80.0,30.0,0.0
2024-01-30,30,15:30,0.0,0.0,0.0,79.49,0.0,80.0,70.0,0.0
2024-01-30,31,15:45,0.0,0.0,0.0,79.49,0.0,80.0,70.0,0.0
2024-01-30,32,16:00,0.0,0.0,0.0,82.36,0.0,80.0,70.0,0.0
2024-01-30,33,16:15,0.0,0.0,0.0,82.36,0.0,80.0,70.0,0.0
2024-01-30,34,16:30,0.0,0.0,0.0,82.36,0.0,80.0,70.0,0.0
2024-01-30,35,16:45,0.0,0.0,0.0,82.36,0.0,80.0,70.0,0.0
2024-01-30,36,17:00,0.0,0.0,0.0,88.17,0.0,80.0,70.0,0.0
2024-01-30,37,17:15,0.0,0.0,0.0,88.17,0.0,80.0,70.0,0.0
2024-01-30,38,17:30,0.0,0.0,0.0,88.17,0.0,80.0,70.0,0.0
2024-01-30,39,17:45,0.0,0.0,0.0,88.17,0.0,80.0,70.0,0.0
2024-01-30,40,18:00,0.0,0.0,0.0,99.23,0.0,80.0,70.0,0.0
2024-01-30,41,18:15,0.0,0.0,0.0,99.23,0.0,80.0,70.0,0.0
2024-01-30,42,18:30,0.0,0.0,0.0,99.23,0.0,80.0,70.0,0.0
2024-01-30,43,18:45,0.0,0.0,0.0,99.23,0.0,80.0,70.0,0.0
2024-01-30,44,19:00,0.0,0.0,0.0,91.91,0.0,80.0,70.0,0.0
2024-01-30,45,19:15,0.0,0.0,0.0,91.91,0.0,80.0,70.0,0.0
2024-01-30,46,19:30,0.0,0.0,0.0,91.91,0.0,80.0,70.0,0.0
2024-01-30,47,19:45,0.0,0.0,0.0,91.91,0.0,80.0,70.0,0.0
2024-01-30,48,20:00,0.0,0.0,0.0,86.04,0.0,80.0,70.0,0.0
2024-01-30,49,20:15,0.0,0.0,0.0,86.04,0.0,80.0,70.0,0.0
2024-01-30,50,20:30,0.0,0.0,0.0,86.04,0.0,80.0,70.0,0.0
2024-01-30,51,20:45,0.0,0.0,0.0,86.04,0.0,80.0,70.0,0.0
2024-01-30,52,21:00,0.0,0.0,0.0,78.0,0.0,80.0,70.0,0.0
2024-01-30,53,21:15,0.0,0.0,0.0,78.0,0.0,80.0,70.0,0.0
2024-01-30,54,21:30,0.0,0.0,0.0,78.0,0.0,80.0,70.0,0.0
2024-01-30,55,21:45,0.0,0.0,0.0,78.0,0.0,80.0,70.0,0.0
2024-01-31,0,08:00,0.0,0.0,0.0,119.93,0.0,80.0,70.0,0.0
2024-01-31,1,08:15,0.0,0.0,0.0,119.93,0.0,80.0,70.0,0.0
2024-01-31,2,08:30,0.0,0.0,0.0,119.93,0.0,80.0,70.0,0.0
2024-01-31,3,08:45,0.0,0.0,0.0,119.93,0.0,80.0,70.0,0.0
2024-01-31,4,09:00,0.0,0.0,0.0,93.61,0.0,80.0,70.0,0.0
2024-01-31,5,09:15,0.0,0.0,0.0,93.61,0.0,80.0,70.0,0.0
2024-01-31,6,09:30,0.0,0.0,0.0,93.61,0.0,80.0,70.0,0.0
2024-01-31,7,09:45,0.0,0.0,0.0,93.61,0.0,80.0,70.0,0.0
2024-01-31,8,10:00,0.0,0.0,0.0,82.98,0.0,80.0,70.0,0.0
2024-01-31,9,10:15,0.0,0.0,0.0,82.98,0.0,80.0,70.0,0.0
2024-01-31,10,10:30,0.0,0.0,0.0,82.98,0.0,80.0,70.0,0.0
2024-01-31,11,10:45,0.0,0.0,0.0,82.98,0.0,80.0,70.0,0.0
2024-01-31,12,11:00,0.0,0.0,0.0,77.09,0.0,80.0,70.0,0.0
2024-01-31,13,11:15,0.0,0.0,0.0,77.09,0.0,80.0,70.0,0.0
2024-01-31,14,11:30,0.0,0.0,0.0,77.09,0.0,80.0,70.0,0.0
2024-01-31,15,11:45,0.0,0.0,0.0,77.09,0.0,80.0,70.0,0.0
2024-01-31,16,12:00,1.3266,0.0,1.3266,74.91,0.024845,80.0,70.0,0.0
2024-01-31,17,12:15,4.184,0.0,4.184,74.91,0.078355,80.0,70.0,0.0
2024-01-31,18,12:30,5.1593,9.5021,14.6614,74.91,0.274572,40.0,70.0,0.0
2024-01-31,19,12:45,4.2588,17.0147,21.2735,74.91,0.3984,40.0,70.0,0.0
2024-01-31,20,13:00,5.404,17.1381,22.5421,67.66,0.3813,40.0,70.0,0.0
2024-01-31,21,13:15,4.491,16.0793,20.5703,67.66,0.347947,40.0,70.0,0.0
2024-01-31,22,13:30,5.1252,3.2115,8.3367,67.66,0.141015,40.0,70.0,0.0
2024-01-31,23,13:45,3.0543,9.5021,12.5564,67.66,0.212392,0.0,110.0,0.0
2024-01-31,24,14:00,5.093,17.0147,22.1077,66.69,0.36859,0.0,110.0,0.0
2024-01-31,25,14:15,3.6006,17.1381,20.7387,66.69,0.345767,0.0,110.0,0.0
2024-01-31,26,14:30,4.9802,16.0793,21.0595,66.69,0.351115,0.0,110.0,0.0
2024-01-31,27,14:45,4.3843,3.2115,7.5958,66.69,0.126642,0.0,110.0,0.0
2024-01-31,28,15:00,1.5369,0.0,1.5369,75.87,0.029151,0.0,10.0,140.0
2024-01-31,29,15:15,0.0,0.0,0.0,75.87,0.0,100.0,10.0,0.0
2024-01-31,30,15:30,0.0,0.0,0.0,75.87,0.0,100.0,10.0,0.0
2024-01-31,31,15:45,0.0,0.0,0.0,75.87,0.0,100.0,10.0,0.0
2024-01-31,32,16:00,0.0,0.0,0.0,81.62,0.0,100.0,10.0,0.0
2024-01-31,33,16:15,0.0,0.0,0.0,81.62,0.0,100.0,10.0,0.0
2024-01-31,34,16:30,0.0,0.0,0.0,81.62,0.0,100.0,10.0,0.0
2024-01-31,35,16:45,0.0,0.0,0.0,81.62,0.0,100.0,10.0,0.0
2024-01-31,36,17:00,0.0,0.0,0.0,87.91,0.0,100.0,10.0,0.0
2024-01-31,37,17:15,0.0,0.0,0.0,87.91,0.0,100.0,10.0,0.0
2024-01-31,38,17:30,0.0,0.0,0.0,87.91,0.0,100.0,10.0,0.0
2024-01-31,39,17:45,0.0,0.0,0.0,87.91,0.0,100.0,10.0,0.0
2024-01-31,40,18:00,0.0,0.0,0.0,86.78,0.0,100.0,10.0,0.0
2024-01-31,41,18:15,0.0,0.0,0.0,86.78,0.0,100.0,10.0,0.0
2024-01-31,42,18:30,0.0,0.0,0.0,86.78,0.0,100.0,10.0,0.0
2024-01-31,43,18:45,0.0,0.0,0.0,86.78,0.0,100.0,10.0,0.0
2024-01-31,44,19:00,0.0,0.0,0.0,73.65,0.0,100.0,10.0,0.0
2024-01-31,45,19:15,0.0,0.0,0.0,73.65,0.0,100.0,10.0,0.0
2024-01-31,46,19:30,1.8638,9.5021,11.3659,73.65,0.209275,60.0,10.0,0.0
2024-01-31,47,19:45,6.7293,17.0147,23.744,73.65,0.437186,60.0,10.0,0.0
2024-01-31,48,20:00,5.9956,17.1381,23.1337,66.03,0.381879,60.0,10.0,0.0
2024-01-31,49,20:15,7.1179,16.0793,23.1972,66.03,0.382927,60.0,10.0,0.0
2024-01-31,50,20:30,6.1091,3.2115,9.3206,66.03,0.153859,60.0,10.0,0.0
2024-01-31,51,20:45,5.6324,9.5021,15.1345,66.03,0.249833,20.0,50.0,0.0
2024-01-31,52,21:00,5.8458,17.0147,22.8605,56.96,0.325533,20.0,50.0,0.0
2024-01-31,53,21:15,5.1816,17.1381,22.3197,56.96,0.317832,20.0,50.0,0.0
2024-01-31,54,21:30,6.7301,16.0793,22.8094,56.96,0.324806,20.0,50.0,0.0
2024-01-31,55,21:45,3.9878,3.2115,7.1993,56.96,0.102518,20.0,50.0,0.0
2024-02-01,0,08:00,0.0,0.0,0.0,92.5,0.0,120.0,90.0,0.0
2024-02-01,1,08:15,0.0,0.0,0.0,92.5,0.0,120.0,90.0,0.0
2024-02-01,2,08:30,0.0,0.0,0.0,92.5,0.0,120.0,90.0,0.0
2024-02-01,3,08:45,0.0,0.0,0.0,92.5,0.0,120.0,90.0,0.0
2024-02-01,4,09:00,0.0,0.0,0.0,86.29,0.0,120.0,90.0,0.0
2024-02-01,5,09:15,0.0,0.0,0.0,86.29,0.0,120.0,90.0,0.0
2024-02-01,6,09:30,0.0,0.0,0.0,86.29,0.0,120.0,90.0,0.0
2024-02-01,7,09:45,0.0,0.0,0.0,86.29,0.0,120.0,90.0,0.0
2024-02-01,8,10:00,0.0,0.0,0.0,83.67,0.0,120.0,90.0,0.0
2024-02-01,9,10:15,0.0,0.0,0.0,83.67,0.0,120.0,90.0,0.0
2024-02-01,10,10:30,0.0,0.0,0.0,83.67,0.0,120.0,90.0,0.0
2024-02-01,11,10:45,0.0,0.0,0.0,83.67,0.0,120.0,90.0,0.0
2024-02-01,12,11:00,0.0,0.0,0.0,77.22,0.0,120.0,90.0,0.0
2024-02-01,13,11:15,0.0,0.0,0.0,77.22,0.0,120.0,90.0,0.0
2024-02-01,14,11:30,0.0,0.0,0.0,77.22,0.0,120.0,90.0,0.0
2024-02-01,15,11:45,0.0,9.5021,9.5021,77.22,0.183438,80.0,90.0,0.0
2024-02-01,16,12:00,1.3266,17.0147,18.3413,67.6,0.309968,80.0,90.0,0.0
2024-02-01,17,12:15,4.184,17.1381,21.3221,67.6,0.360343,80.0,90.0,0.0
2024-02-01,18,12:30,5.1593,16.0793,21.2386,67.6,0.358933,80.0,90.0,0.0
2024-02-01,19,12:45,4.2588,3.2115,7.4703,67.6,0.126249,80.0,90.0,0.0
2024-02-01,20,13:00,5.404,9.5021,14.9061,57.26,0.213381,40.0,130.0,0.0
2024-02-01,21,13:15,4.491,17.0147,21.5057,57.26,0.307854,40.0,130.0,0.0
2024-02-01,22,13:30,5.1252,17.1381,22.2633,57.26,0.318699,40.0,130.0,0.0
2024-02-01,23,13:45,3.0543,16.0793,19.1336,57.26,0.273898,40.0,130.0,0.0
2024-02-01,24,14:00,5.093,3.2115,8.3045,68.74,0.142713,40.0,130.0,0.0
2024-02-01,25,14:15,3.6006,9.5021,13.1027,68.74,0.22517,0.0,170.0,0.0
2024-02-01,26,14:30,4.9802,17.0147,21.9949,68.74,0.377983,0.0,170.0,0.0
2024-02-01,27,14:45,4.3843,17.1381,21.5224,68.74,0.369863,0.0,170.0,0.0
2024-02-01,28,15:00,1.5369,16.0793,17.6162,75.07,0.330611,0.0,20.0,150.0
2024-02-01,29,15:15,0.0,3.2115,3.2115,75.07,0.060272,100.0,20.0,0.0
2024-02-01,30,15:30,0.0,0.0,0.0,75.07,0.0,100.0,60.0,0.0
2024-02-01,31,15:45,0.0,0.0,0.0,75.07,0.0,100.0,60.0,0.0
2024-02-01,32,16:00,0.0,0.0,0.0,77.05,0.0,100.0,60.0,0.0
2024-02-01,33,16:15,0.0,0.0,0.0,77.05,0.0,100.0,60.0,0.0
2024-02-01,34,16:30,0.0,0.0,0.0,77.05,0.0,100.0,60.0,0.0
2024-02-01,35,16:45,0.0,0.0,0.0,77.05,0.0,100.0,60.0,0.0
2024-02-01,36,17:00,0.0,0.0,0.0,91.61,0.0,100.0,60.0,0.0
2024-02-01,37,17:15,0.0,0.0,0.0,91.61,0.0,100.0,60.0,0.0
2024-02-01,38,17:30,0.0,0.0,0.0,91.61,0.0,100.0,60.0,0.0
2024-02-01,39,17:45,0.0,0.0,0.0,91.61,0.0,100.0,60.0,0.0
2024-02-01,40,18:00,0.0,0.0,0.0,94.67,0.0,100.0,60.0,0.0
2024-02-01,41,18:15,0.0,0.0,0.0,94.67,0.0,100.0,60.0,0.0
2024-02-01,42,18:30,0.0,0.0,0.0,94.67,0.0,100.0,60.0,0.0
2024-02-01,43,18:45,0.0,0.0,0.0,94.67,0.0,100.0,60.0,0.0
2024-02-01,44,19:00,0.0,0.0,0.0,97.89,0.0,100.0,60.0,0.0
2024-02-01,45,19:15,0.0,0.0,0.0,97.89,0.0,100.0,60.0,0.0
2024-02-01,46,19:30,0.0,0.0,0.0,97.89,0.0,100.0,60.0,0.0
2024-02-01,47,19:45,0.0,0.0,0.0,97.89,0.0,100.0,60.0,0.0
2024-02-01,48,20:00,0.0,0.0,0.0,89.97,0.0,100.0,60.0,0.0
2024-02-01,49,20:15,0.0,0.0,0.0,89.97,0.0,100.0,60.0,0.0
2024-02-01,50,20:30,0.0,0.0,0.0,89.97,0.0,100.0,60.0,0.0
2024-02-01,51,20:45,0.0,0.0,0.0,89.97,0.0,100.0,60.0,0.0
2024-02-01,52,21:00,0.0,0.0,0.0,83.29,0.0,100.0,60.0,0.0
2024-02-01,53,21:15,0.0,0.0,0.0,83.29,0.0,100.0,60.0,0.0
2024-02-01,54,21:30,0.0,0.0,0.0,83.29,0.0,100.0,60.0,0.0
2024-02-01,55,21:45,0.0,0.0,0.0,83.29,0.0,100.0,60.0,0.0
2024-02-02,0,08:00,0.0,0.0,0.0,89.32,0.0,100.0,60.0,0.0
2024-02-02,1,08:15,0.0,0.0,0.0,89.32,0.0,100.0,60.0,0.0
2024-02-02,2,08:30,0.0,0.0,0.0,89.32,0.0,100.0,60.0,0.0
2024-02-02,3,08:45,0.0,0.0,0.0,89.32,0.0,100.0,60.0,0.0
2024-02-02,4,09:00,0.0,0.0,0.0,85.9,0.0,100.0,60.0,0.0
2024-02-02,5,09:15,0.0,0.0,0.0,85.9,0.0,100.0,60.0,0.0
2024-02-02,6,09:30,0.0,0.0,0.0,85.9,0.0,100.0,60.0,0.0
2024-02-02,7,09:45,0.0,0.0,0.0,85.9,0.0,100.0,60.0,0.0
2024-02-02,8,10:00,0.0,0.0,0.0,80.77,0.0,100.0,60.0,0.0
2024-02-02,9,10:15,0.0,0.0,0.0,80.77,0.0,100.0,60.0,0.0
2024-02-02,10,10:30,0.0,0.0,0.0,80.77,0.0,100.0,60.0,0.0
2024-02-02,11,10:45,0.0,0.0,0.0,80.77,0.0,100.0,60.0,0.0
2024-02-02,12,11:00,0.0,0.0,0.0,75.15,0.0,100.0,60.0,0.0
2024-02-02,13,11:15,1.8638,9.5021,11.3659,75.15,0.213537,60.0,60.0,0.0
2024-02-02,14,11:30,6.7293,17.0147,23.744,75.15,0.44609,60.0,60.0,0.0
2024-02-02,15,11:45,5.9956,17.1381,23.1337,75.15,0.434624,60.0,60.0,0.0
2024-02-02,16,12:00,7.1179,16.0793,23.1972,64.8,0.375794,60.0,60.0,0.0
2024-02-02,17,12:15,6.1091,3.2115,9.3206,64.8,0.150993,60.0,60.0,0.0
2024-02-02,18,12:30,5.6324,9.5021,15.1345,64.8,0.24518,20.0,100.0,0.0
2024-02-02,19,12:45,5.8458,17.0147,22.8605,64.8,0.37034,20.0,100.0,0.0
2024-02-02,20,13:00,5.1816,17.1381,22.3197,56.52,0.315377,20.0,100.0,0.0
2024-02-02,21,13:15,6.7301,16.0793,22.8094,56.52,0.322297,20.0,100.0,0.0
2024-02-02,22,13:30,3.9878,3.2115,7.1993,56.52,0.101726,20.0,100.0,0.0
2024-02-02,23,13:45,0.0,9.5021,9.5021,56.52,0.134265,80.0,140.0,0.0
2024-02-02,24,14:00,1.3266,17.0147,18.3413,54.83,0.251414,80.0,140.0,0.0
2024-02-02,25,14:15,4.184,17.1381,21.3221,54.83,0.292272,80.0,140.0,0.0
2024-02-02,26,14:30,5.1593,16.0793,21.2386,54.83,0.291128,80.0,140.0,0.0
2024-02-02,27,14:45,4.2588,3.2115,7.4703,54.83,0.102399,80.0,140.0,0.0
2024-02-02,28,15:00,5.404,9.5021,14.9061,53.09,0.197841,40.0,30.0,150.0
2024-02-02,29,15:15,4.491,17.0147,21.5057,53.09,0.285435,40.0,30.0,0.0
2024-02-02,30,15:30,5.1252,17.1381,22.2633,53.09,0.295489,40.0,30.0,0.0
2024-02-02,31,15:45,3.0543,16.0793,19.1336,53.09,0.253951,40.0,30.0,0.0
2024-02-02,32,16:00,5.093,3.2115,8.3045,52.73,0.109474,40.0,30.0,0.0
2024-02-02,33,16:15,3.6006,9.5021,13.1027,52.73,0.172727,0.0,70.0,0.0
2024-02-02,34,16:30,4.9802,17.0147,21.9949,52.73,0.289948,0.0,70.0,0.0
2024-02-02,35,16:45,4.3843,17.1381,21.5224,52.73,0.28372,0.0,70.0,0.0
2024-02-02,36,17:00,1.5369,16.0793,17.6162,58.5,0.257636,0.0,70.0,0.0
2024-02-02,37,17:15,0.0,3.2115,3.2115,58.5,0.046968,100.0,70.0,0.0
2024-02-02,38,17:30,0.0,0.0,0.0,58.5,0.0,100.0,110.0,0.0
2024-02-02,39,17:45,0.0,0.0,0.0,58.5,0.0,100.0,110.0,0.0
2024-02-02,40,18:00,0.0,0.0,0.0,68.97,0.0,100.0,110.0,0.0
2024-02-02,41,18:15,0.0,0.0,0.0,68.97,0.0,100.0,110.0,0.0
2024-02-02,42,18:30,0.0,0.0,0.0,68.97,0.0,100.0,110.0,0.0
2024-02-02,43,18:45,0.0,0.0,0.0,68.97,0.0,100.0,110.0,0.0
2024-02-02,44,19:00,0.0,0.0,0.0,63.34,0.0,100.0,110.0,0.0
2024-02-02,45,19:15,0.0,9.5021,9.5021,63.34,0.150466,60.0,110.0,0.0
2024-02-02,46,19:30,1.8638,17.0147,18.8785,63.34,0.298941,60.0,110.0,0.0
2024-02-02,47,19:45,6.7293,17.1381,23.8674,63.34,0.37794,60.0,110.0,0.0
2024-02-02,48,20:00,5.9956,16.0793,22.0749,55.06,0.303861,60.0,110.0,0.0
2024-02-02,49,20:15,7.1179,3.2115,10.3294,55.06,0.142184,60.0,110.0,0.0
2024-02-02,50,20:30,6.1091,9.5021,15.6112,55.06,0.214888,20.0,150.0,0.0
2024-02-02,51,20:45,5.6324,17.0147,22.6471,55.06,0.311738,20.0,150.0,0.0
2024-02-02,52,21:00,5.8458,17.1381,22.9839,49.68,0.28546,20.0,150.0,0.0
2024-02-02,53,21:15,5.1816,16.0793,21.2609,49.68,0.26406,20.0,150.0,0.0
2024-02-02,54,21:30,6.7301,3.2115,9.9416,49.68,0.123475,20.0,150.0,0.0
2024-02-02,55,21:45,3.9878,0.0,3.9878,49.68,0.049528,20.0,10.0,180.0
2024-02-05,0,08:00,0.0,0.0,0.0,62.32,0.0,120.0,10.0,0.0
2024-02-05,1,08:15,0.0,0.0,0.0,62.32,0.0,120.0,10.0,0.0
2024-02-05,2,08:30,0.0,0.0,0.0,62.32,0.0,120.0,10.0,0.0
2024-02-05,3,08:45,0.0,0.0,0.0,62.32,0.0,120.0,10.0,0.0
2024-02-05,4,09:00,0.0,9.5021,9.5021,56.86,0.135072,80.0,10.0,0.0
2024-02-05,5,09:15,0.0,17.0147,17.0147,56.86,0.241864,80.0,10.0,0.0
2024-02-05,6,09:30,0.0,17.1381,17.1381,56.86,0.243618,80.0,10.0,0.0
2024-02-05,7,09:45,0.0,16.0793,16.0793,56.86,0.228567,80.0,10.0,0.0
2024-02-05,8,10:00,0.0,3.2115,3.2115,52.93,0.042496,80.0,10.0,0.0
2024-02-05,9,10:15,1.8638,9.5021,11.3659,52.93,0.1504,40.0,50.0,0.0
2024-02-05,10,10:30,6.7293,17.0147,23.744,52.93,0.314192,40.0,50.0,0.0
2024-02-05,11,10:45,5.9956,17.1381,23.1337,52.93,0.306116,40.0,50.0,0.0
2024-02-05,12,11:00,7.1179,16.0793,23.1972,40.15,0.232842,40.0,50.0,0.0
2024-02-05,13,11:15,6.1091,3.2115,9.3206,40.15,0.093555,40.0,50.0,0.0
2024-02-05,14,11:30,5.6324,9.5021,15.1345,40.15,0.151913,0.0,90.0,0.0
2024-02-05,15,11:45,5.8458,17.0147,22.8605,40.15,0.229462,0.0,90.0,0.0
2024-02-05,16,12:00,5.1816,17.1381,22.3197,7.05,0.039338,0.0,90.0,0.0
2024-02-05,17,12:15,6.7301,16.0793,22.8094,7.05,0.040202,0.0,90.0,0.0
2024-02-05,18,12:30,3.9878,3.2115,7.1993,7.05,0.012689,0.0,90.0,0.0
2024-02-05,19,12:45,1.8638,9.5021,11.3659,7.05,0.020032,60.0,130.0,0.0
2024-02-05,20,13:00,6.7293,17.0147,23.744,1.09,0.00647,60.0,130.0,0.0
2024-02-05,21,13:15,5.9956,17.1381,23.1337,1.09,0.006304,60.0,130.0,0.0
2024-02-05,22,13:30,7.1179,16.0793,23.1972,1.09,0.006321,60.0,130.0,0.0
2024-02-05,23,13:45,6.1091,3.2115,9.3206,1.09,0.00254,60.0,130.0,0.0
2024-02-05,24,14:00,5.6324,9.5021,15.1345,5.01,0.018956,20.0,170.0,0.0
2024-02-05,25,14:15,5.8458,17.0147,22.8605,5.01,0.028633,20.0,170.0,0.0
2024-02-05,26,14:30,5.1816,17.1381,22.3197,5.01,0.027955,20.0,170.0,0.0
2024-02-05,27,14:45,6.7301,16.0793,22.8094,5.01,0.028569,20.0,170.0,0.0
2024-02-05,28,15:00,3.9878,3.2115,7.1993,53.1,0.095571,20.0,20.0,150.0
2024-02-05,29,15:15,0.0,9.5021,9.5021,53.1,0.12614,80.0,60.0,0.0
2024-02-05,30,15:30,0.0,17.0147,17.0147,53.1,0.22587,80.0,60.0,0.0
2024-02-05,31,15:45,0.0,17.1381,17.1381,53.1,0.227508,80.0,60.0,0.0
2024-02-05,32,16:00,0.0,16.0793,16.0793,60.72,0.244083,80.0,60.0,0.0
2024-02-05,33,16:15,0.0,3.2115,3.2115,60.72,0.04875,80.0,60.0,0.0
2024-02-05,34,16:30,0.0,0.0,0.0,60.72,0.0,80.0,100.0,0.0
2024-02-05,35,16:45,0.0,0.0,0.0,60.72,0.0,80.0,100.0,0.0
2024-02-05,36,17:00,0.0,0.0,0.0,68.47,0.0,80.0,100.0,0.0
2024-02-05,37,17:15,0.0,0.0,0.0,68.47,0.0,80.0,100.0,0.0
2024-02-05,38,17:30,0.0,0.0,0.0,68.47,0.0,80.0,100.0,0.0
2024-02-05,39,17:45,0.0,0.0,0.0,68.47,0.0,80.0,100.0,0.0
2024-02-05,40,18:00,0.0,0.0,0.0,68.78,0.0,80.0,100.0,0.0
2024-02-05,41,18:15,0.0,0.0,0.0,68.78,0.0,80.0,100.0,0.0
2024-02-05,42,18:30,0.0,0.0,0.0,68.78,0.0,80.0,100.0,0.0
2024-02-05,43,18:45,0.0,0.0,0.0,68.78,0.0,80.0,100.0,0.0
2024-02-05,44,19:00,0.0,0.0,0.0,61.84,0.0,80.0,100.0,0.0
2024-02-05,45,19:15,0.0,0.0,0.0,61.84,0.0,80.0,100.0,0.0
2024-02-05,46,19:30,0.0,0.0,0.0,61.84,0.0,80.0,100.0,0.0
2024-02-05,47,19:45,0.0,0.0,0.0,61.84,0.0,80.0,100.0,0.0
2024-02-05,48,20:00,0.0,0.0,0.0,60.48,0.0,80.0,100.0,0.0
2024-02-05,49,20:15,0.0,0.0,0.0,60.48,0.0,80.0,100.0,0.0
2024-02-05,50,20:30,0.0,0.0,0.0,60.48,0.0,80.0,100.0,0.0
2024-02-05,51,20:45,0.0,0.0,0.0,60.48,0.0,80.0,100.0,0.0
2024-02-05,52,21:00,0.0,0.0,0.0,59.65,0.0,80.0,100.0,0.0
2024-02-05,53,21:15,0.0,0.0,0.0,59.65,0.0,80.0,100.0,0.0
2024-02-05,54,21:30,0.0,0.0,0.0,59.65,0.0,80.0,100.0,0.0
2024-02-05,55,21:45,0.0,0.0,0.0,59.65,0.0,80.0,20.0,80.0
2024-02-06,0,08:00,1.3266,0.0,1.3266,62.0,0.020563,80.0,20.0,0.0
2024-02-06,1,08:15,4.184,0.0,4.184,62.0,0.064851,80.0,20.0,0.0
2024-02-06,2,08:30,5.1593,0.0,5.1593,62.0,0.07997,80.0,20.0,0.0
2024-02-06,3,08:45,4.2588,0.0,4.2588,62.0,0.066012,80.0,20.0,0.0
2024-02-06,4,09:00,5.404,9.5021,14.9061,61.35,0.228623,40.0,20.0,0.0
2024-02-06,5,09:15,4.491,17.0147,21.5057,61.35,0.329844,40.0,20.0,0.0
2024-02-06,6,09:30,5.1252,17.1381,22.2633,61.35,0.341463,40.0,20.0,0.0
2024-02-06,7,09:45,3.0543,16.0793,19.1336,61.35,0.293462,40.0,20.0,0.0
2024-02-06,8,10:00,5.093,3.2115,8.3045,56.56,0.117425,40.0,20.0,0.0
2024-02-06,9,10:15,3.6006,9.5021,13.1027,56.56,0.185273,0.0,60.0,0.0
2024-02-06,10,10:30,4.9802,17.0147,21.9949,56.56,0.311008,0.0,60.0,0.0
2024-02-06,11,10:45,4.3843,17.1381,21.5224,56.56,0.304327,0.0,60.0,0.0
2024-02-06,12,11:00,1.5369,16.0793,17.6162,51.7,0.227689,0.0,60.0,0.0
2024-02-06,13,11:15,1.8638,3.2115,5.0753,51.7,0.065599,100.0,60.0,0.0
2024-02-06,14,11:30,6.7293,9.5021,16.2314,51.7,0.209791,60.0,100.0,0.0
2024-02-06,15,11:45,5.9956,17.0147,23.0103,51.7,0.297408,60.0,100.0,0.0
2024-02-06,16,12:00,7.1179,17.1381,24.256,43.47,0.263602,60.0,100.0,0.0
2024-02-06,17,12:15,6.1091,16.0793,22.1884,43.47,0.241132,60.0,100.0,0.0
2024-02-06,18,12:30,5.6324,3.2115,8.8439,43.47,0.096111,60.0,100.0,0.0
2024-02-06,19,12:45,5.8458,9.5021,15.3479,43.47,0.166793,20.0,140.0,0.0
2024-02-06,20,13:00,5.1816,17.0147,22.1962,42.54,0.236057,20.0,140.0,0.0
2024-02-06,21,13:15,6.7301,17.1381,23.8682,42.54,0.253838,20.0,140.0,0.0
2024-02-06,22,13:30,3.9878,16.0793,20.0671,42.54,0.213413,20.0,140.0,0.0
2024-02-06,23,13:45,1.8638,3.2115,5.0753,42.54,0.053976,120.0,140.0,0.0
2024-02-06,24,14:00,6.7293,9.5021,16.2314,40.11,0.16276,80.0,180.0,0.0
2024-02-06,25,14:15,5.9956,17.0147,23.0103,40.11,0.230735,80.0,180.0,0.0
2024-02-06,26,14:30,7.1179,17.1381,24.256,40.11,0.243227,80.0,180.0,0.0
2024-02-06,27,14:45,6.1091,16.0793,22.1884,40.11,0.222494,80.0,180.0,0.0
2024-02-06,28,15:00,5.6324,3.2115,8.8439,49.91,0.11035,80.0,90.0,90.0
2024-02-06,29,15:15,5.8458,9.5021,15.3479,49.91,0.191504,40.0,130.0,0.0
2024-02-06,30,15:30,5.1816,17.0147,22.1962,49.91,0.276954,40.0,130.0,0.0
2024-02-06,31,15:45,6.7301,17.1381,23.8682,49.91,0.297815,40.0,130.0,0.0
2024-02-06,32,16:00,3.9878,16.0793,20.0671,56.52,0.283548,40.0,130.0,0.0
2024-02-06,33,16:15,0.0,3.2115,3.2115,56.52,0.045378,140.0,130.0,0.0
2024-02-06,34,16:30,0.0,9.5021,9.5021,56.52,0.134265,100.0,170.0,0.0
2024-02-06,35,16:45,0.0,17.0147,17.0147,56.52,0.240417,100.0,170.0,0.0
2024-02-06,36,17:00,0.0,17.1381,17.1381,62.97,0.269796,100.0,170.0,0.0
2024-02-06,37,17:15,0.0,16.0793,16.0793,62.97,0.253128,100.0,170.0,0.0
2024-02-06,38,17:30,0.0,3.2115,3.2115,62.97,0.050557,100.0,170.0,0.0
2024-02-06,39,17:45,0.0,0.0,0.0,62.97,0.0,100.0,210.0,0.0
2024-02-06,40,18:00,0.0,0.0,0.0,61.96,0.0,100.0,210.0,0.0
2024-02-06,41,18:15,0.0,0.0,0.0,61.96,0.0,100.0,210.0,0.0
2024-02-06,42,18:30,0.0,0.0,0.0,61.96,0.0,100.0,210.0,0.0
2024-02-06,43,18:45,0.0,0.0,0.0,61.96,0.0,100.0,210.0,0.0
2024-02-06,44,19:00,0.0,0.0,0.0,61.16,0.0,100.0,210.0,0.0
2024-02-06,45,19:15,0.0,0.0,0.0,61.16,0.0,100.0,210.0,0.0
2024-02-06,46,19:30,0.0,9.5021,9.5021,61.16,0.145287,60.0,210.0,0.0
2024-02-06,47,19:45,0.0,17.0147,17.0147,61.16,0.260154,60.0,210.0,0.0
2024-02-06,48,20:00,0.0,17.1381,17.1381,59.14,0.253387,60.0,210.0,0.0
2024-02-06,49,20:15,0.0,16.0793,16.0793,59.14,0.237732,60.0,210.0,0.0
2024-02-06,50,20:30,0.0,3.2115,3.2115,59.14,0.047482,60.0,210.0,0.0
2024-02-06,51,20:45,0.0,9.5021,9.5021,59.14,0.140488,20.0,250.0,0.0
2024-02-06,52,21:00,0.0,17.0147,17.0147,56.44,0.240077,20.0,250.0,0.0
2024-02-06,53,21:15,0.0,17.1381,17.1381,56.44,0.241818,20.0,250.0,0.0
2024-02-06,54,21:30,0.0,16.0793,16.0793,56.44,0.226879,20.0,250.0,0.0
2024-02-06,55,21:45,0.0,3.2115,3.2115,56.44,0.045314,20.0,110.0,140.0
2024-02-07,0,08:00,1.8638,0.0,1.8638,87.0,0.040539,20.0,150.0,0.0
2024-02-07,1,08:15,6.7293,0.0,6.7293,87.0,0.146362,20.0,150.0,0.0
2024-02-07,2,08:30,5.9956,0.0,5.9956,87.0,0.130404,20.0,150.0,0.0
2024-02-07,3,08:45,7.1179,0.0,7.1179,87.0,0.154814,20.0,150.0,0.0
2024-02-07,4,09:00,6.1091,0.0,6.1091,85.53,0.130627,20.0,150.0,0.0
2024-02-07,5,09:15,5.6324,0.0,5.6324,85.53,0.120436,20.0,150.0,0.0
2024-02-07,6,09:30,5.8458,0.0,5.8458,85.53,0.124998,20.0,150.0,0.0
2024-02-07,7,09:45,5.1816,0.0,5.1816,85.53,0.110795,20.0,150.0,0.0
2024-02-07,8,10:00,6.7301,0.0,6.7301,81.17,0.136571,20.0,150.0,0.0
2024-02-07,9,10:15,3.9878,0.0,3.9878,81.17,0.080922,20.0,150.0,0.0
2024-02-07,10,10:30,1.8638,9.5021,11.3659,81.17,0.230643,80.0,150.0,0.0
2024-02-07,11,10:45,6.7293,17.0147,23.744,81.17,0.481824,80.0,150.0,0.0
2024-02-07,12,11:00,5.9956,17.1381,23.1337,78.01,0.451165,80.0,150.0,0.0
2024-02-07,13,11:15,7.1179,16.0793,23.1972,78.01,0.452403,80.0,150.0,0.0
2024-02-07,14,11:30,6.1091,3.2115,9.3206,78.01,0.181774,80.0,150.0,0.0
2024-02-07,15,11:45,5.6324,9.5021,15.1345,78.01,0.295161,40.0,190.0,0.0
2024-02-07,16,12:00,5.8458,17.0147,22.8605,75.98,0.434235,40.0,190.0,0.0
2024-02-07,17,12:15,5.1816,17.1381,22.3197,75.98,0.423962,40.0,190.0,0.0
2024-02-07,18,12:30,6.7301,16.0793,22.8094,75.98,0.433264,40.0,190.0,0.0
2024-02-07,19,12:45,3.9878,3.2115,7.1993,75.98,0.13675,40.0,190.0,0.0
2024-02-07,20,13:00,1.3266,9.5021,10.8287,79.24,0.214517,100.0,230.0,0.0
2024-02-07,21,13:15,4.184,17.0147,21.1986,79.24,0.419945,100.0,230.0,0.0
2024-02-07,22,13:30,5.1593,17.1381,22.2974,79.24,0.441712,100.0,230.0,0.0
2024-02-07,23,13:45,4.2588,16.0793,20.3381,79.24,0.402898,100.0,230.0,0.0
2024-02-07,24,14:00,5.404,3.2115,8.6155,77.99,0.167981,100.0,230.0,0.0
2024-02-07,25,14:15,4.491,9.5021,13.9931,77.99,0.272831,60.0,270.0,0.0
2024-02-07,26,14:30,5.1252,17.0147,22.1399,77.99,0.431672,60.0,270.0,0.0
2024-02-07,27,14:45,3.0543,17.1381,20.1924,77.99,0.393702,60.0,270.0,0.0
2024-02-07,28,15:00,5.093,16.0793,21.1723,88.21,0.466902,60.0,120.0,150.0
2024-02-07,29,15:15,3.6006,3.2115,6.8121,88.21,0.150224,60.0,120.0,0.0
2024-02-07,30,15:30,4.9802,0.0,4.9802,88.21,0.109827,60.0,160.0,0.0
2024-02-07,31,15:45,4.3843,0.0,4.3843,88.21,0.096686,60.0,160.0,0.0
2024-02-07,32,16:00,1.5369,0.0,1.5369,97.3,0.037385,60.0,160.0,0.0
2024-02-07,33,16:15,0.0,0.0,0.0,97.3,0.0,160.0,160.0,0.0
2024-02-07,34,16:30,0.0,0.0,0.0,97.3,0.0,160.0,160.0,0.0
2024-02-07,35,16:45,0.0,0.0,0.0,97.3,0.0,160.0,160.0,0.0
2024-02-07,36,17:00,0.0,0.0,0.0,120.05,0.0,160.0,160.0,0.0
2024-02-07,37,17:15,0.0,0.0,0.0,120.05,0.0,160.0,160.0,0.0
2024-02-07,38,17:30,0.0,0.0,0.0,120.05,0.0,160.0,160.0,0.0
2024-02-07,39,17:45,0.0,0.0,0.0,120.05,0.0,160.0,160.0,0.0
2024-02-07,40,18:00,0.0,0.0,0.0,136.22,0.0,160.0,160.0,0.0
2024-02-07,41,18:15,0.0,0.0,0.0,136.22,0.0,160.0,160.0,0.0
2024-02-07,42,18:30,0.0,0.0,0.0,136.22,0.0,160.0,160.0,0.0
2024-02-07,43,18:45,0.0,0.0,0.0,136.22,0.0,160.0,160.0,0.0
2024-02-07,44,19:00,0.0,0.0,0.0,109.7,0.0,160.0,160.0,0.0
2024-02-07,45,19:15,0.0,0.0,0.0,109.7,0.0,160.0,160.0,0.0
2024-02-07,46,19:30,0.0,0.0,0.0,109.7,0.0,160.0,160.0,0.0
2024-02-07,47,19:45,0.0,0.0,0.0,109.7,0.0,160.0,160.0,0.0
2024-02-07,48,20:00,0.0,0.0,0.0,99.91,0.0,160.0,160.0,0.0
2024-02-07,49,20:15,0.0,0.0,0.0,99.91,0.0,160.0,160.0,0.0
2024-02-07,50,20:30,0.0,0.0,0.0,99.91,0.0,160.0,160.0,0.0
2024-02-07,51,20:45,0.0,0.0,0.0,99.91,0.0,160.0,160.0,0.0
2024-02-07,52,21:00,0.0,0.0,0.0,87.65,0.0,160.0,160.0,0.0
2024-02-07,53,21:15,0.0,0.0,0.0,87.65,0.0,160.0,160.0,0.0
2024-02-07,54,21:30,0.0,0.0,0.0,87.65,0.0,160.0,160.0,0.0
2024-02-07,55,21:45,0.0,0.0,0.0,87.65,0.0,160.0,160.0,0.0
2024-02-08,0,08:00,0.0,0.0,0.0,133.15,0.0,160.0,160.0,0.0
2024-02-08,1,08:15,0.0,0.0,0.0,133.15,0.0,160.0,160.0,0.0
2024-02-08,2,08:30,0.0,0.0,0.0,133.15,0.0,160.0,160.0,0.0
2024-02-08,3,08:45,0.0,0.0,0.0,133.15,0.0,160.0,160.0,0.0
2024-02-08,4,09:00,0.0,0.0,0.0,113.55,0.0,160.0,160.0,0.0
2024-02-08,5,09:15,0.0,0.0,0.0,113.55,0.0,160.0,160.0,0.0
2024-02-08,6,09:30,0.0,0.0,0.0,113.55,0.0,160.0,160.0,0.0
2024-02-08,7,09:45,0.0,0.0,0.0,113.55,0.0,160.0,160.0,0.0
2024-02-08,8,10:00,0.0,0.0,0.0,97.79,0.0,160.0,160.0,0.0
2024-02-08,9,10:15,0.0,0.0,0.0,97.79,0.0,160.0,160.0,0.0
2024-02-08,10,10:30,0.0,0.0,0.0,97.79,0.0,160.0,160.0,0.0
2024-02-08,11,10:45,0.0,0.0,0.0,97.79,0.0,160.0,160.0,0.0
2024-02-08,12,11:00,0.0,0.0,0.0,91.87,0.0,160.0,160.0,0.0
2024-02-08,13,11:15,0.0,0.0,0.0,91.87,0.0,160.0,160.0,0.0
2024-02-08,14,11:30,0.0,0.0,0.0,91.87,0.0,160.0,160.0,0.0
2024-02-08,15,11:45,0.0,0.0,0.0,91.87,0.0,160.0,160.0,0.0
2024-02-08,16,12:00,0.0,9.5021,9.5021,89.38,0.212324,120.0,160.0,0.0
2024-02-08,17,12:15,0.0,17.0147,17.0147,89.38,0.380193,120.0,160.0,0.0
2024-02-08,18,12:30,0.0,17.1381,17.1381,89.38,0.382951,120.0,160.0,0.0
2024-02-08,19,12:45,0.0,16.0793,16.0793,89.38,0.359292,120.0,160.0,0.0
2024-02-08,20,13:00,0.0,3.2115,3.2115,90.98,0.073045,120.0,160.0,0.0
2024-02-08,21,13:15,0.0,0.0,0.0,90.98,0.0,120.0,200.0,0.0
2024-02-08,22,13:30,0.0,0.0,0.0,90.98,0.0,120.0,200.0,0.0
2024-02-08,23,13:45,0.0,0.0,0.0,90.98,0.0,120.0,200.0,0.0
2024-02-08,24,14:00,0.0,0.0,0.0,94.9,0.0,120.0,200.0,0.0
2024-02-08,25,14:15,0.0,0.0,0.0,94.9,0.0,120.0,200.0,0.0
2024-02-08,26,14:30,0.0,0.0,0.0,94.9,0.0,120.0,200.0,0.0
2024-02-08,27,14:45,0.0,0.0,0.0,94.9,0.0,120.0,200.0,0.0
2024-02-08,28,15:00,0.0,0.0,0.0,94.38,0.0,120.0,80.0,120.0
2024-02-08,29,15:15,0.0,0.0,0.0,94.38,0.0,120.0,80.0,0.0
2024-02-08,30,15:30,0.0,0.0,0.0,94.38,0.0,120.0,80.0,0.0
2024-02-08,31,15:45,0.0,0.0,0.0,94.38,0.0,120.0,80.0,0.0
2024-02-08,32,16:00,0.0,0.0,0.0,93.01,0.0,120.0,80.0,0.0
2024-02-08,33,16:15,0.0,0.0,0.0,93.01,0.0,120.0,80.0,0.0
2024-02-08,34,16:30,0.0,0.0,0.0,93.01,0.0,120.0,80.0,0.0
2024-02-08,35,16:45,0.0,0.0,0.0,93.01,0.0,120.0,80.0,0.0
2024-02-08,36,17:00,0.0,0.0,0.0,103.0,0.0,120.0,80.0,0.0
2024-02-08,37,17:15,0.0,0.0,0.0,103.0,0.0,120.0,80.0,0.0
2024-02-08,38,17:30,0.0,0.0,0.0,103.0,0.0,120.0,80.0,0.0
2024-02-08,39,17:45,0.0,0.0,0.0,103.0,0.0,120.0,80.0,0.0
2024-02-08,40,18:00,0.0,0.0,0.0,94.67,0.0,120.0,80.0,0.0
2024-02-08,41,18:15,0.0,0.0,0.0,94.67,0.0,120.0,80.0,0.0
2024-02-08,42,18:30,0.0,0.0,0.0,94.67,0.0,120.0,80.0,0.0
2024-02-08,43,18:45,1.3266,0.0,1.3266,94.67,0.031398,120.0,80.0,0.0
2024-02-08,44,19:00,4.184,0.0,4.184,86.06,0.090018,120.0,80.0,0.0
2024-02-08,45,19:15,5.1593,9.5021,14.6614,86.06,0.315441,80.0,80.0,0.0
2024-02-08,46,19:30,4.2588,17.0147,21.2735,86.06,0.4577,80.0,80.0,0.0
2024-02-08,47,19:45,5.404,17.1381,22.5421,86.06,0.484994,80.0,80.0,0.0
2024-02-08,48,20:00,4.491,16.0793,20.5703,83.2,0.427863,80.0,80.0,0.0
2024-02-08,49,20:15,5.1252,3.2115,8.3367,83.2,0.173403,80.0,80.0,0.0
2024-02-08,50,20:30,3.0543,9.5021,12.5564,83.2,0.261174,40.0,120.0,0.0
2024-02-08,51,20:45,5.093,17.0147,22.1077,83.2,0.45984,40.0,120.0,0.0
2024-02-08,52,21:00,3.6006,17.1381,20.7387,80.61,0.417937,40.0,120.0,0.0
2024-02-08,53,21:15,4.9802,16.0793,21.0595,80.61,0.424402,40.0,120.0,0.0
2024-02-08,54,21:30,4.3843,3.2115,7.5958,80.61,0.153075,40.0,120.0,0.0
2024-02-08,55,21:45,1.5369,0.0,1.5369,80.61,0.030972,40.0,0.0,160.0
2024-02-09,0,08:00,1.3266,9.5021,10.8287,70.13,0.189855,100.0,0.0,0.0
2024-02-09,1,08:15,4.184,17.0147,21.1986,70.13,0.371665,100.0,0.0,0.0
2024-02-09,2,08:30,5.1593,17.1381,22.2974,70.13,0.39093,100.0,0.0,0.0
2024-02-09,3,08:45,4.2588,16.0793,20.3381,70.13,0.356578,100.0,0.0,0.0
2024-02-09,4,09:00,5.404,3.2115,8.6155,68.37,0.147261,100.0,0.0,0.0
2024-02-09,5,09:15,4.491,9.5021,13.9931,68.37,0.239178,60.0,40.0,0.0
2024-02-09,6,09:30,5.1252,17.0147,22.1399,68.37,0.378426,60.0,40.0,0.0
2024-02-09,7,09:45,3.0543,17.1381,20.1924,68.37,0.345139,60.0,40.0,0.0
2024-02-09,8,10:00,5.093,16.0793,21.1723,69.52,0.367974,60.0,40.0,0.0
2024-02-09,9,10:15,3.6006,3.2115,6.8121,69.52,0.118395,60.0,40.0,0.0
2024-02-09,10,10:30,4.9802,9.5021,14.4823,69.52,0.251703,20.0,80.0,0.0
2024-02-09,11,10:45,4.3843,17.0147,21.399,69.52,0.371915,20.0,80.0,0.0
2024-02-09,12,11:00,1.5369,17.1381,18.675,69.94,0.326532,20.0,80.0,0.0
2024-02-09,13,11:15,1.3266,16.0793,17.4059,69.94,0.304342,120.0,80.0,0.0
2024-02-09,14,11:30,4.184,3.2115,7.3955,69.94,0.12931,120.0,80.0,0.0
2024-02-09,15,11:45,5.1593,9.5021,14.6614,69.94,0.256355,80.0,120.0,0.0
2024-02-09,16,12:00,4.2588,17.0147,21.2735,67.85,0.360852,80.0,120.0,0.0
2024-02-09,17,12:15,5.404,17.1381,22.5421,67.85,0.382371,80.0,120.0,0.0
2024-02-09,18,12:30,4.491,16.0793,20.5703,67.85,0.348924,80.0,120.0,0.0
2024-02-09,19,12:45,5.1252,3.2115,8.3367,67.85,0.141411,80.0,120.0,0.0
2024-02-09,20,13:00,3.0543,9.5021,12.5564,67.74,0.212643,40.0,160.0,0.0
2024-02-09,21,13:15,5.093,17.0147,22.1077,67.74,0.374393,40.0,160.0,0.0
2024-02-09,22,13:30,3.6006,17.1381,20.7387,67.74,0.35121,40.0,160.0,0.0
2024-02-09,23,13:45,4.9802,16.0793,21.0595,67.74,0.356643,40.0,160.0,0.0
2024-02-09,24,14:00,4.3843,3.2115,7.5958,73.22,0.139042,40.0,160.0,0.0
2024-02-09,25,14:15,1.5369,0.0,1.5369,73.22,0.028133,40.0,200.0,0.0
2024-02-09,26,14:30,0.0,0.0,0.0,73.22,0.0,140.0,200.0,0.0
2024-02-09,27,14:45,0.0,0.0,0.0,73.22,0.0,140.0,200.0,0.0
2024-02-09,28,15:00,0.0,0.0,0.0,81.56,0.0,140.0,30.0,170.0
2024-02-09,29,15:15,0.0,0.0,0.0,81.56,0.0,140.0,30.0,0.0
2024-02-09,30,15:30,0.0,0.0,0.0,81.56,0.0,140.0,30.0,0.0
2024-02-09,31,15:45,0.0,0.0,0.0,81.56,0.0,140.0,30.0,0.0
2024-02-09,32,16:00,0.0,0.0,0.0,90.12,0.0,140.0,30.0,0.0
2024-02-09,33,16:15,0.0,0.0,0.0,90.12,0.0,140.0,30.0,0.0
2024-02-09,34,16:30,0.0,0.0,0.0,90.12,0.0,140.0,30.0,0.0
2024-02-09,35,16:45,0.0,0.0,0.0,90.12,0.0,140.0,30.0,0.0
2024-02-09,36,17:00,0.0,0.0,0.0,95.45,0.0,140.0,30.0,0.0
2024-02-09,37,17:15,0.0,0.0,0.0,95.45,0.0,140.0,30.0,0.0
2024-02-09,38,17:30,0.0,0.0,0.0,95.45,0.0,140.0,30.0,0.0
2024-02-09,39,17:45,0.0,0.0,0.0,95.45,0.0,140.0,30.0,0.0
2024-02-09,40,18:00,0.0,0.0,0.0,95.45,0.0,140.0,30.0,0.0
2024-02-09,41,18:15,0.0,0.0,0.0,95.45,0.0,140.0,30.0,0.0
2024-02-09,42,18:30,0.0,0.0,0.0,95.45,0.0,140.0,30.0,0.0
2024-02-09,43,18:45,0.0,0.0,0.0,95.45,0.0,140.0,30.0,0.0
2024-02-09,44,19:00,0.0,0.0,0.0,87.05,0.0,140.0,30.0,0.0
2024-02-09,45,19:15,0.0,0.0,0.0,87.05,0.0,140.0,30.0,0.0
2024-02-09,46,19:30,0.0,0.0,0.0,87.05,0.0,140.0,30.0,0.0
2024-02-09,47,19:45,0.0,0.0,0.0,87.05,0.0,140.0,30.0,0.0
2024-02-09,48,20:00,0.0,0.0,0.0,80.44,0.0,140.0,30.0,0.0
2024-02-09,49,20:15,0.0,0.0,0.0,80.44,0.0,140.0,30.0,0.0
2024-02-09,50,20:30,0.0,0.0,0.0,80.44,0.0,140.0,30.0,0.0
2024-02-09,51,20:45,0.0,0.0,0.0,80.44,0.0,140.0,30.0,0.0
2024-02-09,52,21:00,0.0,0.0,0.0,75.2,0.0,140.0,30.0,0.0
2024-02-09,53,21:15,0.0,0.0,0.0,75.2,0.0,140.0,30.0,0.0
2024-02-09,54,21:30,0.0,0.0,0.0,75.2,0.0,140.0,30.0,0.0
2024-02-09,55,21:45,0.0,0.0,0.0,75.2,0.0,140.0,30.0,0.0
2024-02-12,0,08:00,0.0,0.0,0.0,104.0,0.0,140.0,30.0,0.0
2024-02-12,1,08:15,0.0,0.0,0.0,104.0,0.0,140.0,30.0,0.0
2024-02-12,2,08:30,0.0,0.0,0.0,104.0,0.0,140.0,30.0,0.0
2024-02-12,3,08:45,0.0,0.0,0.0,104.0,0.0,140.0,30.0,0.0
2024-02-12,4,09:00,0.0,0.0,0.0,96.5,0.0,140.0,30.0,0.0
2024-02-12,5,09:15,0.0,0.0,0.0,96.5,0.0,140.0,30.0,0.0
2024-02-12,6,09:30,0.0,0.0,0.0,96.5,0.0,140.0,30.0,0.0
2024-02-12,7,09:45,0.0,0.0,0.0,96.5,0.0,140.0,30.0,0.0
2024-02-12,8,10:00,0.0,0.0,0.0,85.47,0.0,140.0,30.0,0.0
2024-02-12,9,10:15,0.0,0.0,0.0,85.47,0.0,140.0,30.0,0.0
2024-02-12,10,10:30,0.0,0.0,0.0,85.47,0.0,140.0,30.0,0.0
2024-02-12,11,10:45,0.0,0.0,0.0,85.47,0.0,140.0,30.0,0.0
2024-02-12,12,11:00,0.0,0.0,0.0,79.14,0.0,140.0,30.0,0.0
2024-02-12,13,11:15,0.0,0.0,0.0,79.14,0.0,140.0,30.0,0.0
2024-02-12,14,11:30,0.0,0.0,0.0,79.14,0.0,140.0,30.0,0.0
2024-02-12,15,11:45,0.0,0.0,0.0,79.14,0.0,140.0,30.0,0.0
2024-02-12,16,12:00,0.0,0.0,0.0,67.37,0.0,140.0,30.0,0.0
2024-02-12,17,12:15,0.0,9.5021,9.5021,67.37,0.160039,100.0,30.0,0.0
2024-02-12,18,12:30,0.0,17.0147,17.0147,67.37,0.28657,100.0,30.0,0.0
2024-02-12,19,12:45,1.3266,17.1381,18.4647,67.37,0.310992,100.0,30.0,0.0
2024-02-12,20,13:00,4.184,16.0793,20.2632,63.75,0.322946,100.0,30.0,0.0
2024-02-12,21,13:15,5.1593,3.2115,8.3708,63.75,0.13341,100.0,30.0,0.0
2024-02-12,22,13:30,4.2588,9.5021,13.7609,63.75,0.219315,60.0,70.0,0.0
2024-02-12,23,13:45,5.404,17.0147,22.4187,63.75,0.357298,60.0,70.0,0.0
2024-02-12,24,14:00,4.491,17.1381,21.6291,63.95,0.345796,60.0,70.0,0.0
2024-02-12,25,14:15,5.1252,16.0793,21.2045,63.95,0.339006,60.0,70.0,0.0
2024-02-12,26,14:30,3.0543,3.2115,6.2658,63.95,0.100175,60.0,70.0,0.0
2024-02-12,27,14:45,5.093,9.5021,14.5951,63.95,0.233339,20.0,110.0,0.0
2024-02-12,28,15:00,3.6006,17.0147,20.6153,66.4,0.342214,20.0,110.0,0.0
2024-02-12,29,15:15,4.9802,17.1381,22.1183,66.4,0.367164,20.0,110.0,0.0
2024-02-12,30,15:30,4.3843,16.0793,20.4636,66.4,0.339696,20.0,110.0,0.0
2024-02-12,31,15:45,1.5369,3.2115,4.7484,66.4,0.078823,20.0,110.0,0.0
2024-02-12,32,16:00,0.0,0.0,0.0,78.42,0.0,120.0,150.0,0.0
2024-02-12,33,16:15,0.0,0.0,0.0,78.42,0.0,120.0,150.0,0.0
2024-02-12,34,16:30,0.0,0.0,0.0,78.42,0.0,120.0,150.0,0.0
2024-02-12,35,16:45,0.0,0.0,0.0,78.42,0.0,120.0,150.0,0.0
2024-02-12,36,17:00,0.0,0.0,0.0,93.9,0.0,120.0,150.0,0.0
2024-02-12,37,17:15,0.0,0.0,0.0,93.9,0.0,120.0,150.0,0.0
2024-02-12,38,17:30,0.0,0.0,0.0,93.9,0.0,120.0,150.0,0.0
2024-02-12,39,17:45,0.0,0.0,0.0,93.9,0.0,120.0,150.0,0.0
2024-02-12,40,18:00,0.0,0.0,0.0,96.0,0.0,120.0,150.0,0.0
2024-02-12,41,18:15,0.0,0.0,0.0,96.0,0.0,120.0,150.0,0.0
2024-02-12,42,18:30,0.0,0.0,0.0,96.0,0.0,120.0,150.0,0.0
2024-02-12,43,18:45,0.0,0.0,0.0,96.0,0.0,120.0,150.0,0.0
2024-02-12,44,19:00,0.0,0.0,0.0,89.08,0.0,120.0,150.0,0.0
2024-02-12,45,19:15,0.0,0.0,0.0,89.08,0.0,120.0,150.0,0.0
2024-02-12,46,19:30,0.0,0.0,0.0,89.08,0.0,120.0,150.0,0.0
2024-02-12,47,19:45,0.0,0.0,0.0,89.08,0.0,120.0,150.0,0.0
2024-02-12,48,20:00,0.0,0.0,0.0,79.15,0.0,120.0,150.0,0.0
2024-02-12,49,20:15,0.0,0.0,0.0,79.15,0.0,120.0,150.0,0.0
2024-02-12,50,20:30,0.0,0.0,0.0,79.15,0.0,120.0,150.0,0.0
2024-02-12,51,20:45,0.0,0.0,0.0,79.15,0.0,120.0,150.0,0.0
2024-02-12,52,21:00,0.0,0.0,0.0,71.54,0.0,120.0,150.0,0.0
2024-02-12,53,21:15,0.0,0.0,0.0,71.54,0.0,120.0,150.0,0.0
2024-02-12,54,21:30,0.0,0.0,0.0,71.54,0.0,120.0,150.0,0.0
2024-02-12,55,21:45,0.0,0.0,0.0,71.54,0.0,120.0,0.0,150.0
2024-02-13,0,08:00,0.0,0.0,0.0,89.1,0.0,120.0,0.0,0.0
2024-02-13,1,08:15,0.0,0.0,0.0,89.1,0.0,120.0,0.0,0.0
2024-02-13,2,08:30,0.0,0.0,0.0,89.1,0.0,120.0,0.0,0.0
2024-02-13,3,08:45,0.0,0.0,0.0,89.1,0.0,120.0,0.0,0.0
2024-02-13,4,09:00,0.0,0.0,0.0,75.12,0.0,120.0,0.0,0.0
2024-02-13,5,09:15,0.0,0.0,0.0,75.12,0.0,120.0,0.0,0.0
2024-02-13,6,09:30,0.0,0.0,0.0,75.12,0.0,120.0,0.0,0.0
2024-02-13,7,09:45,0.0,0.0,0.0,75.12,0.0,120.0,0.0,0.0
2024-02-13,8,10:00,0.0,0.0,0.0,69.21,0.0,120.0,0.0,0.0
2024-02-13,9,10:15,0.0,0.0,0.0,69.21,0.0,120.0,0.0,0.0
2024-02-13,10,10:30,0.0,0.0,0.0,69.21,0.0,120.0,0.0,0.0
2024-02-13,11,10:45,0.0,0.0,0.0,69.21,0.0,120.0,0.0,0.0
2024-02-13,12,11:00,0.0,0.0,0.0,63.87,0.0,120.0,0.0,0.0
2024-02-13,13,11:15,0.0,0.0,0.0,63.87,0.0,120.0,0.0,0.0
2024-02-13,14,11:30,0.0,9.5021,9.5021,63.87,0.151725,80.0,0.0,0.0
2024-02-13,15,11:45,1.3266,17.0147,18.3413,63.87,0.292865,80.0,0.0,0.0
2024-02-13,16,12:00,4.184,17.1381,21.3221,60.53,0.322656,80.0,0.0,0.0
2024-02-13,17,12:15,5.1593,16.0793,21.2386,60.53,0.321394,80.0,0.0,0.0
2024-02-13,18,12:30,4.2588,3.2115,7.4703,60.53,0.113045,80.0,0.0,0.0
2024-02-13,19,12:45,5.404,9.5021,14.9061,60.53,0.225567,40.0,40.0,0.0
2024-02-13,20,13:00,4.491,17.0147,21.5057,60.26,0.323984,40.0,40.0,0.0
2024-02-13,21,13:15,5.1252,17.1381,22.2633,60.26,0.335396,40.0,40.0,0.0
2024-02-13,22,13:30,3.0543,16.0793,19.1336,60.26,0.288248,40.0,40.0,0.0
2024-02-13,23,13:45,5.093,3.2115,8.3045,60.26,0.125107,40.0,40.0,0.0
2024-02-13,24,14:00,3.6006,9.5021,13.1027,63.1,0.206696,0.0,80.0,0.0
2024-02-13,25,14:15,4.9802,17.0147,21.9949,63.1,0.34697,0.0,80.0,0.0
2024-02-13,26,14:30,4.3843,17.1381,21.5224,63.1,0.339516,0.0,80.0,0.0
2024-02-13,27,14:45,1.5369,16.0793,17.6162,63.1,0.277895,0.0,80.0,0.0
2024-02-13,28,15:00,0.0,3.2115,3.2115,70.7,0.056763,100.0,80.0,0.0
2024-02-13,29,15:15,0.0,0.0,0.0,70.7,0.0,100.0,120.0,0.0
2024-02-13,30,15:30,0.0,0.0,0.0,70.7,0.0,100.0,120.0,0.0
2024-02-13,31,15:45,0.0,0.0,0.0,70.7,0.0,100.0,120.0,0.0
2024-02-13,32,16:00,0.0,0.0,0.0,78.36,0.0,100.0,120.0,0.0
2024-02-13,33,16:15,0.0,0.0,0.0,78.36,0.0,100.0,120.0,0.0
2024-02-13,34,16:30,0.0,0.0,0.0,78.36,0.0,100.0,120.0,0.0
2024-02-13,35,16:45,0.0,0.0,0.0,78.36,0.0,100.0,120.0,0.0
2024-02-13,36,17:00,0.0,0.0,0.0,95.01,0.0,100.0,120.0,0.0
2024-02-13,37,17:15,0.0,0.0,0.0,95.01,0.0,100.0,120.0,0.0
2024-02-13,38,17:30,0.0,0.0,0.0,95.01,0.0,100.0,120.0,0.0
2024-02-13,39,17:45,0.0,0.0,0.0,95.01,0.0,100.0,120.0,0.0
2024-02-13,40,18:00,0.0,0.0,0.0,99.88,0.0,100.0,120.0,0.0
2024-02-13,41,18:15,0.0,0.0,0.0,99.88,0.0,100.0,120.0,0.0
2024-02-13,42,18:30,0.0,0.0,0.0,99.88,0.0,100.0,120.0,0.0
2024-02-13,43,18:45,0.0,0.0,0.0,99.88,0.0,100.0,120.0,0.0
2024-02-13,44,19:00,0.0,0.0,0.0,90.99,0.0,100.0,120.0,0.0
2024-02-13,45,19:15,0.0,0.0,0.0,90.99,0.0,100.0,120.0,0.0
2024-02-13,46,19:30,0.0,0.0,0.0,90.99,0.0,100.0,120.0,0.0
2024-02-13,47,19:45,0.0,0.0,0.0,90.99,0.0,100.0,120.0,0.0
2024-02-13,48,20:00,0.0,0.0,0.0,77.97,0.0,100.0,120.0,0.0
2024-02-13,49,20:15,0.0,0.0,0.0,77.97,0.0,100.0,120.0,0.0
2024-02-13,50,20:30,0.0,0.0,0.0,77.97,0.0,100.0,120.0,0.0
2024-02-13,51,20:45,0.0,0.0,0.0,77.97,0.0,100.0,120.0,0.0
2024-02-13,52,21:00,0.0,0.0,0.0,71.86,0.0,100.0,120.0,0.0
2024-02-13,53,21:15,0.0,0.0,0.0,71.86,0.0,100.0,120.0,0.0
2024-02-13,54,21:30,0.0,0.0,0.0,71.86,0.0,100.0,120.0,0.0
2024-02-13,55,21:45,0.0,0.0,0.0,71.86,0.0,100.0,0.0,120.0
2024-02-14,0,08:00,0.0,0.0,0.0,79.73,0.0,100.0,0.0,0.0
2024-02-14,1,08:15,0.0,0.0,0.0,79.73,0.0,100.0,0.0,0.0
2024-02-14,2,08:30,0.0,0.0,0.0,79.73,0.0,100.0,0.0,0.0
2024-02-14,3,08:45,0.0,0.0,0.0,79.73,0.0,100.0,0.0,0.0
2024-02-14,4,09:00,1.3266,0.0,1.3266,69.65,0.0231,100.0,0.0,0.0
2024-02-14,5,09:15,4.184,0.0,4.184,69.65,0.072853,100.0,0.0,0.0
2024-02-14,6,09:30,5.1593,0.0,5.1593,69.65,0.089837,100.0,0.0,0.0
2024-02-14,7,09:45,4.2588,9.5021,13.7609,69.65,0.239612,60.0,0.0,0.0
2024-02-14,8,10:00,5.404,17.0147,22.4187,63.86,0.357915,60.0,0.0,0.0
2024-02-14,9,10:15,4.491,17.1381,21.6291,63.86,0.345309,60.0,0.0,0.0
2024-02-14,10,10:30,5.1252,16.0793,21.2045,63.86,0.338529,60.0,0.0,0.0
2024-02-14,11,10:45,3.0543,3.2115,6.2658,63.86,0.100034,60.0,0.0,0.0
2024-02-14,12,11:00,5.093,9.5021,14.5951,63.29,0.230931,20.0,40.0,0.0
2024-02-14,13,11:15,3.6006,17.0147,20.6153,63.29,0.326186,20.0,40.0,0.0
2024-02-14,14,11:30,4.9802,17.1381,22.1183,63.29,0.349967,20.0,40.0,0.0
2024-02-14,15,11:45,4.3843,16.0793,20.4636,63.29,0.323786,20.0,40.0,0.0
2024-02-14,16,12:00,1.5369,3.2115,4.7484,62.63,0.074348,20.0,40.0,0.0
2024-02-14,17,12:15,1.3266,9.5021,10.8287,62.63,0.169551,80.0,80.0,0.0
2024-02-14,18,12:30,4.184,17.0147,21.1986,62.63,0.331918,80.0,80.0,0.0
2024-02-14,19,12:45,5.1593,17.1381,22.2974,62.63,0.349122,80.0,80.0,0.0
2024-02-14,20,13:00,4.2588,16.0793,20.3381,63.82,0.324495,80.0,80.0,0.0
2024-02-14,21,13:15,5.404,3.2115,8.6155,63.82,0.13746,80.0,80.0,0.0
2024-02-14,22,13:30,4.491,9.5021,13.9931,63.82,0.223261,40.0,120.0,0.0
2024-02-14,23,13:45,5.1252,17.0147,22.1399,63.82,0.353241,40.0,120.0,0.0
2024-02-14,24,14:00,3.0543,17.1381,20.1924,69.03,0.348471,40.0,120.0,0.0
2024-02-14,25,14:15,5.093,16.0793,21.1723,69.03,0.365381,40.0,120.0,0.0
2024-02-14,26,14:30,3.6006,3.2115,6.8121,69.03,0.11756,40.0,120.0,0.0
2024-02-14,27,14:45,4.9802,0.0,4.9802,69.03,0.085947,40.0,160.0,0.0
2024-02-14,28,15:00,4.3843,0.0,4.3843,72.23,0.07917,40.0,80.0,80.0
2024-02-14,29,15:15,1.5369,0.0,1.5369,72.23,0.027752,40.0,80.0,0.0
2024-02-14,30,15:30,0.0,0.0,0.0,72.23,0.0,140.0,80.0,0.0
2024-02-14,31,15:45,0.0,0.0,0.0,72.23,0.0,140.0,80.0,0.0
2024-02-14,32,16:00,0.0,0.0,0.0,78.54,0.0,140.0,80.0,0.0
2024-02-14,33,16:15,0.0,0.0,0.0,78.54,0.0,140.0,80.0,0.0
2024-02-14,34,16:30,0.0,0.0,0.0,78.54,0.0,140.0,80.0,0.0
2024-02-14,35,16:45,0.0,0.0,0.0,78.54,0.0,140.0,80.0,0.0
2024-02-14,36,17:00,0.0,0.0,0.0,82.97,0.0,140.0,80.0,0.0
2024-02-14,37,17:15,0.0,0.0,0.0,82.97,0.0,140.0,80.0,0.0
2024-02-14,38,17:30,0.0,0.0,0.0,82.97,0.0,140.0,80.0,0.0
2024-02-14,39,17:45,0.0,0.0,0.0,82.97,0.0,140.0,80.0,0.0
2024-02-14,40,18:00,0.0,0.0,0.0,87.58,0.0,140.0,80.0,0.0
2024-02-14,41,18:15,0.0,0.0,0.0,87.58,0.0,140.0,80.0,0.0
2024-02-14,42,18:30,0.0,0.0,0.0,87.58,0.0,140.0,80.0,0.0
2024-02-14,43,18:45,0.0,0.0,0.0,87.58,0.0,140.0,80.0,0.0
2024-02-14,44,19:00,0.0,0.0,0.0,84.47,0.0,140.0,80.0,0.0
2024-02-14,45,19:15,0.0,0.0,0.0,84.47,0.0,140.0,80.0,0.0
2024-02-14,46,19:30,0.0,0.0,0.0,84.47,0.0,140.0,80.0,0.0
2024-02-14,47,19:45,0.0,0.0,0.0,84.47,0.0,140.0,80.0,0.0
2024-02-14,48,20:00,0.0,0.0,0.0,76.48,0.0,140.0,80.0,0.0
2024-02-14,49,20:15,0.0,0.0,0.0,76.48,0.0,140.0,80.0,0.0
2024-02-14,50,20:30,0.0,0.0,0.0,76.48,0.0,140.0,80.0,0.0
2024-02-14,51,20:45,0.0,0.0,0.0,76.48,0.0,140.0,80.0,0.0
2024-02-14,52,21:00,0.0,0.0,0.0,69.68,0.0,140.0,80.0,0.0
2024-02-14,53,21:15,0.0,0.0,0.0,69.68,0.0,140.0,80.0,0.0
2024-02-14,54,21:30,0.0,0.0,0.0,69.68,0.0,140.0,80.0,0.0
2024-02-14,55,21:45,0.0,0.0,0.0,69.68,0.0,140.0,80.0,0.0
2024-02-15,0,08:00,0.0,0.0,0.0,82.67,0.0,140.0,80.0,0.0
2024-02-15,1,08:15,0.0,0.0,0.0,82.67,0.0,140.0,80.0,0.0
2024-02-15,2,08:30,0.0,0.0,0.0,82.67,0.0,140.0,80.0,0.0
2024-02-15,3,08:45,0.0,0.0,0.0,82.67,0.0,140.0,80.0,0.0
2024-02-15,4,09:00,0.0,0.0,0.0,78.76,0.0,140.0,80.0,0.0
2024-02-15,5,09:15,0.0,0.0,0.0,78.76,0.0,140.0,80.0,0.0
2024-02-15,6,09:30,0.0,0.0,0.0,78.76,0.0,140.0,80.0,0.0
2024-02-15,7,09:45,0.0,0.0,0.0,78.76,0.0,140.0,80.0,0.0
2024-02-15,8,10:00,0.0,0.0,0.0,74.18,0.0,140.0,80.0,0.0
2024-02-15,9,10:15,0.0,0.0,0.0,74.18,0.0,140.0,80.0,0.0
2024-02-15,10,10:30,0.0,0.0,0.0,74.18,0.0,140.0,80.0,0.0
2024-02-15,11,10:45,0.0,0.0,0.0,74.18,0.0,140.0,80.0,0.0
2024-02-15,12,11:00,0.0,0.0,0.0,69.96,0.0,140.0,80.0,0.0
2024-02-15,13,11:15,0.0,0.0,0.0,69.96,0.0,140.0,80.0,0.0
2024-02-15,14,11:30,0.0,0.0,0.0,69.96,0.0,140.0,80.0,0.0
2024-02-15,15,11:45,0.0,9.5021,9.5021,69.96,0.166192,100.0,80.0,0.0
2024-02-15,16,12:00,0.0,17.0147,17.0147,66.63,0.283422,100.0,80.0,0.0
2024-02-15,17,12:15,0.0,17.1381,17.1381,66.63,0.285478,100.0,80.0,0.0
2024-02-15,18,12:30,0.0,16.0793,16.0793,66.63,0.267841,100.0,80.0,0.0
2024-02-15,19,12:45,0.0,3.2115,3.2115,66.63,0.053495,100.0,80.0,0.0
2024-02-15,20,13:00,0.0,9.5021,9.5021,66.19,0.157236,60.0,120.0,0.0
2024-02-15,21,13:15,0.0,17.0147,17.0147,66.19,0.28155,60.0,120.0,0.0
2024-02-15,22,13:30,0.0,17.1381,17.1381,66.19,0.283593,60.0,120.0,0.0
2024-02-15,23,13:45,0.0,16.0793,16.0793,66.19,0.266072,60.0,120.0,0.0
2024-02-15,24,14:00,0.0,3.2115,3.2115,69.91,0.056129,60.0,120.0,0.0
2024-02-15,25,14:15,0.0,0.0,0.0,69.91,0.0,60.0,160.0,0.0
2024-02-15,26,14:30,0.0,0.0,0.0,69.91,0.0,60.0,160.0,0.0
2024-02-15,27,14:45,0.0,0.0,0.0,69.91,0.0,60.0,160.0,0.0
2024-02-15,28,15:00,0.0,0.0,0.0,75.05,0.0,60.0,30.0,130.0
2024-02-15,29,15:15,0.0,0.0,0.0,75.05,0.0,60.0,30.0,0.0
2024-02-15,30,15:30,0.0,0.0,0.0,75.05,0.0,60.0,30.0,0.0
2024-02-15,31,15:45,0.0,0.0,0.0,75.05,0.0,60.0,30.0,0.0
2024-02-15,32,16:00,0.0,0.0,0.0,79.05,0.0,60.0,30.0,0.0
2024-02-15,33,16:15,0.0,0.0,0.0,79.05,0.0,60.0,30.0,0.0
2024-02-15,34,16:30,0.0,0.0,0.0,79.05,0.0,60.0,30.0,0.0
2024-02-15,35,16:45,0.0,0.0,0.0,79.05,0.0,60.0,30.0,0.0
2024-02-15,36,17:00,0.0,0.0,0.0,87.0,0.0,60.0,30.0,0.0
2024-02-15,37,17:15,0.0,0.0,0.0,87.0,0.0,60.0,30.0,0.0
2024-02-15,38,17:30,0.0,0.0,0.0,87.0,0.0,60.0,30.0,0.0
2024-02-15,39,17:45,0.0,0.0,0.0,87.0,0.0,60.0,30.0,0.0
2024-02-15,40,18:00,0.0,0.0,0.0,86.91,0.0,60.0,30.0,0.0
2024-02-15,41,18:15,0.0,0.0,0.0,86.91,0.0,60.0,30.0,0.0
2024-02-15,42,18:30,0.0,0.0,0.0,86.91,0.0,60.0,30.0,0.0
2024-02-15,43,18:45,0.0,0.0,0.0,86.91,0.0,60.0,30.0,0.0
2024-02-15,44,19:00,0.0,0.0,0.0,75.61,0.0,60.0,30.0,0.0
2024-02-15,45,19:15,0.0,0.0,0.0,75.61,0.0,60.0,30.0,0.0
2024-02-15,46,19:30,0.0,0.0,0.0,75.61,0.0,60.0,30.0,0.0
2024-02-15,47,19:45,0.0,0.0,0.0,75.61,0.0,60.0,30.0,0.0
2024-02-15,48,20:00,0.0,0.0,0.0,70.47,0.0,60.0,30.0,0.0
2024-02-15,49,20:15,0.0,0.0,0.0,70.47,0.0,60.0,30.0,0.0
2024-02-15,50,20:30,0.0,0.0,0.0,70.47,0.0,60.0,30.0,0.0
2024-02-15,51,20:45,0.0,0.0,0.0,70.47,0.0,60.0,30.0,0.0
2024-02-15,52,21:00,0.0,0.0,0.0,62.97,0.0,60.0,30.0,0.0
2024-02-15,53,21:15,0.0,0.0,0.0,62.97,0.0,60.0,30.0,0.0
2024-02-15,54,21:30,0.0,0.0,0.0,62.97,0.0,60.0,30.0,0.0
2024-02-15,55,21:45,0.0,0.0,0.0,62.97,0.0,60.0,30.0,0.0
2024-02-16,0,08:00,1.3266,0.0,1.3266,70.5,0.023382,60.0,30.0,0.0
2024-02-16,1,08:15,4.184,0.0,4.184,70.5,0.073742,60.0,30.0,0.0
2024-02-16,2,08:30,5.1593,0.0,5.1593,70.5,0.090933,60.0,30.0,0.0
2024-02-16,3,08:45,4.2588,0.0,4.2588,70.5,0.075062,60.0,30.0,0.0
2024-02-16,4,09:00,5.404,0.0,5.404,64.84,0.087599,60.0,30.0,0.0
2024-02-16,5,09:15,4.491,0.0,4.491,64.84,0.0728,60.0,30.0,0.0
2024-02-16,6,09:30,5.1252,0.0,5.1252,64.84,0.083079,60.0,30.0,0.0
2024-02-16,7,09:45,3.0543,0.0,3.0543,64.84,0.049511,60.0,30.0,0.0
2024-02-16,8,10:00,5.093,9.5021,14.5951,54.37,0.198384,20.0,30.0,0.0
2024-02-16,9,10:15,3.6006,17.0147,20.6153,54.37,0.280214,20.0,30.0,0.0
2024-02-16,10,10:30,4.9802,17.1381,22.1183,54.37,0.300643,20.0,30.0,0.0
2024-02-16,11,10:45,4.3843,16.0793,20.4636,54.37,0.278152,20.0,30.0,0.0
2024-02-16,12,11:00,1.5369,3.2115,4.7484,53.0,0.062916,20.0,30.0,0.0
2024-02-16,13,11:15,1.8638,9.5021,11.3659,53.0,0.150599,80.0,70.0,0.0
2024-02-16,14,11:30,6.7293,17.0147,23.744,53.0,0.314607,80.0,70.0,0.0
2024-02-16,15,11:45,5.9956,17.1381,23.1337,53.0,0.306521,80.0,70.0,0.0
2024-02-16,16,12:00,7.1179,16.0793,23.1972,52.33,0.303477,80.0,70.0,0.0
2024-02-16,17,12:15,6.1091,3.2115,9.3206,52.33,0.121936,80.0,70.0,0.0
2024-02-16,18,12:30,5.6324,9.5021,15.1345,52.33,0.197998,40.0,110.0,0.0
2024-02-16,19,12:45,5.8458,17.0147,22.8605,52.33,0.299072,40.0,110.0,0.0
2024-02-16,20,13:00,5.1816,17.1381,22.3197,52.31,0.291885,40.0,110.0,0.0
2024-02-16,21,13:15,6.7301,16.0793,22.8094,52.31,0.29829,40.0,110.0,0.0
2024-02-16,22,13:30,3.9878,3.2115,7.1993,52.31,0.094149,40.0,110.0,0.0
2024-02-16,23,13:45,1.3266,9.5021,10.8287,52.31,0.141613,100.0,150.0,0.0
2024-02-16,24,14:00,4.184,17.0147,21.1986,53.78,0.285016,100.0,150.0,0.0
2024-02-16,25,14:15,5.1593,17.1381,22.2974,53.78,0.299789,100.0,150.0,0.0
2024-02-16,26,14:30,4.2588,16.0793,20.3381,53.78,0.273446,100.0,150.0,0.0
2024-02-16,27,14:45,5.404,3.2115,8.6155,53.78,0.115836,100.0,150.0,0.0
2024-02-16,28,15:00,4.491,9.5021,13.9931,62.59,0.218958,60.0,50.0,140.0
2024-02-16,29,15:15,5.1252,17.0147,22.1399,62.59,0.346433,60.0,50.0,0.0
2024-02-16,30,15:30,3.0543,17.1381,20.1924,62.59,0.315961,60.0,50.0,0.0
2024-02-16,31,15:45,5.093,16.0793,21.1723,62.59,0.331293,60.0,50.0,0.0
2024-02-16,32,16:00,3.6006,3.2115,6.8121,69.99,0.119195,60.0,50.0,0.0
2024-02-16,33,16:15,4.9802,0.0,4.9802,69.99,0.087142,60.0,90.0,0.0
2024-02-16,34,16:30,4.3843,0.0,4.3843,69.99,0.076715,60.0,90.0,0.0
2024-02-16,35,16:45,1.5369,0.0,1.5369,69.99,0.026892,60.0,90.0,0.0
2024-02-16,36,17:00,0.0,0.0,0.0,72.58,0.0,160.0,90.0,0.0
2024-02-16,37,17:15,0.0,0.0,0.0,72.58,0.0,160.0,90.0,0.0
2024-02-16,38,17:30,0.0,0.0,0.0,72.58,0.0,160.0,90.0,0.0
2024-02-16,39,17:45,0.0,0.0,0.0,72.58,0.0,160.0,90.0,0.0
2024-02-16,40,18:00,0.0,0.0,0.0,77.42,0.0,160.0,90.0,0.0
2024-02-16,41,18:15,0.0,0.0,0.0,77.42,0.0,160.0,90.0,0.0
2024-02-16,42,18:30,0.0,0.0,0.0,77.42,0.0,160.0,90.0,0.0
2024-02-16,43,18:45,0.0,0.0,0.0,77.42,0.0,160.0,90.0,0.0
2024-02-16,44,19:00,0.0,0.0,0.0,76.78,0.0,160.0,90.0,0.0
2024-02-16,45,19:15,0.0,0.0,0.0,76.78,0.0,160.0,90.0,0.0
2024-02-16,46,19:30,0.0,0.0,0.0,76.78,0.0,160.0,90.0,0.0
2024-02-16,47,19:45,0.0,0.0,0.0,76.78,0.0,160.0,90.0,0.0
2024-02-16,48,20:00,0.0,0.0,0.0,72.47,0.0,160.0,90.0,0.0
2024-02-16,49,20:15,0.0,0.0,0.0,72.47,0.0,160.0,90.0,0.0
2024-02-16,50,20:30,0.0,0.0,0.0,72.47,0.0,160.0,90.0,0.0
2024-02-16,51,20:45,0.0,0.0,0.0,72.47,0.0,160.0,90.0,0.0
2024-02-16,52,21:00,0.0,0.0,0.0,69.4,0.0,160.0,90.0,0.0
2024-02-16,53,21:15,0.0,0.0,0.0,69.4,0.0,160.0,90.0,0.0
2024-02-16,54,21:30,0.0,0.0,0.0,69.4,0.0,160.0,90.0,0.0
2024-02-16,55,21:45,0.0,0.0,0.0,69.4,0.0,160.0,90.0,0.0
2024-02-19,0,08:00,0.0,0.0,0.0,83.84,0.0,160.0,90.0,0.0
2024-02-19,1,08:15,0.0,0.0,0.0,83.84,0.0,160.0,90.0,0.0
2024-02-19,2,08:30,0.0,0.0,0.0,83.84,0.0,160.0,90.0,0.0
2024-02-19,3,08:45,0.0,0.0,0.0,83.84,0.0,160.0,90.0,0.0
2024-02-19,4,09:00,0.0,0.0,0.0,75.03,0.0,160.0,90.0,0.0
2024-02-19,5,09:15,0.0,0.0,0.0,75.03,0.0,160.0,90.0,0.0
2024-02-19,6,09:30,0.0,0.0,0.0,75.03,0.0,160.0,90.0,0.0
2024-02-19,7,09:45,0.0,0.0,0.0,75.03,0.0,160.0,90.0,0.0
2024-02-19,8,10:00,0.0,0.0,0.0,70.83,0.0,160.0,90.0,0.0
2024-02-19,9,10:15,0.0,0.0,0.0,70.83,0.0,160.0,90.0,0.0
2024-02-19,10,10:30,0.0,0.0,0.0,70.83,0.0,160.0,90.0,0.0
2024-02-19,11,10:45,0.0,0.0,0.0,70.83,0.0,160.0,90.0,0.0
2024-02-19,12,11:00,0.0,0.0,0.0,69.13,0.0,160.0,90.0,0.0
2024-02-19,13,11:15,0.0,0.0,0.0,69.13,0.0,160.0,90.0,0.0
2024-02-19,14,11:30,0.0,0.0,0.0,69.13,0.0,160.0,90.0,0.0
2024-02-19,15,11:45,1.3266,9.5021,10.8287,69.13,0.187148,120.0,90.0,0.0
2024-02-19,16,12:00,4.184,17.0147,21.1986,62.47,0.33107,120.0,90.0,0.0
2024-02-19,17,12:15,5.1593,17.1381,22.2974,62.47,0.34823,120.0,90.0,0.0
2024-02-19,18,12:30,4.2588,16.0793,20.3381,62.47,0.317631,120.0,90.0,0.0
2024-02-19,19,12:45,5.404,3.2115,8.6155,62.47,0.134553,120.0,90.0,0.0
2024-02-19,20,13:00,4.491,9.5021,13.9931,60.99,0.21336,80.0,130.0,0.0
2024-02-19,21,13:15,5.1252,17.0147,22.1399,60.99,0.337578,80.0,130.0,0.0
2024-02-19,22,13:30,3.0543,17.1381,20.1924,60.99,0.307884,80.0,130.0,0.0
2024-02-19,23,13:45,5.093,16.0793,21.1723,60.99,0.322824,80.0,130.0,0.0
2024-02-19,24,14:00,3.6006,3.2115,6.8121,65.96,0.112332,80.0,130.0,0.0
2024-02-19,25,14:15,4.9802,9.5021,14.4823,65.96,0.238814,40.0,170.0,0.0
2024-02-19,26,14:30,4.3843,17.0147,21.399,65.96,0.35287,40.0,170.0,0.0
2024-02-19,27,14:45,1.5369,17.1381,18.675,65.96,0.30795,40.0,170.0,0.0
2024-02-19,28,15:00,0.0,16.0793,16.0793,69.28,0.278493,140.0,170.0,0.0
2024-02-19,29,15:15,0.0,3.2115,3.2115,69.28,0.055623,140.0,170.0,0.0
2024-02-19,30,15:30,0.0,0.0,0.0,69.28,0.0,140.0,210.0,0.0
2024-02-19,31,15:45,0.0,0.0,0.0,69.28,0.0,140.0,210.0,0.0
2024-02-19,32,16:00,0.0,0.0,0.0,71.51,0.0,140.0,210.0,0.0
2024-02-19,33,16:15,0.0,0.0,0.0,71.51,0.0,140.0,210.0,0.0
2024-02-19,34,16:30,0.0,0.0,0.0,71.51,0.0,140.0,210.0,0.0
2024-02-19,35,16:45,0.0,0.0,0.0,71.51,0.0,140.0,210.0,0.0
2024-02-19,36,17:00,0.0,0.0,0.0,76.25,0.0,140.0,210.0,0.0
2024-02-19,37,17:15,0.0,0.0,0.0,76.25,0.0,140.0,210.0,0.0
2024-02-19,38,17:30,0.0,0.0,0.0,76.25,0.0,140.0,210.0,0.0
2024-02-19,39,17:45,0.0,0.0,0.0,76.25,0.0,140.0,210.0,0.0
2024-02-19,40,18:00,0.0,0.0,0.0,97.65,0.0,140.0,210.0,0.0
2024-02-19,41,18:15,0.0,0.0,0.0,97.65,0.0,140.0,210.0,0.0
2024-02-19,42,18:30,0.0,0.0,0.0,97.65,0.0,140.0,210.0,0.0
2024-02-19,43,18:45,0.0,0.0,0.0,97.65,0.0,140.0,210.0,0.0
2024-02-19,44,19:00,0.0,0.0,0.0,79.98,0.0,140.0,210.0,0.0
2024-02-19,45,19:15,0.0,0.0,0.0,79.98,0.0,140.0,210.0,0.0
2024-02-19,46,19:30,0.0,0.0,0.0,79.98,0.0,140.0,210.0,0.0
2024-02-19,47,19:45,0.0,0.0,0.0,79.98,0.0,140.0,210.0,0.0
2024-02-19,48,20:00,0.0,0.0,0.0,71.86,0.0,140.0,210.0,0.0
2024-02-19,49,20:15,0.0,0.0,0.0,71.86,0.0,140.0,210.0,0.0
2024-02-19,50,20:30,0.0,0.0,0.0,71.86,0.0,140.0,210.0,0.0
2024-02-19,51,20:45,0.0,0.0,0.0,71.86,0.0,140.0,210.0,0.0
2024-02-19,52,21:00,0.0,0.0,0.0,67.47,0.0,140.0,210.0,0.0
2024-02-19,53,21:15,0.0,0.0,0.0,67.47,0.0,140.0,210.0,0.0
2024-02-19,54,21:30,0.0,0.0,0.0,67.47,0.0,140.0,210.0,0.0
2024-02-19,55,21:45,0.0,0.0,0.0,67.47,0.0,140.0,40.0,170.0
2024-02-20,0,08:00,0.0,0.0,0.0,90.89,0.0,140.0,40.0,0.0
2024-02-20,1,08:15,0.0,0.0,0.0,90.89,0.0,140.0,40.0,0.0
2024-02-20,2,08:30,0.0,0.0,0.0,90.89,0.0,140.0,40.0,0.0
2024-02-20,3,08:45,0.0,0.0,0.0,90.89,0.0,140.0,40.0,0.0
2024-02-20,4,09:00,0.0,0.0,0.0,78.55,0.0,140.0,40.0,0.0
2024-02-20,5,09:15,0.0,0.0,0.0,78.55,0.0,140.0,40.0,0.0
2024-02-20,6,09:30,0.0,0.0,0.0,78.55,0.0,140.0,40.0,0.0
2024-02-20,7,09:45,0.0,0.0,0.0,78.55,0.0,140.0,40.0,0.0
2024-02-20,8,10:00,0.0,0.0,0.0,69.84,0.0,140.0,40.0,0.0
2024-02-20,9,10:15,0.0,0.0,0.0,69.84,0.0,140.0,40.0,0.0
2024-02-20,10,10:30,0.0,0.0,0.0,69.84,0.0,140.0,40.0,0.0
2024-02-20,11,10:45,1.3266,9.5021,10.8287,69.84,0.18907,100.0,40.0,0.0
2024-02-20,12,11:00,4.184,17.0147,21.1986,60.88,0.322643,100.0,40.0,0.0
2024-02-20,13,11:15,5.1593,17.1381,22.2974,60.88,0.339367,100.0,40.0,0.0
2024-02-20,14,11:30,4.2588,16.0793,20.3381,60.88,0.309546,100.0,40.0,0.0
2024-02-20,15,11:45,5.404,3.2115,8.6155,60.88,0.131128,100.0,40.0,0.0
2024-02-20,16,12:00,4.491,9.5021,13.9931,53.52,0.187228,60.0,80.0,0.0
2024-02-20,17,12:15,5.1252,17.0147,22.1399,53.52,0.296231,60.0,80.0,0.0
2024-02-20,18,12:30,3.0543,17.1381,20.1924,53.52,0.270175,60.0,80.0,0.0
2024-02-20,19,12:45,5.093,16.0793,21.1723,53.52,0.283285,60.0,80.0,0.0
2024-02-20,20,13:00,3.6006,3.2115,6.8121,51.42,0.08757,60.0,80.0,0.0
2024-02-20,21,13:15,4.9802,9.5021,14.4823,51.42,0.18617,20.0,120.0,0.0
2024-02-20,22,13:30,4.3843,17.0147,21.399,51.42,0.275084,20.0,120.0,0.0
2024-02-20,23,13:45,1.5369,17.1381,18.675,51.42,0.240067,20.0,120.0,0.0
2024-02-20,24,14:00,1.3266,16.0793,17.4059,51.79,0.225363,120.0,120.0,0.0
2024-02-20,25,14:15,4.184,3.2115,7.3955,51.79,0.095753,120.0,120.0,0.0
2024-02-20,26,14:30,5.1593,9.5021,14.6614,51.79,0.189829,80.0,160.0,0.0
2024-02-20,27,14:45,4.2588,17.0147,21.2735,51.79,0.275439,80.0,160.0,0.0
2024-02-20,28,15:00,5.404,17.1381,22.5421,56.16,0.316491,80.0,30.0,130.0
2024-02-20,29,15:15,4.491,16.0793,20.5703,56.16,0.288807,80.0,30.0,0.0
2024-02-20,30,15:30,5.1252,3.2115,8.3367,56.16,0.117047,80.0,30.0,0.0
2024-02-20,31,15:45,3.0543,9.5021,12.5564,56.16,0.176292,40.0,70.0,0.0
2024-02-20,32,16:00,5.093,17.0147,22.1077,63.08,0.348638,40.0,70.0,0.0
2024-02-20,33,16:15,3.6006,17.1381,20.7387,63.08,0.32705,40.0,70.0,0.0
2024-02-20,34,16:30,4.9802,16.0793,21.0595,63.08,0.332109,40.0,70.0,0.0
2024-02-20,35,16:45,4.3843,3.2115,7.5958,63.08,0.119786,40.0,70.0,0.0
2024-02-20,36,17:00,1.5369,0.0,1.5369,70.54,0.027103,40.0,110.0,0.0
2024-02-20,37,17:15,0.0,0.0,0.0,70.54,0.0,140.0,110.0,0.0
2024-02-20,38,17:30,0.0,0.0,0.0,70.54,0.0,140.0,110.0,0.0
2024-02-20,39,17:45,0.0,0.0,0.0,70.54,0.0,140.0,110.0,0.0
2024-02-20,40,18:00,0.0,0.0,0.0,71.25,0.0,140.0,110.0,0.0
2024-02-20,41,18:15,0.0,0.0,0.0,71.25,0.0,140.0,110.0,0.0
2024-02-20,42,18:30,0.0,0.0,0.0,71.25,0.0,140.0,110.0,0.0
2024-02-20,43,18:45,0.0,0.0,0.0,71.25,0.0,140.0,110.0,0.0
2024-02-20,44,19:00,0.0,0.0,0.0,73.47,0.0,140.0,110.0,0.0
2024-02-20,45,19:15,0.0,0.0,0.0,73.47,0.0,140.0,110.0,0.0
2024-02-20,46,19:30,0.0,0.0,0.0,73.47,0.0,140.0,110.0,0.0
2024-02-20,47,19:45,0.0,0.0,0.0,73.47,0.0,140.0,110.0,0.0
2024-02-20,48,20:00,0.0,0.0,0.0,68.48,0.0,140.0,110.0,0.0
2024-02-20,49,20:15,0.0,0.0,0.0,68.48,0.0,140.0,110.0,0.0
2024-02-20,50,20:30,0.0,9.5021,9.5021,68.48,0.162676,100.0,110.0,0.0
2024-02-20,51,20:45,0.0,17.0147,17.0147,68.48,0.291291,100.0,110.0,0.0
2024-02-20,52,21:00,0.0,17.1381,17.1381,61.33,0.26277,100.0,110.0,0.0
2024-02-20,53,21:15,0.0,16.0793,16.0793,61.33,0.246536,100.0,110.0,0.0
2024-02-20,54,21:30,0.0,3.2115,3.2115,61.33,0.04924,100.0,110.0,0.0
2024-02-20,55,21:45,0.0,0.0,0.0,61.33,0.0,100.0,0.0,150.0
2024-02-21,0,08:00,0.0,0.0,0.0,85.11,0.0,100.0,0.0,0.0
2024-02-21,1,08:15,0.0,0.0,0.0,85.11,0.0,100.0,0.0,0.0
2024-02-21,2,08:30,0.0,0.0,0.0,85.11,0.0,100.0,0.0,0.0
2024-02-21,3,08:45,0.0,0.0,0.0,85.11,0.0,100.0,0.0,0.0
2024-02-21,4,09:00,0.0,0.0,0.0,70.34,0.0,100.0,0.0,0.0
2024-02-21,5,09:15,1.3266,0.0,1.3266,70.34,0.023329,100.0,0.0,0.0
2024-02-21,6,09:30,4.184,0.0,4.184,70.34,0.073575,100.0,0.0,0.0
2024-02-21,7,09:45,5.1593,0.0,5.1593,70.34,0.090727,100.0,0.0,0.0
2024-02-21,8,10:00,4.2588,9.5021,13.7609,64.1,0.220519,60.0,0.0,0.0
2024-02-21,9,10:15,5.404,17.0147,22.4187,64.1,0.35926,60.0,0.0,0.0
2024-02-21,10,10:30,4.491,17.1381,21.6291,64.1,0.346607,60.0,0.0,0.0
2024-02-21,11,10:45,5.1252,16.0793,21.2045,64.1,0.339802,60.0,0.0,0.0
2024-02-21,12,11:00,3.0543,3.2115,6.2658,60.39,0.094598,60.0,0.0,0.0
2024-02-21,13,11:15,5.093,9.5021,14.5951,60.39,0.220349,20.0,40.0,0.0
2024-02-21,14,11:30,3.6006,17.0147,20.6153,60.39,0.31124,20.0,40.0,0.0
2024-02-21,15,11:45,4.9802,17.1381,22.1183,60.39,0.333932,20.0,40.0,0.0
2024-02-21,16,12:00,4.3843,16.0793,20.4636,53.01,0.271194,20.0,40.0,0.0
2024-02-21,17,12:15,1.5369,3.2115,4.7484,53.01,0.062928,20.0,40.0,0.0
2024-02-21,18,12:30,0.0,9.5021,9.5021,53.01,0.125926,80.0,80.0,0.0
2024-02-21,19,12:45,0.0,17.0147,17.0147,53.01,0.225487,80.0,80.0,0.0
2024-02-21,20,13:00,0.0,17.1381,17.1381,51.22,0.219453,80.0,80.0,0.0
2024-02-21,21,13:15,0.0,16.0793,16.0793,51.22,0.205895,80.0,80.0,0.0
2024-02-21,22,13:30,0.0,3.2115,3.2115,51.22,0.041123,80.0,80.0,0.0
2024-02-21,23,13:45,0.0,9.5021,9.5021,51.22,0.121674,40.0,120.0,0.0
2024-02-21,24,14:00,0.0,17.0147,17.0147,53.77,0.22872,40.0,120.0,0.0
2024-02-21,25,14:15,0.0,17.1381,17.1381,53.77,0.230379,40.0,120.0,0.0
2024-02-21,26,14:30,0.0,16.0793,16.0793,53.77,0.216146,40.0,120.0,0.0
2024-02-21,27,14:45,0.0,3.2115,3.2115,53.77,0.04317,40.0,120.0,0.0
2024-02-21,28,15:00,0.0,0.0,0.0,65.6,0.0,40.0,30.0,130.0
2024-02-21,29,15:15,0.0,0.0,0.0,65.6,0.0,40.0,30.0,0.0
2024-02-21,30,15:30,0.0,0.0,0.0,65.6,0.0,40.0,30.0,0.0
2024-02-21,31,15:45,0.0,0.0,0.0,65.6,0.0,40.0,30.0,0.0
2024-02-21,32,16:00,0.0,0.0,0.0,69.92,0.0,40.0,30.0,0.0
2024-02-21,33,16:15,0.0,0.0,0.0,69.92,0.0,40.0,30.0,0.0
2024-02-21,34,16:30,0.0,0.0,0.0,69.92,0.0,40.0,30.0,0.0
2024-02-21,35,16:45,0.0,0.0,0.0,69.92,0.0,40.0,30.0,0.0
2024-02-21,36,17:00,0.0,0.0,0.0,69.63,0.0,40.0,30.0,0.0
2024-02-21,37,17:15,0.0,0.0,0.0,69.63,0.0,40.0,30.0,0.0
2024-02-21,38,17:30,0.0,0.0,0.0,69.63,0.0,40.0,30.0,0.0
2024-02-21,39,17:45,0.0,0.0,0.0,69.63,0.0,40.0,30.0,0.0
2024-02-21,40,18:00,0.0,0.0,0.0,68.58,0.0,40.0,30.0,0.0
2024-02-21,41,18:15,0.0,0.0,0.0,68.58,0.0,40.0,30.0,0.0
2024-02-21,42,18:30,0.0,0.0,0.0,68.58,0.0,40.0,30.0,0.0
2024-02-21,43,18:45,0.0,0.0,0.0,68.58,0.0,40.0,30.0,0.0
2024-02-21,44,19:00,0.0,0.0,0.0,61.39,0.0,40.0,30.0,0.0
2024-02-21,45,19:15,0.0,0.0,0.0,61.39,0.0,40.0,30.0,0.0
2024-02-21,46,19:30,1.8638,0.0,1.8638,61.39,0.028605,40.0,30.0,0.0
2024-02-21,47,19:45,6.7293,0.0,6.7293,61.39,0.103278,40.0,30.0,0.0
2024-02-21,48,20:00,5.9956,0.0,5.9956,52.11,0.078108,40.0,30.0,0.0
2024-02-21,49,20:15,7.1179,0.0,7.1179,52.11,0.092728,40.0,30.0,0.0
2024-02-21,50,20:30,6.1091,0.0,6.1091,52.11,0.079586,40.0,30.0,0.0
2024-02-21,51,20:45,5.6324,9.5021,15.1345,52.11,0.197165,0.0,30.0,0.0
2024-02-21,52,21:00,5.8458,17.0147,22.8605,45.98,0.262781,0.0,30.0,0.0
2024-02-21,53,21:15,5.1816,17.1381,22.3197,45.98,0.256565,0.0,30.0,0.0
2024-02-21,54,21:30,6.7301,16.0793,22.8094,45.98,0.262194,0.0,30.0,0.0
2024-02-21,55,21:45,3.9878,3.2115,7.1993,45.98,0.082756,0.0,30.0,0.0
2024-02-22,0,08:00,0.0,0.0,0.0,81.91,0.0,100.0,70.0,0.0
2024-02-22,1,08:15,0.0,0.0,0.0,81.91,0.0,100.0,70.0,0.0
2024-02-22,2,08:30,0.0,0.0,0.0,81.91,0.0,100.0,70.0,0.0
2024-02-22,3,08:45,0.0,0.0,0.0,81.91,0.0,100.0,70.0,0.0
2024-02-22,4,09:00,0.0,0.0,0.0,74.09,0.0,100.0,70.0,0.0
2024-02-22,5,09:15,0.0,0.0,0.0,74.09,0.0,100.0,70.0,0.0
2024-02-22,6,09:30,0.0,0.0,0.0,74.09,0.0,100.0,70.0,0.0
2024-02-22,7,09:45,0.0,0.0,0.0,74.09,0.0,100.0,70.0,0.0
2024-02-22,8,10:00,0.0,0.0,0.0,71.95,0.0,100.0,70.0,0.0
2024-02-22,9,10:15,0.0,0.0,0.0,71.95,0.0,100.0,70.0,0.0
2024-02-22,10,10:30,0.0,0.0,0.0,71.95,0.0,100.0,70.0,0.0
2024-02-22,11,10:45,0.0,0.0,0.0,71.95,0.0,100.0,70.0,0.0
2024-02-22,12,11:00,0.0,0.0,0.0,68.53,0.0,100.0,70.0,0.0
2024-02-22,13,11:15,0.0,0.0,0.0,68.53,0.0,100.0,70.0,0.0
2024-02-22,14,11:30,0.0,0.0,0.0,68.53,0.0,100.0,70.0,0.0
2024-02-22,15,11:45,0.0,0.0,0.0,68.53,0.0,100.0,70.0,0.0
2024-02-22,16,12:00,0.0,0.0,0.0,68.77,0.0,100.0,70.0,0.0
2024-02-22,17,12:15,0.0,0.0,0.0,68.77,0.0,100.0,70.0,0.0
2024-02-22,18,12:30,0.0,0.0,0.0,68.77,0.0,100.0,70.0,0.0
2024-02-22,19,12:45,0.0,0.0,0.0,68.77,0.0,100.0,70.0,0.0
2024-02-22,20,13:00,0.0,0.0,0.0,68.98,0.0,100.0,70.0,0.0
2024-02-22,21,13:15,0.0,0.0,0.0,68.98,0.0,100.0,70.0,0.0
2024-02-22,22,13:30,0.0,0.0,0.0,68.98,0.0,100.0,70.0,0.0
2024-02-22,23,13:45,0.0,0.0,0.0,68.98,0.0,100.0,70.0,0.0
2024-02-22,24,14:00,0.0,0.0,0.0,64.65,0.0,100.0,70.0,0.0
2024-02-22,25,14:15,0.0,0.0,0.0,64.65,0.0,100.0,70.0,0.0
2024-02-22,26,14:30,0.0,0.0,0.0,64.65,0.0,100.0,70.0,0.0
2024-02-22,27,14:45,0.0,0.0,0.0,64.65,0.0,100.0,70.0,0.0
2024-02-22,28,15:00,0.0,0.0,0.0,64.75,0.0,100.0,70.0,0.0
2024-02-22,29,15:15,0.0,0.0,0.0,64.75,0.0,100.0,70.0,0.0
2024-02-22,30,15:30,0.0,0.0,0.0,64.75,0.0,100.0,70.0,0.0
2024-02-22,31,15:45,0.0,0.0,0.0,64.75,0.0,100.0,70.0,0.0
2024-02-22,32,16:00,0.0,0.0,0.0,63.25,0.0,100.0,70.0,0.0
2024-02-22,33,16:15,0.0,0.0,0.0,63.25,0.0,100.0,70.0,0.0
2024-02-22,34,16:30,0.0,0.0,0.0,63.25,0.0,100.0,70.0,0.0
2024-02-22,35,16:45,0.0,0.0,0.0,63.25,0.0,100.0,70.0,0.0
2024-02-22,36,17:00,0.0,0.0,0.0,61.76,0.0,100.0,70.0,0.0
2024-02-22,37,17:15,0.0,0.0,0.0,61.76,0.0,100.0,70.0,0.0
2024-02-22,38,17:30,0.0,0.0,0.0,61.76,0.0,100.0,70.0,0.0
2024-02-22,39,17:45,0.0,0.0,0.0,61.76,0.0,100.0,70.0,0.0
2024-02-22,40,18:00,0.0,0.0,0.0,59.91,0.0,100.0,70.0,0.0
2024-02-22,41,18:15,0.0,0.0,0.0,59.91,0.0,100.0,70.0,0.0
2024-02-22,42,18:30,0.0,0.0,0.0,59.91,0.0,100.0,70.0,0.0
2024-02-22,43,18:45,0.0,0.0,0.0,59.91,0.0,100.0,70.0,0.0
2024-02-22,44,19:00,0.0,0.0,0.0,52.42,0.0,100.0,70.0,0.0
2024-02-22,45,19:15,0.0,9.5021,9.5021,52.42,0.124525,60.0,70.0,0.0
2024-02-22,46,19:30,1.8638,17.0147,18.8785,52.42,0.247403,60.0,70.0,0.0
2024-02-22,47,19:45,6.7293,17.1381,23.8674,52.42,0.312782,60.0,70.0,0.0
2024-02-22,48,20:00,5.9956,16.0793,22.0749,42.45,0.23427,60.0,70.0,0.0
2024-02-22,49,20:15,7.1179,3.2115,10.3294,42.45,0.109621,60.0,70.0,0.0
2024-02-22,50,20:30,6.1091,9.5021,15.6112,42.45,0.165674,20.0,110.0,0.0
2024-02-22,51,20:45,5.6324,17.0147,22.6471,42.45,0.240343,20.0,110.0,0.0
2024-02-22,52,21:00,5.8458,17.1381,22.9839,24.48,0.140662,20.0,110.0,0.0
2024-02-22,53,21:15,5.1816,16.0793,21.2609,24.48,0.130116,20.0,110.0,0.0
2024-02-22,54,21:30,6.7301,3.2115,9.9416,24.48,0.060843,20.0,110.0,0.0
2024-02-22,55,21:45,3.9878,0.0,3.9878,24.48,0.024405,20.0,10.0,140.0
2024-02-23,0,08:00,0.0,9.5021,9.5021,59.35,0.140987,80.0,10.0,0.0
2024-02-23,1,08:15,0.0,17.0147,17.0147,59.35,0.252455,80.0,10.0,0.0
2024-02-23,2,08:30,0.0,17.1381,17.1381,59.35,0.254286,80.0,10.0,0.0
2024-02-23,3,08:45,1.8638,16.0793,17.9431,59.35,0.266231,80.0,10.0,0.0
2024-02-23,4,09:00,6.7293,3.2115,9.9408,51.69,0.12846,80.0,10.0,0.0
2024-02-23,5,09:15,5.9956,9.5021,15.4977,51.69,0.200269,40.0,50.0,0.0
2024-02-23,6,09:30,7.1179,17.0147,24.1326,51.69,0.311853,40.0,50.0,0.0
2024-02-23,7,09:45,6.1091,17.1381,23.2472,51.69,0.300412,40.0,50.0,0.0
2024-02-23,8,10:00,5.6324,16.0793,21.7117,46.64,0.253159,40.0,50.0,0.0
2024-02-23,9,10:15,5.8458,3.2115,9.0573,46.64,0.105608,40.0,50.0,0.0
2024-02-23,10,10:30,5.1816,9.5021,14.6837,46.64,0.171212,0.0,90.0,0.0
2024-02-23,11,10:45,6.7301,17.0147,23.7448,46.64,0.276864,0.0,90.0,0.0
2024-02-23,12,11:00,3.9878,17.1381,21.1259,41.65,0.219973,0.0,90.0,0.0
2024-02-23,13,11:15,1.8638,16.0793,17.9431,41.65,0.186833,100.0,90.0,0.0
2024-02-23,14,11:30,6.7293,3.2115,9.9408,41.65,0.103508,100.0,90.0,0.0
2024-02-23,15,11:45,5.9956,9.5021,15.4977,41.65,0.16137,60.0,130.0,0.0
2024-02-23,16,12:00,7.1179,17.0147,24.1326,37.1,0.22383,60.0,130.0,0.0
2024-02-23,17,12:15,6.1091,17.1381,23.2472,37.1,0.215617,60.0,130.0,0.0
2024-02-23,18,12:30,5.6324,16.0793,21.7117,37.1,0.201376,60.0,130.0,0.0
2024-02-23,19,12:45,5.8458,3.2115,9.0573,37.1,0.084006,60.0,130.0,0.0
2024-02-23,20,13:00,5.1816,9.5021,14.6837,33.6,0.123343,20.0,170.0,0.0
2024-02-23,21,13:15,6.7301,17.0147,23.7448,33.6,0.199456,20.0,170.0,0.0
2024-02-23,22,13:30,3.9878,17.1381,21.1259,33.6,0.177458,20.0,170.0,0.0
2024-02-23,23,13:45,1.8638,16.0793,17.9431,33.6,0.150722,120.0,170.0,0.0
2024-02-23,24,14:00,6.7293,3.2115,9.9408,39.08,0.097121,120.0,170.0,0.0
2024-02-23,25,14:15,5.9956,9.5021,15.4977,39.08,0.151412,80.0,210.0,0.0
2024-02-23,26,14:30,7.1179,17.0147,24.1326,39.08,0.235775,80.0,210.0,0.0
2024-02-23,27,14:45,6.1091,17.1381,23.2472,39.08,0.227125,80.0,210.0,0.0
2024-02-23,28,15:00,5.6324,16.0793,21.7117,49.51,0.268737,80.0,80.0,130.0
2024-02-23,29,15:15,5.8458,3.2115,9.0573,49.51,0.112107,80.0,80.0,0.0
2024-02-23,30,15:30,5.1816,9.5021,14.6837,49.51,0.181747,40.0,120.0,0.0
2024-02-23,31,15:45,6.7301,17.0147,23.7448,49.51,0.293901,40.0,120.0,0.0
2024-02-23,32,16:00,3.9878,17.1381,21.1259,63.08,0.333155,40.0,120.0,0.0
2024-02-23,33,16:15,0.0,16.0793,16.0793,63.08,0.25357,140.0,120.0,0.0
2024-02-23,34,16:30,0.0,3.2115,3.2115,63.08,0.050645,140.0,120.0,0.0
2024-02-23,35,16:45,0.0,0.0,0.0,63.08,0.0,140.0,160.0,0.0
2024-02-23,36,17:00,0.0,0.0,0.0,73.8,0.0,140.0,160.0,0.0
2024-02-23,37,17:15,0.0,0.0,0.0,73.8,0.0,140.0,160.0,0.0
2024-02-23,38,17:30,0.0,0.0,0.0,73.8,0.0,140.0,160.0,0.0
2024-02-23,39,17:45,0.0,0.0,0.0,73.8,0.0,140.0,160.0,0.0
2024-02-23,40,18:00,0.0,0.0,0.0,86.44,0.0,140.0,160.0,0.0
2024-02-23,41,18:15,0.0,0.0,0.0,86.44,0.0,140.0,160.0,0.0
2024-02-23,42,18:30,0.0,0.0,0.0,86.44,0.0,140.0,160.0,0.0
2024-02-23,43,18:45,0.0,0.0,0.0,86.44,0.0,140.0,160.0,0.0
2024-02-23,44,19:00,0.0,0.0,0.0,84.01,0.0,140.0,160.0,0.0
2024-02-23,45,19:15,0.0,0.0,0.0,84.01,0.0,140.0,160.0,0.0
2024-02-23,46,19:30,0.0,0.0,0.0,84.01,0.0,140.0,160.0,0.0
2024-02-23,47,19:45,0.0,0.0,0.0,84.01,0.0,140.0,160.0,0.0
2024-02-23,48,20:00,0.0,0.0,0.0,72.97,0.0,140.0,160.0,0.0
2024-02-23,49,20:15,0.0,0.0,0.0,72.97,0.0,140.0,160.0,0.0
2024-02-23,50,20:30,0.0,0.0,0.0,72.97,0.0,140.0,160.0,0.0
2024-02-23,51,20:45,0.0,0.0,0.0,72.97,0.0,140.0,160.0,0.0
2024-02-23,52,21:00,0.0,0.0,0.0,69.26,0.0,140.0,160.0,0.0
2024-02-23,53,21:15,0.0,0.0,0.0,69.26,0.0,140.0,160.0,0.0
2024-02-23,54,21:30,0.0,0.0,0.0,69.26,0.0,140.0,160.0,0.0
2024-02-23,55,21:45,0.0,0.0,0.0,69.26,0.0,140.0,90.0,70.0
2024-02-26,0,08:00,0.0,0.0,0.0,81.6,0.0,140.0,90.0,0.0
2024-02-26,1,08:15,0.0,0.0,0.0,81.6,0.0,140.0,90.0,0.0
2024-02-26,2,08:30,0.0,0.0,0.0,81.6,0.0,140.0,90.0,0.0
2024-02-26,3,08:45,0.0,0.0,0.0,81.6,0.0,140.0,90.0,0.0
2024-02-26,4,09:00,0.0,0.0,0.0,73.83,0.0,140.0,90.0,0.0
2024-02-26,5,09:15,0.0,0.0,0.0,73.83,0.0,140.0,90.0,0.0
2024-02-26,6,09:30,0.0,0.0,0.0,73.83,0.0,140.0,90.0,0.0
2024-02-26,7,09:45,0.0,0.0,0.0,73.83,0.0,140.0,90.0,0.0
2024-02-26,8,10:00,1.3266,0.0,1.3266,66.65,0.022105,140.0,90.0,0.0
2024-02-26,9,10:15,4.184,9.5021,13.6861,66.65,0.228044,100.0,90.0,0.0
2024-02-26,10,10:30,5.1593,17.0147,22.174,66.65,0.369475,100.0,90.0,0.0
2024-02-26,11,10:45,4.2588,17.1381,21.3969,66.65,0.356526,100.0,90.0,0.0
2024-02-26,12,11:00,5.404,16.0793,21.4833,65.03,0.349265,100.0,90.0,0.0
2024-02-26,13,11:15,4.491,3.2115,7.7025,65.03,0.125224,100.0,90.0,0.0
2024-02-26,14,11:30,5.1252,9.5021,14.6273,65.03,0.237803,60.0,130.0,0.0
2024-02-26,15,11:45,3.0543,17.0147,20.069,65.03,0.326272,60.0,130.0,0.0
2024-02-26,16,12:00,5.093,17.1381,22.2311,58.42,0.324685,60.0,130.0,0.0
2024-02-26,17,12:15,3.6006,16.0793,19.6799,58.42,0.287425,60.0,130.0,0.0
2024-02-26,18,12:30,4.9802,3.2115,8.1917,58.42,0.11964,60.0,130.0,0.0
2024-02-26,19,12:45,4.3843,9.5021,13.8864,58.42,0.202811,20.0,170.0,0.0
2024-02-26,20,13:00,1.5369,17.0147,18.5516,58.19,0.269879,20.0,170.0,0.0
2024-02-26,21,13:15,1.3266,17.1381,18.4647,58.19,0.268616,120.0,170.0,0.0
2024-02-26,22,13:30,4.184,16.0793,20.2632,58.19,0.29478,120.0,170.0,0.0
2024-02-26,23,13:45,5.1593,3.2115,8.3708,58.19,0.121775,120.0,170.0,0.0
2024-02-26,24,14:00,4.2588,9.5021,13.7609,61.29,0.210852,80.0,210.0,0.0
2024-02-26,25,14:15,5.404,17.0147,22.4187,61.29,0.343511,80.0,210.0,0.0
2024-02-26,26,14:30,4.491,17.1381,21.6291,61.29,0.331413,80.0,210.0,0.0
2024-02-26,27,14:45,5.1252,16.0793,21.2045,61.29,0.324905,80.0,210.0,0.0
2024-02-26,28,15:00,3.0543,3.2115,6.2658,64.95,0.101741,80.0,100.0,110.0
2024-02-26,29,15:15,5.093,9.5021,14.5951,64.95,0.236988,40.0,140.0,0.0
2024-02-26,30,15:30,3.6006,17.0147,20.6153,64.95,0.334741,40.0,140.0,0.0
2024-02-26,31,15:45,4.9802,17.1381,22.1183,64.95,0.359146,40.0,140.0,0.0
2024-02-26,32,16:00,4.3843,16.0793,20.4636,69.99,0.358062,40.0,140.0,0.0
2024-02-26,33,16:15,1.5369,3.2115,4.7484,69.99,0.083085,40.0,140.0,0.0
2024-02-26,34,16:30,0.0,0.0,0.0,69.99,0.0,140.0,180.0,0.0
2024-02-26,35,16:45,0.0,0.0,0.0,69.99,0.0,140.0,180.0,0.0
2024-02-26,36,17:00,0.0,0.0,0.0,77.0,0.0,140.0,180.0,0.0
2024-02-26,37,17:15,0.0,0.0,0.0,77.0,0.0,140.0,180.0,0.0
2024-02-26,38,17:30,0.0,0.0,0.0,77.0,0.0,140.0,180.0,0.0
2024-02-26,39,17:45,0.0,0.0,0.0,77.0,0.0,140.0,180.0,0.0
2024-02-26,40,18:00,0.0,0.0,0.0,85.32,0.0,140.0,180.0,0.0
2024-02-26,41,18:15,0.0,0.0,0.0,85.32,0.0,140.0,180.0,0.0
2024-02-26,42,18:30,0.0,0.0,0.0,85.32,0.0,140.0,180.0,0.0
2024-02-26,43,18:45,0.0,0.0,0.0,85.32,0.0,140.0,180.0,0.0
2024-02-26,44,19:00,0.0,0.0,0.0,81.01,0.0,140.0,180.0,0.0
2024-02-26,45,19:15,0.0,0.0,0.0,81.01,0.0,140.0,180.0,0.0
2024-02-26,46,19:30,0.0,0.0,0.0,81.01,0.0,140.0,180.0,0.0
2024-02-26,47,19:45,0.0,0.0,0.0,81.01,0.0,140.0,180.0,0.0
2024-02-26,48,20:00,0.0,0.0,0.0,72.21,0.0,140.0,180.0,0.0
2024-02-26,49,20:15,0.0,0.0,0.0,72.21,0.0,140.0,180.0,0.0
2024-02-26,50,20:30,0.0,0.0,0.0,72.21,0.0,140.0,180.0,0.0
2024-02-26,51,20:45,0.0,9.5021,9.5021,72.21,0.171537,100.0,180.0,0.0
2024-02-26,52,21:00,0.0,17.0147,17.0147,65.69,0.279423,100.0,180.0,0.0
2024-02-26,53,21:15,0.0,17.1381,17.1381,65.69,0.28145,100.0,180.0,0.0
2024-02-26,54,21:30,0.0,16.0793,16.0793,65.69,0.264062,100.0,180.0,0.0
2024-02-26,55,21:45,0.0,3.2115,3.2115,65.69,0.052741,100.0,20.0,160.0
2024-02-27,0,08:00,0.0,0.0,0.0,95.78,0.0,100.0,60.0,0.0
2024-02-27,1,08:15,0.0,0.0,0.0,95.78,0.0,100.0,60.0,0.0
2024-02-27,2,08:30,0.0,0.0,0.0,95.78,0.0,100.0,60.0,0.0
2024-02-27,3,08:45,0.0,0.0,0.0,95.78,0.0,100.0,60.0,0.0
2024-02-27,4,09:00,0.0,0.0,0.0,80.81,0.0,100.0,60.0,0.0
2024-02-27,5,09:15,0.0,0.0,0.0,80.81,0.0,100.0,60.0,0.0
2024-02-27,6,09:30,0.0,0.0,0.0,80.81,0.0,100.0,60.0,0.0
2024-02-27,7,09:45,1.3266,0.0,1.3266,80.81,0.026801,100.0,60.0,0.0
2024-02-27,8,10:00,4.184,0.0,4.184,68.71,0.07187,100.0,60.0,0.0
2024-02-27,9,10:15,5.1593,0.0,5.1593,68.71,0.088625,100.0,60.0,0.0
2024-02-27,10,10:30,4.2588,9.5021,13.7609,68.71,0.236378,60.0,60.0,0.0
2024-02-27,11,10:45,5.404,17.0147,22.4187,68.71,0.385097,60.0,60.0,0.0
2024-02-27,12,11:00,4.491,17.1381,21.6291,64.93,0.351095,60.0,60.0,0.0
2024-02-27,13,11:15,5.1252,16.0793,21.2045,64.93,0.344201,60.0,60.0,0.0
2024-02-27,14,11:30,3.0543,3.2115,6.2658,64.93,0.10171,60.0,60.0,0.0
2024-02-27,15,11:45,5.093,9.5021,14.5951,64.93,0.236915,20.0,100.0,0.0
2024-02-27,16,12:00,3.6006,17.0147,20.6153,59.26,0.305416,20.0,100.0,0.0
2024-02-27,17,12:15,4.9802,17.1381,22.1183,59.26,0.327683,20.0,100.0,0.0
2024-02-27,18,12:30,4.3843,16.0793,20.4636,59.26,0.303169,20.0,100.0,0.0
2024-02-27,19,12:45,1.5369,3.2115,4.7484,59.26,0.070347,20.0,100.0,0.0
2024-02-27,20,13:00,1.3266,9.5021,10.8287,59.25,0.160401,80.0,140.0,0.0
2024-02-27,21,13:15,4.184,17.0147,21.1986,59.25,0.314005,80.0,140.0,0.0
2024-02-27,22,13:30,5.1593,17.1381,22.2974,59.25,0.330281,80.0,140.0,0.0
2024-02-27,23,13:45,4.2588,16.0793,20.3381,59.25,0.301258,80.0,140.0,0.0
2024-02-27,24,14:00,5.404,3.2115,8.6155,64.71,0.139377,80.0,140.0,0.0
2024-02-27,25,14:15,4.491,9.5021,13.9931,64.71,0.226374,40.0,180.0,0.0
2024-02-27,26,14:30,5.1252,17.0147,22.1399,64.71,0.358168,40.0,180.0,0.0
2024-02-27,27,14:45,3.0543,17.1381,20.1924,64.71,0.326663,40.0,180.0,0.0
2024-02-27,28,15:00,5.093,16.0793,21.1723,72.06,0.381419,40.0,180.0,0.0
2024-02-27,29,15:15,3.6006,3.2115,6.8121,72.06,0.12272,40.0,180.0,0.0
2024-02-27,30,15:30,4.9802,0.0,4.9802,72.06,0.089719,40.0,220.0,0.0
2024-02-27,31,15:45,4.3843,0.0,4.3843,72.06,0.078984,40.0,220.0,0.0
2024-02-27,32,16:00,1.5369,0.0,1.5369,79.82,0.030669,40.0,220.0,0.0
2024-02-27,33,16:15,0.0,0.0,0.0,79.82,0.0,140.0,220.0,0.0
2024-02-27,34,16:30,0.0,0.0,0.0,79.82,0.0,140.0,220.0,0.0
2024-02-27,35,16:45,0.0,0.0,0.0,79.82,0.0,140.0,220.0,0.0
2024-02-27,36,17:00,0.0,0.0,0.0,98.02,0.0,140.0,220.0,0.0
2024-02-27,37,17:15,0.0,0.0,0.0,98.02,0.0,140.0,220.0,0.0
2024-02-27,38,17:30,0.0,0.0,0.0,98.02,0.0,140.0,220.0,0.0
2024-02-27,39,17:45,0.0,0.0,0.0,98.02,0.0,140.0,220.0,0.0
2024-02-27,40,18:00,0.0,0.0,0.0,111.8,0.0,140.0,220.0,0.0
2024-02-27,41,18:15,0.0,0.0,0.0,111.8,0.0,140.0,220.0,0.0
2024-02-27,42,18:30,0.0,0.0,0.0,111.8,0.0,140.0,220.0,0.0
2024-02-27,43,18:45,0.0,0.0,0.0,111.8,0.0,140.0,220.0,0.0
2024-02-27,44,19:00,0.0,0.0,0.0,105.17,0.0,140.0,220.0,0.0
2024-02-27,45,19:15,0.0,0.0,0.0,105.17,0.0,140.0,220.0,0.0
2024-02-27,46,19:30,0.0,0.0,0.0,105.17,0.0,140.0,220.0,0.0
2024-02-27,47,19:45,0.0,0.0,0.0,105.17,0.0,140.0,220.0,0.0
2024-02-27,48,20:00,0.0,0.0,0.0,84.36,0.0,140.0,220.0,0.0
2024-02-27,49,20:15,0.0,0.0,0.0,84.36,0.0,140.0,220.0,0.0
2024-02-27,50,20:30,0.0,0.0,0.0,84.36,0.0,140.0,220.0,0.0
2024-02-27,51,20:45,0.0,0.0,0.0,84.36,0.0,140.0,220.0,0.0
2024-02-27,52,21:00,0.0,0.0,0.0,72.37,0.0,140.0,220.0,0.0
2024-02-27,53,21:15,0.0,0.0,0.0,72.37,0.0,140.0,220.0,0.0
2024-02-27,54,21:30,0.0,0.0,0.0,72.37,0.0,140.0,220.0,0.0
2024-02-27,55,21:45,0.0,0.0,0.0,72.37,0.0,140.0,50.0,170.0
2024-02-28,0,08:00,0.0,0.0,0.0,104.49,0.0,140.0,50.0,0.0
2024-02-28,1,08:15,0.0,0.0,0.0,104.49,0.0,140.0,50.0,0.0
2024-02-28,2,08:30,0.0,0.0,0.0,104.49,0.0,140.0,50.0,0.0
2024-02-28,3,08:45,0.0,0.0,0.0,104.49,0.0,140.0,50.0,0.0
2024-02-28,4,09:00,0.0,0.0,0.0,85.46,0.0,140.0,50.0,0.0
2024-02-28,5,09:15,0.0,0.0,0.0,85.46,0.0,140.0,50.0,0.0
2024-02-28,6,09:30,0.0,0.0,0.0,85.46,0.0,140.0,50.0,0.0
2024-02-28,7,09:45,0.0,0.0,0.0,85.46,0.0,140.0,50.0,0.0
2024-02-28,8,10:00,1.3266,0.0,1.3266,73.99,0.024539,140.0,50.0,0.0
2024-02-28,9,10:15,4.184,9.5021,13.6861,73.99,0.253158,100.0,50.0,0.0
2024-02-28,10,10:30,5.1593,17.0147,22.174,73.99,0.410164,100.0,50.0,0.0
2024-02-28,11,10:45,4.2588,17.1381,21.3969,73.99,0.39579,100.0,50.0,0.0
2024-02-28,12,11:00,5.404,16.0793,21.4833,67.55,0.362799,100.0,50.0,0.0
2024-02-28,13,11:15,4.491,3.2115,7.7025,67.55,0.130077,100.0,50.0,0.0
2024-02-28,14,11:30,5.1252,9.5021,14.6273,67.55,0.247018,60.0,90.0,0.0
2024-02-28,15,11:45,3.0543,17.0147,20.069,67.55,0.338915,60.0,90.0,0.0
2024-02-28,16,12:00,5.093,17.1381,22.2311,63.93,0.355308,60.0,90.0,0.0
2024-02-28,17,12:15,3.6006,16.0793,19.6799,63.93,0.314534,60.0,90.0,0.0
2024-02-28,18,12:30,4.9802,3.2115,8.1917,63.93,0.130924,60.0,90.0,0.0
2024-02-28,19,12:45,4.3843,9.5021,13.8864,63.93,0.22194,20.0,130.0,0.0
2024-02-28,20,13:00,1.5369,17.0147,18.5516,60.72,0.281613,20.0,130.0,0.0
2024-02-28,21,13:15,1.3266,17.1381,18.4647,60.72,0.280295,120.0,130.0,0.0
2024-02-28,22,13:30,4.184,16.0793,20.2632,60.72,0.307596,120.0,130.0,0.0
2024-02-28,23,13:45,5.1593,3.2115,8.3708,60.72,0.127069,120.0,130.0,0.0
2024-02-28,24,14:00,4.2588,9.5021,13.7609,61.51,0.211609,80.0,170.0,0.0
2024-02-28,25,14:15,5.404,17.0147,22.4187,61.51,0.344744,80.0,170.0,0.0
2024-02-28,26,14:30,4.491,17.1381,21.6291,61.51,0.332602,80.0,170.0,0.0
2024-02-28,27,14:45,5.1252,16.0793,21.2045,61.51,0.326072,80.0,170.0,0.0
2024-02-28,28,15:00,3.0543,3.2115,6.2658,70.43,0.110325,80.0,10.0,160.0
2024-02-28,29,15:15,5.093,9.5021,14.5951,70.43,0.256983,40.0,50.0,0.0
2024-02-28,30,15:30,3.6006,17.0147,20.6153,70.43,0.362984,40.0,50.0,0.0
2024-02-28,31,15:45,4.9802,17.1381,22.1183,70.43,0.389449,40.0,50.0,0.0
2024-02-28,32,16:00,4.3843,16.0793,20.4636,74.96,0.383488,40.0,50.0,0.0
2024-02-28,33,16:15,1.5369,3.2115,4.7484,74.96,0.088985,40.0,50.0,0.0
2024-02-28,34,16:30,0.0,0.0,0.0,74.96,0.0,140.0,90.0,0.0
2024-02-28,35,16:45,0.0,0.0,0.0,74.96,0.0,140.0,90.0,0.0
2024-02-28,36,17:00,0.0,0.0,0.0,93.04,0.0,140.0,90.0,0.0
2024-02-28,37,17:15,0.0,0.0,0.0,93.04,0.0,140.0,90.0,0.0
2024-02-28,38,17:30,0.0,0.0,0.0,93.04,0.0,140.0,90.0,0.0
2024-02-28,39,17:45,0.0,0.0,0.0,93.04,0.0,140.0,90.0,0.0
2024-02-28,40,18:00,0.0,0.0,0.0,93.24,0.0,140.0,90.0,0.0
2024-02-28,41,18:15,0.0,0.0,0.0,93.24,0.0,140.0,90.0,0.0
2024-02-28,42,18:30,0.0,0.0,0.0,93.24,0.0,140.0,90.0,0.0
2024-02-28,43,18:45,0.0,0.0,0.0,93.24,0.0,140.0,90.0,0.0
2024-02-28,44,19:00,0.0,0.0,0.0,78.29,0.0,140.0,90.0,0.0
2024-02-28,45,19:15,0.0,0.0,0.0,78.29,0.0,140.0,90.0,0.0
2024-02-28,46,19:30,0.0,0.0,0.0,78.29,0.0,140.0,90.0,0.0
2024-02-28,47,19:45,0.0,0.0,0.0,78.29,0.0,140.0,90.0,0.0
2024-02-28,48,20:00,0.0,0.0,0.0,65.44,0.0,140.0,90.0,0.0
2024-02-28,49,20:15,0.0,0.0,0.0,65.44,0.0,140.0,90.0,0.0
2024-02-28,50,20:30,0.0,9.5021,9.5021,65.44,0.155454,100.0,90.0,0.0
2024-02-28,51,20:45,0.0,17.0147,17.0147,65.44,0.27836,100.0,90.0,0.0
2024-02-28,52,21:00,0.0,17.1381,17.1381,62.59,0.268168,100.0,90.0,0.0
2024-02-28,53,21:15,0.0,16.0793,16.0793,62.59,0.251601,100.0,90.0,0.0
2024-02-28,54,21:30,0.0,3.2115,3.2115,62.59,0.050252,100.0,90.0,0.0
2024-02-28,55,21:45,0.0,0.0,0.0,62.59,0.0,100.0,0.0,130.0
2024-02-29,0,08:00,0.0,0.0,0.0,73.89,0.0,100.0,0.0,0.0
2024-02-29,1,08:15,0.0,0.0,0.0,73.89,0.0,100.0,0.0,0.0
2024-02-29,2,08:30,0.0,0.0,0.0,73.89,0.0,100.0,0.0,0.0
2024-02-29,3,08:45,0.0,0.0,0.0,73.89,0.0,100.0,0.0,0.0
2024-02-29,4,09:00,0.0,0.0,0.0,70.39,0.0,100.0,0.0,0.0
2024-02-29,5,09:15,0.0,0.0,0.0,70.39,0.0,100.0,0.0,0.0
2024-02-29,6,09:30,0.0,0.0,0.0,70.39,0.0,100.0,0.0,0.0
2024-02-29,7,09:45,0.0,0.0,0.0,70.39,0.0,100.0,0.0,0.0
2024-02-29,8,10:00,1.8638,9.5021,11.3659,60.47,0.171824,60.0,0.0,0.0
2024-02-29,9,10:15,6.7293,17.0147,23.744,60.47,0.358949,60.0,0.0,0.0
2024-02-29,10,10:30,5.9956,17.1381,23.1337,60.47,0.349723,60.0,0.0,0.0
2024-02-29,11,10:45,7.1179,16.0793,23.1972,60.47,0.350683,60.0,0.0,0.0
2024-02-29,12,11:00,6.1091,3.2115,9.3206,55.01,0.128181,60.0,0.0,0.0
2024-02-29,13,11:15,5.6324,9.5021,15.1345,55.01,0.208138,20.0,40.0,0.0
2024-02-29,14,11:30,5.8458,17.0147,22.8605,55.01,0.314389,20.0,40.0,0.0
2024-02-29,15,11:45,5.1816,17.1381,22.3197,55.01,0.306951,20.0,40.0,0.0
2024-02-29,16,12:00,6.7301,16.0793,22.8094,53.98,0.307813,20.0,40.0,0.0
2024-02-29,17,12:15,3.9878,3.2115,7.1993,53.98,0.097154,20.0,40.0,0.0
2024-02-29,18,12:30,1.3266,9.5021,10.8287,53.98,0.146134,80.0,80.0,0.0
2024-02-29,19,12:45,4.184,17.0147,21.1986,53.98,0.286076,80.0,80.0,0.0
2024-02-29,20,13:00,5.1593,17.1381,22.2974,56.02,0.312276,80.0,80.0,0.0
2024-02-29,21,13:15,4.2588,16.0793,20.3381,56.02,0.284835,80.0,80.0,0.0
2024-02-29,22,13:30,5.404,3.2115,8.6155,56.02,0.12066,80.0,80.0,0.0
2024-02-29,23,13:45,4.491,9.5021,13.9931,56.02,0.195974,40.0,120.0,0.0
2024-02-29,24,14:00,5.1252,17.0147,22.1399,55.07,0.304811,40.0,120.0,0.0
2024-02-29,25,14:15,3.0543,17.1381,20.1924,55.07,0.277999,40.0,120.0,0.0
2024-02-29,26,14:30,5.093,16.0793,21.1723,55.07,0.291489,40.0,120.0,0.0
2024-02-29,27,14:45,3.6006,3.2115,6.8121,55.07,0.093786,40.0,120.0,0.0
2024-02-29,28,15:00,4.9802,9.5021,14.4823,64.96,0.235193,0.0,160.0,0.0
2024-02-29,29,15:15,4.3843,17.0147,21.399,64.96,0.34752,0.0,160.0,0.0
2024-02-29,30,15:30,1.5369,17.1381,18.675,64.96,0.303282,0.0,160.0,0.0
2024-02-29,31,15:45,0.0,16.0793,16.0793,64.96,0.261128,100.0,160.0,0.0
2024-02-29,32,16:00,0.0,3.2115,3.2115,70.98,0.056988,100.0,160.0,0.0
2024-02-29,33,16:15,0.0,0.0,0.0,70.98,0.0,100.0,200.0,0.0
2024-02-29,34,16:30,0.0,0.0,0.0,70.98,0.0,100.0,200.0,0.0
2024-02-29,35,16:45,0.0,0.0,0.0,70.98,0.0,100.0,200.0,0.0
2024-02-29,36,17:00,0.0,0.0,0.0,81.28,0.0,100.0,200.0,0.0
2024-02-29,37,17:15,0.0,0.0,0.0,81.28,0.0,100.0,200.0,0.0
2024-02-29,38,17:30,0.0,0.0,0.0,81.28,0.0,100.0,200.0,0.0
2024-02-29,39,17:45,0.0,0.0,0.0,81.28,0.0,100.0,200.0,0.0
2024-02-29,40,18:00,0.0,0.0,0.0,86.26,0.0,100.0,200.0,0.0
2024-02-29,41,18:15,0.0,0.0,0.0,86.26,0.0,100.0,200.0,0.0
2024-02-29,42,18:30,0.0,0.0,0.0,86.26,0.0,100.0,200.0,0.0
2024-02-29,43,18:45,0.0,0.0,0.0,86.26,0.0,100.0,200.0,0.0
2024-02-29,44,19:00,0.0,0.0,0.0,80.99,0.0,100.0,200.0,0.0
2024-02-29,45,19:15,0.0,0.0,0.0,80.99,0.0,100.0,200.0,0.0
2024-02-29,46,19:30,0.0,0.0,0.0,80.99,0.0,100.0,200.0,0.0
2024-02-29,47,19:45,0.0,0.0,0.0,80.99,0.0,100.0,200.0,0.0
2024-02-29,48,20:00,0.0,0.0,0.0,72.77,0.0,100.0,200.0,0.0
2024-02-29,49,20:15,0.0,0.0,0.0,72.77,0.0,100.0,200.0,0.0
2024-02-29,50,20:30,0.0,0.0,0.0,72.77,0.0,100.0,200.0,0.0
2024-02-29,51,20:45,0.0,0.0,0.0,72.77,0.0,100.0,200.0,0.0
2024-02-29,52,21:00,0.0,0.0,0.0,67.25,0.0,100.0,200.0,0.0
2024-02-29,53,21:15,0.0,0.0,0.0,67.25,0.0,100.0,200.0,0.0
2024-02-29,54,21:30,0.0,0.0,0.0,67.25,0.0,100.0,200.0,0.0
2024-02-29,55,21:45,0.0,0.0,0.0,67.25,0.0,100.0,70.0,130.0
2024-03-01,0,08:00,0.0,0.0,0.0,83.79,0.0,100.0,70.0,0.0
2024-03-01,1,08:15,0.0,0.0,0.0,83.79,0.0,100.0,70.0,0.0
2024-03-01,2,08:30,0.0,0.0,0.0,83.79,0.0,100.0,70.0,0.0
2024-03-01,3,08:45,0.0,0.0,0.0,83.79,0.0,100.0,70.0,0.0
2024-03-01,4,09:00,0.0,0.0,0.0,75.88,0.0,100.0,70.0,0.0
2024-03-01,5,09:15,0.0,0.0,0.0,75.88,0.0,100.0,70.0,0.0
2024-03-01,6,09:30,1.3266,0.0,1.3266,75.88,0.025166,100.0,70.0,0.0
2024-03-01,7,09:45,4.184,0.0,4.184,75.88,0.07937,100.0,70.0,0.0
2024-03-01,8,10:00,5.1593,0.0,5.1593,66.52,0.0858,100.0,70.0,0.0
2024-03-01,9,10:15,4.2588,9.5021,13.7609,66.52,0.228844,60.0,70.0,0.0
2024-03-01,10,10:30,5.404,17.0147,22.4187,66.52,0.372823,60.0,70.0,0.0
2024-03-01,11,10:45,4.491,17.1381,21.6291,66.52,0.359693,60.0,70.0,0.0
2024-03-01,12,11:00,5.1252,16.0793,21.2045,64.76,0.3433,60.0,70.0,0.0
2024-03-01,13,11:15,3.0543,3.2115,6.2658,64.76,0.101444,60.0,70.0,0.0
2024-03-01,14,11:30,5.093,9.5021,14.5951,64.76,0.236295,20.0,110.0,0.0
2024-03-01,15,11:45,3.6006,17.0147,20.6153,64.76,0.333762,20.0,110.0,0.0
2024-03-01,16,12:00,4.9802,17.1381,22.1183,63.08,0.348806,20.0,110.0,0.0
2024-03-01,17,12:15,4.3843,16.0793,20.4636,63.08,0.322711,20.0,110.0,0.0
2024-03-01,18,12:30,1.5369,3.2115,4.7484,63.08,0.074882,20.0,110.0,0.0
2024-03-01,19,12:45,1.3266,9.5021,10.8287,63.08,0.170769,80.0,150.0,0.0
2024-03-01,20,13:00,4.184,17.0147,21.1986,64.63,0.342517,80.0,150.0,0.0
2024-03-01,21,13:15,5.1593,17.1381,22.2974,64.63,0.360271,80.0,150.0,0.0
2024-03-01,22,13:30,4.2588,16.0793,20.3381,64.63,0.328613,80.0,150.0,0.0
2024-03-01,23,13:45,5.404,3.2115,8.6155,64.63,0.139205,80.0,150.0,0.0
2024-03-01,24,14:00,4.491,9.5021,13.9931,67.11,0.23477,40.0,190.0,0.0
2024-03-01,25,14:15,5.1252,17.0147,22.1399,67.11,0.371451,40.0,190.0,0.0
2024-03-01,26,14:30,3.0543,17.1381,20.1924,67.11,0.338779,40.0,190.0,0.0
2024-03-01,27,14:45,5.093,16.0793,21.1723,67.11,0.355218,40.0,190.0,0.0
2024-03-01,28,15:00,3.6006,3.2115,6.8121,72.57,0.123589,40.0,20.0,170.0
2024-03-01,29,15:15,4.9802,0.0,4.9802,72.57,0.090354,40.0,60.0,0.0
2024-03-01,30,15:30,4.3843,0.0,4.3843,72.57,0.079543,40.0,60.0,0.0
2024-03-01,31,15:45,1.5369,0.0,1.5369,72.57,0.027883,40.0,60.0,0.0
2024-03-01,32,16:00,0.0,0.0,0.0,78.94,0.0,140.0,60.0,0.0
2024-03-01,33,16:15,0.0,0.0,0.0,78.94,0.0,140.0,60.0,0.0
2024-03-01,34,16:30,0.0,0.0,0.0,78.94,0.0,140.0,60.0,0.0
2024-03-01,35,16:45,0.0,0.0,0.0,78.94,0.0,140.0,60.0,0.0
2024-03-01,36,17:00,0.0,0.0,0.0,89.4,0.0,140.0,60.0,0.0
2024-03-01,37,17:15,0.0,0.0,0.0,89.4,0.0,140.0,60.0,0.0
2024-03-01,38,17:30,0.0,0.0,0.0,89.4,0.0,140.0,60.0,0.0
2024-03-01,39,17:45,0.0,0.0,0.0,89.4,0.0,140.0,60.0,0.0
2024-03-01,40,18:00,0.0,0.0,0.0,93.73,0.0,140.0,60.0,0.0
2024-03-01,41,18:15,0.0,0.0,0.0,93.73,0.0,140.0,60.0,0.0
2024-03-01,42,18:30,0.0,0.0,0.0,93.73,0.0,140.0,60.0,0.0
2024-03-01,43,18:45,0.0,0.0,0.0,93.73,0.0,140.0,60.0,0.0
2024-03-01,44,19:00,0.0,0.0,0.0,87.19,0.0,140.0,60.0,0.0
2024-03-01,45,19:15,0.0,0.0,0.0,87.19,0.0,140.0,60.0,0.0
2024-03-01,46,19:30,0.0,0.0,0.0,87.19,0.0,140.0,60.0,0.0
2024-03-01,47,19:45,0.0,0.0,0.0,87.19,0.0,140.0,60.0,0.0
2024-03-01,48,20:00,0.0,0.0,0.0,77.49,0.0,140.0,60.0,0.0
2024-03-01,49,20:15,0.0,0.0,0.0,77.49,0.0,140.0,60.0,0.0
2024-03-01,50,20:30,0.0,0.0,0.0,77.49,0.0,140.0,60.0,0.0
2024-03-01,51,20:45,0.0,0.0,0.0,77.49,0.0,140.0,60.0,0.0
2024-03-01,52,21:00,0.0,0.0,0.0,71.62,0.0,140.0,60.0,0.0
2024-03-01,53,21:15,0.0,0.0,0.0,71.62,0.0,140.0,60.0,0.0
2024-03-01,54,21:30,0.0,0.0,0.0,71.62,0.0,140.0,60.0,0.0
2024-03-01,55,21:45,0.0,0.0,0.0,71.62,0.0,140.0,60.0,0.0
2024-03-04,0,08:00,0.0,0.0,0.0,102.97,0.0,140.0,60.0,0.0
2024-03-04,1,08:15,0.0,0.0,0.0,102.97,0.0,140.0,60.0,0.0
2024-03-04,2,08:30,0.0,0.0,0.0,102.97,0.0,140.0,60.0,0.0
2024-03-04,3,08:45,0.0,0.0,0.0,102.97,0.0,140.0,60.0,0.0
2024-03-04,4,09:00,0.0,0.0,0.0,85.02,0.0,140.0,60.0,0.0
2024-03-04,5,09:15,0.0,0.0,0.0,85.02,0.0,140.0,60.0,0.0
2024-03-04,6,09:30,0.0,0.0,0.0,85.02,0.0,140.0,60.0,0.0
2024-03-04,7,09:45,0.0,0.0,0.0,85.02,0.0,140.0,60.0,0.0
2024-03-04,8,10:00,1.3266,0.0,1.3266,71.93,0.023856,140.0,60.0,0.0
2024-03-04,9,10:15,4.184,9.5021,13.6861,71.93,0.24611,100.0,60.0,0.0
2024-03-04,10,10:30,5.1593,17.0147,22.174,71.93,0.398744,100.0,60.0,0.0
2024-03-04,11,10:45,4.2588,17.1381,21.3969,71.93,0.38477,100.0,60.0,0.0
2024-03-04,12,11:00,5.404,16.0793,21.4833,64.89,0.348513,100.0,60.0,0.0
2024-03-04,13,11:15,4.491,3.2115,7.7025,64.89,0.124954,100.0,60.0,0.0
2024-03-04,14,11:30,5.1252,9.5021,14.6273,64.89,0.237291,60.0,100.0,0.0
2024-03-04,15,11:45,3.0543,17.0147,20.069,64.89,0.32557,60.0,100.0,0.0
2024-03-04,16,12:00,5.093,17.1381,22.2311,63.93,0.355308,60.0,100.0,0.0
2024-03-04,17,12:15,3.6006,16.0793,19.6799,63.93,0.314534,60.0,100.0,0.0
2024-03-04,18,12:30,4.9802,3.2115,8.1917,63.93,0.130924,60.0,100.0,0.0
2024-03-04,19,12:45,4.3843,9.5021,13.8864,63.93,0.22194,20.0,140.0,0.0
2024-03-04,20,13:00,1.5369,17.0147,18.5516,61.1,0.283375,20.0,140.0,0.0
2024-03-04,21,13:15,1.3266,17.1381,18.4647,61.1,0.282049,120.0,140.0,0.0
2024-03-04,22,13:30,4.184,16.0793,20.2632,61.1,0.309521,120.0,140.0,0.0
2024-03-04,23,13:45,5.1593,3.2115,8.3708,61.1,0.127864,120.0,140.0,0.0
2024-03-04,24,14:00,4.2588,9.5021,13.7609,62.5,0.215015,80.0,180.0,0.0
2024-03-04,25,14:15,5.404,17.0147,22.4187,62.5,0.350292,80.0,180.0,0.0
2024-03-04,26,14:30,4.491,17.1381,21.6291,62.5,0.337955,80.0,180.0,0.0
2024-03-04,27,14:45,5.1252,16.0793,21.2045,62.5,0.33132,80.0,180.0,0.0
2024-03-04,28,15:00,3.0543,3.2115,6.2658,69.86,0.109433,80.0,50.0,130.0
2024-03-04,29,15:15,5.093,9.5021,14.5951,69.86,0.254903,40.0,90.0,0.0
2024-03-04,30,15:30,3.6006,17.0147,20.6153,69.86,0.360046,40.0,90.0,0.0
2024-03-04,31,15:45,4.9802,17.1381,22.1183,69.86,0.386297,40.0,90.0,0.0
2024-03-04,32,16:00,4.3843,16.0793,20.4636,75.95,0.388553,40.0,90.0,0.0
2024-03-04,33,16:15,1.5369,3.2115,4.7484,75.95,0.09016,40.0,90.0,0.0
2024-03-04,34,16:30,0.0,0.0,0.0,75.95,0.0,140.0,130.0,0.0
2024-03-04,35,16:45,0.0,0.0,0.0,75.95,0.0,140.0,130.0,0.0
2024-03-04,36,17:00,0.0,0.0,0.0,90.59,0.0,140.0,130.0,0.0
2024-03-04,37,17:15,0.0,0.0,0.0,90.59,0.0,140.0,130.0,0.0
2024-03-04,38,17:30,0.0,0.0,0.0,90.59,0.0,140.0,130.0,0.0
2024-03-04,39,17:45,0.0,0.0,0.0,90.59,0.0,140.0,130.0,0.0
2024-03-04,40,18:00,0.0,0.0,0.0,105.18,0.0,140.0,130.0,0.0
2024-03-04,41,18:15,0.0,0.0,0.0,105.18,0.0,140.0,130.0,0.0
2024-03-04,42,18:30,0.0,0.0,0.0,105.18,0.0,140.0,130.0,0.0
2024-03-04,43,18:45,0.0,0.0,0.0,105.18,0.0,140.0,130.0,0.0
2024-03-04,44,19:00,0.0,0.0,0.0,99.13,0.0,140.0,130.0,0.0
2024-03-04,45,19:15,0.0,0.0,0.0,99.13,0.0,140.0,130.0,0.0
2024-03-04,46,19:30,0.0,0.0,0.0,99.13,0.0,140.0,130.0,0.0
2024-03-04,47,19:45,0.0,0.0,0.0,99.13,0.0,140.0,130.0,0.0
2024-03-04,48,20:00,0.0,0.0,0.0,80.52,0.0,140.0,130.0,0.0
2024-03-04,49,20:15,0.0,0.0,0.0,80.52,0.0,140.0,130.0,0.0
2024-03-04,50,20:30,0.0,9.5021,9.5021,80.52,0.191277,100.0,130.0,0.0
2024-03-04,51,20:45,0.0,17.0147,17.0147,80.52,0.342505,100.0,130.0,0.0
2024-03-04,52,21:00,0.0,17.1381,17.1381,71.39,0.305872,100.0,130.0,0.0
2024-03-04,53,21:15,0.0,16.0793,16.0793,71.39,0.286975,100.0,130.0,0.0
2024-03-04,54,21:30,0.0,3.2115,3.2115,71.39,0.057317,100.0,130.0,0.0
2024-03-04,55,21:45,0.0,0.0,0.0,71.39,0.0,100.0,30.0,140.0
2024-03-05,0,08:00,0.0,0.0,0.0,83.02,0.0,100.0,30.0,0.0
2024-03-05,1,08:15,0.0,0.0,0.0,83.02,0.0,100.0,30.0,0.0
2024-03-05,2,08:30,0.0,0.0,0.0,83.02,0.0,100.0,30.0,0.0
2024-03-05,3,08:45,0.0,0.0,0.0,83.02,0.0,100.0,30.0,0.0
2024-03-05,4,09:00,0.0,0.0,0.0,77.0,0.0,100.0,30.0,0.0
2024-03-05,5,09:15,0.0,0.0,0.0,77.0,0.0,100.0,30.0,0.0
2024-03-05,6,09:30,0.0,0.0,0.0,77.0,0.0,100.0,30.0,0.0
2024-03-05,7,09:45,1.3266,0.0,1.3266,77.0,0.025538,100.0,30.0,0.0
2024-03-05,8,10:00,4.184,0.0,4.184,71.15,0.074422,100.0,30.0,0.0
2024-03-05,9,10:15,5.1593,0.0,5.1593,71.15,0.091772,100.0,30.0,0.0
2024-03-05,10,10:30,4.2588,9.5021,13.7609,71.15,0.244773,60.0,30.0,0.0
2024-03-05,11,10:45,5.404,17.0147,22.4187,71.15,0.398773,60.0,30.0,0.0
2024-03-05,12,11:00,4.491,17.1381,21.6291,69.72,0.376996,60.0,30.0,0.0
2024-03-05,13,11:15,5.1252,16.0793,21.2045,69.72,0.369594,60.0,30.0,0.0
2024-03-05,14,11:30,3.0543,3.2115,6.2658,69.72,0.109213,60.0,30.0,0.0
2024-03-05,15,11:45,5.093,9.5021,14.5951,69.72,0.254392,20.0,70.0,0.0
2024-03-05,16,12:00,3.6006,17.0147,20.6153,66.01,0.340204,20.0,70.0,0.0
2024-03-05,17,12:15,4.9802,17.1381,22.1183,66.01,0.365008,20.0,70.0,0.0
2024-03-05,18,12:30,4.3843,16.0793,20.4636,66.01,0.337701,20.0,70.0,0.0
2024-03-05,19,12:45,1.5369,3.2115,4.7484,66.01,0.07836,20.0,70.0,0.0
2024-03-05,20,13:00,1.3266,9.5021,10.8287,65.83,0.178214,80.0,110.0,0.0
2024-03-05,21,13:15,4.184,17.0147,21.1986,65.83,0.348877,80.0,110.0,0.0
2024-03-05,22,13:30,5.1593,17.1381,22.2974,65.83,0.36696,80.0,110.0,0.0
2024-03-05,23,13:45,4.2588,16.0793,20.3381,65.83,0.334715,80.0,110.0,0.0
2024-03-05,24,14:00,5.404,3.2115,8.6155,69.61,0.149931,80.0,110.0,0.0
2024-03-05,25,14:15,4.491,9.5021,13.9931,69.61,0.243516,40.0,150.0,0.0
2024-03-05,26,14:30,5.1252,17.0147,22.1399,69.61,0.385289,40.0,150.0,0.0
2024-03-05,27,14:45,3.0543,17.1381,20.1924,69.61,0.351399,40.0,150.0,0.0
2024-03-05,28,15:00,5.093,16.0793,21.1723,70.67,0.374061,40.0,150.0,0.0
2024-03-05,29,15:15,3.6006,3.2115,6.8121,70.67,0.120353,40.0,150.0,0.0
2024-03-05,30,15:30,4.9802,0.0,4.9802,70.67,0.087988,40.0,190.0,0.0
2024-03-05,31,15:45,4.3843,0.0,4.3843,70.67,0.07746,40.0,190.0,0.0
2024-03-05,32,16:00,1.5369,0.0,1.5369,76.28,0.029308,40.0,190.0,0.0
2024-03-05,33,16:15,0.0,0.0,0.0,76.28,0.0,140.0,190.0,0.0
2024-03-05,34,16:30,0.0,0.0,0.0,76.28,0.0,140.0,190.0,0.0
2024-03-05,35,16:45,0.0,0.0,0.0,76.28,0.0,140.0,190.0,0.0
2024-03-05,36,17:00,0.0,0.0,0.0,82.07,0.0,140.0,190.0,0.0
2024-03-05,37,17:15,0.0,0.0,0.0,82.07,0.0,140.0,190.0,0.0
2024-03-05,38,17:30,0.0,0.0,0.0,82.07,0.0,140.0,190.0,0.0
2024-03-05,39,17:45,0.0,0.0,0.0,82.07,0.0,140.0,190.0,0.0
2024-03-05,40,18:00,0.0,0.0,0.0,104.38,0.0,140.0,190.0,0.0
2024-03-05,41,18:15,0.0,0.0,0.0,104.38,0.0,140.0,190.0,0.0
2024-03-05,42,18:30,0.0,0.0,0.0,104.38,0.0,140.0,190.0,0.0
2024-03-05,43,18:45,0.0,0.0,0.0,104.38,0.0,140.0,190.0,0.0
2024-03-05,44,19:00,0.0,0.0,0.0,112.99,0.0,140.0,190.0,0.0
2024-03-05,45,19:15,0.0,0.0,0.0,112.99,0.0,140.0,190.0,0.0
2024-03-05,46,19:30,0.0,0.0,0.0,112.99,0.0,140.0,190.0,0.0
2024-03-05,47,19:45,0.0,0.0,0.0,112.99,0.0,140.0,190.0,0.0
2024-03-05,48,20:00,0.0,0.0,0.0,93.12,0.0,140.0,190.0,0.0
2024-03-05,49,20:15,0.0,0.0,0.0,93.12,0.0,140.0,190.0,0.0
2024-03-05,50,20:30,0.0,0.0,0.0,93.12,0.0,140.0,190.0,0.0
2024-03-05,51,20:45,0.0,0.0,0.0,93.12,0.0,140.0,190.0,0.0
2024-03-05,52,21:00,0.0,0.0,0.0,82.81,0.0,140.0,190.0,0.0
2024-03-05,53,21:15,0.0,0.0,0.0,82.81,0.0,140.0,190.0,0.0
2024-03-05,54,21:30,0.0,0.0,0.0,82.81,0.0,140.0,190.0,0.0
2024-03-05,55,21:45,0.0,0.0,0.0,82.81,0.0,140.0,60.0,130.0
2024-03-06,0,08:00,0.0,0.0,0.0,108.7,0.0,140.0,60.0,0.0
2024-03-06,1,08:15,0.0,0.0,0.0,108.7,0.0,140.0,60.0,0.0
2024-03-06,2,08:30,0.0,0.0,0.0,108.7,0.0,140.0,60.0,0.0
2024-03-06,3,08:45,0.0,0.0,0.0,108.7,0.0,140.0,60.0,0.0
2024-03-06,4,09:00,0.0,0.0,0.0,87.21,0.0,140.0,60.0,0.0
2024-03-06,5,09:15,0.0,0.0,0.0,87.21,0.0,140.0,60.0,0.0
2024-03-06,6,09:30,0.0,0.0,0.0,87.21,0.0,140.0,60.0,0.0
2024-03-06,7,09:45,0.0,0.0,0.0,87.21,0.0,140.0,60.0,0.0
2024-03-06,8,10:00,0.0,0.0,0.0,75.92,0.0,140.0,60.0,0.0
2024-03-06,9,10:15,0.0,0.0,0.0,75.92,0.0,140.0,60.0,0.0
2024-03-06,10,10:30,0.0,0.0,0.0,75.92,0.0,140.0,60.0,0.0
2024-03-06,11,10:45,0.0,0.0,0.0,75.92,0.0,140.0,60.0,0.0
2024-03-06,12,11:00,0.0,9.5021,9.5021,72.02,0.171085,100.0,60.0,0.0
2024-03-06,13,11:15,0.0,17.0147,17.0147,72.02,0.306349,100.0,60.0,0.0
2024-03-06,14,11:30,1.3266,17.1381,18.4647,72.02,0.332457,100.0,60.0,0.0
2024-03-06,15,11:45,4.184,16.0793,20.2632,72.02,0.36484,100.0,60.0,0.0
2024-03-06,16,12:00,5.1593,3.2115,8.3708,69.35,0.145129,100.0,60.0,0.0
2024-03-06,17,12:15,4.2588,9.5021,13.7609,69.35,0.23858,60.0,100.0,0.0
2024-03-06,18,12:30,5.404,17.0147,22.4187,69.35,0.388684,60.0,100.0,0.0
2024-03-06,19,12:45,4.491,17.1381,21.6291,69.35,0.374995,60.0,100.0,0.0
2024-03-06,20,13:00,5.1252,16.0793,21.2045,69.29,0.367314,60.0,100.0,0.0
2024-03-06,21,13:15,3.0543,3.2115,6.2658,69.29,0.10854,60.0,100.0,0.0
2024-03-06,22,13:30,5.093,9.5021,14.5951,69.29,0.252824,20.0,140.0,0.0
2024-03-06,23,13:45,3.6006,17.0147,20.6153,69.29,0.357109,20.0,140.0,0.0
2024-03-06,24,14:00,4.9802,17.1381,22.1183,70.64,0.39061,20.0,140.0,0.0
2024-03-06,25,14:15,4.3843,16.0793,20.4636,70.64,0.361388,20.0,140.0,0.0
2024-03-06,26,14:30,1.5369,3.2115,4.7484,70.64,0.083856,20.0,140.0,0.0
2024-03-06,27,14:45,0.0,9.5021,9.5021,70.64,0.167807,80.0,180.0,0.0
2024-03-06,28,15:00,0.0,17.0147,17.0147,72.26,0.30737,80.0,70.0,110.0
2024-03-06,29,15:15,0.0,17.1381,17.1381,72.26,0.3096,80.0,70.0,0.0
2024-03-06,30,15:30,0.0,16.0793,16.0793,72.26,0.290472,80.0,70.0,0.0
2024-03-06,31,15:45,0.0,3.2115,3.2115,72.26,0.058016,80.0,70.0,0.0
2024-03-06,32,16:00,0.0,0.0,0.0,81.06,0.0,80.0,110.0,0.0
2024-03-06,33,16:15,0.0,0.0,0.0,81.06,0.0,80.0,110.0,0.0
2024-03-06,34,16:30,0.0,0.0,0.0,81.06,0.0,80.0,110.0,0.0
2024-03-06,35,16:45,0.0,0.0,0.0,81.06,0.0,80.0,110.0,0.0
2024-03-06,36,17:00,0.0,0.0,0.0,100.0,0.0,80.0,110.0,0.0
2024-03-06,37,17:15,0.0,0.0,0.0,100.0,0.0,80.0,110.0,0.0
2024-03-06,38,17:30,0.0,0.0,0.0,100.0,0.0,80.0,110.0,0.0
2024-03-06,39,17:45,0.0,0.0,0.0,100.0,0.0,80.0,110.0,0.0
2024-03-06,40,18:00,0.0,0.0,0.0,119.58,0.0,80.0,110.0,0.0
2024-03-06,41,18:15,0.0,0.0,0.0,119.58,0.0,80.0,110.0,0.0
2024-03-06,42,18:30,0.0,0.0,0.0,119.58,0.0,80.0,110.0,0.0
2024-03-06,43,18:45,0.0,0.0,0.0,119.58,0.0,80.0,110.0,0.0
2024-03-06,44,19:00,0.0,0.0,0.0,119.25,0.0,80.0,110.0,0.0
2024-03-06,45,19:15,0.0,0.0,0.0,119.25,0.0,80.0,110.0,0.0
2024-03-06,46,19:30,0.0,0.0,0.0,119.25,0.0,80.0,110.0,0.0
2024-03-06,47,19:45,0.0,0.0,0.0,119.25,0.0,80.0,110.0,0.0
2024-03-06,48,20:00,0.0,0.0,0.0,93.4,0.0,80.0,110.0,0.0
2024-03-06,49,20:15,0.0,0.0,0.0,93.4,0.0,80.0,110.0,0.0
2024-03-06,50,20:30,0.0,0.0,0.0,93.4,0.0,80.0,110.0,0.0
2024-03-06,51,20:45,0.0,0.0,0.0,93.4,0.0,80.0,110.0,0.0
2024-03-06,52,21:00,0.0,0.0,0.0,80.15,0.0,80.0,110.0,0.0
2024-03-06,53,21:15,0.0,0.0,0.0,80.15,0.0,80.0,110.0,0.0
2024-03-06,54,21:30,0.0,0.0,0.0,80.15,0.0,80.0,110.0,0.0
2024-03-06,55,21:45,0.0,0.0,0.0,80.15,0.0,80.0,0.0,110.0
2024-03-07,0,08:00,0.0,0.0,0.0,96.7,0.0,80.0,0.0,0.0
2024-03-07,1,08:15,0.0,0.0,0.0,96.7,0.0,80.0,0.0,0.0
2024-03-07,2,08:30,0.0,0.0,0.0,96.7,0.0,80.0,0.0,0.0
2024-03-07,3,08:45,0.0,0.0,0.0,96.7,0.0,80.0,0.0,0.0
2024-03-07,4,09:00,0.0,0.0,0.0,79.09,0.0,80.0,0.0,0.0
2024-03-07,5,09:15,0.0,0.0,0.0,79.09,0.0,80.0,0.0,0.0
2024-03-07,6,09:30,0.0,0.0,0.0,79.09,0.0,80.0,0.0,0.0
2024-03-07,7,09:45,0.0,0.0,0.0,79.09,0.0,80.0,0.0,0.0
2024-03-07,8,10:00,0.0,0.0,0.0,71.31,0.0,80.0,0.0,0.0
2024-03-07,9,10:15,0.0,0.0,0.0,71.31,0.0,80.0,0.0,0.0
2024-03-07,10,10:30,1.3266,0.0,1.3266,71.31,0.023651,80.0,0.0,0.0
2024-03-07,11,10:45,4.184,0.0,4.184,71.31,0.07459,80.0,0.0,0.0
2024-03-07,12,11:00,5.1593,0.0,5.1593,66.16,0.085336,80.0,0.0,0.0
2024-03-07,13,11:15,4.2588,0.0,4.2588,66.16,0.070441,80.0,0.0,0.0
2024-03-07,14,11:30,5.404,9.5021,14.9061,66.16,0.246547,40.0,0.0,0.0
2024-03-07,15,11:45,4.491,17.0147,21.5057,66.16,0.355705,40.0,0.0,0.0
2024-03-07,16,12:00,5.1252,17.1381,22.2633,61.69,0.343355,40.0,0.0,0.0
2024-03-07,17,12:15,3.0543,16.0793,19.1336,61.69,0.295088,40.0,0.0,0.0
2024-03-07,18,12:30,5.093,3.2115,8.3045,61.69,0.128076,40.0,0.0,0.0
2024-03-07,19,12:45,3.6006,9.5021,13.1027,61.69,0.202077,0.0,40.0,0.0
2024-03-07,20,13:00,4.9802,17.0147,21.9949,60.26,0.331353,0.0,40.0,0.0
2024-03-07,21,13:15,4.3843,17.1381,21.5224,60.26,0.324236,0.0,40.0,0.0
2024-03-07,22,13:30,1.5369,16.0793,17.6162,60.26,0.265388,0.0,40.0,0.0
2024-03-07,23,13:45,1.3266,3.2115,4.5381,60.26,0.068367,100.0,40.0,0.0
2024-03-07,24,14:00,4.184,9.5021,13.6861,63.33,0.216685,60.0,80.0,0.0
2024-03-07,25,14:15,5.1593,17.0147,22.174,63.33,0.35107,60.0,80.0,0.0
2024-03-07,26,14:30,4.2588,17.1381,21.3969,63.33,0.338767,60.0,80.0,0.0
2024-03-07,27,14:45,5.404,16.0793,21.4833,63.33,0.340134,60.0,80.0,0.0
2024-03-07,28,15:00,4.491,3.2115,7.7025,66.04,0.127169,60.0,80.0,0.0
2024-03-07,29,15:15,5.1252,9.5021,14.6273,66.04,0.241496,20.0,120.0,0.0
2024-03-07,30,15:30,3.0543,17.0147,20.069,66.04,0.331339,20.0,120.0,0.0
2024-03-07,31,15:45,5.093,17.1381,22.2311,66.04,0.367035,20.0,120.0,0.0
2024-03-07,32,16:00,3.6006,16.0793,19.6799,69.92,0.344005,20.0,120.0,0.0
2024-03-07,33,16:15,4.9802,3.2115,8.1917,69.92,0.143191,20.0,120.0,0.0
2024-03-07,34,16:30,4.3843,0.0,4.3843,69.92,0.076638,20.0,160.0,0.0
2024-03-07,35,16:45,1.5369,0.0,1.5369,69.92,0.026865,20.0,160.0,0.0
2024-03-07,36,17:00,0.0,0.0,0.0,89.2,0.0,120.0,160.0,0.0
2024-03-07,37,17:15,0.0,0.0,0.0,89.2,0.0,120.0,160.0,0.0
2024-03-07,38,17:30,0.0,0.0,0.0,89.2,0.0,120.0,160.0,0.0
2024-03-07,39,17:45,0.0,0.0,0.0,89.2,0.0,120.0,160.0,0.0
2024-03-07,40,18:00,0.0,0.0,0.0,105.71,0.0,120.0,160.0,0.0
2024-03-07,41,18:15,0.0,0.0,0.0,105.71,0.0,120.0,160.0,0.0
2024-03-07,42,18:30,0.0,0.0,0.0,105.71,0.0,120.0,160.0,0.0
2024-03-07,43,18:45,0.0,0.0,0.0,105.71,0.0,120.0,160.0,0.0
2024-03-07,44,19:00,0.0,0.0,0.0,90.3,0.0,120.0,160.0,0.0
2024-03-07,45,19:15,0.0,0.0,0.0,90.3,0.0,120.0,160.0,0.0
2024-03-07,46,19:30,0.0,0.0,0.0,90.3,0.0,120.0,160.0,0.0
2024-03-07,47,19:45,0.0,0.0,0.0,90.3,0.0,120.0,160.0,0.0
2024-03-07,48,20:00,0.0,0.0,0.0,82.49,0.0,120.0,160.0,0.0
2024-03-07,49,20:15,0.0,0.0,0.0,82.49,0.0,120.0,160.0,0.0
2024-03-07,50,20:30,0.0,0.0,0.0,82.49,0.0,120.0,160.0,0.0
2024-03-07,51,20:45,0.0,0.0,0.0,82.49,0.0,120.0,160.0,0.0
2024-03-07,52,21:00,0.0,0.0,0.0,73.35,0.0,120.0,160.0,0.0
2024-03-07,53,21:15,0.0,0.0,0.0,73.35,0.0,120.0,160.0,0.0
2024-03-07,54,21:30,0.0,0.0,0.0,73.35,0.0,120.0,160.0,0.0
2024-03-07,55,21:45,0.0,0.0,0.0,73.35,0.0,120.0,10.0,150.0
2024-03-08,0,08:00,0.0,0.0,0.0,88.89,0.0,120.0,10.0,0.0
2024-03-08,1,08:15,0.0,0.0,0.0,88.89,0.0,120.0,10.0,0.0
2024-03-08,2,08:30,0.0,0.0,0.0,88.89,0.0,120.0,10.0,0.0
2024-03-08,3,08:45,0.0,0.0,0.0,88.89,0.0,120.0,10.0,0.0
2024-03-08,4,09:00,0.0,0.0,0.0,74.36,0.0,120.0,10.0,0.0
2024-03-08,5,09:15,0.0,9.5021,9.5021,74.36,0.176644,80.0,10.0,0.0
2024-03-08,6,09:30,0.0,17.0147,17.0147,74.36,0.316303,80.0,10.0,0.0
2024-03-08,7,09:45,0.0,17.1381,17.1381,74.36,0.318597,80.0,10.0,0.0
2024-03-08,8,10:00,1.8638,16.0793,17.9431,57.59,0.258336,80.0,10.0,0.0
2024-03-08,9,10:15,6.7293,3.2115,9.9408,57.59,0.143122,80.0,10.0,0.0
2024-03-08,10,10:30,5.9956,9.5021,15.4977,57.59,0.223128,40.0,50.0,0.0
2024-03-08,11,10:45,7.1179,17.0147,24.1326,57.59,0.347449,40.0,50.0,0.0
2024-03-08,12,11:00,6.1091,17.1381,23.2472,52.05,0.302504,40.0,50.0,0.0
2024-03-08,13,11:15,5.6324,16.0793,21.7117,52.05,0.282524,40.0,50.0,0.0
2024-03-08,14,11:30,5.8458,3.2115,9.0573,52.05,0.117858,40.0,50.0,0.0
2024-03-08,15,11:45,5.1816,9.5021,14.6837,52.05,0.191071,0.0,90.0,0.0
2024-03-08,16,12:00,6.7301,17.0147,23.7448,21.77,0.129231,0.0,90.0,0.0
2024-03-08,17,12:15,3.9878,17.1381,21.1259,21.77,0.114978,0.0,90.0,0.0
2024-03-08,18,12:30,1.8638,16.0793,17.9431,21.77,0.097655,100.0,90.0,0.0
2024-03-08,19,12:45,6.7293,3.2115,9.9408,21.77,0.054103,100.0,90.0,0.0
2024-03-08,20,13:00,5.9956,9.5021,15.4977,4.26,0.016505,60.0,130.0,0.0
2024-03-08,21,13:15,7.1179,17.0147,24.1326,4.26,0.025701,60.0,130.0,0.0
2024-03-08,22,13:30,6.1091,17.1381,23.2472,4.26,0.024758,60.0,130.0,0.0
2024-03-08,23,13:45,5.6324,16.0793,21.7117,4.26,0.023123,60.0,130.0,0.0
2024-03-08,24,14:00,5.8458,3.2115,9.0573,24.2,0.054797,60.0,130.0,0.0
2024-03-08,25,14:15,5.1816,9.5021,14.6837,24.2,0.088836,20.0,170.0,0.0
2024-03-08,26,14:30,6.7301,17.0147,23.7448,24.2,0.143656,20.0,170.0,0.0
2024-03-08,27,14:45,3.9878,17.1381,21.1259,24.2,0.127812,20.0,170.0,0.0
2024-03-08,28,15:00,1.8638,16.0793,17.9431,40.25,0.180553,120.0,10.0,160.0
2024-03-08,29,15:15,6.7293,3.2115,9.9408,40.25,0.100029,120.0,10.0,0.0
2024-03-08,30,15:30,5.9956,9.5021,15.4977,40.25,0.155945,80.0,50.0,0.0
2024-03-08,31,15:45,7.1179,17.0147,24.1326,40.25,0.242834,80.0,50.0,0.0
2024-03-08,32,16:00,6.1091,17.1381,23.2472,55.74,0.323949,80.0,50.0,0.0
2024-03-08,33,16:15,5.6324,16.0793,21.7117,55.74,0.302553,80.0,50.0,0.0
2024-03-08,34,16:30,5.8458,3.2115,9.0573,55.74,0.126213,80.0,50.0,0.0
2024-03-08,35,16:45,5.1816,9.5021,14.6837,55.74,0.204617,40.0,90.0,0.0
2024-03-08,36,17:00,6.7301,17.0147,23.7448,71.98,0.427287,40.0,90.0,0.0
2024-03-08,37,17:15,3.9878,17.1381,21.1259,71.98,0.38016,40.0,90.0,0.0
2024-03-08,38,17:30,0.0,16.0793,16.0793,71.98,0.289347,140.0,90.0,0.0
2024-03-08,39,17:45,0.0,3.2115,3.2115,71.98,0.057791,140.0,90.0,0.0
2024-03-08,40,18:00,0.0,0.0,0.0,83.76,0.0,140.0,130.0,0.0
2024-03-08,41,18:15,0.0,0.0,0.0,83.76,0.0,140.0,130.0,0.0
2024-03-08,42,18:30,0.0,0.0,0.0,83.76,0.0,140.0,130.0,0.0
2024-03-08,43,18:45,0.0,0.0,0.0,83.76,0.0,140.0,130.0,0.0
2024-03-08,44,19:00,0.0,0.0,0.0,79.98,0.0,140.0,130.0,0.0
2024-03-08,45,19:15,0.0,0.0,0.0,79.98,0.0,140.0,130.0,0.0
2024-03-08,46,19:30,0.0,0.0,0.0,79.98,0.0,140.0,130.0,0.0
2024-03-08,47,19:45,0.0,0.0,0.0,79.98,0.0,140.0,130.0,0.0
2024-03-08,48,20:00,0.0,0.0,0.0,71.46,0.0,140.0,130.0,0.0
2024-03-08,49,20:15,0.0,0.0,0.0,71.46,0.0,140.0,130.0,0.0
2024-03-08,50,20:30,0.0,0.0,0.0,71.46,0.0,140.0,130.0,0.0
2024-03-08,51,20:45,0.0,9.5021,9.5021,71.46,0.169755,100.0,130.0,0.0
2024-03-08,52,21:00,0.0,17.0147,17.0147,64.9,0.276063,100.0,130.0,0.0
2024-03-08,53,21:15,0.0,17.1381,17.1381,64.9,0.278066,100.0,130.0,0.0
2024-03-08,54,21:30,0.0,16.0793,16.0793,64.9,0.260886,100.0,130.0,0.0
2024-03-08,55,21:45,0.0,3.2115,3.2115,64.9,0.052106,100.0,130.0,0.0
2024-03-11,0,08:00,0.0,0.0,0.0,85.59,0.0,100.0,170.0,0.0
2024-03-11,1,08:15,0.0,0.0,0.0,85.59,0.0,100.0,170.0,0.0
2024-03-11,2,08:30,0.0,0.0,0.0,85.59,0.0,100.0,170.0,0.0
2024-03-11,3,08:45,0.0,0.0,0.0,85.59,0.0,100.0,170.0,0.0
2024-03-11,4,09:00,0.0,0.0,0.0,80.45,0.0,100.0,170.0,0.0
2024-03-11,5,09:15,0.0,0.0,0.0,80.45,0.0,100.0,170.0,0.0
2024-03-11,6,09:30,0.0,0.0,0.0,80.45,0.0,100.0,170.0,0.0
2024-03-11,7,09:45,0.0,0.0,0.0,80.45,0.0,100.0,170.0,0.0
2024-03-11,8,10:00,1.8638,9.5021,11.3659,71.2,0.202314,60.0,170.0,0.0
2024-03-11,9,10:15,6.7293,17.0147,23.744,71.2,0.422642,60.0,170.0,0.0
2024-03-11,10,10:30,5.9956,17.1381,23.1337,71.2,0.41178,60.0,170.0,0.0
2024-03-11,11,10:45,7.1179,16.0793,23.1972,71.2,0.41291,60.0,170.0,0.0
2024-03-11,12,11:00,6.1091,3.2115,9.3206,65.03,0.151529,60.0,170.0,0.0
2024-03-11,13,11:15,5.6324,9.5021,15.1345,65.03,0.24605,20.0,210.0,0.0
2024-03-11,14,11:30,5.8458,17.0147,22.8605,65.03,0.371654,20.0,210.0,0.0
2024-03-11,15,11:45,5.1816,17.1381,22.3197,65.03,0.362862,20.0,210.0,0.0
2024-03-11,16,12:00,6.7301,16.0793,22.8094,60.79,0.346646,20.0,210.0,0.0
2024-03-11,17,12:15,3.9878,3.2115,7.1993,60.79,0.109411,20.0,210.0,0.0
2024-03-11,18,12:30,1.3266,9.5021,10.8287,60.79,0.16457,80.0,250.0,0.0
2024-03-11,19,12:45,4.184,17.0147,21.1986,60.79,0.322166,80.0,250.0,0.0
2024-03-11,20,13:00,5.1593,17.1381,22.2974,66.25,0.369301,80.0,250.0,0.0
2024-03-11,21,13:15,4.2588,16.0793,20.3381,66.25,0.33685,80.0,250.0,0.0
2024-03-11,22,13:30,5.404,3.2115,8.6155,66.25,0.142694,80.0,250.0,0.0
2024-03-11,23,13:45,4.491,9.5021,13.9931,66.25,0.231761,40.0,290.0,0.0
2024-03-11,24,14:00,5.1252,17.0147,22.1399,67.0,0.370843,40.0,290.0,0.0
2024-03-11,25,14:15,3.0543,17.1381,20.1924,67.0,0.338223,40.0,290.0,0.0
2024-03-11,26,14:30,5.093,16.0793,21.1723,67.0,0.354636,40.0,290.0,0.0
2024-03-11,27,14:45,3.6006,3.2115,6.8121,67.0,0.114103,40.0,290.0,0.0
2024-03-11,28,15:00,4.9802,9.5021,14.4823,73.47,0.266004,0.0,180.0,150.0
2024-03-11,29,15:15,4.3843,17.0147,21.399,73.47,0.393046,0.0,180.0,0.0
2024-03-11,30,15:30,1.5369,17.1381,18.675,73.47,0.343013,0.0,180.0,0.0
2024-03-11,31,15:45,0.0,16.0793,16.0793,73.47,0.295336,100.0,180.0,0.0
2024-03-11,32,16:00,0.0,3.2115,3.2115,80.19,0.064382,100.0,180.0,0.0
2024-03-11,33,16:15,0.0,0.0,0.0,80.19,0.0,100.0,220.0,0.0
2024-03-11,34,16:30,0.0,0.0,0.0,80.19,0.0,100.0,220.0,0.0
2024-03-11,35,16:45,0.0,0.0,0.0,80.19,0.0,100.0,220.0,0.0
2024-03-11,36,17:00,0.0,0.0,0.0,91.39,0.0,100.0,220.0,0.0
2024-03-11,37,17:15,0.0,0.0,0.0,91.39,0.0,100.0,220.0,0.0
2024-03-11,38,17:30,0.0,0.0,0.0,91.39,0.0,100.0,220.0,0.0
2024-03-11,39,17:45,0.0,0.0,0.0,91.39,0.0,100.0,220.0,0.0
2024-03-11,40,18:00,0.0,0.0,0.0,100.7,0.0,100.0,220.0,0.0
2024-03-11,41,18:15,0.0,0.0,0.0,100.7,0.0,100.0,220.0,0.0
2024-03-11,42,18:30,0.0,0.0,0.0,100.7,0.0,100.0,220.0,0.0
2024-03-11,43,18:45,0.0,0.0,0.0,100.7,0.0,100.0,220.0,0.0
2024-03-11,44,19:00,0.0,0.0,0.0,108.01,0.0,100.0,220.0,0.0
2024-03-11,45,19:15,0.0,0.0,0.0,108.01,0.0,100.0,220.0,0.0
2024-03-11,46,19:30,0.0,0.0,0.0,108.01,0.0,100.0,220.0,0.0
2024-03-11,47,19:45,0.0,0.0,0.0,108.01,0.0,100.0,220.0,0.0
2024-03-11,48,20:00,0.0,0.0,0.0,87.99,0.0,100.0,220.0,0.0
2024-03-11,49,20:15,0.0,0.0,0.0,87.99,0.0,100.0,220.0,0.0
2024-03-11,50,20:30,0.0,0.0,0.0,87.99,0.0,100.0,220.0,0.0
2024-03-11,51,20:45,0.0,0.0,0.0,87.99,0.0,100.0,220.0,0.0
2024-03-11,52,21:00,0.0,0.0,0.0,76.71,0.0,100.0,220.0,0.0
2024-03-11,53,21:15,0.0,0.0,0.0,76.71,0.0,100.0,220.0,0.0
2024-03-11,54,21:30,0.0,0.0,0.0,76.71,0.0,100.0,220.0,0.0
2024-03-11,55,21:45,0.0,0.0,0.0,76.71,0.0,100.0,110.0,110.0
2024-03-12,0,08:00,0.0,0.0,0.0,100.78,0.0,100.0,110.0,0.0
2024-03-12,1,08:15,0.0,0.0,0.0,100.78,0.0,100.0,110.0,0.0
2024-03-12,2,08:30,0.0,0.0,0.0,100.78,0.0,100.0,110.0,0.0
2024-03-12,3,08:45,0.0,0.0,0.0,100.78,0.0,100.0,110.0,0.0
2024-03-12,4,09:00,0.0,0.0,0.0,93.81,0.0,100.0,110.0,0.0
2024-03-12,5,09:15,0.0,0.0,0.0,93.81,0.0,100.0,110.0,0.0
2024-03-12,6,09:30,0.0,0.0,0.0,93.81,0.0,100.0,110.0,0.0
2024-03-12,7,09:45,0.0,0.0,0.0,93.81,0.0,100.0,110.0,0.0
2024-03-12,8,10:00,0.0,0.0,0.0,85.42,0.0,100.0,110.0,0.0
2024-03-12,9,10:15,0.0,0.0,0.0,85.42,0.0,100.0,110.0,0.0
2024-03-12,10,10:30,0.0,0.0,0.0,85.42,0.0,100.0,110.0,0.0
2024-03-12,11,10:45,0.0,0.0,0.0,85.42,0.0,100.0,110.0,0.0
2024-03-12,12,11:00,0.0,0.0,0.0,80.68,0.0,100.0,110.0,0.0
2024-03-12,13,11:15,0.0,0.0,0.0,80.68,0.0,100.0,110.0,0.0
2024-03-12,14,11:30,0.0,0.0,0.0,80.68,0.0,100.0,110.0,0.0
2024-03-12,15,11:45,1.3266,0.0,1.3266,80.68,0.026758,100.0,110.0,0.0
2024-03-12,16,12:00,4.184,9.5021,13.6861,78.44,0.268384,60.0,110.0,0.0
2024-03-12,17,12:15,5.1593,17.0147,22.174,78.44,0.434833,60.0,110.0,0.0
2024-03-12,18,12:30,4.2588,17.1381,21.3969,78.44,0.419594,60.0,110.0,0.0
2024-03-12,19,12:45,5.404,16.0793,21.4833,78.44,0.421288,60.0,110.0,0.0
2024-03-12,20,13:00,4.491,3.2115,7.7025,78.26,0.1507,60.0,110.0,0.0
2024-03-12,21,13:15,5.1252,9.5021,14.6273,78.26,0.286183,20.0,150.0,0.0
2024-03-12,22,13:30,3.0543,17.0147,20.069,78.26,0.39265,20.0,150.0,0.0
2024-03-12,23,13:45,5.093,17.1381,22.2311,78.26,0.434951,20.0,150.0,0.0
2024-03-12,24,14:00,3.6006,16.0793,19.6799,79.02,0.388777,20.0,150.0,0.0
2024-03-12,25,14:15,4.9802,3.2115,8.1917,79.02,0.161828,20.0,150.0,0.0
2024-03-12,26,14:30,4.3843,0.0,4.3843,79.02,0.086613,20.0,190.0,0.0
2024-03-12,27,14:45,1.5369,0.0,1.5369,79.02,0.030361,20.0,190.0,0.0
2024-03-12,28,15:00,0.0,0.0,0.0,86.34,0.0,120.0,190.0,0.0
2024-03-12,29,15:15,0.0,0.0,0.0,86.34,0.0,120.0,190.0,0.0
2024-03-12,30,15:30,0.0,0.0,0.0,86.34,0.0,120.0,190.0,0.0
2024-03-12,31,15:45,0.0,0.0,0.0,86.34,0.0,120.0,190.0,0.0
2024-03-12,32,16:00,0.0,0.0,0.0,101.61,0.0,120.0,190.0,0.0
2024-03-12,33,16:15,0.0,0.0,0.0,101.61,0.0,120.0,190.0,0.0
2024-03-12,34,16:30,0.0,0.0,0.0,101.61,0.0,120.0,190.0,0.0
2024-03-12,35,16:45,0.0,0.0,0.0,101.61,0.0,120.0,190.0,0.0
2024-03-12,36,17:00,0.0,0.0,0.0,113.06,0.0,120.0,190.0,0.0
2024-03-12,37,17:15,0.0,0.0,0.0,113.06,0.0,120.0,190.0,0.0
2024-03-12,38,17:30,0.0,0.0,0.0,113.06,0.0,120.0,190.0,0.0
2024-03-12,39,17:45,0.0,0.0,0.0,113.06,0.0,120.0,190.0,0.0
2024-03-12,40,18:00,0.0,0.0,0.0,134.92,0.0,120.0,190.0,0.0
2024-03-12,41,18:15,0.0,0.0,0.0,134.92,0.0,120.0,190.0,0.0
2024-03-12,42,18:30,0.0,0.0,0.0,134.92,0.0,120.0,190.0,0.0
2024-03-12,43,18:45,0.0,0.0,0.0,134.92,0.0,120.0,190.0,0.0
2024-03-12,44,19:00,0.0,0.0,0.0,124.57,0.0,120.0,190.0,0.0
2024-03-12,45,19:15,0.0,0.0,0.0,124.57,0.0,120.0,190.0,0.0
2024-03-12,46,19:30,0.0,0.0,0.0,124.57,0.0,120.0,190.0,0.0
2024-03-12,47,19:45,0.0,0.0,0.0,124.57,0.0,120.0,190.0,0.0
2024-03-12,48,20:00,0.0,0.0,0.0,97.48,0.0,120.0,190.0,0.0
2024-03-12,49,20:15,0.0,0.0,0.0,97.48,0.0,120.0,190.0,0.0
2024-03-12,50,20:30,0.0,0.0,0.0,97.48,0.0,120.0,190.0,0.0
2024-03-12,51,20:45,0.0,0.0,0.0,97.48,0.0,120.0,190.0,0.0
2024-03-12,52,21:00,0.0,0.0,0.0,83.63,0.0,120.0,190.0,0.0
2024-03-12,53,21:15,0.0,0.0,0.0,83.63,0.0,120.0,190.0,0.0
2024-03-12,54,21:30,0.0,0.0,0.0,83.63,0.0,120.0,190.0,0.0
2024-03-12,55,21:45,0.0,0.0,0.0,83.63,0.0,120.0,50.0,140.0
2024-03-13,0,08:00,0.0,0.0,0.0,89.91,0.0,120.0,50.0,0.0
2024-03-13,1,08:15,0.0,0.0,0.0,89.91,0.0,120.0,50.0,0.0
2024-03-13,2,08:30,0.0,0.0,0.0,89.91,0.0,120.0,50.0,0.0
2024-03-13,3,08:45,0.0,0.0,0.0,89.91,0.0,120.0,50.0,0.0
2024-03-13,4,09:00,0.0,0.0,0.0,77.71,0.0,120.0,50.0,0.0
2024-03-13,5,09:15,0.0,0.0,0.0,77.71,0.0,120.0,50.0,0.0
2024-03-13,6,09:30,1.3266,0.0,1.3266,77.71,0.025773,120.0,50.0,0.0
2024-03-13,7,09:45,4.184,9.5021,13.6861,77.71,0.265886,80.0,50.0,0.0
2024-03-13,8,10:00,5.1593,17.0147,22.174,68.07,0.377346,80.0,50.0,0.0
2024-03-13,9,10:15,4.2588,17.1381,21.3969,68.07,0.364122,80.0,50.0,0.0
2024-03-13,10,10:30,5.404,16.0793,21.4833,68.07,0.365592,80.0,50.0,0.0
2024-03-13,11,10:45,4.491,3.2115,7.7025,68.07,0.131078,80.0,50.0,0.0
2024-03-13,12,11:00,5.1252,9.5021,14.6273,64.85,0.237145,40.0,90.0,0.0
2024-03-13,13,11:15,3.0543,17.0147,20.069,64.85,0.325369,40.0,90.0,0.0
2024-03-13,14,11:30,5.093,17.1381,22.2311,64.85,0.360422,40.0,90.0,0.0
2024-03-13,15,11:45,3.6006,16.0793,19.6799,64.85,0.319061,40.0,90.0,0.0
2024-03-13,16,12:00,4.9802,3.2115,8.1917,64.61,0.132317,40.0,90.0,0.0
2024-03-13,17,12:15,4.3843,9.5021,13.8864,64.61,0.224301,0.0,130.0,0.0
2024-03-13,18,12:30,1.5369,17.0147,18.5516,64.61,0.299654,0.0,130.0,0.0
2024-03-13,19,12:45,1.3266,17.1381,18.4647,64.61,0.298252,100.0,130.0,0.0
2024-03-13,20,13:00,4.184,16.0793,20.2632,64.83,0.328417,100.0,130.0,0.0
2024-03-13,21,13:15,5.1593,3.2115,8.3708,64.83,0.13567,100.0,130.0,0.0
2024-03-13,22,13:30,4.2588,9.5021,13.7609,64.83,0.22303,60.0,170.0,0.0
2024-03-13,23,13:45,5.404,17.0147,22.4187,64.83,0.363351,60.0,170.0,0.0
2024-03-13,24,14:00,4.491,17.1381,21.6291,63.96,0.34585,60.0,170.0,0.0
2024-03-13,25,14:15,5.1252,16.0793,21.2045,63.96,0.339059,60.0,170.0,0.0
2024-03-13,26,14:30,3.0543,3.2115,6.2658,63.96,0.100191,60.0,170.0,0.0
2024-03-13,27,14:45,5.093,9.5021,14.5951,63.96,0.233376,20.0,210.0,0.0
2024-03-13,28,15:00,3.6006,17.0147,20.6153,67.84,0.349636,20.0,20.0,190.0
2024-03-13,29,15:15,4.9802,17.1381,22.1183,67.84,0.375127,20.0,20.0,0.0
2024-03-13,30,15:30,4.3843,16.0793,20.4636,67.84,0.347063,20.0,20.0,0.0
2024-03-13,31,15:45,1.5369,3.2115,4.7484,67.84,0.080532,20.0,20.0,0.0
2024-03-13,32,16:00,0.0,9.5021,9.5021,73.53,0.174672,80.0,60.0,0.0
2024-03-13,33,16:15,0.0,17.0147,17.0147,73.53,0.312772,80.0,60.0,0.0
2024-03-13,34,16:30,0.0,17.1381,17.1381,73.53,0.315041,80.0,60.0,0.0
2024-03-13,35,16:45,0.0,16.0793,16.0793,73.53,0.295577,80.0,60.0,0.0
2024-03-13,36,17:00,0.0,3.2115,3.2115,89.91,0.072186,80.0,60.0,0.0
2024-03-13,37,17:15,0.0,0.0,0.0,89.91,0.0,80.0,100.0,0.0
2024-03-13,38,17:30,0.0,0.0,0.0,89.91,0.0,80.0,100.0,0.0
2024-03-13,39,17:45,0.0,0.0,0.0,89.91,0.0,80.0,100.0,0.0
2024-03-13,40,18:00,0.0,0.0,0.0,97.8,0.0,80.0,100.0,0.0
2024-03-13,41,18:15,0.0,0.0,0.0,97.8,0.0,80.0,100.0,0.0
2024-03-13,42,18:30,0.0,0.0,0.0,97.8,0.0,80.0,100.0,0.0
2024-03-13,43,18:45,0.0,0.0,0.0,97.8,0.0,80.0,100.0,0.0
2024-03-13,44,19:00,0.0,0.0,0.0,94.36,0.0,80.0,100.0,0.0
2024-03-13,45,19:15,0.0,0.0,0.0,94.36,0.0,80.0,100.0,0.0
2024-03-13,46,19:30,0.0,0.0,0.0,94.36,0.0,80.0,100.0,0.0
2024-03-13,47,19:45,0.0,0.0,0.0,94.36,0.0,80.0,100.0,0.0
2024-03-13,48,20:00,0.0,0.0,0.0,76.98,0.0,80.0,100.0,0.0
2024-03-13,49,20:15,0.0,0.0,0.0,76.98,0.0,80.0,100.0,0.0
2024-03-13,50,20:30,0.0,9.5021,9.5021,76.98,0.182868,40.0,100.0,0.0
2024-03-13,51,20:45,0.0,17.0147,17.0147,76.98,0.327447,40.0,100.0,0.0
2024-03-13,52,21:00,0.0,17.1381,17.1381,66.82,0.286292,40.0,100.0,0.0
2024-03-13,53,21:15,0.0,16.0793,16.0793,66.82,0.268604,40.0,100.0,0.0
2024-03-13,54,21:30,0.0,3.2115,3.2115,66.82,0.053648,40.0,100.0,0.0
2024-03-13,55,21:45,0.0,0.0,0.0,66.82,0.0,40.0,0.0,140.0
2024-03-14,0,08:00,0.0,0.0,0.0,81.99,0.0,40.0,0.0,0.0
2024-03-14,1,08:15,0.0,0.0,0.0,81.99,0.0,40.0,0.0,0.0
2024-03-14,2,08:30,0.0,0.0,0.0,81.99,0.0,40.0,0.0,0.0
2024-03-14,3,08:45,0.0,0.0,0.0,81.99,0.0,40.0,0.0,0.0
2024-03-14,4,09:00,0.0,0.0,0.0,65.71,0.0,40.0,0.0,0.0
2024-03-14,5,09:15,0.0,0.0,0.0,65.71,0.0,40.0,0.0,0.0
2024-03-14,6,09:30,1.3266,0.0,1.3266,65.71,0.021793,40.0,0.0,0.0
2024-03-14,7,09:45,4.184,0.0,4.184,65.71,0.068732,40.0,0.0,0.0
2024-03-14,8,10:00,5.1593,0.0,5.1593,54.32,0.070064,40.0,0.0,0.0
2024-03-14,9,10:15,4.2588,0.0,4.2588,54.32,0.057835,40.0,0.0,0.0
2024-03-14,10,10:30,5.404,0.0,5.404,54.32,0.073387,40.0,0.0,0.0
2024-03-14,11,10:45,4.491,0.0,4.491,54.32,0.060988,40.0,0.0,0.0
2024-03-14,12,11:00,5.1252,9.5021,14.6273,52.37,0.191508,0.0,0.0,0.0
2024-03-14,13,11:15,3.0543,17.0147,20.069,52.37,0.262754,0.0,0.0,0.0
2024-03-14,14,11:30,5.093,17.1381,22.2311,52.37,0.291061,0.0,0.0,0.0
2024-03-14,15,11:45,3.6006,16.0793,19.6799,52.37,0.257659,0.0,0.0,0.0
2024-03-14,16,12:00,4.9802,3.2115,8.1917,52.83,0.108192,0.0,0.0,0.0
2024-03-14,17,12:15,4.3843,0.0,4.3843,52.83,0.057906,0.0,40.0,0.0
2024-03-14,18,12:30,1.5369,0.0,1.5369,52.83,0.020298,0.0,40.0,0.0
2024-03-14,19,12:45,1.3266,9.5021,10.8287,52.83,0.14302,60.0,40.0,0.0
2024-03-14,20,13:00,4.184,17.0147,21.1986,49.16,0.260531,60.0,40.0,0.0
2024-03-14,21,13:15,5.1593,17.1381,22.2974,49.16,0.274036,60.0,40.0,0.0
2024-03-14,22,13:30,4.2588,16.0793,20.3381,49.16,0.249955,60.0,40.0,0.0
2024-03-14,23,13:45,5.404,3.2115,8.6155,49.16,0.105885,60.0,40.0,0.0
2024-03-14,24,14:00,4.491,9.5021,13.9931,52.84,0.184849,20.0,80.0,0.0
2024-03-14,25,14:15,5.1252,17.0147,22.1399,52.84,0.292468,20.0,80.0,0.0
2024-03-14,26,14:30,3.0543,17.1381,20.1924,52.84,0.266742,20.0,80.0,0.0
2024-03-14,27,14:45,5.093,16.0793,21.1723,52.84,0.279686,20.0,80.0,0.0
2024-03-14,28,15:00,3.6006,3.2115,6.8121,58.91,0.100326,20.0,80.0,0.0
2024-03-14,29,15:15,4.9802,0.0,4.9802,58.91,0.073347,20.0,120.0,0.0
2024-03-14,30,15:30,4.3843,0.0,4.3843,58.91,0.06457,20.0,120.0,0.0
2024-03-14,31,15:45,1.5369,0.0,1.5369,58.91,0.022635,20.0,120.0,0.0
2024-03-14,32,16:00,0.0,0.0,0.0,73.21,0.0,120.0,120.0,0.0
2024-03-14,33,16:15,0.0,0.0,0.0,73.21,0.0,120.0,120.0,0.0
2024-03-14,34,16:30,0.0,0.0,0.0,73.21,0.0,120.0,120.0,0.0
2024-03-14,35,16:45,0.0,0.0,0.0,73.21,0.0,120.0,120.0,0.0
2024-03-14,36,17:00,0.0,0.0,0.0,91.04,0.0,120.0,120.0,0.0
2024-03-14,37,17:15,0.0,0.0,0.0,91.04,0.0,120.0,120.0,0.0
2024-03-14,38,17:30,0.0,0.0,0.0,91.04,0.0,120.0,120.0,0.0
2024-03-14,39,17:45,0.0,0.0,0.0,91.04,0.0,120.0,120.0,0.0
2024-03-14,40,18:00,0.0,0.0,0.0,114.77,0.0,120.0,120.0,0.0
2024-03-14,41,18:15,0.0,0.0,0.0,114.77,0.0,120.0,120.0,0.0
2024-03-14,42,18:30,0.0,0.0,0.0,114.77,0.0,120.0,120.0,0.0
2024-03-14,43,18:45,0.0,0.0,0.0,114.77,0.0,120.0,120.0,0.0
2024-03-14,44,19:00,0.0,0.0,0.0,91.04,0.0,120.0,120.0,0.0
2024-03-14,45,19:15,0.0,0.0,0.0,91.04,0.0,120.0,120.0,0.0
2024-03-14,46,19:30,0.0,0.0,0.0,91.04,0.0,120.0,120.0,0.0
2024-03-14,47,19:45,0.0,0.0,0.0,91.04,0.0,120.0,120.0,0.0
2024-03-14,48,20:00,0.0,0.0,0.0,74.09,0.0,120.0,120.0,0.0
2024-03-14,49,20:15,0.0,0.0,0.0,74.09,0.0,120.0,120.0,0.0
2024-03-14,50,20:30,0.0,0.0,0.0,74.09,0.0,120.0,120.0,0.0
2024-03-14,51,20:45,0.0,0.0,0.0,74.09,0.0,120.0,120.0,0.0
2024-03-14,52,21:00,0.0,0.0,0.0,62.63,0.0,120.0,120.0,0.0
2024-03-14,53,21:15,0.0,0.0,0.0,62.63,0.0,120.0,120.0,0.0
2024-03-14,54,21:30,0.0,0.0,0.0,62.63,0.0,120.0,120.0,0.0
2024-03-14,55,21:45,0.0,0.0,0.0,62.63,0.0,120.0,10.0,110.0
2024-03-15,0,08:00,0.0,0.0,0.0,68.75,0.0,120.0,10.0,0.0
2024-03-15,1,08:15,0.0,0.0,0.0,68.75,0.0,120.0,10.0,0.0
2024-03-15,2,08:30,0.0,0.0,0.0,68.75,0.0,120.0,10.0,0.0
2024-03-15,3,08:45,0.0,0.0,0.0,68.75,0.0,120.0,10.0,0.0
2024-03-15,4,09:00,0.0,0.0,0.0,53.8,0.0,120.0,10.0,0.0
2024-03-15,5,09:15,0.0,0.0,0.0,53.8,0.0,120.0,10.0,0.0
2024-03-15,6,09:30,0.0,9.5021,9.5021,53.8,0.127803,80.0,10.0,0.0
2024-03-15,7,09:45,0.0,17.0147,17.0147,53.8,0.228847,80.0,10.0,0.0
2024-03-15,8,10:00,1.8638,17.1381,19.0019,46.56,0.221183,80.0,10.0,0.0
2024-03-15,9,10:15,6.7293,16.0793,22.8086,46.56,0.265492,80.0,10.0,0.0
2024-03-15,10,10:30,5.9956,3.2115,9.2071,46.56,0.10717,80.0,10.0,0.0
2024-03-15,11,10:45,7.1179,9.5021,16.62,46.56,0.193457,40.0,50.0,0.0
2024-03-15,12,11:00,6.1091,17.0147,23.1237,39.27,0.227017,40.0,50.0,0.0
2024-03-15,13,11:15,5.6324,17.1381,22.7705,39.27,0.22355,40.0,50.0,0.0
2024-03-15,14,11:30,5.8458,16.0793,21.9251,39.27,0.21525,40.0,50.0,0.0
2024-03-15,15,11:45,5.1816,3.2115,8.3931,39.27,0.082399,40.0,50.0,0.0
2024-03-15,16,12:00,6.7301,9.5021,16.2322,38.34,0.155586,0.0,90.0,0.0
2024-03-15,17,12:15,3.9878,17.0147,21.0025,38.34,0.201309,0.0,90.0,0.0
2024-03-15,18,12:30,1.8638,17.1381,19.0019,38.34,0.182134,100.0,90.0,0.0
2024-03-15,19,12:45,6.7293,16.0793,22.8086,38.34,0.21862,100.0,90.0,0.0
2024-03-15,20,13:00,5.9956,3.2115,9.2071,36.87,0.084866,100.0,90.0,0.0
2024-03-15,21,13:15,7.1179,9.5021,16.62,36.87,0.153195,60.0,130.0,0.0
2024-03-15,22,13:30,6.1091,17.0147,23.1237,36.87,0.213143,60.0,130.0,0.0
2024-03-15,23,13:45,5.6324,17.1381,22.7705,36.87,0.209887,60.0,130.0,0.0
2024-03-15,24,14:00,5.8458,16.0793,21.9251,44.93,0.246274,60.0,130.0,0.0
2024-03-15,25,14:15,5.1816,3.2115,8.3931,44.93,0.094275,60.0,130.0,0.0
2024-03-15,26,14:30,6.7301,9.5021,16.2322,44.93,0.182328,20.0,170.0,0.0
2024-03-15,27,14:45,3.9878,17.0147,21.0025,44.93,0.23591,20.0,170.0,0.0
2024-03-15,28,15:00,0.0,17.1381,17.1381,51.55,0.220867,120.0,30.0,140.0
2024-03-15,29,15:15,0.0,16.0793,16.0793,51.55,0.207222,120.0,30.0,0.0
2024-03-15,30,15:30,0.0,3.2115,3.2115,51.55,0.041388,120.0,30.0,0.0
2024-03-15,31,15:45,0.0,0.0,0.0,51.55,0.0,120.0,70.0,0.0
2024-03-15,32,16:00,0.0,0.0,0.0,66.7,0.0,120.0,70.0,0.0
2024-03-15,33,16:15,0.0,0.0,0.0,66.7,0.0,120.0,70.0,0.0
2024-03-15,34,16:30,0.0,0.0,0.0,66.7,0.0,120.0,70.0,0.0
2024-03-15,35,16:45,0.0,0.0,0.0,66.7,0.0,120.0,70.0,0.0
2024-03-15,36,17:00,0.0,0.0,0.0,86.92,0.0,120.0,70.0,0.0
2024-03-15,37,17:15,0.0,0.0,0.0,86.92,0.0,120.0,70.0,0.0
2024-03-15,38,17:30,0.0,0.0,0.0,86.92,0.0,120.0,70.0,0.0
2024-03-15,39,17:45,0.0,0.0,0.0,86.92,0.0,120.0,70.0,0.0
2024-03-15,40,18:00,0.0,0.0,0.0,82.03,0.0,120.0,70.0,0.0
2024-03-15,41,18:15,0.0,0.0,0.0,82.03,0.0,120.0,70.0,0.0
2024-03-15,42,18:30,0.0,0.0,0.0,82.03,0.0,120.0,70.0,0.0
2024-03-15,43,18:45,0.0,0.0,0.0,82.03,0.0,120.0,70.0,0.0
2024-03-15,44,19:00,0.0,0.0,0.0,87.99,0.0,120.0,70.0,0.0
2024-03-15,45,19:15,0.0,0.0,0.0,87.99,0.0,120.0,70.0,0.0
2024-03-15,46,19:30,0.0,0.0,0.0,87.99,0.0,120.0,70.0,0.0
2024-03-15,47,19:45,0.0,0.0,0.0,87.99,0.0,120.0,70.0,0.0
2024-03-15,48,20:00,0.0,0.0,0.0,64.26,0.0,120.0,70.0,0.0
2024-03-15,49,20:15,0.0,0.0,0.0,64.26,0.0,120.0,70.0,0.0
2024-03-15,50,20:30,0.0,0.0,0.0,64.26,0.0,120.0,70.0,0.0
2024-03-15,51,20:45,0.0,9.5021,9.5021,64.26,0.152651,80.0,70.0,0.0
2024-03-15,52,21:00,0.0,17.0147,17.0147,55.36,0.235483,80.0,70.0,0.0
2024-03-15,53,21:15,0.0,17.1381,17.1381,55.36,0.237191,80.0,70.0,0.0
2024-03-15,54,21:30,0.0,16.0793,16.0793,55.36,0.222537,80.0,70.0,0.0
2024-03-15,55,21:45,0.0,3.2115,3.2115,55.36,0.044447,80.0,70.0,0.0
2024-03-18,0,08:00,0.0,0.0,0.0,94.45,0.0,80.0,110.0,0.0
2024-03-18,1,08:15,0.0,0.0,0.0,94.45,0.0,80.0,110.0,0.0
2024-03-18,2,08:30,0.0,0.0,0.0,94.45,0.0,80.0,110.0,0.0
2024-03-18,3,08:45,0.0,0.0,0.0,94.45,0.0,80.0,110.0,0.0
2024-03-18,4,09:00,0.0,0.0,0.0,82.8,0.0,80.0,110.0,0.0
2024-03-18,5,09:15,0.0,0.0,0.0,82.8,0.0,80.0,110.0,0.0
2024-03-18,6,09:30,0.0,0.0,0.0,82.8,0.0,80.0,110.0,0.0
2024-03-18,7,09:45,0.0,0.0,0.0,82.8,0.0,80.0,110.0,0.0
2024-03-18,8,10:00,0.0,0.0,0.0,72.84,0.0,80.0,110.0,0.0
2024-03-18,9,10:15,0.0,0.0,0.0,72.84,0.0,80.0,110.0,0.0
2024-03-18,10,10:30,0.0,0.0,0.0,72.84,0.0,80.0,110.0,0.0
2024-03-18,11,10:45,0.0,0.0,0.0,72.84,0.0,80.0,110.0,0.0
2024-03-18,12,11:00,0.0,0.0,0.0,66.64,0.0,80.0,110.0,0.0
2024-03-18,13,11:15,0.0,0.0,0.0,66.64,0.0,80.0,110.0,0.0
2024-03-18,14,11:30,0.0,0.0,0.0,66.64,0.0,80.0,110.0,0.0
2024-03-18,15,11:45,0.0,0.0,0.0,66.64,0.0,80.0,110.0,0.0
2024-03-18,16,12:00,0.0,0.0,0.0,67.7,0.0,80.0,110.0,0.0
2024-03-18,17,12:15,0.0,0.0,0.0,67.7,0.0,80.0,110.0,0.0
2024-03-18,18,12:30,0.0,0.0,0.0,67.7,0.0,80.0,110.0,0.0
2024-03-18,19,12:45,0.0,0.0,0.0,67.7,0.0,80.0,110.0,0.0
2024-03-18,20,13:00,0.0,0.0,0.0,68.3,0.0,80.0,110.0,0.0
2024-03-18,21,13:15,0.0,0.0,0.0,68.3,0.0,80.0,110.0,0.0
2024-03-18,22,13:30,0.0,0.0,0.0,68.3,0.0,80.0,110.0,0.0
2024-03-18,23,13:45,0.0,0.0,0.0,68.3,0.0,80.0,110.0,0.0
2024-03-18,24,14:00,0.0,0.0,0.0,68.94,0.0,80.0,110.0,0.0
2024-03-18,25,14:15,0.0,0.0,0.0,68.94,0.0,80.0,110.0,0.0
2024-03-18,26,14:30,0.0,0.0,0.0,68.94,0.0,80.0,110.0,0.0
2024-03-18,27,14:45,0.0,0.0,0.0,68.94,0.0,80.0,110.0,0.0
2024-03-18,28,15:00,0.0,0.0,0.0,73.4,0.0,80.0,110.0,0.0
2024-03-18,29,15:15,0.0,0.0,0.0,73.4,0.0,80.0,110.0,0.0
2024-03-18,30,15:30,0.0,0.0,0.0,73.4,0.0,80.0,110.0,0.0
2024-03-18,31,15:45,0.0,0.0,0.0,73.4,0.0,80.0,110.0,0.0
2024-03-18,32,16:00,0.0,0.0,0.0,78.98,0.0,80.0,110.0,0.0
2024-03-18,33,16:15,0.0,0.0,0.0,78.98,0.0,80.0,110.0,0.0
2024-03-18,34,16:30,0.0,0.0,0.0,78.98,0.0,80.0,110.0,0.0
2024-03-18,35,16:45,0.0,0.0,0.0,78.98,0.0,80.0,110.0,0.0
2024-03-18,36,17:00,0.0,0.0,0.0,107.65,0.0,80.0,110.0,0.0
2024-03-18,37,17:15,0.0,0.0,0.0,107.65,0.0,80.0,110.0,0.0
2024-03-18,38,17:30,0.0,0.0,0.0,107.65,0.0,80.0,110.0,0.0
2024-03-18,39,17:45,0.0,0.0,0.0,107.65,0.0,80.0,110.0,0.0
2024-03-18,40,18:00,0.0,0.0,0.0,145.71,0.0,80.0,110.0,0.0
2024-03-18,41,18:15,0.0,0.0,0.0,145.71,0.0,80.0,110.0,0.0
2024-03-18,42,18:30,0.0,0.0,0.0,145.71,0.0,80.0,110.0,0.0
2024-03-18,43,18:45,0.0,0.0,0.0,145.71,0.0,80.0,110.0,0.0
2024-03-18,44,19:00,0.0,0.0,0.0,126.53,0.0,80.0,110.0,0.0
2024-03-18,45,19:15,0.0,0.0,0.0,126.53,0.0,80.0,110.0,0.0
2024-03-18,46,19:30,0.0,0.0,0.0,126.53,0.0,80.0,110.0,0.0
2024-03-18,47,19:45,0.0,0.0,0.0,126.53,0.0,80.0,110.0,0.0
2024-03-18,48,20:00,0.0,0.0,0.0,103.72,0.0,80.0,110.0,0.0
2024-03-18,49,20:15,0.0,0.0,0.0,103.72,0.0,80.0,110.0,0.0
2024-03-18,50,20:30,0.0,0.0,0.0,103.72,0.0,80.0,110.0,0.0
2024-03-18,51,20:45,0.0,0.0,0.0,103.72,0.0,80.0,110.0,0.0
2024-03-18,52,21:00,0.0,0.0,0.0,81.2,0.0,80.0,110.0,0.0
2024-03-18,53,21:15,0.0,0.0,0.0,81.2,0.0,80.0,110.0,0.0
2024-03-18,54,21:30,0.0,0.0,0.0,81.2,0.0,80.0,110.0,0.0
2024-03-18,55,21:45,0.0,0.0,0.0,81.2,0.0,80.0,20.0,90.0
2024-03-19,0,08:00,0.0,0.0,0.0,95.87,0.0,80.0,20.0,0.0
2024-03-19,1,08:15,0.0,0.0,0.0,95.87,0.0,80.0,20.0,0.0
2024-03-19,2,08:30,0.0,0.0,0.0,95.87,0.0,80.0,20.0,0.0
2024-03-19,3,08:45,0.0,0.0,0.0,95.87,0.0,80.0,20.0,0.0
2024-03-19,4,09:00,0.0,0.0,0.0,72.02,0.0,80.0,20.0,0.0
2024-03-19,5,09:15,0.0,0.0,0.0,72.02,0.0,80.0,20.0,0.0
2024-03-19,6,09:30,0.0,0.0,0.0,72.02,0.0,80.0,20.0,0.0
2024-03-19,7,09:45,0.0,0.0,0.0,72.02,0.0,80.0,20.0,0.0
2024-03-19,8,10:00,0.0,0.0,0.0,65.36,0.0,80.0,20.0,0.0
2024-03-19,9,10:15,0.0,0.0,0.0,65.36,0.0,80.0,20.0,0.0
2024-03-19,10,10:30,0.0,0.0,0.0,65.36,0.0,80.0,20.0,0.0
2024-03-19,11,10:45,1.3266,0.0,1.3266,65.36,0.021677,80.0,20.0,0.0
2024-03-19,12,11:00,4.184,0.0,4.184,58.82,0.061525,80.0,20.0,0.0
2024-03-19,13,11:15,5.1593,0.0,5.1593,58.82,0.075868,80.0,20.0,0.0
2024-03-19,14,11:30,4.2588,9.5021,13.7609,58.82,0.202355,40.0,20.0,0.0
2024-03-19,15,11:45,5.404,17.0147,22.4187,58.82,0.329667,40.0,20.0,0.0
2024-03-19,16,12:00,4.491,17.1381,21.6291,54.47,0.294535,40.0,20.0,0.0
2024-03-19,17,12:15,5.1252,16.0793,21.2045,54.47,0.288752,40.0,20.0,0.0
2024-03-19,18,12:30,3.0543,3.2115,6.2658,54.47,0.085325,40.0,20.0,0.0
2024-03-19,19,12:45,5.093,9.5021,14.5951,54.47,0.198749,0.0,60.0,0.0
2024-03-19,20,13:00,3.6006,17.0147,20.6153,56.72,0.292325,0.0,60.0,0.0
2024-03-19,21,13:15,4.9802,17.1381,22.1183,56.72,0.313638,0.0,60.0,0.0
2024-03-19,22,13:30,4.3843,16.0793,20.4636,56.72,0.290174,0.0,60.0,0.0
2024-03-19,23,13:45,1.5369,3.2115,4.7484,56.72,0.067332,0.0,60.0,0.0
2024-03-19,24,14:00,0.0,9.5021,9.5021,60.48,0.143672,60.0,100.0,0.0
2024-03-19,25,14:15,0.0,17.0147,17.0147,60.48,0.257262,60.0,100.0,0.0
2024-03-19,26,14:30,0.0,17.1381,17.1381,60.48,0.259128,60.0,100.0,0.0
2024-03-19,27,14:45,0.0,16.0793,16.0793,60.48,0.243119,60.0,100.0,0.0
2024-03-19,28,15:00,0.0,3.2115,3.2115,70.05,0.056241,60.0,100.0,0.0
2024-03-19,29,15:15,0.0,0.0,0.0,70.05,0.0,60.0,140.0,0.0
2024-03-19,30,15:30,0.0,0.0,0.0,70.05,0.0,60.0,140.0,0.0
2024-03-19,31,15:45,0.0,0.0,0.0,70.05,0.0,60.0,140.0,0.0
2024-03-19,32,16:00,0.0,0.0,0.0,73.7,0.0,60.0,140.0,0.0
2024-03-19,33,16:15,0.0,0.0,0.0,73.7,0.0,60.0,140.0,0.0
2024-03-19,34,16:30,0.0,0.0,0.0,73.7,0.0,60.0,140.0,0.0
2024-03-19,35,16:45,0.0,0.0,0.0,73.7,0.0,60.0,140.0,0.0
2024-03-19,36,17:00,0.0,0.0,0.0,103.95,0.0,60.0,140.0,0.0
2024-03-19,37,17:15,0.0,0.0,0.0,103.95,0.0,60.0,140.0,0.0
2024-03-19,38,17:30,0.0,0.0,0.0,103.95,0.0,60.0,140.0,0.0
2024-03-19,39,17:45,0.0,0.0,0.0,103.95,0.0,60.0,140.0,0.0
2024-03-19,40,18:00,0.0,0.0,0.0,131.42,0.0,60.0,140.0,0.0
2024-03-19,41,18:15,0.0,0.0,0.0,131.42,0.0,60.0,140.0,0.0
2024-03-19,42,18:30,0.0,0.0,0.0,131.42,0.0,60.0,140.0,0.0
2024-03-19,43,18:45,0.0,0.0,0.0,131.42,0.0,60.0,140.0,0.0
2024-03-19,44,19:00,0.0,0.0,0.0,128.96,0.0,60.0,140.0,0.0
2024-03-19,45,19:15,0.0,0.0,0.0,128.96,0.0,60.0,140.0,0.0
2024-03-19,46,19:30,0.0,0.0,0.0,128.96,0.0,60.0,140.0,0.0
2024-03-19,47,19:45,0.0,0.0,0.0,128.96,0.0,60.0,140.0,0.0
2024-03-19,48,20:00,0.0,0.0,0.0,110.0,0.0,60.0,140.0,0.0
2024-03-19,49,20:15,0.0,0.0,0.0,110.0,0.0,60.0,140.0,0.0
2024-03-19,50,20:30,0.0,0.0,0.0,110.0,0.0,60.0,140.0,0.0
2024-03-19,51,20:45,0.0,0.0,0.0,110.0,0.0,60.0,140.0,0.0
2024-03-19,52,21:00,0.0,0.0,0.0,89.02,0.0,60.0,140.0,0.0
2024-03-19,53,21:15,0.0,0.0,0.0,89.02,0.0,60.0,140.0,0.0
2024-03-19,54,21:30,0.0,0.0,0.0,89.02,0.0,60.0,140.0,0.0
2024-03-19,55,21:45,0.0,0.0,0.0,89.02,0.0,60.0,70.0,70.0
2024-03-20,0,08:00,0.0,0.0,0.0,98.33,0.0,60.0,70.0,0.0
2024-03-20,1,08:15,0.0,0.0,0.0,98.33,0.0,60.0,70.0,0.0
2024-03-20,2,08:30,0.0,0.0,0.0,98.33,0.0,60.0,70.0,0.0
2024-03-20,3,08:45,0.0,0.0,0.0,98.33,0.0,60.0,70.0,0.0
2024-03-20,4,09:00,1.8638,0.0,1.8638,70.63,0.032911,60.0,70.0,0.0
2024-03-20,5,09:15,6.7293,0.0,6.7293,70.63,0.118822,60.0,70.0,0.0
2024-03-20,6,09:30,5.9956,0.0,5.9956,70.63,0.105867,60.0,70.0,0.0
2024-03-20,7,09:45,7.1179,0.0,7.1179,70.63,0.125684,60.0,70.0,0.0
2024-03-20,8,10:00,6.1091,0.0,6.1091,66.0,0.1008,60.0,70.0,0.0
2024-03-20,9,10:15,5.6324,9.5021,15.1345,66.0,0.24972,20.0,70.0,0.0
2024-03-20,10,10:30,5.8458,17.0147,22.8605,66.0,0.377198,20.0,70.0,0.0
2024-03-20,11,10:45,5.1816,17.1381,22.3197,66.0,0.368275,20.0,70.0,0.0
2024-03-20,12,11:00,6.7301,16.0793,22.8094,65.39,0.372876,20.0,70.0,0.0
2024-03-20,13,11:15,3.9878,3.2115,7.1993,65.39,0.11769,20.0,70.0,0.0
2024-03-20,14,11:30,0.0,9.5021,9.5021,65.39,0.155335,80.0,110.0,0.0
2024-03-20,15,11:45,1.3266,17.0147,18.3413,65.39,0.299835,80.0,110.0,0.0
2024-03-20,16,12:00,4.184,17.1381,21.3221,61.43,0.327454,80.0,110.0,0.0
2024-03-20,17,12:15,5.1593,16.0793,21.2386,61.43,0.326172,80.0,110.0,0.0
2024-03-20,18,12:30,4.2588,3.2115,7.4703,61.43,0.114726,80.0,110.0,0.0
2024-03-20,19,12:45,5.404,9.5021,14.9061,61.43,0.228921,40.0,150.0,0.0
2024-03-20,20,13:00,4.491,17.0147,21.5057,63.95,0.343823,40.0,150.0,0.0
2024-03-20,21,13:15,5.1252,17.1381,22.2633,63.95,0.355934,40.0,150.0,0.0
2024-03-20,22,13:30,3.0543,16.0793,19.1336,63.95,0.305899,40.0,150.0,0.0
2024-03-20,23,13:45,5.093,3.2115,8.3045,63.95,0.132768,40.0,150.0,0.0
2024-03-20,24,14:00,3.6006,9.5021,13.1027,64.35,0.21079,0.0,190.0,0.0
2024-03-20,25,14:15,4.9802,17.0147,21.9949,64.35,0.353843,0.0,190.0,0.0
2024-03-20,26,14:30,4.3843,17.1381,21.5224,64.35,0.346242,0.0,190.0,0.0
2024-03-20,27,14:45,1.5369,16.0793,17.6162,64.35,0.2834,0.0,190.0,0.0
2024-03-20,28,15:00,0.0,3.2115,3.2115,70.78,0.056827,100.0,190.0,0.0
2024-03-20,29,15:15,0.0,0.0,0.0,70.78,0.0,100.0,230.0,0.0
2024-03-20,30,15:30,0.0,0.0,0.0,70.78,0.0,100.0,230.0,0.0
2024-03-20,31,15:45,0.0,0.0,0.0,70.78,0.0,100.0,230.0,0.0
2024-03-20,32,16:00,0.0,0.0,0.0,87.07,0.0,100.0,230.0,0.0
2024-03-20,33,16:15,0.0,0.0,0.0,87.07,0.0,100.0,230.0,0.0
2024-03-20,34,16:30,0.0,0.0,0.0,87.07,0.0,100.0,230.0,0.0
2024-03-20,35,16:45,0.0,0.0,0.0,87.07,0.0,100.0,230.0,0.0
2024-03-20,36,17:00,0.0,0.0,0.0,119.68,0.0,100.0,230.0,0.0
2024-03-20,37,17:15,0.0,0.0,0.0,119.68,0.0,100.0,230.0,0.0
2024-03-20,38,17:30,0.0,0.0,0.0,119.68,0.0,100.0,230.0,0.0
2024-03-20,39,17:45,0.0,0.0,0.0,119.68,0.0,100.0,230.0,0.0
2024-03-20,40,18:00,0.0,0.0,0.0,168.54,0.0,100.0,230.0,0.0
2024-03-20,41,18:15,0.0,0.0,0.0,168.54,0.0,100.0,230.0,0.0
2024-03-20,42,18:30,0.0,0.0,0.0,168.54,0.0,100.0,230.0,0.0
2024-03-20,43,18:45,0.0,0.0,0.0,168.54,0.0,100.0,230.0,0.0
2024-03-20,44,19:00,0.0,0.0,0.0,159.05,0.0,100.0,230.0,0.0
2024-03-20,45,19:15,0.0,0.0,0.0,159.05,0.0,100.0,230.0,0.0
2024-03-20,46,19:30,0.0,0.0,0.0,159.05,0.0,100.0,230.0,0.0
2024-03-20,47,19:45,0.0,0.0,0.0,159.05,0.0,100.0,230.0,0.0
2024-03-20,48,20:00,0.0,0.0,0.0,124.95,0.0,100.0,230.0,0.0
2024-03-20,49,20:15,0.0,0.0,0.0,124.95,0.0,100.0,230.0,0.0
2024-03-20,50,20:30,0.0,0.0,0.0,124.95,0.0,100.0,230.0,0.0
2024-03-20,51,20:45,0.0,0.0,0.0,124.95,0.0,100.0,230.0,0.0
2024-03-20,52,21:00,0.0,0.0,0.0,106.52,0.0,100.0,230.0,0.0
2024-03-20,53,21:15,0.0,0.0,0.0,106.52,0.0,100.0,230.0,0.0
2024-03-20,54,21:30,0.0,0.0,0.0,106.52,0.0,100.0,230.0,0.0
2024-03-20,55,21:45,0.0,0.0,0.0,106.52,0.0,100.0,110.0,120.0
2024-03-21,0,08:00,0.0,0.0,0.0,102.29,0.0,100.0,110.0,0.0
2024-03-21,1,08:15,0.0,0.0,0.0,102.29,0.0,100.0,110.0,0.0
2024-03-21,2,08:30,0.0,0.0,0.0,102.29,0.0,100.0,110.0,0.0
2024-03-21,3,08:45,0.0,0.0,0.0,102.29,0.0,100.0,110.0,0.0
2024-03-21,4,09:00,0.0,0.0,0.0,80.0,0.0,100.0,110.0,0.0
2024-03-21,5,09:15,0.0,0.0,0.0,80.0,0.0,100.0,110.0,0.0
2024-03-21,6,09:30,0.0,0.0,0.0,80.0,0.0,100.0,110.0,0.0
2024-03-21,7,09:45,1.3266,0.0,1.3266,80.0,0.026533,100.0,110.0,0.0
2024-03-21,8,10:00,4.184,0.0,4.184,72.41,0.07574,100.0,110.0,0.0
2024-03-21,9,10:15,5.1593,0.0,5.1593,72.41,0.093397,100.0,110.0,0.0
2024-03-21,10,10:30,4.2588,9.5021,13.7609,72.41,0.249107,60.0,110.0,0.0
2024-03-21,11,10:45,5.404,17.0147,22.4187,72.41,0.405834,60.0,110.0,0.0
2024-03-21,12,11:00,4.491,17.1381,21.6291,68.03,0.367858,60.0,110.0,0.0
2024-03-21,13,11:15,5.1252,16.0793,21.2045,68.03,0.360635,60.0,110.0,0.0
2024-03-21,14,11:30,3.0543,3.2115,6.2658,68.03,0.106566,60.0,110.0,0.0
2024-03-21,15,11:45,5.093,9.5021,14.5951,68.03,0.248226,20.0,150.0,0.0
2024-03-21,16,12:00,3.6006,17.0147,20.6153,64.64,0.333143,20.0,150.0,0.0
2024-03-21,17,12:15,4.9802,17.1381,22.1183,64.64,0.357432,20.0,150.0,0.0
2024-03-21,18,12:30,4.3843,16.0793,20.4636,64.64,0.330692,20.0,150.0,0.0
2024-03-21,19,12:45,1.5369,3.2115,4.7484,64.64,0.076734,20.0,150.0,0.0
2024-03-21,20,13:00,1.3266,9.5021,10.8287,59.96,0.162323,80.0,190.0,0.0
2024-03-21,21,13:15,4.184,17.0147,21.1986,59.96,0.317768,80.0,190.0,0.0
2024-03-21,22,13:30,5.1593,17.1381,22.2974,59.96,0.334239,80.0,190.0,0.0
2024-03-21,23,13:45,4.2588,16.0793,20.3381,59.96,0.304868,80.0,190.0,0.0
2024-03-21,24,14:00,5.404,3.2115,8.6155,66.85,0.143987,80.0,190.0,0.0
2024-03-21,25,14:15,4.491,9.5021,13.9931,66.85,0.23386,40.0,230.0,0.0
2024-03-21,26,14:30,5.1252,17.0147,22.1399,66.85,0.370012,40.0,230.0,0.0
2024-03-21,27,14:45,3.0543,17.1381,20.1924,66.85,0.337466,40.0,230.0,0.0
2024-03-21,28,15:00,5.093,16.0793,21.1723,66.28,0.350825,40.0,90.0,140.0
2024-03-21,29,15:15,3.6006,3.2115,6.8121,66.28,0.112877,40.0,90.0,0.0
2024-03-21,30,15:30,4.9802,9.5021,14.4823,66.28,0.239972,0.0,130.0,0.0
2024-03-21,31,15:45,4.3843,17.0147,21.399,66.28,0.354582,0.0,130.0,0.0
2024-03-21,32,16:00,1.5369,17.1381,18.675,75.27,0.351416,0.0,130.0,0.0
2024-03-21,33,16:15,0.0,16.0793,16.0793,75.27,0.302572,100.0,130.0,0.0
2024-03-21,34,16:30,0.0,3.2115,3.2115,75.27,0.060432,100.0,130.0,0.0
2024-03-21,35,16:45,0.0,0.0,0.0,75.27,0.0,100.0,170.0,0.0
2024-03-21,36,17:00,0.0,0.0,0.0,100.9,0.0,100.0,170.0,0.0
2024-03-21,37,17:15,0.0,0.0,0.0,100.9,0.0,100.0,170.0,0.0
2024-03-21,38,17:30,0.0,0.0,0.0,100.9,0.0,100.0,170.0,0.0
2024-03-21,39,17:45,0.0,0.0,0.0,100.9,0.0,100.0,170.0,0.0
2024-03-21,40,18:00,0.0,0.0,0.0,127.13,0.0,100.0,170.0,0.0
2024-03-21,41,18:15,0.0,0.0,0.0,127.13,0.0,100.0,170.0,0.0
2024-03-21,42,18:30,0.0,0.0,0.0,127.13,0.0,100.0,170.0,0.0
2024-03-21,43,18:45,0.0,0.0,0.0,127.13,0.0,100.0,170.0,0.0
2024-03-21,44,19:00,0.0,0.0,0.0,122.85,0.0,100.0,170.0,0.0
2024-03-21,45,19:15,0.0,0.0,0.0,122.85,0.0,100.0,170.0,0.0
2024-03-21,46,19:30,0.0,0.0,0.0,122.85,0.0,100.0,170.0,0.0
2024-03-21,47,19:45,0.0,0.0,0.0,122.85,0.0,100.0,170.0,0.0
2024-03-21,48,20:00,0.0,0.0,0.0,94.04,0.0,100.0,170.0,0.0
2024-03-21,49,20:15,0.0,0.0,0.0,94.04,0.0,100.0,170.0,0.0
2024-03-21,50,20:30,0.0,0.0,0.0,94.04,0.0,100.0,170.0,0.0
2024-03-21,51,20:45,0.0,0.0,0.0,94.04,0.0,100.0,170.0,0.0
2024-03-21,52,21:00,0.0,0.0,0.0,79.6,0.0,100.0,170.0,0.0
2024-03-21,53,21:15,0.0,0.0,0.0,79.6,0.0,100.0,170.0,0.0
2024-03-21,54,21:30,0.0,0.0,0.0,79.6,0.0,100.0,170.0,0.0
2024-03-21,55,21:45,0.0,0.0,0.0,79.6,0.0,100.0,20.0,150.0
2024-03-22,0,08:00,1.8638,9.5021,11.3659,68.09,0.193477,60.0,20.0,0.0
2024-03-22,1,08:15,6.7293,17.0147,23.744,68.09,0.404181,60.0,20.0,0.0
2024-03-22,2,08:30,5.9956,17.1381,23.1337,68.09,0.393793,60.0,20.0,0.0
2024-03-22,3,08:45,7.1179,16.0793,23.1972,68.09,0.394874,60.0,20.0,0.0
2024-03-22,4,09:00,6.1091,3.2115,9.3206,56.32,0.131233,60.0,20.0,0.0
2024-03-22,5,09:15,5.6324,9.5021,15.1345,56.32,0.213094,20.0,60.0,0.0
2024-03-22,6,09:30,5.8458,17.0147,22.8605,56.32,0.321876,20.0,60.0,0.0
2024-03-22,7,09:45,5.1816,17.1381,22.3197,56.32,0.314261,20.0,60.0,0.0
2024-03-22,8,10:00,6.7301,16.0793,22.8094,51.81,0.295438,20.0,60.0,0.0
2024-03-22,9,10:15,3.9878,3.2115,7.1993,51.81,0.093249,20.0,60.0,0.0
2024-03-22,10,10:30,1.8638,9.5021,11.3659,51.81,0.147217,80.0,100.0,0.0
2024-03-22,11,10:45,6.7293,17.0147,23.744,51.81,0.307544,80.0,100.0,0.0
2024-03-22,12,11:00,5.9956,17.1381,23.1337,49.85,0.288303,80.0,100.0,0.0
2024-03-22,13,11:15,7.1179,16.0793,23.1972,49.85,0.289095,80.0,100.0,0.0
2024-03-22,14,11:30,6.1091,3.2115,9.3206,49.85,0.116157,80.0,100.0,0.0
2024-03-22,15,11:45,5.6324,9.5021,15.1345,49.85,0.188614,40.0,140.0,0.0
2024-03-22,16,12:00,5.8458,17.0147,22.8605,49.76,0.284384,40.0,140.0,0.0
2024-03-22,17,12:15,5.1816,17.1381,22.3197,49.76,0.277657,40.0,140.0,0.0
2024-03-22,18,12:30,6.7301,16.0793,22.8094,49.76,0.283749,40.0,140.0,0.0
2024-03-22,19,12:45,3.9878,3.2115,7.1993,49.76,0.089559,40.0,140.0,0.0
2024-03-22,20,13:00,1.3266,9.5021,10.8287,51.49,0.139393,100.0,180.0,0.0
2024-03-22,21,13:15,4.184,17.0147,21.1986,51.49,0.27288,100.0,180.0,0.0
2024-03-22,22,13:30,5.1593,17.1381,22.2974,51.49,0.287024,100.0,180.0,0.0
2024-03-22,23,13:45,4.2588,16.0793,20.3381,51.49,0.261802,100.0,180.0,0.0
2024-03-22,24,14:00,5.404,3.2115,8.6155,52.39,0.112842,100.0,180.0,0.0
2024-03-22,25,14:15,4.491,9.5021,13.9931,52.39,0.183275,60.0,220.0,0.0
2024-03-22,26,14:30,5.1252,17.0147,22.1399,52.39,0.289977,60.0,220.0,0.0
2024-03-22,27,14:45,3.0543,17.1381,20.1924,52.39,0.26447,60.0,220.0,0.0
2024-03-22,28,15:00,5.093,16.0793,21.1723,59.97,0.317425,60.0,90.0,130.0
2024-03-22,29,15:15,3.6006,3.2115,6.8121,59.97,0.102131,60.0,90.0,0.0
2024-03-22,30,15:30,4.9802,9.5021,14.4823,59.97,0.217126,20.0,130.0,0.0
2024-03-22,31,15:45,4.3843,17.0147,21.399,59.97,0.320825,20.0,130.0,0.0
2024-03-22,32,16:00,1.5369,17.1381,18.675,76.87,0.358886,20.0,130.0,0.0
2024-03-22,33,16:15,0.0,16.0793,16.0793,76.87,0.309004,120.0,130.0,0.0
2024-03-22,34,16:30,0.0,3.2115,3.2115,76.87,0.061717,120.0,130.0,0.0
2024-03-22,35,16:45,0.0,0.0,0.0,76.87,0.0,120.0,170.0,0.0
2024-03-22,36,17:00,0.0,0.0,0.0,88.98,0.0,120.0,170.0,0.0
2024-03-22,37,17:15,0.0,0.0,0.0,88.98,0.0,120.0,170.0,0.0
2024-03-22,38,17:30,0.0,0.0,0.0,88.98,0.0,120.0,170.0,0.0
2024-03-22,39,17:45,0.0,0.0,0.0,88.98,0.0,120.0,170.0,0.0
2024-03-22,40,18:00,0.0,0.0,0.0,121.59,0.0,120.0,170.0,0.0
2024-03-22,41,18:15,0.0,0.0,0.0,121.59,0.0,120.0,170.0,0.0
2024-03-22,42,18:30,0.0,0.0,0.0,121.59,0.0,120.0,170.0,0.0
2024-03-22,43,18:45,0.0,0.0,0.0,121.59,0.0,120.0,170.0,0.0
2024-03-22,44,19:00,0.0,0.0,0.0,118.71,0.0,120.0,170.0,0.0
2024-03-22,45,19:15,0.0,0.0,0.0,118.71,0.0,120.0,170.0,0.0
2024-03-22,46,19:30,0.0,0.0,0.0,118.71,0.0,120.0,170.0,0.0
2024-03-22,47,19:45,0.0,0.0,0.0,118.71,0.0,120.0,170.0,0.0
2024-03-22,48,20:00,0.0,0.0,0.0,95.0,0.0,120.0,170.0,0.0
2024-03-22,49,20:15,0.0,0.0,0.0,95.0,0.0,120.0,170.0,0.0
2024-03-22,50,20:30,0.0,0.0,0.0,95.0,0.0,120.0,170.0,0.0
2024-03-22,51,20:45,0.0,9.5021,9.5021,95.0,0.225675,80.0,170.0,0.0
2024-03-22,52,21:00,0.0,17.0147,17.0147,82.25,0.349864,80.0,170.0,0.0
2024-03-22,53,21:15,0.0,17.1381,17.1381,82.25,0.352402,80.0,170.0,0.0
2024-03-22,54,21:30,0.0,16.0793,16.0793,82.25,0.33063,80.0,170.0,0.0
2024-03-22,55,21:45,0.0,3.2115,3.2115,82.25,0.066036,80.0,60.0,110.0
2024-03-25,0,08:00,0.0,0.0,0.0,99.68,0.0,80.0,100.0,0.0
2024-03-25,1,08:15,0.0,0.0,0.0,99.68,0.0,80.0,100.0,0.0
2024-03-25,2,08:30,0.0,0.0,0.0,99.68,0.0,80.0,100.0,0.0
2024-03-25,3,08:45,1.3266,0.0,1.3266,99.68,0.03306,80.0,100.0,0.0
2024-03-25,4,09:00,4.184,0.0,4.184,77.43,0.080991,80.0,100.0,0.0
2024-03-25,5,09:15,5.1593,0.0,5.1593,77.43,0.099872,80.0,100.0,0.0
2024-03-25,6,09:30,4.2588,9.5021,13.7609,77.43,0.266377,40.0,100.0,0.0
2024-03-25,7,09:45,5.404,17.0147,22.4187,77.43,0.43397,40.0,100.0,0.0
2024-03-25,8,10:00,4.491,17.1381,21.6291,70.05,0.37878,40.0,100.0,0.0
2024-03-25,9,10:15,5.1252,16.0793,21.2045,70.05,0.371343,40.0,100.0,0.0
2024-03-25,10,10:30,3.0543,3.2115,6.2658,70.05,0.10973,40.0,100.0,0.0
2024-03-25,11,10:45,5.093,9.5021,14.5951,70.05,0.255597,0.0,140.0,0.0
2024-03-25,12,11:00,3.6006,17.0147,20.6153,63.66,0.328093,0.0,140.0,0.0
2024-03-25,13,11:15,4.9802,17.1381,22.1183,63.66,0.352013,0.0,140.0,0.0
2024-03-25,14,11:30,4.3843,16.0793,20.4636,63.66,0.325679,0.0,140.0,0.0
2024-03-25,15,11:45,1.5369,3.2115,4.7484,63.66,0.07557,0.0,140.0,0.0
2024-03-25,16,12:00,1.8638,9.5021,11.3659,61.85,0.175746,60.0,180.0,0.0
2024-03-25,17,12:15,6.7293,17.0147,23.744,61.85,0.367141,60.0,180.0,0.0
2024-03-25,18,12:30,5.9956,17.1381,23.1337,61.85,0.357705,60.0,180.0,0.0
2024-03-25,19,12:45,7.1179,16.0793,23.1972,61.85,0.358686,60.0,180.0,0.0
2024-03-25,20,13:00,6.1091,3.2115,9.3206,63.22,0.147311,60.0,180.0,0.0
2024-03-25,21,13:15,5.6324,9.5021,15.1345,63.22,0.239201,20.0,220.0,0.0
2024-03-25,22,13:30,5.8458,17.0147,22.8605,63.22,0.36131,20.0,220.0,0.0
2024-03-25,23,13:45,5.1816,17.1381,22.3197,63.22,0.352762,20.0,220.0,0.0
2024-03-25,24,14:00,6.7301,16.0793,22.8094,64.52,0.367915,20.0,220.0,0.0
2024-03-25,25,14:15,3.9878,3.2115,7.1993,64.52,0.116124,20.0,220.0,0.0
2024-03-25,26,14:30,0.0,9.5021,9.5021,64.52,0.153269,80.0,260.0,0.0
2024-03-25,27,14:45,0.0,17.0147,17.0147,64.52,0.274447,80.0,260.0,0.0
2024-03-25,28,15:00,0.0,17.1381,17.1381,73.97,0.316926,80.0,90.0,170.0
2024-03-25,29,15:15,0.0,16.0793,16.0793,73.97,0.297346,80.0,90.0,0.0
2024-03-25,30,15:30,0.0,3.2115,3.2115,73.97,0.059388,80.0,90.0,0.0
2024-03-25,31,15:45,0.0,9.5021,9.5021,73.97,0.175717,40.0,130.0,0.0
2024-03-25,32,16:00,0.0,17.0147,17.0147,81.05,0.34476,40.0,130.0,0.0
2024-03-25,33,16:15,0.0,17.1381,17.1381,81.05,0.347261,40.0,130.0,0.0
2024-03-25,34,16:30,0.0,16.0793,16.0793,81.05,0.325806,40.0,130.0,0.0
2024-03-25,35,16:45,0.0,3.2115,3.2115,81.05,0.065073,40.0,130.0,0.0
2024-03-25,36,17:00,0.0,0.0,0.0,111.88,0.0,40.0,170.0,0.0
2024-03-25,37,17:15,0.0,0.0,0.0,111.88,0.0,40.0,170.0,0.0
2024-03-25,38,17:30,0.0,0.0,0.0,111.88,0.0,40.0,170.0,0.0
2024-03-25,39,17:45,0.0,0.0,0.0,111.88,0.0,40.0,170.0,0.0
2024-03-25,40,18:00,0.0,0.0,0.0,174.7,0.0,40.0,170.0,0.0
2024-03-25,41,18:15,0.0,0.0,0.0,174.7,0.0,40.0,170.0,0.0
2024-03-25,42,18:30,0.0,0.0,0.0,174.7,0.0,40.0,170.0,0.0
2024-03-25,43,18:45,0.0,0.0,0.0,174.7,0.0,40.0,170.0,0.0
2024-03-25,44,19:00,0.0,0.0,0.0,149.75,0.0,40.0,170.0,0.0
2024-03-25,45,19:15,0.0,0.0,0.0,149.75,0.0,40.0,170.0,0.0
2024-03-25,46,19:30,0.0,0.0,0.0,149.75,0.0,40.0,170.0,0.0
2024-03-25,47,19:45,0.0,0.0,0.0,149.75,0.0,40.0,170.0,0.0
2024-03-25,48,20:00,0.0,0.0,0.0,102.73,0.0,40.0,170.0,0.0
2024-03-25,49,20:15,0.0,0.0,0.0,102.73,0.0,40.0,170.0,0.0
2024-03-25,50,20:30,0.0,0.0,0.0,102.73,0.0,40.0,170.0,0.0
2024-03-25,51,20:45,0.0,0.0,0.0,102.73,0.0,40.0,170.0,0.0
2024-03-25,52,21:00,0.0,0.0,0.0,82.39,0.0,40.0,170.0,0.0
2024-03-25,53,21:15,0.0,0.0,0.0,82.39,0.0,40.0,170.0,0.0
2024-03-25,54,21:30,0.0,0.0,0.0,82.39,0.0,40.0,170.0,0.0
2024-03-25,55,21:45,0.0,0.0,0.0,82.39,0.0,40.0,20.0,150.0
2024-03-26,0,08:00,0.0,0.0,0.0,72.1,0.0,40.0,20.0,0.0
2024-03-26,1,08:15,1.8638,0.0,1.8638,72.1,0.033596,40.0,20.0,0.0
2024-03-26,2,08:30,6.7293,0.0,6.7293,72.1,0.121295,40.0,20.0,0.0
2024-03-26,3,08:45,5.9956,0.0,5.9956,72.1,0.10807,40.0,20.0,0.0
2024-03-26,4,09:00,7.1179,0.0,7.1179,62.0,0.110327,40.0,20.0,0.0
2024-03-26,5,09:15,6.1091,0.0,6.1091,62.0,0.094691,40.0,20.0,0.0
2024-03-26,6,09:30,5.6324,9.5021,15.1345,62.0,0.234585,0.0,20.0,0.0
2024-03-26,7,09:45,5.8458,17.0147,22.8605,62.0,0.354338,0.0,20.0,0.0
2024-03-26,8,10:00,5.1816,17.1381,22.3197,49.5,0.276206,0.0,20.0,0.0
2024-03-26,9,10:15,6.7301,16.0793,22.8094,49.5,0.282266,0.0,20.0,0.0
2024-03-26,10,10:30,3.9878,3.2115,7.1993,49.5,0.089091,0.0,20.0,0.0
2024-03-26,11,10:45,1.8638,9.5021,11.3659,49.5,0.140653,60.0,60.0,0.0
2024-03-26,12,11:00,6.7293,17.0147,23.744,37.03,0.21981,60.0,60.0,0.0
2024-03-26,13,11:15,5.9956,17.1381,23.1337,37.03,0.21416,60.0,60.0,0.0
2024-03-26,14,11:30,7.1179,16.0793,23.1972,37.03,0.214748,60.0,60.0,0.0
2024-03-26,15,11:45,6.1091,3.2115,9.3206,37.03,0.086285,60.0,60.0,0.0
2024-03-26,16,12:00,5.6324,9.5021,15.1345,11.49,0.043474,20.0,100.0,0.0
2024-03-26,17,12:15,5.8458,17.0147,22.8605,11.49,0.065667,20.0,100.0,0.0
2024-03-26,18,12:30,5.1816,17.1381,22.3197,11.49,0.064113,20.0,100.0,0.0
2024-03-26,19,12:45,6.7301,16.0793,22.8094,11.49,0.06552,20.0,100.0,0.0
2024-03-26,20,13:00,3.9878,3.2115,7.1993,27.35,0.049225,20.0,100.0,0.0
2024-03-26,21,13:15,1.8638,9.5021,11.3659,27.35,0.077715,80.0,140.0,0.0
2024-03-26,22,13:30,6.7293,17.0147,23.744,27.35,0.162349,80.0,140.0,0.0
2024-03-26,23,13:45,5.9956,17.1381,23.1337,27.35,0.158177,80.0,140.0,0.0
2024-03-26,24,14:00,7.1179,16.0793,23.1972,37.1,0.215154,80.0,140.0,0.0
2024-03-26,25,14:15,6.1091,3.2115,9.3206,37.1,0.086448,80.0,140.0,0.0
2024-03-26,26,14:30,5.6324,9.5021,15.1345,37.1,0.140373,40.0,180.0,0.0
2024-03-26,27,14:45,5.8458,17.0147,22.8605,37.1,0.212031,40.0,180.0,0.0
2024-03-26,28,15:00,5.1816,17.1381,22.3197,51.93,0.289765,40.0,180.0,0.0
2024-03-26,29,15:15,6.7301,16.0793,22.8094,51.93,0.296123,40.0,180.0,0.0
2024-03-26,30,15:30,3.9878,3.2115,7.1993,51.93,0.093465,40.0,180.0,0.0
2024-03-26,31,15:45,0.0,0.0,0.0,51.93,0.0,140.0,220.0,0.0
2024-03-26,32,16:00,0.0,0.0,0.0,68.06,0.0,140.0,220.0,0.0
2024-03-26,33,16:15,0.0,0.0,0.0,68.06,0.0,140.0,220.0,0.0
2024-03-26,34,16:30,0.0,0.0,0.0,68.06,0.0,140.0,220.0,0.0
2024-03-26,35,16:45,0.0,0.0,0.0,68.06,0.0,140.0,220.0,0.0
2024-03-26,36,17:00,0.0,0.0,0.0,81.05,0.0,140.0,220.0,0.0
2024-03-26,37,17:15,0.0,0.0,0.0,81.05,0.0,140.0,220.0,0.0
2024-03-26,38,17:30,0.0,0.0,0.0,81.05,0.0,140.0,220.0,0.0
2024-03-26,39,17:45,0.0,0.0,0.0,81.05,0.0,140.0,220.0,0.0
2024-03-26,40,18:00,0.0,0.0,0.0,100.75,0.0,140.0,220.0,0.0
2024-03-26,41,18:15,0.0,0.0,0.0,100.75,0.0,140.0,220.0,0.0
2024-03-26,42,18:30,0.0,0.0,0.0,100.75,0.0,140.0,220.0,0.0
2024-03-26,43,18:45,0.0,0.0,0.0,100.75,0.0,140.0,220.0,0.0
2024-03-26,44,19:00,0.0,0.0,0.0,100.3,0.0,140.0,220.0,0.0
2024-03-26,45,19:15,0.0,0.0,0.0,100.3,0.0,140.0,220.0,0.0
2024-03-26,46,19:30,0.0,0.0,0.0,100.3,0.0,140.0,220.0,0.0
2024-03-26,47,19:45,0.0,0.0,0.0,100.3,0.0,140.0,220.0,0.0
2024-03-26,48,20:00,0.0,0.0,0.0,80.0,0.0,140.0,220.0,0.0
2024-03-26,49,20:15,0.0,0.0,0.0,80.0,0.0,140.0,220.0,0.0
2024-03-26,50,20:30,0.0,0.0,0.0,80.0,0.0,140.0,220.0,0.0
2024-03-26,51,20:45,0.0,0.0,0.0,80.0,0.0,140.0,220.0,0.0
2024-03-26,52,21:00,0.0,0.0,0.0,77.05,0.0,140.0,220.0,0.0
2024-03-26,53,21:15,0.0,0.0,0.0,77.05,0.0,140.0,220.0,0.0
2024-03-26,54,21:30,0.0,0.0,0.0,77.05,0.0,140.0,220.0,0.0
2024-03-26,55,21:45,0.0,0.0,0.0,77.05,0.0,140.0,40.0,180.0
2024-03-27,0,08:00,0.0,0.0,0.0,80.01,0.0,140.0,40.0,0.0
2024-03-27,1,08:15,0.0,0.0,0.0,80.01,0.0,140.0,40.0,0.0
2024-03-27,2,08:30,0.0,0.0,0.0,80.01,0.0,140.0,40.0,0.0
2024-03-27,3,08:45,0.0,0.0,0.0,80.01,0.0,140.0,40.0,0.0
2024-03-27,4,09:00,0.0,0.0,0.0,68.12,0.0,140.0,40.0,0.0
2024-03-27,5,09:15,0.0,0.0,0.0,68.12,0.0,140.0,40.0,0.0
2024-03-27,6,09:30,0.0,0.0,0.0,68.12,0.0,140.0,40.0,0.0
2024-03-27,7,09:45,0.0,0.0,0.0,68.12,0.0,140.0,40.0,0.0
2024-03-27,8,10:00,0.0,0.0,0.0,63.9,0.0,140.0,40.0,0.0
2024-03-27,9,10:15,0.0,0.0,0.0,63.9,0.0,140.0,40.0,0.0
2024-03-27,10,10:30,0.0,9.5021,9.5021,63.9,0.151796,100.0,40.0,0.0
2024-03-27,11,10:45,0.0,17.0147,17.0147,63.9,0.271809,100.0,40.0,0.0
2024-03-27,12,11:00,0.0,17.1381,17.1381,57.13,0.244775,100.0,40.0,0.0
2024-03-27,13,11:15,0.0,16.0793,16.0793,57.13,0.229652,100.0,40.0,0.0
2024-03-27,14,11:30,0.0,3.2115,3.2115,57.13,0.045868,100.0,40.0,0.0
2024-03-27,15,11:45,0.0,9.5021,9.5021,57.13,0.135714,60.0,80.0,0.0
2024-03-27,16,12:00,0.0,17.0147,17.0147,57.66,0.245267,60.0,80.0,0.0
2024-03-27,17,12:15,0.0,17.1381,17.1381,57.66,0.247046,60.0,80.0,0.0
2024-03-27,18,12:30,0.0,16.0793,16.0793,57.66,0.231783,60.0,80.0,0.0
2024-03-27,19,12:45,0.0,3.2115,3.2115,57.66,0.046294,60.0,80.0,0.0
2024-03-27,20,13:00,0.0,9.5021,9.5021,60.0,0.142531,20.0,120.0,0.0
2024-03-27,21,13:15,0.0,17.0147,17.0147,60.0,0.25522,20.0,120.0,0.0
2024-03-27,22,13:30,0.0,17.1381,17.1381,60.0,0.257071,20.0,120.0,0.0
2024-03-27,23,13:45,0.0,16.0793,16.0793,60.0,0.241189,20.0,120.0,0.0
2024-03-27,24,14:00,0.0,3.2115,3.2115,67.8,0.054435,20.0,120.0,0.0
2024-03-27,25,14:15,0.0,0.0,0.0,67.8,0.0,20.0,160.0,0.0
2024-03-27,26,14:30,0.0,0.0,0.0,67.8,0.0,20.0,160.0,0.0
2024-03-27,27,14:45,0.0,0.0,0.0,67.8,0.0,20.0,160.0,0.0
2024-03-27,28,15:00,0.0,0.0,0.0,78.93,0.0,20.0,30.0,130.0
2024-03-27,29,15:15,0.0,0.0,0.0,78.93,0.0,20.0,30.0,0.0
2024-03-27,30,15:30,0.0,0.0,0.0,78.93,0.0,20.0,30.0,0.0
2024-03-27,31,15:45,0.0,0.0,0.0,78.93,0.0,20.0,30.0,0.0
2024-03-27,32,16:00,0.0,0.0,0.0,84.14,0.0,20.0,30.0,0.0
2024-03-27,33,16:15,0.0,0.0,0.0,84.14,0.0,20.0,30.0,0.0
2024-03-27,34,16:30,0.0,0.0,0.0,84.14,0.0,20.0,30.0,0.0
2024-03-27,35,16:45,0.0,0.0,0.0,84.14,0.0,20.0,30.0,0.0
2024-03-27,36,17:00,0.0,0.0,0.0,100.53,0.0,20.0,30.0,0.0
2024-03-27,37,17:15,0.0,0.0,0.0,100.53,0.0,20.0,30.0,0.0
2024-03-27,38,17:30,0.0,0.0,0.0,100.53,0.0,20.0,30.0,0.0
2024-03-27,39,17:45,0.0,0.0,0.0,100.53,0.0,20.0,30.0,0.0
2024-03-27,40,18:00,0.0,0.0,0.0,125.93,0.0,20.0,30.0,0.0
2024-03-27,41,18:15,0.0,0.0,0.0,125.93,0.0,20.0,30.0,0.0
2024-03-27,42,18:30,0.0,0.0,0.0,125.93,0.0,20.0,30.0,0.0
2024-03-27,43,18:45,0.0,0.0,0.0,125.93,0.0,20.0,30.0,0.0
2024-03-27,44,19:00,0.0,0.0,0.0,118.94,0.0,20.0,30.0,0.0
2024-03-27,45,19:15,0.0,0.0,0.0,118.94,0.0,20.0,30.0,0.0
2024-03-27,46,19:30,0.0,0.0,0.0,118.94,0.0,20.0,30.0,0.0
2024-03-27,47,19:45,0.0,0.0,0.0,118.94,0.0,20.0,30.0,0.0
2024-03-27,48,20:00,0.0,0.0,0.0,99.42,0.0,20.0,30.0,0.0
2024-03-27,49,20:15,0.0,0.0,0.0,99.42,0.0,20.0,30.0,0.0
2024-03-27,50,20:30,0.0,0.0,0.0,99.42,0.0,20.0,30.0,0.0
2024-03-27,51,20:45,0.0,0.0,0.0,99.42,0.0,20.0,30.0,0.0
2024-03-27,52,21:00,0.0,0.0,0.0,84.25,0.0,20.0,30.0,0.0
2024-03-27,53,21:15,0.0,0.0,0.0,84.25,0.0,20.0,30.0,0.0
2024-03-27,54,21:30,0.0,0.0,0.0,84.25,0.0,20.0,30.0,0.0
2024-03-27,55,21:45,0.0,0.0,0.0,84.25,0.0,20.0,30.0,0.0
2024-03-28,0,08:00,0.0,0.0,0.0,80.92,0.0,20.0,30.0,0.0
2024-03-28,1,08:15,0.0,0.0,0.0,80.92,0.0,20.0,30.0,0.0
2024-03-28,2,08:30,0.0,0.0,0.0,80.92,0.0,20.0,30.0,0.0
2024-03-28,3,08:45,0.0,0.0,0.0,80.92,0.0,20.0,30.0,0.0
2024-03-28,4,09:00,0.0,0.0,0.0,63.24,0.0,20.0,30.0,0.0
2024-03-28,5,09:15,1.8638,0.0,1.8638,63.24,0.029467,20.0,30.0,0.0
2024-03-28,6,09:30,6.7293,0.0,6.7293,63.24,0.10639,20.0,30.0,0.0
2024-03-28,7,09:45,5.9956,0.0,5.9956,63.24,0.09479,20.0,30.0,0.0
2024-03-28,8,10:00,7.1179,0.0,7.1179,47.07,0.08376,20.0,30.0,0.0
2024-03-28,9,10:15,6.1091,0.0,6.1091,47.07,0.071889,20.0,30.0,0.0
2024-03-28,10,10:30,5.6324,0.0,5.6324,47.07,0.06628,20.0,30.0,0.0
2024-03-28,11,10:45,5.8458,0.0,5.8458,47.07,0.068791,20.0,30.0,0.0
2024-03-28,12,11:00,5.1816,0.0,5.1816,37.0,0.04793,20.0,30.0,0.0
2024-03-28,13,11:15,6.7301,0.0,6.7301,37.0,0.062253,20.0,30.0,0.0
2024-03-28,14,11:30,3.9878,0.0,3.9878,37.0,0.036887,20.0,30.0,0.0
2024-03-28,15,11:45,1.8638,9.5021,11.3659,37.0,0.105135,80.0,30.0,0.0
2024-03-28,16,12:00,6.7293,17.0147,23.744,6.74,0.040009,80.0,30.0,0.0
2024-03-28,17,12:15,5.9956,17.1381,23.1337,6.74,0.03898,80.0,30.0,0.0
2024-03-28,18,12:30,7.1179,16.0793,23.1972,6.74,0.039087,80.0,30.0,0.0
2024-03-28,19,12:45,6.1091,3.2115,9.3206,6.74,0.015705,80.0,30.0,0.0
2024-03-28,20,13:00,5.6324,9.5021,15.1345,0.05,0.000189,40.0,70.0,0.0
2024-03-28,21,13:15,5.8458,17.0147,22.8605,0.05,0.000286,40.0,70.0,0.0
2024-03-28,22,13:30,5.1816,17.1381,22.3197,0.05,0.000279,40.0,70.0,0.0
2024-03-28,23,13:45,6.7301,16.0793,22.8094,0.05,0.000285,40.0,70.0,0.0
2024-03-28,24,14:00,3.9878,3.2115,7.1993,0.04,7.2e-05,40.0,70.0,0.0
2024-03-28,25,14:15,1.8638,9.5021,11.3659,0.04,0.000114,100.0,110.0,0.0
2024-03-28,26,14:30,6.7293,17.0147,23.744,0.04,0.000237,100.0,110.0,0.0
2024-03-28,27,14:45,5.9956,17.1381,23.1337,0.04,0.000231,100.0,110.0,0.0
2024-03-28,28,15:00,7.1179,16.0793,23.1972,9.82,0.056949,100.0,110.0,0.0
2024-03-28,29,15:15,6.1091,3.2115,9.3206,9.82,0.022882,100.0,110.0,0.0
2024-03-28,30,15:30,5.6324,9.5021,15.1345,9.82,0.037155,60.0,150.0,0.0
2024-03-28,31,15:45,5.8458,17.0147,22.8605,9.82,0.056122,60.0,150.0,0.0
2024-03-28,32,16:00,5.1816,17.1381,22.3197,33.17,0.185086,60.0,150.0,0.0
2024-03-28,33,16:15,6.7301,16.0793,22.8094,33.17,0.189147,60.0,150.0,0.0
2024-03-28,34,16:30,3.9878,3.2115,7.1993,33.17,0.0597,60.0,150.0,0.0
2024-03-28,35,16:45,0.0,0.0,0.0,33.17,0.0,160.0,190.0,0.0
2024-03-28,36,17:00,0.0,0.0,0.0,52.72,0.0,160.0,190.0,0.0
2024-03-28,37,17:15,0.0,0.0,0.0,52.72,0.0,160.0,190.0,0.0
2024-03-28,38,17:30,0.0,0.0,0.0,52.72,0.0,160.0,190.0,0.0
2024-03-28,39,17:45,0.0,0.0,0.0,52.72,0.0,160.0,190.0,0.0
2024-03-28,40,18:00,0.0,0.0,0.0,73.97,0.0,160.0,190.0,0.0
2024-03-28,41,18:15,0.0,0.0,0.0,73.97,0.0,160.0,190.0,0.0
2024-03-28,42,18:30,0.0,0.0,0.0,73.97,0.0,160.0,190.0,0.0
2024-03-28,43,18:45,0.0,0.0,0.0,73.97,0.0,160.0,190.0,0.0
2024-03-28,44,19:00,0.0,0.0,0.0,70.33,0.0,160.0,190.0,0.0
2024-03-28,45,19:15,0.0,0.0,0.0,70.33,0.0,160.0,190.0,0.0
2024-03-28,46,19:30,0.0,0.0,0.0,70.33,0.0,160.0,190.0,0.0
2024-03-28,47,19:45,0.0,0.0,0.0,70.33,0.0,160.0,190.0,0.0
2024-03-28,48,20:00,0.0,0.0,0.0,62.54,0.0,160.0,190.0,0.0
2024-03-28,49,20:15,0.0,0.0,0.0,62.54,0.0,160.0,190.0,0.0
2024-03-28,50,20:30,0.0,0.0,0.0,62.54,0.0,160.0,190.0,0.0
2024-03-28,51,20:45,0.0,0.0,0.0,62.54,0.0,160.0,190.0,0.0
2024-03-28,52,21:00,0.0,0.0,0.0,51.83,0.0,160.0,190.0,0.0
2024-03-28,53,21:15,0.0,0.0,0.0,51.83,0.0,160.0,190.0,0.0
2024-03-28,54,21:30,0.0,0.0,0.0,51.83,0.0,160.0,190.0,0.0
2024-03-28,55,21:45,0.0,0.0,0.0,51.83,0.0,160.0,20.0,170.0
2024-04-02,0,08:00,0.0,0.0,0.0,68.93,0.0,160.0,20.0,0.0
2024-04-02,1,08:15,0.0,0.0,0.0,68.93,0.0,160.0,20.0,0.0
2024-04-02,2,08:30,0.0,9.5021,9.5021,68.93,0.163745,120.0,20.0,0.0
2024-04-02,3,08:45,0.0,17.0147,17.0147,68.93,0.293205,120.0,20.0,0.0
2024-04-02,4,09:00,0.0,17.1381,17.1381,46.98,0.201287,120.0,20.0,0.0
2024-04-02,5,09:15,0.0,16.0793,16.0793,46.98,0.188851,120.0,20.0,0.0
2024-04-02,6,09:30,0.0,3.2115,3.2115,46.98,0.037719,120.0,20.0,0.0
2024-04-02,7,09:45,0.0,9.5021,9.5021,46.98,0.111602,80.0,60.0,0.0
2024-04-02,8,10:00,0.0,17.0147,17.0147,2.66,0.011315,80.0,60.0,0.0
2024-04-02,9,10:15,0.0,17.1381,17.1381,2.66,0.011397,80.0,60.0,0.0
2024-04-02,10,10:30,0.0,16.0793,16.0793,2.66,0.010693,80.0,60.0,0.0
2024-04-02,11,10:45,0.0,3.2115,3.2115,2.66,0.002136,80.0,60.0,0.0
2024-04-02,12,11:00,1.8638,9.5021,11.3659,-0.06,-0.00017,40.0,100.0,0.0
2024-04-02,13,11:15,6.7293,17.0147,23.744,-0.06,-0.000356,40.0,100.0,0.0
2024-04-02,14,11:30,5.9956,17.1381,23.1337,-0.06,-0.000347,40.0,100.0,0.0
2024-04-02,15,11:45,7.1179,16.0793,23.1972,-0.06,-0.000348,40.0,100.0,0.0
2024-04-02,16,12:00,6.1091,3.2115,9.3206,-1.09,-0.00254,40.0,100.0,0.0
2024-04-02,17,12:15,5.6324,9.5021,15.1345,-1.09,-0.004124,0.0,140.0,0.0
2024-04-02,18,12:30,5.8458,17.0147,22.8605,-1.09,-0.006229,0.0,140.0,0.0
2024-04-02,19,12:45,5.1816,17.1381,22.3197,-1.09,-0.006082,0.0,140.0,0.0
2024-04-02,20,13:00,6.7301,16.0793,22.8094,-0.97,-0.005531,0.0,140.0,0.0
2024-04-02,21,13:15,3.9878,3.2115,7.1993,-0.97,-0.001746,0.0,140.0,0.0
2024-04-02,22,13:30,1.8638,9.5021,11.3659,-0.97,-0.002756,60.0,180.0,0.0
2024-04-02,23,13:45,6.7293,17.0147,23.744,-0.97,-0.005758,60.0,180.0,0.0
2024-04-02,24,14:00,5.9956,17.1381,23.1337,-0.07,-0.000405,60.0,180.0,0.0
2024-04-02,25,14:15,7.1179,16.0793,23.1972,-0.07,-0.000406,60.0,180.0,0.0
2024-04-02,26,14:30,6.1091,3.2115,9.3206,-0.07,-0.000163,60.0,180.0,0.0
2024-04-02,27,14:45,5.6324,9.5021,15.1345,-0.07,-0.000265,20.0,220.0,0.0
2024-04-02,28,15:00,5.8458,17.0147,22.8605,0.0,0.0,20.0,60.0,160.0
2024-04-02,29,15:15,5.1816,17.1381,22.3197,0.0,0.0,20.0,60.0,0.0
2024-04-02,30,15:30,6.7301,16.0793,22.8094,0.0,0.0,20.0,60.0,0.0
2024-04-02,31,15:45,3.9878,3.2115,7.1993,0.0,0.0,20.0,60.0,0.0
2024-04-02,32,16:00,0.0,9.5021,9.5021,4.31,0.010239,80.0,100.0,0.0
2024-04-02,33,16:15,0.0,17.0147,17.0147,4.31,0.018333,80.0,100.0,0.0
2024-04-02,34,16:30,0.0,17.1381,17.1381,4.31,0.018466,80.0,100.0,0.0
2024-04-02,35,16:45,0.0,16.0793,16.0793,4.31,0.017325,80.0,100.0,0.0
2024-04-02,36,17:00,0.0,3.2115,3.2115,41.46,0.033287,80.0,100.0,0.0
2024-04-02,37,17:15,0.0,9.5021,9.5021,41.46,0.098489,40.0,140.0,0.0
2024-04-02,38,17:30,0.0,17.0147,17.0147,41.46,0.176357,40.0,140.0,0.0
2024-04-02,39,17:45,0.0,17.1381,17.1381,41.46,0.177636,40.0,140.0,0.0
2024-04-02,40,18:00,0.0,16.0793,16.0793,72.7,0.292241,40.0,140.0,0.0
2024-04-02,41,18:15,0.0,3.2115,3.2115,72.7,0.058369,40.0,140.0,0.0
2024-04-02,42,18:30,0.0,0.0,0.0,72.7,0.0,40.0,180.0,0.0
2024-04-02,43,18:45,0.0,0.0,0.0,72.7,0.0,40.0,180.0,0.0
2024-04-02,44,19:00,0.0,0.0,0.0,95.39,0.0,40.0,180.0,0.0
2024-04-02,45,19:15,0.0,0.0,0.0,95.39,0.0,40.0,180.0,0.0
2024-04-02,46,19:30,0.0,0.0,0.0,95.39,0.0,40.0,180.0,0.0
2024-04-02,47,19:45,0.0,0.0,0.0,95.39,0.0,40.0,180.0,0.0
2024-04-02,48,20:00,0.0,0.0,0.0,94.88,0.0,40.0,180.0,0.0
2024-04-02,49,20:15,0.0,0.0,0.0,94.88,0.0,40.0,180.0,0.0
2024-04-02,50,20:30,0.0,0.0,0.0,94.88,0.0,40.0,180.0,0.0
2024-04-02,51,20:45,0.0,0.0,0.0,94.88,0.0,40.0,180.0,0.0
2024-04-02,52,21:00,0.0,0.0,0.0,78.13,0.0,40.0,180.0,0.0
2024-04-02,53,21:15,0.0,0.0,0.0,78.13,0.0,40.0,180.0,0.0
2024-04-02,54,21:30,0.0,0.0,0.0,78.13,0.0,40.0,180.0,0.0
2024-04-02,55,21:45,0.0,0.0,0.0,78.13,0.0,40.0,180.0,0.0
2024-04-03,0,08:00,0.0,0.0,0.0,117.93,0.0,40.0,180.0,0.0
2024-04-03,1,08:15,0.0,0.0,0.0,117.93,0.0,40.0,180.0,0.0
2024-04-03,2,08:30,0.0,0.0,0.0,117.93,0.0,40.0,180.0,0.0
2024-04-03,3,08:45,0.0,0.0,0.0,117.93,0.0,40.0,180.0,0.0
2024-04-03,4,09:00,0.0,0.0,0.0,100.98,0.0,40.0,180.0,0.0
2024-04-03,5,09:15,0.0,0.0,0.0,100.98,0.0,40.0,180.0,0.0
2024-04-03,6,09:30,0.0,0.0,0.0,100.98,0.0,40.0,180.0,0.0
2024-04-03,7,09:45,0.0,0.0,0.0,100.98,0.0,40.0,180.0,0.0
2024-04-03,8,10:00,0.0,0.0,0.0,107.35,0.0,40.0,180.0,0.0
2024-04-03,9,10:15,0.0,0.0,0.0,107.35,0.0,40.0,180.0,0.0
2024-04-03,10,10:30,0.0,0.0,0.0,107.35,0.0,40.0,180.0,0.0
2024-04-03,11,10:45,0.0,0.0,0.0,107.35,0.0,40.0,180.0,0.0
2024-04-03,12,11:00,0.0,0.0,0.0,90.81,0.0,40.0,180.0,0.0
2024-04-03,13,11:15,0.0,0.0,0.0,90.81,0.0,40.0,180.0,0.0
2024-04-03,14,11:30,0.0,0.0,0.0,90.81,0.0,40.0,180.0,0.0
2024-04-03,15,11:45,0.0,0.0,0.0,90.81,0.0,40.0,180.0,0.0
2024-04-03,16,12:00,0.0,0.0,0.0,82.03,0.0,40.0,180.0,0.0
2024-04-03,17,12:15,0.0,0.0,0.0,82.03,0.0,40.0,180.0,0.0
2024-04-03,18,12:30,0.0,0.0,0.0,82.03,0.0,40.0,180.0,0.0
2024-04-03,19,12:45,0.0,0.0,0.0,82.03,0.0,40.0,180.0,0.0
2024-04-03,20,13:00,0.0,0.0,0.0,76.88,0.0,40.0,180.0,0.0
2024-04-03,21,13:15,0.0,0.0,0.0,76.88,0.0,40.0,180.0,0.0
2024-04-03,22,13:30,0.0,0.0,0.0,76.88,0.0,40.0,180.0,0.0
2024-04-03,23,13:45,0.0,0.0,0.0,76.88,0.0,40.0,180.0,0.0
2024-04-03,24,14:00,0.0,0.0,0.0,73.04,0.0,40.0,180.0,0.0
2024-04-03,25,14:15,0.0,0.0,0.0,73.04,0.0,40.0,180.0,0.0
2024-04-03,26,14:30,0.0,0.0,0.0,73.04,0.0,40.0,180.0,0.0
2024-04-03,27,14:45,0.0,0.0,0.0,73.04,0.0,40.0,180.0,0.0
2024-04-03,28,15:00,0.0,0.0,0.0,73.07,0.0,40.0,20.0,160.0
2024-04-03,29,15:15,0.0,0.0,0.0,73.07,0.0,40.0,20.0,0.0
2024-04-03,30,15:30,0.0,0.0,0.0,73.07,0.0,40.0,20.0,0.0
2024-04-03,31,15:45,0.0,0.0,0.0,73.07,0.0,40.0,20.0,0.0
2024-04-03,32,16:00,0.0,0.0,0.0,76.7,0.0,40.0,20.0,0.0
2024-04-03,33,16:15,0.0,0.0,0.0,76.7,0.0,40.0,20.0,0.0
2024-04-03,34,16:30,0.0,0.0,0.0,76.7,0.0,40.0,20.0,0.0
2024-04-03,35,16:45,0.0,0.0,0.0,76.7,0.0,40.0,20.0,0.0
2024-04-03,36,17:00,0.0,0.0,0.0,92.44,0.0,40.0,20.0,0.0
2024-04-03,37,17:15,0.0,0.0,0.0,92.44,0.0,40.0,20.0,0.0
2024-04-03,38,17:30,0.0,0.0,0.0,92.44,0.0,40.0,20.0,0.0
2024-04-03,39,17:45,0.0,0.0,0.0,92.44,0.0,40.0,20.0,0.0
2024-04-03,40,18:00,0.0,0.0,0.0,108.14,0.0,40.0,20.0,0.0
2024-04-03,41,18:15,0.0,0.0,0.0,108.14,0.0,40.0,20.0,0.0
2024-04-03,42,18:30,0.0,0.0,0.0,108.14,0.0,40.0,20.0,0.0
2024-04-03,43,18:45,0.0,0.0,0.0,108.14,0.0,40.0,20.0,0.0
2024-04-03,44,19:00,0.0,0.0,0.0,123.3,0.0,40.0,20.0,0.0
2024-04-03,45,19:15,0.0,0.0,0.0,123.3,0.0,40.0,20.0,0.0
2024-04-03,46,19:30,0.0,0.0,0.0,123.3,0.0,40.0,20.0,0.0
2024-04-03,47,19:45,0.0,0.0,0.0,123.3,0.0,40.0,20.0,0.0
2024-04-03,48,20:00,0.0,0.0,0.0,101.58,0.0,40.0,20.0,0.0
2024-04-03,49,20:15,0.0,0.0,0.0,101.58,0.0,40.0,20.0,0.0
2024-04-03,50,20:30,0.0,0.0,0.0,101.58,0.0,40.0,20.0,0.0
2024-04-03,51,20:45,0.0,0.0,0.0,101.58,0.0,40.0,20.0,0.0
2024-04-03,52,21:00,0.0,0.0,0.0,80.97,0.0,40.0,20.0,0.0
2024-04-03,53,21:15,0.0,0.0,0.0,80.97,0.0,40.0,20.0,0.0
2024-04-03,54,21:30,0.0,0.0,0.0,80.97,0.0,40.0,20.0,0.0
2024-04-03,55,21:45,0.0,0.0,0.0,80.97,0.0,40.0,20.0,0.0
2024-04-04,0,08:00,0.0,0.0,0.0,77.18,0.0,40.0,20.0,0.0
2024-04-04,1,08:15,0.0,0.0,0.0,77.18,0.0,40.0,20.0,0.0
2024-04-04,2,08:30,0.0,0.0,0.0,77.18,0.0,40.0,20.0,0.0
2024-04-04,3,08:45,0.0,0.0,0.0,77.18,0.0,40.0,20.0,0.0
2024-04-04,4,09:00,1.3266,0.0,1.3266,71.94,0.02386,40.0,20.0,0.0
2024-04-04,5,09:15,4.184,0.0,4.184,71.94,0.075249,40.0,20.0,0.0
2024-04-04,6,09:30,5.1593,0.0,5.1593,71.94,0.092791,40.0,20.0,0.0
2024-04-04,7,09:45,4.2588,0.0,4.2588,71.94,0.076595,40.0,20.0,0.0
2024-04-04,8,10:00,5.404,0.0,5.404,69.45,0.093827,40.0,20.0,0.0
2024-04-04,9,10:15,4.491,0.0,4.491,69.45,0.077976,40.0,20.0,0.0
2024-04-04,10,10:30,5.1252,0.0,5.1252,69.45,0.088986,40.0,20.0,0.0
2024-04-04,11,10:45,3.0543,0.0,3.0543,69.45,0.053031,40.0,20.0,0.0
2024-04-04,12,11:00,5.093,9.5021,14.5951,63.06,0.230092,0.0,20.0,0.0
2024-04-04,13,11:15,3.6006,17.0147,20.6153,63.06,0.325,0.0,20.0,0.0
2024-04-04,14,11:30,4.9802,17.1381,22.1183,63.06,0.348696,0.0,20.0,0.0
2024-04-04,15,11:45,4.3843,16.0793,20.4636,63.06,0.322609,0.0,20.0,0.0
2024-04-04,16,12:00,1.5369,3.2115,4.7484,58.08,0.068946,0.0,20.0,0.0
2024-04-04,17,12:15,1.8638,9.5021,11.3659,58.08,0.165033,60.0,60.0,0.0
2024-04-04,18,12:30,6.7293,17.0147,23.744,58.08,0.344762,60.0,60.0,0.0
2024-04-04,19,12:45,5.9956,17.1381,23.1337,58.08,0.335901,60.0,60.0,0.0
2024-04-04,20,13:00,7.1179,16.0793,23.1972,56.22,0.326036,60.0,60.0,0.0
2024-04-04,21,13:15,6.1091,3.2115,9.3206,56.22,0.131,60.0,60.0,0.0
2024-04-04,22,13:30,5.6324,9.5021,15.1345,56.22,0.212716,20.0,100.0,0.0
2024-04-04,23,13:45,5.8458,17.0147,22.8605,56.22,0.321304,20.0,100.0,0.0
2024-04-04,24,14:00,5.1816,17.1381,22.3197,55.49,0.30963,20.0,100.0,0.0
2024-04-04,25,14:15,6.7301,16.0793,22.8094,55.49,0.316423,20.0,100.0,0.0
2024-04-04,26,14:30,3.9878,3.2115,7.1993,55.49,0.099872,20.0,100.0,0.0
2024-04-04,27,14:45,0.0,9.5021,9.5021,55.49,0.131818,80.0,140.0,0.0
2024-04-04,28,15:00,0.0,17.0147,17.0147,56.17,0.238929,80.0,60.0,80.0
2024-04-04,29,15:15,0.0,17.1381,17.1381,56.17,0.240662,80.0,60.0,0.0
2024-04-04,30,15:30,0.0,16.0793,16.0793,56.17,0.225793,80.0,60.0,0.0
2024-04-04,31,15:45,0.0,3.2115,3.2115,56.17,0.045097,80.0,60.0,0.0
2024-04-04,32,16:00,0.0,9.5021,9.5021,57.08,0.135595,40.0,100.0,0.0
2024-04-04,33,16:15,0.0,17.0147,17.0147,57.08,0.242799,40.0,100.0,0.0
2024-04-04,34,16:30,0.0,17.1381,17.1381,57.08,0.244561,40.0,100.0,0.0
2024-04-04,35,16:45,0.0,16.0793,16.0793,57.08,0.229451,40.0,100.0,0.0
2024-04-04,36,17:00,0.0,3.2115,3.2115,69.08,0.055462,40.0,100.0,0.0
2024-04-04,37,17:15,0.0,0.0,0.0,69.08,0.0,40.0,140.0,0.0
2024-04-04,38,17:30,0.0,0.0,0.0,69.08,0.0,40.0,140.0,0.0
2024-04-04,39,17:45,0.0,0.0,0.0,69.08,0.0,40.0,140.0,0.0
2024-04-04,40,18:00,0.0,0.0,0.0,75.36,0.0,40.0,140.0,0.0
2024-04-04,41,18:15,0.0,0.0,0.0,75.36,0.0,40.0,140.0,0.0
2024-04-04,42,18:30,0.0,0.0,0.0,75.36,0.0,40.0,140.0,0.0
2024-04-04,43,18:45,0.0,0.0,0.0,75.36,0.0,40.0,140.0,0.0
2024-04-04,44,19:00,0.0,0.0,0.0,90.66,0.0,40.0,140.0,0.0
2024-04-04,45,19:15,0.0,0.0,0.0,90.66,0.0,40.0,140.0,0.0
2024-04-04,46,19:30,0.0,0.0,0.0,90.66,0.0,40.0,140.0,0.0
2024-04-04,47,19:45,0.0,0.0,0.0,90.66,0.0,40.0,140.0,0.0
2024-04-04,48,20:00,0.0,0.0,0.0,80.58,0.0,40.0,140.0,0.0
2024-04-04,49,20:15,0.0,0.0,0.0,80.58,0.0,40.0,140.0,0.0
2024-04-04,50,20:30,0.0,0.0,0.0,80.58,0.0,40.0,140.0,0.0
2024-04-04,51,20:45,0.0,0.0,0.0,80.58,0.0,40.0,140.0,0.0
2024-04-04,52,21:00,0.0,0.0,0.0,73.29,0.0,40.0,140.0,0.0
2024-04-04,53,21:15,0.0,0.0,0.0,73.29,0.0,40.0,140.0,0.0
2024-04-04,54,21:30,0.0,0.0,0.0,73.29,0.0,40.0,140.0,0.0
2024-04-04,55,21:45,0.0,0.0,0.0,73.29,0.0,40.0,30.0,110.0
2024-04-05,0,08:00,0.0,0.0,0.0,81.0,0.0,40.0,30.0,0.0
2024-04-05,1,08:15,0.0,0.0,0.0,81.0,0.0,40.0,30.0,0.0
2024-04-05,2,08:30,0.0,0.0,0.0,81.0,0.0,40.0,30.0,0.0
2024-04-05,3,08:45,0.0,0.0,0.0,81.0,0.0,40.0,30.0,0.0
2024-04-05,4,09:00,0.0,0.0,0.0,67.59,0.0,40.0,30.0,0.0
2024-04-05,5,09:15,0.0,0.0,0.0,67.59,0.0,40.0,30.0,0.0
2024-04-05,6,09:30,1.8638,0.0,1.8638,67.59,0.031494,40.0,30.0,0.0
2024-04-05,7,09:45,6.7293,0.0,6.7293,67.59,0.113708,40.0,30.0,0.0
2024-04-05,8,10:00,5.9956,0.0,5.9956,50.5,0.075694,40.0,30.0,0.0
2024-04-05,9,10:15,7.1179,0.0,7.1179,50.5,0.089863,40.0,30.0,0.0
2024-04-05,10,10:30,6.1091,0.0,6.1091,50.5,0.077127,40.0,30.0,0.0
2024-04-05,11,10:45,5.6324,9.5021,15.1345,50.5,0.191074,0.0,30.0,0.0
2024-04-05,12,11:00,5.8458,17.0147,22.8605,25.97,0.148422,0.0,30.0,0.0
2024-04-05,13,11:15,5.1816,17.1381,22.3197,25.97,0.14491,0.0,30.0,0.0
2024-04-05,14,11:30,6.7301,16.0793,22.8094,25.97,0.14809,-0.0,30.0,0.0
2024-04-05,15,11:45,3.9878,3.2115,7.1993,25.97,0.046741,0.0,30.0,0.0
2024-04-05,16,12:00,1.8638,9.5021,11.3659,9.16,0.026028,60.0,70.0,0.0
2024-04-05,17,12:15,6.7293,17.0147,23.744,9.16,0.054374,60.0,70.0,0.0
2024-04-05,18,12:30,5.9956,17.1381,23.1337,9.16,0.052976,60.0,70.0,0.0
2024-04-05,19,12:45,7.1179,16.0793,23.1972,9.16,0.053122,60.0,70.0,0.0
2024-04-05,20,13:00,6.1091,3.2115,9.3206,0.0,0.0,60.0,70.0,0.0
2024-04-05,21,13:15,5.6324,9.5021,15.1345,0.0,0.0,20.0,110.0,0.0
2024-04-05,22,13:30,5.8458,17.0147,22.8605,0.0,0.0,20.0,110.0,0.0
2024-04-05,23,13:45,5.1816,17.1381,22.3197,0.0,0.0,20.0,110.0,0.0
2024-04-05,24,14:00,6.7301,16.0793,22.8094,-0.1,-0.00057,20.0,110.0,0.0
2024-04-05,25,14:15,3.9878,3.2115,7.1993,-0.1,-0.00018,20.0,110.0,0.0
2024-04-05,26,14:30,1.8638,9.5021,11.3659,-0.1,-0.000284,80.0,150.0,0.0
2024-04-05,27,14:45,6.7293,17.0147,23.744,-0.1,-0.000594,80.0,150.0,0.0
2024-04-05,28,15:00,5.9956,17.1381,23.1337,0.05,0.000289,80.0,150.0,0.0
2024-04-05,29,15:15,7.1179,16.0793,23.1972,0.05,0.00029,80.0,150.0,0.0
2024-04-05,30,15:30,6.1091,3.2115,9.3206,0.05,0.000117,80.0,150.0,0.0
2024-04-05,31,15:45,5.6324,9.5021,15.1345,0.05,0.000189,40.0,190.0,0.0
2024-04-05,32,16:00,5.8458,17.0147,22.8605,8.09,0.046235,40.0,190.0,0.0
2024-04-05,33,16:15,5.1816,17.1381,22.3197,8.09,0.045142,40.0,190.0,0.0
2024-04-05,34,16:30,6.7301,16.0793,22.8094,8.09,0.046132,40.0,190.0,0.0
2024-04-05,35,16:45,3.9878,3.2115,7.1993,8.09,0.014561,40.0,190.0,0.0
2024-04-05,36,17:00,1.8638,9.5021,11.3659,37.46,0.106442,100.0,230.0,0.0
2024-04-05,37,17:15,6.7293,17.0147,23.744,37.46,0.222362,100.0,230.0,0.0
2024-04-05,38,17:30,5.9956,17.1381,23.1337,37.46,0.216647,100.0,230.0,0.0
2024-04-05,39,17:45,7.1179,16.0793,23.1972,37.46,0.217242,100.0,230.0,0.0
2024-04-05,40,18:00,6.1091,3.2115,9.3206,49.65,0.115691,100.0,230.0,0.0
2024-04-05,41,18:15,5.6324,9.5021,15.1345,49.65,0.187857,60.0,270.0,0.0
2024-04-05,42,18:30,5.8458,17.0147,22.8605,49.65,0.283756,60.0,270.0,0.0
2024-04-05,43,18:45,5.1816,17.1381,22.3197,49.65,0.277043,60.0,270.0,0.0
2024-04-05,44,19:00,6.7301,16.0793,22.8094,55.94,0.318989,60.0,270.0,0.0
2024-04-05,45,19:15,3.9878,3.2115,7.1993,55.94,0.100682,60.0,270.0,0.0
2024-04-05,46,19:30,0.0,9.5021,9.5021,55.94,0.132887,120.0,310.0,0.0
2024-04-05,47,19:45,0.0,17.0147,17.0147,55.94,0.23795,120.0,310.0,0.0
2024-04-05,48,20:00,0.0,17.1381,17.1381,55.64,0.238391,120.0,310.0,0.0
2024-04-05,49,20:15,0.0,16.0793,16.0793,55.64,0.223663,120.0,310.0,0.0
2024-04-05,50,20:30,0.0,3.2115,3.2115,55.64,0.044672,120.0,310.0,0.0
2024-04-05,51,20:45,0.0,9.5021,9.5021,55.64,0.132174,80.0,350.0,0.0
2024-04-05,52,21:00,0.0,17.0147,17.0147,54.71,0.232718,80.0,350.0,0.0
2024-04-05,53,21:15,0.0,17.1381,17.1381,54.71,0.234406,80.0,350.0,0.0
2024-04-05,54,21:30,0.0,16.0793,16.0793,54.71,0.219924,80.0,350.0,0.0
2024-04-05,55,21:45,0.0,3.2115,3.2115,54.71,0.043925,80.0,210.0,140.0
2024-04-08,0,08:00,0.0,0.0,0.0,128.52,0.0,80.0,250.0,0.0
2024-04-08,1,08:15,0.0,0.0,0.0,128.52,0.0,80.0,250.0,0.0
2024-04-08,2,08:30,0.0,0.0,0.0,128.52,0.0,80.0,250.0,0.0
2024-04-08,3,08:45,0.0,0.0,0.0,128.52,0.0,80.0,250.0,0.0
2024-04-08,4,09:00,0.0,0.0,0.0,85.51,0.0,80.0,250.0,0.0
2024-04-08,5,09:15,0.0,0.0,0.0,85.51,0.0,80.0,250.0,0.0
2024-04-08,6,09:30,0.0,0.0,0.0,85.51,0.0,80.0,250.0,0.0
2024-04-08,7,09:45,0.0,0.0,0.0,85.51,0.0,80.0,250.0,0.0
2024-04-08,8,10:00,0.0,0.0,0.0,80.6,0.0,80.0,250.0,0.0
2024-04-08,9,10:15,0.0,0.0,0.0,80.6,0.0,80.0,250.0,0.0
2024-04-08,10,10:30,0.0,0.0,0.0,80.6,0.0,80.0,250.0,0.0
2024-04-08,11,10:45,0.0,0.0,0.0,80.6,0.0,80.0,250.0,0.0
2024-04-08,12,11:00,0.0,0.0,0.0,71.23,0.0,80.0,250.0,0.0
2024-04-08,13,11:15,0.0,0.0,0.0,71.23,0.0,80.0,250.0,0.0
2024-04-08,14,11:30,0.0,0.0,0.0,71.23,0.0,80.0,250.0,0.0
2024-04-08,15,11:45,0.0,0.0,0.0,71.23,0.0,80.0,250.0,0.0
2024-04-08,16,12:00,0.0,0.0,0.0,64.7,0.0,80.0,250.0,0.0
2024-04-08,17,12:15,0.0,0.0,0.0,64.7,0.0,80.0,250.0,0.0
2024-04-08,18,12:30,0.0,0.0,0.0,64.7,0.0,80.0,250.0,0.0
2024-04-08,19,12:45,1.3266,0.0,1.3266,64.7,0.021458,80.0,250.0,0.0
2024-04-08,20,13:00,4.184,0.0,4.184,60.0,0.06276,80.0,250.0,0.0
2024-04-08,21,13:15,5.1593,0.0,5.1593,60.0,0.07739,80.0,250.0,0.0
2024-04-08,22,13:30,4.2588,0.0,4.2588,60.0,0.063883,80.0,250.0,0.0
2024-04-08,23,13:45,5.404,0.0,5.404,60.0,0.08106,80.0,250.0,0.0
2024-04-08,24,14:00,4.491,9.5021,13.9931,57.89,0.202516,40.0,250.0,0.0
2024-04-08,25,14:15,5.1252,17.0147,22.1399,57.89,0.320419,40.0,250.0,0.0
2024-04-08,26,14:30,3.0543,17.1381,20.1924,57.89,0.292235,40.0,250.0,0.0
2024-04-08,27,14:45,5.093,16.0793,21.1723,57.89,0.306416,40.0,250.0,0.0
2024-04-08,28,15:00,3.6006,3.2115,6.8121,63.4,0.107972,40.0,90.0,160.0
2024-04-08,29,15:15,4.9802,0.0,4.9802,63.4,0.078937,40.0,130.0,0.0
2024-04-08,30,15:30,4.3843,0.0,4.3843,63.4,0.069492,40.0,130.0,0.0
2024-04-08,31,15:45,1.5369,0.0,1.5369,63.4,0.02436,40.0,130.0,0.0
2024-04-08,32,16:00,0.0,0.0,0.0,70.0,0.0,140.0,130.0,0.0
2024-04-08,33,16:15,0.0,0.0,0.0,70.0,0.0,140.0,130.0,0.0
2024-04-08,34,16:30,0.0,0.0,0.0,70.0,0.0,140.0,130.0,0.0
2024-04-08,35,16:45,0.0,0.0,0.0,70.0,0.0,140.0,130.0,0.0
2024-04-08,36,17:00,0.0,0.0,0.0,75.01,0.0,140.0,130.0,0.0
2024-04-08,37,17:15,0.0,0.0,0.0,75.01,0.0,140.0,130.0,0.0
2024-04-08,38,17:30,0.0,0.0,0.0,75.01,0.0,140.0,130.0,0.0
2024-04-08,39,17:45,0.0,0.0,0.0,75.01,0.0,140.0,130.0,0.0
2024-04-08,40,18:00,0.0,0.0,0.0,104.9,0.0,140.0,130.0,0.0
2024-04-08,41,18:15,0.0,0.0,0.0,104.9,0.0,140.0,130.0,0.0
2024-04-08,42,18:30,0.0,0.0,0.0,104.9,0.0,140.0,130.0,0.0
2024-04-08,43,18:45,0.0,0.0,0.0,104.9,0.0,140.0,130.0,0.0
2024-04-08,44,19:00,0.0,0.0,0.0,137.3,0.0,140.0,130.0,0.0
2024-04-08,45,19:15,0.0,0.0,0.0,137.3,0.0,140.0,130.0,0.0
2024-04-08,46,19:30,0.0,0.0,0.0,137.3,0.0,140.0,130.0,0.0
2024-04-08,47,19:45,0.0,0.0,0.0,137.3,0.0,140.0,130.0,0.0
2024-04-08,48,20:00,0.0,0.0,0.0,124.8,0.0,140.0,130.0,0.0
2024-04-08,49,20:15,0.0,0.0,0.0,124.8,0.0,140.0,130.0,0.0
2024-04-08,50,20:30,0.0,0.0,0.0,124.8,0.0,140.0,130.0,0.0
2024-04-08,51,20:45,0.0,0.0,0.0,124.8,0.0,140.0,130.0,0.0
2024-04-08,52,21:00,0.0,0.0,0.0,84.85,0.0,140.0,130.0,0.0
2024-04-08,53,21:15,0.0,0.0,0.0,84.85,0.0,140.0,130.0,0.0
2024-04-08,54,21:30,0.0,0.0,0.0,84.85,0.0,140.0,130.0,0.0
2024-04-08,55,21:45,0.0,0.0,0.0,84.85,0.0,140.0,20.0,110.0
2024-04-09,0,08:00,0.0,0.0,0.0,79.78,0.0,140.0,20.0,0.0
2024-04-09,1,08:15,0.0,0.0,0.0,79.78,0.0,140.0,20.0,0.0
2024-04-09,2,08:30,0.0,0.0,0.0,79.78,0.0,140.0,20.0,0.0
2024-04-09,3,08:45,0.0,0.0,0.0,79.78,0.0,140.0,20.0,0.0
2024-04-09,4,09:00,0.0,0.0,0.0,68.3,0.0,140.0,20.0,0.0
2024-04-09,5,09:15,0.0,0.0,0.0,68.3,0.0,140.0,20.0,0.0
2024-04-09,6,09:30,0.0,0.0,0.0,68.3,0.0,140.0,20.0,0.0
2024-04-09,7,09:45,0.0,0.0,0.0,68.3,0.0,140.0,20.0,0.0
2024-04-09,8,10:00,0.0,9.5021,9.5021,51.6,0.122577,100.0,20.0,0.0
2024-04-09,9,10:15,1.8638,17.0147,18.8785,51.6,0.243533,100.0,20.0,0.0
2024-04-09,10,10:30,6.7293,17.1381,23.8674,51.6,0.307889,100.0,20.0,0.0
2024-04-09,11,10:45,5.9956,16.0793,22.0749,51.6,0.284766,100.0,20.0,0.0
2024-04-09,12,11:00,7.1179,3.2115,10.3294,43.98,0.113572,100.0,20.0,0.0
2024-04-09,13,11:15,6.1091,9.5021,15.6112,43.98,0.171645,60.0,60.0,0.0
2024-04-09,14,11:30,5.6324,17.0147,22.6471,43.98,0.249005,60.0,60.0,0.0
2024-04-09,15,11:45,5.8458,17.1381,22.9839,43.98,0.252708,60.0,60.0,0.0
2024-04-09,16,12:00,5.1816,16.0793,21.2609,36.05,0.191613,60.0,60.0,0.0
2024-04-09,17,12:15,6.7301,3.2115,9.9416,36.05,0.089599,60.0,60.0,0.0
2024-04-09,18,12:30,3.9878,9.5021,13.4899,36.05,0.121578,20.0,100.0,0.0
2024-04-09,19,12:45,1.8638,17.0147,18.8785,36.05,0.170143,120.0,100.0,0.0
2024-04-09,20,13:00,6.7293,17.1381,23.8674,10.09,0.060205,120.0,100.0,0.0
2024-04-09,21,13:15,5.9956,16.0793,22.0749,10.09,0.055684,120.0,100.0,0.0
2024-04-09,22,13:30,7.1179,3.2115,10.3294,10.09,0.026056,120.0,100.0,0.0
2024-04-09,23,13:45,6.1091,9.5021,15.6112,10.09,0.039379,80.0,140.0,0.0
2024-04-09,24,14:00,5.6324,17.0147,22.6471,10.5,0.059449,80.0,140.0,0.0
2024-04-09,25,14:15,5.8458,17.1381,22.9839,10.5,0.060333,80.0,140.0,0.0
2024-04-09,26,14:30,5.1816,16.0793,21.2609,10.5,0.05581,80.0,140.0,0.0
2024-04-09,27,14:45,6.7301,3.2115,9.9416,10.5,0.026097,80.0,140.0,0.0
2024-04-09,28,15:00,3.9878,9.5021,13.4899,29.04,0.097937,40.0,10.0,170.0
2024-04-09,29,15:15,1.8638,17.0147,18.8785,29.04,0.137058,140.0,10.0,0.0
2024-04-09,30,15:30,6.7293,17.1381,23.8674,29.04,0.173277,140.0,10.0,0.0
2024-04-09,31,15:45,5.9956,16.0793,22.0749,29.04,0.160264,140.0,10.0,0.0
2024-04-09,32,16:00,7.1179,3.2115,10.3294,38.27,0.098826,140.0,10.0,0.0
2024-04-09,33,16:15,6.1091,9.5021,15.6112,38.27,0.14936,100.0,50.0,0.0
2024-04-09,34,16:30,5.6324,17.0147,22.6471,38.27,0.216676,100.0,50.0,0.0
2024-04-09,35,16:45,5.8458,17.1381,22.9839,38.27,0.219899,100.0,50.0,0.0
2024-04-09,36,17:00,5.1816,16.0793,21.2609,50.15,0.266558,100.0,50.0,0.0
2024-04-09,37,17:15,6.7301,3.2115,9.9416,50.15,0.124643,100.0,50.0,0.0
2024-04-09,38,17:30,3.9878,9.5021,13.4899,50.15,0.16913,60.0,90.0,0.0
2024-04-09,39,17:45,0.0,17.0147,17.0147,50.15,0.213321,160.0,90.0,0.0
2024-04-09,40,18:00,0.0,17.1381,17.1381,65.9,0.28235,160.0,90.0,0.0
2024-04-09,41,18:15,0.0,16.0793,16.0793,65.9,0.264906,160.0,90.0,0.0
2024-04-09,42,18:30,0.0,3.2115,3.2115,65.9,0.052909,160.0,90.0,0.0
2024-04-09,43,18:45,0.0,0.0,0.0,65.9,0.0,160.0,130.0,0.0
2024-04-09,44,19:00,0.0,0.0,0.0,81.75,0.0,160.0,130.0,0.0
2024-04-09,45,19:15,0.0,0.0,0.0,81.75,0.0,160.0,130.0,0.0
2024-04-09,46,19:30,0.0,0.0,0.0,81.75,0.0,160.0,130.0,0.0
2024-04-09,47,19:45,0.0,0.0,0.0,81.75,0.0,160.0,130.0,0.0
2024-04-09,48,20:00,0.0,0.0,0.0,81.74,0.0,160.0,130.0,0.0
2024-04-09,49,20:15,0.0,0.0,0.0,81.74,0.0,160.0,130.0,0.0
2024-04-09,50,20:30,0.0,0.0,0.0,81.74,0.0,160.0,130.0,0.0
2024-04-09,51,20:45,0.0,0.0,0.0,81.74,0.0,160.0,130.0,0.0
2024-04-09,52,21:00,0.0,0.0,0.0,67.98,0.0,160.0,130.0,0.0
2024-04-09,53,21:15,0.0,0.0,0.0,67.98,0.0,160.0,130.0,0.0
2024-04-09,54,21:30,0.0,0.0,0.0,67.98,0.0,160.0,130.0,0.0
2024-04-09,55,21:45,0.0,0.0,0.0,67.98,0.0,160.0,40.0,90.0
2024-04-10,0,08:00,0.0,0.0,0.0,106.02,0.0,160.0,40.0,0.0
2024-04-10,1,08:15,0.0,0.0,0.0,106.02,0.0,160.0,40.0,0.0
2024-04-10,2,08:30,0.0,0.0,0.0,106.02,0.0,160.0,40.0,0.0
2024-04-10,3,08:45,0.0,0.0,0.0,106.02,0.0,160.0,40.0,0.0
2024-04-10,4,09:00,0.0,0.0,0.0,80.46,0.0,160.0,40.0,0.0
2024-04-10,5,09:15,0.0,0.0,0.0,80.46,0.0,160.0,40.0,0.0
2024-04-10,6,09:30,0.0,0.0,0.0,80.46,0.0,160.0,40.0,0.0
2024-04-10,7,09:45,0.0,0.0,0.0,80.46,0.0,160.0,40.0,0.0
2024-04-10,8,10:00,0.0,9.5021,9.5021,67.66,0.160728,120.0,40.0,0.0
2024-04-10,9,10:15,0.0,17.0147,17.0147,67.66,0.287803,120.0,40.0,0.0
2024-04-10,10,10:30,0.0,17.1381,17.1381,67.66,0.289891,120.0,40.0,0.0
2024-04-10,11,10:45,0.0,16.0793,16.0793,67.66,0.271981,120.0,40.0,0.0
2024-04-10,12,11:00,0.0,3.2115,3.2115,56.05,0.045001,120.0,40.0,0.0
2024-04-10,13,11:15,0.0,9.5021,9.5021,56.05,0.133148,80.0,80.0,0.0
2024-04-10,14,11:30,0.0,17.0147,17.0147,56.05,0.238418,80.0,80.0,0.0
2024-04-10,15,11:45,0.0,17.1381,17.1381,56.05,0.240148,80.0,80.0,0.0
2024-04-10,16,12:00,0.0,16.0793,16.0793,55.62,0.223582,80.0,80.0,0.0
2024-04-10,17,12:15,0.0,3.2115,3.2115,55.62,0.044656,80.0,80.0,0.0
2024-04-10,18,12:30,0.0,9.5021,9.5021,55.62,0.132127,40.0,120.0,0.0
2024-04-10,19,12:45,1.8638,17.0147,18.8785,55.62,0.262506,40.0,120.0,0.0
2024-04-10,20,13:00,6.7293,17.1381,23.8674,30.32,0.180915,40.0,120.0,0.0
2024-04-10,21,13:15,5.9956,16.0793,22.0749,30.32,0.167327,40.0,120.0,0.0
2024-04-10,22,13:30,7.1179,3.2115,10.3294,30.32,0.078297,40.0,120.0,0.0
2024-04-10,23,13:45,6.1091,9.5021,15.6112,30.32,0.118333,0.0,160.0,0.0
2024-04-10,24,14:00,5.6324,17.0147,22.6471,31.29,0.177157,0.0,160.0,0.0
2024-04-10,25,14:15,5.8458,17.1381,22.9839,31.29,0.179792,0.0,160.0,0.0
2024-04-10,26,14:30,5.1816,16.0793,21.2609,31.29,0.166313,0.0,160.0,0.0
2024-04-10,27,14:45,6.7301,3.2115,9.9416,31.29,0.077768,0.0,160.0,0.0
2024-04-10,28,15:00,3.9878,0.0,3.9878,55.35,0.055181,0.0,30.0,170.0
2024-04-10,29,15:15,0.0,0.0,0.0,55.35,0.0,100.0,30.0,0.0
2024-04-10,30,15:30,0.0,0.0,0.0,55.35,0.0,100.0,30.0,0.0
2024-04-10,31,15:45,0.0,0.0,0.0,55.35,0.0,100.0,30.0,0.0
2024-04-10,32,16:00,0.0,0.0,0.0,62.91,0.0,100.0,30.0,0.0
2024-04-10,33,16:15,0.0,0.0,0.0,62.91,0.0,100.0,30.0,0.0
2024-04-10,34,16:30,0.0,0.0,0.0,62.91,0.0,100.0,30.0,0.0
2024-04-10,35,16:45,0.0,0.0,0.0,62.91,0.0,100.0,30.0,0.0
2024-04-10,36,17:00,0.0,0.0,0.0,75.32,0.0,100.0,30.0,0.0
2024-04-10,37,17:15,0.0,0.0,0.0,75.32,0.0,100.0,30.0,0.0
2024-04-10,38,17:30,0.0,0.0,0.0,75.32,0.0,100.0,30.0,0.0
2024-04-10,39,17:45,0.0,0.0,0.0,75.32,0.0,100.0,30.0,0.0
2024-04-10,40,18:00,0.0,0.0,0.0,100.83,0.0,100.0,30.0,0.0
2024-04-10,41,18:15,0.0,0.0,0.0,100.83,0.0,100.0,30.0,0.0
2024-04-10,42,18:30,0.0,0.0,0.0,100.83,0.0,100.0,30.0,0.0
2024-04-10,43,18:45,0.0,0.0,0.0,100.83,0.0,100.0,30.0,0.0
2024-04-10,44,19:00,0.0,0.0,0.0,191.15,0.0,100.0,30.0,0.0
2024-04-10,45,19:15,0.0,0.0,0.0,191.15,0.0,100.0,30.0,0.0
2024-04-10,46,19:30,0.0,0.0,0.0,191.15,0.0,100.0,30.0,0.0
2024-04-10,47,19:45,0.0,0.0,0.0,191.15,0.0,100.0,30.0,0.0
2024-04-10,48,20:00,0.0,0.0,0.0,191.19,0.0,100.0,30.0,0.0
2024-04-10,49,20:15,0.0,0.0,0.0,191.19,0.0,100.0,30.0,0.0
2024-04-10,50,20:30,0.0,0.0,0.0,191.19,0.0,100.0,30.0,0.0
2024-04-10,51,20:45,0.0,0.0,0.0,191.19,0.0,100.0,30.0,0.0
2024-04-10,52,21:00,0.0,0.0,0.0,115.59,0.0,100.0,30.0,0.0
2024-04-10,53,21:15,0.0,0.0,0.0,115.59,0.0,100.0,30.0,0.0
2024-04-10,54,21:30,0.0,0.0,0.0,115.59,0.0,100.0,30.0,0.0
2024-04-10,55,21:45,0.0,0.0,0.0,115.59,0.0,100.0,30.0,0.0
2024-04-11,0,08:00,0.0,0.0,0.0,52.2,0.0,100.0,30.0,0.0
2024-04-11,1,08:15,0.0,0.0,0.0,52.2,0.0,100.0,30.0,0.0
2024-04-11,2,08:30,0.0,0.0,0.0,52.2,0.0,100.0,30.0,0.0
2024-04-11,3,08:45,0.0,0.0,0.0,52.2,0.0,100.0,30.0,0.0
2024-04-11,4,09:00,1.8638,9.5021,11.3659,30.0,0.085244,60.0,30.0,0.0
2024-04-11,5,09:15,6.7293,17.0147,23.744,30.0,0.17808,60.0,30.0,0.0
2024-04-11,6,09:30,5.9956,17.1381,23.1337,30.0,0.173503,60.0,30.0,0.0
2024-04-11,7,09:45,7.1179,16.0793,23.1972,30.0,0.173979,60.0,30.0,0.0
2024-04-11,8,10:00,6.1091,3.2115,9.3206,10.05,0.023418,60.0,30.0,0.0
2024-04-11,9,10:15,5.6324,9.5021,15.1345,10.05,0.038026,20.0,70.0,0.0
2024-04-11,10,10:30,5.8458,17.0147,22.8605,10.05,0.057437,20.0,70.0,0.0
2024-04-11,11,10:45,5.1816,17.1381,22.3197,10.05,0.056078,20.0,70.0,0.0
2024-04-11,12,11:00,6.7301,16.0793,22.8094,0.86,0.004904,20.0,70.0,0.0
2024-04-11,13,11:15,3.9878,3.2115,7.1993,0.86,0.001548,20.0,70.0,0.0
2024-04-11,14,11:30,0.0,9.5021,9.5021,0.86,0.002043,80.0,110.0,0.0
2024-04-11,15,11:45,1.3266,17.0147,18.3413,0.86,0.003943,80.0,110.0,0.0
2024-04-11,16,12:00,4.184,17.1381,21.3221,0.91,0.004851,80.0,110.0,0.0
2024-04-11,17,12:15,5.1593,16.0793,21.2386,0.91,0.004832,80.0,110.0,0.0
2024-04-11,18,12:30,4.2588,3.2115,7.4703,0.91,0.001699,80.0,110.0,0.0
2024-04-11,19,12:45,5.404,9.5021,14.9061,0.91,0.003391,40.0,150.0,0.0
2024-04-11,20,13:00,4.491,17.0147,21.5057,1.1,0.005914,40.0,150.0,0.0
2024-04-11,21,13:15,5.1252,17.1381,22.2633,1.1,0.006122,40.0,150.0,0.0
2024-04-11,22,13:30,3.0543,16.0793,19.1336,1.1,0.005262,40.0,150.0,0.0
2024-04-11,23,13:45,5.093,3.2115,8.3045,1.1,0.002284,40.0,150.0,0.0
2024-04-11,24,14:00,3.6006,9.5021,13.1027,0.57,0.001867,0.0,190.0,0.0
2024-04-11,25,14:15,4.9802,17.0147,21.9949,0.57,0.003134,0.0,190.0,0.0
2024-04-11,26,14:30,4.3843,17.1381,21.5224,0.57,0.003067,0.0,190.0,0.0
2024-04-11,27,14:45,1.5369,16.0793,17.6162,0.57,0.00251,0.0,190.0,0.0
2024-04-11,28,15:00,0.0,3.2115,3.2115,29.57,0.023741,100.0,60.0,130.0
2024-04-11,29,15:15,0.0,9.5021,9.5021,29.57,0.070244,60.0,100.0,0.0
2024-04-11,30,15:30,0.0,17.0147,17.0147,29.57,0.125781,60.0,100.0,0.0
2024-04-11,31,15:45,0.0,17.1381,17.1381,29.57,0.126693,60.0,100.0,0.0
2024-04-11,32,16:00,0.0,16.0793,16.0793,59.74,0.240144,60.0,100.0,0.0
2024-04-11,33,16:15,0.0,3.2115,3.2115,59.74,0.047964,60.0,100.0,0.0
2024-04-11,34,16:30,0.0,0.0,0.0,59.74,0.0,60.0,140.0,0.0
2024-04-11,35,16:45,0.0,0.0,0.0,59.74,0.0,60.0,140.0,0.0
2024-04-11,36,17:00,0.0,0.0,0.0,76.74,0.0,60.0,140.0,0.0
2024-04-11,37,17:15,0.0,0.0,0.0,76.74,0.0,60.0,140.0,0.0
2024-04-11,38,17:30,0.0,0.0,0.0,76.74,0.0,60.0,140.0,0.0
2024-04-11,39,17:45,0.0,0.0,0.0,76.74,0.0,60.0,140.0,0.0
2024-04-11,40,18:00,0.0,0.0,0.0,100.7,0.0,60.0,140.0,0.0
2024-04-11,41,18:15,0.0,0.0,0.0,100.7,0.0,60.0,140.0,0.0
2024-04-11,42,18:30,0.0,0.0,0.0,100.7,0.0,60.0,140.0,0.0
2024-04-11,43,18:45,0.0,0.0,0.0,100.7,0.0,60.0,140.0,0.0
2024-04-11,44,19:00,0.0,0.0,0.0,134.36,0.0,60.0,140.0,0.0
2024-04-11,45,19:15,0.0,0.0,0.0,134.36,0.0,60.0,140.0,0.0
2024-04-11,46,19:30,0.0,0.0,0.0,134.36,0.0,60.0,140.0,0.0
2024-04-11,47,19:45,0.0,0.0,0.0,134.36,0.0,60.0,140.0,0.0
2024-04-11,48,20:00,0.0,0.0,0.0,137.82,0.0,60.0,140.0,0.0
2024-04-11,49,20:15,0.0,0.0,0.0,137.82,0.0,60.0,140.0,0.0
2024-04-11,50,20:30,0.0,0.0,0.0,137.82,0.0,60.0,140.0,0.0
2024-04-11,51,20:45,0.0,0.0,0.0,137.82,0.0,60.0,140.0,0.0
2024-04-11,52,21:00,0.0,0.0,0.0,98.79,0.0,60.0,140.0,0.0
2024-04-11,53,21:15,0.0,0.0,0.0,98.79,0.0,60.0,140.0,0.0
2024-04-11,54,21:30,0.0,0.0,0.0,98.79,0.0,60.0,140.0,0.0
2024-04-11,55,21:45,0.0,0.0,0.0,98.79,0.0,60.0,30.0,110.0
2024-04-12,0,08:00,0.0,0.0,0.0,86.83,0.0,60.0,30.0,0.0
2024-04-12,1,08:15,0.0,0.0,0.0,86.83,0.0,60.0,30.0,0.0
2024-04-12,2,08:30,0.0,0.0,0.0,86.83,0.0,60.0,30.0,0.0
2024-04-12,3,08:45,0.0,0.0,0.0,86.83,0.0,60.0,30.0,0.0
2024-04-12,4,09:00,0.0,0.0,0.0,70.98,0.0,60.0,30.0,0.0
2024-04-12,5,09:15,0.0,0.0,0.0,70.98,0.0,60.0,30.0,0.0
2024-04-12,6,09:30,0.0,0.0,0.0,70.98,0.0,60.0,30.0,0.0
2024-04-12,7,09:45,1.8638,0.0,1.8638,70.98,0.033074,60.0,30.0,0.0
2024-04-12,8,10:00,6.7293,0.0,6.7293,42.86,0.072104,60.0,30.0,0.0
2024-04-12,9,10:15,5.9956,0.0,5.9956,42.86,0.064243,60.0,30.0,0.0
2024-04-12,10,10:30,7.1179,0.0,7.1179,42.86,0.076268,60.0,30.0,0.0
2024-04-12,11,10:45,6.1091,0.0,6.1091,42.86,0.065459,60.0,30.0,0.0
2024-04-12,12,11:00,5.6324,9.5021,15.1345,18.86,0.071359,20.0,30.0,0.0
2024-04-12,13,11:15,5.8458,17.0147,22.8605,18.86,0.107787,20.0,30.0,0.0
2024-04-12,14,11:30,5.1816,17.1381,22.3197,18.86,0.105237,20.0,30.0,0.0
2024-04-12,15,11:45,6.7301,16.0793,22.8094,18.86,0.107546,20.0,30.0,0.0
2024-04-12,16,12:00,3.9878,3.2115,7.1993,0.0,0.0,20.0,30.0,0.0
2024-04-12,17,12:15,1.8638,9.5021,11.3659,0.0,0.0,80.0,70.0,0.0
2024-04-12,18,12:30,6.7293,17.0147,23.744,0.0,0.0,80.0,70.0,0.0
2024-04-12,19,12:45,5.9956,17.1381,23.1337,0.0,0.0,80.0,70.0,0.0
2024-04-12,20,13:00,7.1179,16.0793,23.1972,-0.07,-0.000406,80.0,70.0,0.0
2024-04-12,21,13:15,6.1091,3.2115,9.3206,-0.07,-0.000163,80.0,70.0,0.0
2024-04-12,22,13:30,5.6324,9.5021,15.1345,-0.07,-0.000265,40.0,110.0,0.0
2024-04-12,23,13:45,5.8458,17.0147,22.8605,-0.07,-0.0004,40.0,110.0,0.0
2024-04-12,24,14:00,5.1816,17.1381,22.3197,0.01,5.6e-05,40.0,110.0,0.0
2024-04-12,25,14:15,6.7301,16.0793,22.8094,0.01,5.7e-05,40.0,110.0,0.0
2024-04-12,26,14:30,3.9878,3.2115,7.1993,0.01,1.8e-05,40.0,110.0,0.0
2024-04-12,27,14:45,1.8638,9.5021,11.3659,0.01,2.8e-05,100.0,150.0,0.0
2024-04-12,28,15:00,6.7293,17.0147,23.744,0.18,0.001068,100.0,60.0,90.0
2024-04-12,29,15:15,5.9956,17.1381,23.1337,0.18,0.001041,100.0,60.0,0.0
2024-04-12,30,15:30,7.1179,16.0793,23.1972,0.18,0.001044,100.0,60.0,0.0
2024-04-12,31,15:45,6.1091,3.2115,9.3206,0.18,0.000419,100.0,60.0,0.0
2024-04-12,32,16:00,5.6324,9.5021,15.1345,0.22,0.000832,60.0,100.0,0.0
2024-04-12,33,16:15,5.8458,17.0147,22.8605,0.22,0.001257,60.0,100.0,0.0
2024-04-12,34,16:30,5.1816,17.1381,22.3197,0.22,0.001228,60.0,100.0,0.0
2024-04-12,35,16:45,6.7301,16.0793,22.8094,0.22,0.001255,60.0,100.0,0.0
2024-04-12,36,17:00,3.9878,3.2115,7.1993,57.37,0.103256,60.0,100.0,0.0
2024-04-12,37,17:15,0.0,0.0,0.0,57.37,0.0,160.0,140.0,0.0
2024-04-12,38,17:30,0.0,0.0,0.0,57.37,0.0,160.0,140.0,0.0
2024-04-12,39,17:45,0.0,0.0,0.0,57.37,0.0,160.0,140.0,0.0
2024-04-12,40,18:00,0.0,0.0,0.0,81.93,0.0,160.0,140.0,0.0
2024-04-12,41,18:15,0.0,0.0,0.0,81.93,0.0,160.0,140.0,0.0
2024-04-12,42,18:30,0.0,0.0,0.0,81.93,0.0,160.0,140.0,0.0
2024-04-12,43,18:45,0.0,0.0,0.0,81.93,0.0,160.0,140.0,0.0
2024-04-12,44,19:00,0.0,0.0,0.0,125.95,0.0,160.0,140.0,0.0
2024-04-12,45,19:15,0.0,0.0,0.0,125.95,0.0,160.0,140.0,0.0
2024-04-12,46,19:30,0.0,0.0,0.0,125.95,0.0,160.0,140.0,0.0
2024-04-12,47,19:45,0.0,0.0,0.0,125.95,0.0,160.0,140.0,0.0
2024-04-12,48,20:00,0.0,0.0,0.0,124.13,0.0,160.0,140.0,0.0
2024-04-12,49,20:15,0.0,0.0,0.0,124.13,0.0,160.0,140.0,0.0
2024-04-12,50,20:30,0.0,0.0,0.0,124.13,0.0,160.0,140.0,0.0
2024-04-12,51,20:45,0.0,0.0,0.0,124.13,0.0,160.0,140.0,0.0
2024-04-12,52,21:00,0.0,0.0,0.0,86.6,0.0,160.0,140.0,0.0
2024-04-12,53,21:15,0.0,0.0,0.0,86.6,0.0,160.0,140.0,0.0
2024-04-12,54,21:30,0.0,0.0,0.0,86.6,0.0,160.0,140.0,0.0
2024-04-12,55,21:45,0.0,0.0,0.0,86.6,0.0,160.0,140.0,0.0
2024-04-15,0,08:00,0.0,0.0,0.0,153.24,0.0,160.0,140.0,0.0
2024-04-15,1,08:15,0.0,0.0,0.0,153.24,0.0,160.0,140.0,0.0
2024-04-15,2,08:30,0.0,0.0,0.0,153.24,0.0,160.0,140.0,0.0
2024-04-15,3,08:45,0.0,0.0,0.0,153.24,0.0,160.0,140.0,0.0
2024-04-15,4,09:00,0.0,0.0,0.0,91.56,0.0,160.0,140.0,0.0
2024-04-15,5,09:15,0.0,0.0,0.0,91.56,0.0,160.0,140.0,0.0
2024-04-15,6,09:30,0.0,0.0,0.0,91.56,0.0,160.0,140.0,0.0
2024-04-15,7,09:45,0.0,0.0,0.0,91.56,0.0,160.0,140.0,0.0
2024-04-15,8,10:00,0.0,0.0,0.0,80.55,0.0,160.0,140.0,0.0
2024-04-15,9,10:15,0.0,0.0,0.0,80.55,0.0,160.0,140.0,0.0
2024-04-15,10,10:30,0.0,0.0,0.0,80.55,0.0,160.0,140.0,0.0
2024-04-15,11,10:45,0.0,0.0,0.0,80.55,0.0,160.0,140.0,0.0
2024-04-15,12,11:00,0.0,0.0,0.0,63.15,0.0,160.0,140.0,0.0
2024-04-15,13,11:15,0.0,0.0,0.0,63.15,0.0,160.0,140.0,0.0
2024-04-15,14,11:30,0.0,0.0,0.0,63.15,0.0,160.0,140.0,0.0
2024-04-15,15,11:45,0.0,0.0,0.0,63.15,0.0,160.0,140.0,0.0
2024-04-15,16,12:00,0.0,0.0,0.0,44.15,0.0,160.0,140.0,0.0
2024-04-15,17,12:15,1.8638,9.5021,11.3659,44.15,0.125451,120.0,140.0,0.0
2024-04-15,18,12:30,6.7293,17.0147,23.744,44.15,0.262074,120.0,140.0,0.0
2024-04-15,19,12:45,5.9956,17.1381,23.1337,44.15,0.255338,120.0,140.0,0.0
2024-04-15,20,13:00,7.1179,16.0793,23.1972,31.74,0.18407,120.0,140.0,0.0
2024-04-15,21,13:15,6.1091,3.2115,9.3206,31.74,0.073959,120.0,140.0,0.0
2024-04-15,22,13:30,5.6324,9.5021,15.1345,31.74,0.120093,80.0,180.0,0.0
2024-04-15,23,13:45,5.8458,17.0147,22.8605,31.74,0.181398,80.0,180.0,0.0
2024-04-15,24,14:00,5.1816,17.1381,22.3197,12.96,0.072316,80.0,180.0,0.0
2024-04-15,25,14:15,6.7301,16.0793,22.8094,12.96,0.073902,80.0,180.0,0.0
2024-04-15,26,14:30,3.9878,3.2115,7.1993,12.96,0.023326,80.0,180.0,0.0
2024-04-15,27,14:45,1.8638,9.5021,11.3659,12.96,0.036826,140.0,220.0,0.0
2024-04-15,28,15:00,6.7293,17.0147,23.744,7.8,0.046301,140.0,60.0,160.0
2024-04-15,29,15:15,5.9956,17.1381,23.1337,7.8,0.045111,140.0,60.0,0.0
2024-04-15,30,15:30,7.1179,16.0793,23.1972,7.8,0.045234,140.0,60.0,0.0
2024-04-15,31,15:45,6.1091,3.2115,9.3206,7.8,0.018175,140.0,60.0,0.0
2024-04-15,32,16:00,5.6324,9.5021,15.1345,7.99,0.030231,100.0,100.0,0.0
2024-04-15,33,16:15,5.8458,17.0147,22.8605,7.99,0.045664,100.0,100.0,0.0
2024-04-15,34,16:30,5.1816,17.1381,22.3197,7.99,0.044584,100.0,100.0,0.0
2024-04-15,35,16:45,6.7301,16.0793,22.8094,7.99,0.045562,100.0,100.0,0.0
2024-04-15,36,17:00,3.9878,3.2115,7.1993,46.3,0.083332,100.0,100.0,0.0
2024-04-15,37,17:15,0.0,9.5021,9.5021,46.3,0.109987,160.0,140.0,0.0
2024-04-15,38,17:30,0.0,17.0147,17.0147,46.3,0.196945,160.0,140.0,0.0
2024-04-15,39,17:45,0.0,17.1381,17.1381,46.3,0.198373,160.0,140.0,0.0
2024-04-15,40,18:00,0.0,16.0793,16.0793,69.2,0.278172,160.0,140.0,0.0
2024-04-15,41,18:15,0.0,3.2115,3.2115,69.2,0.055559,160.0,140.0,0.0
2024-04-15,42,18:30,0.0,0.0,0.0,69.2,0.0,160.0,180.0,0.0
2024-04-15,43,18:45,0.0,0.0,0.0,69.2,0.0,160.0,180.0,0.0
2024-04-15,44,19:00,0.0,0.0,0.0,78.92,0.0,160.0,180.0,0.0
2024-04-15,45,19:15,0.0,0.0,0.0,78.92,0.0,160.0,180.0,0.0
2024-04-15,46,19:30,0.0,0.0,0.0,78.92,0.0,160.0,180.0,0.0
2024-04-15,47,19:45,0.0,0.0,0.0,78.92,0.0,160.0,180.0,0.0
2024-04-15,48,20:00,0.0,0.0,0.0,77.02,0.0,160.0,180.0,0.0
2024-04-15,49,20:15,0.0,0.0,0.0,77.02,0.0,160.0,180.0,0.0
2024-04-15,50,20:30,0.0,0.0,0.0,77.02,0.0,160.0,180.0,0.0
2024-04-15,51,20:45,0.0,0.0,0.0,77.02,0.0,160.0,180.0,0.0
2024-04-15,52,21:00,0.0,0.0,0.0,66.31,0.0,160.0,180.0,0.0
2024-04-15,53,21:15,0.0,0.0,0.0,66.31,0.0,160.0,180.0,0.0
2024-04-15,54,21:30,0.0,0.0,0.0,66.31,0.0,160.0,180.0,0.0
2024-04-15,55,21:45,0.0,0.0,0.0,66.31,0.0,160.0,30.0,150.0
2024-04-16,0,08:00,0.0,0.0,0.0,74.26,0.0,160.0,30.0,0.0
2024-04-16,1,08:15,0.0,0.0,0.0,74.26,0.0,160.0,30.0,0.0
2024-04-16,2,08:30,0.0,9.5021,9.5021,74.26,0.176406,120.0,30.0,0.0
2024-04-16,3,08:45,0.0,17.0147,17.0147,74.26,0.315877,120.0,30.0,0.0
2024-04-16,4,09:00,0.0,17.1381,17.1381,64.81,0.27768,120.0,30.0,0.0
2024-04-16,5,09:15,0.0,16.0793,16.0793,64.81,0.260525,120.0,30.0,0.0
2024-04-16,6,09:30,1.8638,3.2115,5.0753,64.81,0.082233,120.0,30.0,0.0
2024-04-16,7,09:45,6.7293,9.5021,16.2314,64.81,0.262989,80.0,70.0,0.0
2024-04-16,8,10:00,5.9956,17.0147,23.0103,51.03,0.293553,80.0,70.0,0.0
2024-04-16,9,10:15,7.1179,17.1381,24.256,51.03,0.309446,80.0,70.0,0.0
2024-04-16,10,10:30,6.1091,16.0793,22.1884,51.03,0.283068,80.0,70.0,0.0
2024-04-16,11,10:45,5.6324,3.2115,8.8439,51.03,0.112826,80.0,70.0,0.0
2024-04-16,12,11:00,5.8458,9.5021,15.3479,42.64,0.163609,40.0,110.0,0.0
2024-04-16,13,11:15,5.1816,17.0147,22.1962,42.64,0.236612,40.0,110.0,0.0
2024-04-16,14,11:30,6.7301,17.1381,23.8682,42.64,0.254435,40.0,110.0,0.0
2024-04-16,15,11:45,3.9878,16.0793,20.0671,42.64,0.213915,40.0,110.0,0.0
2024-04-16,16,12:00,1.8638,3.2115,5.0753,40.0,0.050753,140.0,110.0,0.0
2024-04-16,17,12:15,6.7293,9.5021,16.2314,40.0,0.162314,100.0,150.0,0.0
2024-04-16,18,12:30,5.9956,17.0147,23.0103,40.0,0.230103,100.0,150.0,0.0
2024-04-16,19,12:45,7.1179,17.1381,24.256,40.0,0.24256,100.0,150.0,0.0
2024-04-16,20,13:00,6.1091,16.0793,22.1884,40.22,0.223104,100.0,150.0,0.0
2024-04-16,21,13:15,5.6324,3.2115,8.8439,40.22,0.088926,100.0,150.0,0.0
2024-04-16,22,13:30,5.8458,9.5021,15.3479,40.22,0.154323,60.0,190.0,0.0
2024-04-16,23,13:45,5.1816,17.0147,22.1962,40.22,0.223183,60.0,190.0,0.0
2024-04-16,24,14:00,6.7301,17.1381,23.8682,42.08,0.251093,60.0,190.0,0.0
2024-04-16,25,14:15,3.9878,16.0793,20.0671,42.08,0.211106,60.0,190.0,0.0
2024-04-16,26,14:30,1.8638,3.2115,5.0753,42.08,0.053392,160.0,190.0,0.0
2024-04-16,27,14:45,6.7293,9.5021,16.2314,42.08,0.170754,120.0,230.0,0.0
2024-04-16,28,15:00,5.9956,17.0147,23.0103,48.53,0.279172,120.0,230.0,0.0
2024-04-16,29,15:15,7.1179,17.1381,24.256,48.53,0.294286,120.0,230.0,0.0
2024-04-16,30,15:30,6.1091,16.0793,22.1884,48.53,0.2692,120.0,230.0,0.0
2024-04-16,31,15:45,5.6324,3.2115,8.8439,48.53,0.107299,120.0,230.0,0.0
2024-04-16,32,16:00,5.8458,9.5021,15.3479,62.84,0.241116,80.0,270.0,0.0
2024-04-16,33,16:15,5.1816,17.0147,22.1962,62.84,0.348703,80.0,270.0,0.0
2024-04-16,34,16:30,6.7301,17.1381,23.8682,62.84,0.374969,80.0,270.0,0.0
2024-04-16,35,16:45,3.9878,16.0793,20.0671,62.84,0.315254,80.0,270.0,0.0
2024-04-16,36,17:00,0.0,3.2115,3.2115,79.67,0.063965,180.0,270.0,0.0
2024-04-16,37,17:15,0.0,0.0,0.0,79.67,0.0,180.0,310.0,0.0
2024-04-16,38,17:30,0.0,0.0,0.0,79.67,0.0,180.0,310.0,0.0
2024-04-16,39,17:45,0.0,0.0,0.0,79.67,0.0,180.0,310.0,0.0
2024-04-16,40,18:00,0.0,0.0,0.0,92.92,0.0,180.0,310.0,0.0
2024-04-16,41,18:15,0.0,0.0,0.0,92.92,0.0,180.0,310.0,0.0
2024-04-16,42,18:30,0.0,0.0,0.0,92.92,0.0,180.0,310.0,0.0
2024-04-16,43,18:45,0.0,0.0,0.0,92.92,0.0,180.0,310.0,0.0
2024-04-16,44,19:00,0.0,0.0,0.0,113.99,0.0,180.0,310.0,0.0
2024-04-16,45,19:15,0.0,0.0,0.0,113.99,0.0,180.0,310.0,0.0
2024-04-16,46,19:30,0.0,0.0,0.0,113.99,0.0,180.0,310.0,0.0
2024-04-16,47,19:45,0.0,0.0,0.0,113.99,0.0,180.0,310.0,0.0
2024-04-16,48,20:00,0.0,0.0,0.0,124.52,0.0,180.0,310.0,0.0
2024-04-16,49,20:15,0.0,0.0,0.0,124.52,0.0,180.0,310.0,0.0
2024-04-16,50,20:30,0.0,0.0,0.0,124.52,0.0,180.0,310.0,0.0
2024-04-16,51,20:45,0.0,0.0,0.0,124.52,0.0,180.0,310.0,0.0
2024-04-16,52,21:00,0.0,0.0,0.0,104.46,0.0,180.0,310.0,0.0
2024-04-16,53,21:15,0.0,0.0,0.0,104.46,0.0,180.0,310.0,0.0
2024-04-16,54,21:30,0.0,0.0,0.0,104.46,0.0,180.0,310.0,0.0
2024-04-16,55,21:45,0.0,0.0,0.0,104.46,0.0,180.0,150.0,160.0
2024-04-17,0,08:00,0.0,0.0,0.0,155.17,0.0,180.0,150.0,0.0
2024-04-17,1,08:15,0.0,0.0,0.0,155.17,0.0,180.0,150.0,0.0
2024-04-17,2,08:30,0.0,0.0,0.0,155.17,0.0,180.0,150.0,0.0
2024-04-17,3,08:45,0.0,0.0,0.0,155.17,0.0,180.0,150.0,0.0
2024-04-17,4,09:00,0.0,0.0,0.0,104.62,0.0,180.0,150.0,0.0
2024-04-17,5,09:15,0.0,0.0,0.0,104.62,0.0,180.0,150.0,0.0
2024-04-17,6,09:30,0.0,0.0,0.0,104.62,0.0,180.0,150.0,0.0
2024-04-17,7,09:45,0.0,0.0,0.0,104.62,0.0,180.0,150.0,0.0
2024-04-17,8,10:00,0.0,0.0,0.0,83.9,0.0,180.0,150.0,0.0
2024-04-17,9,10:15,0.0,0.0,0.0,83.9,0.0,180.0,150.0,0.0
2024-04-17,10,10:30,0.0,0.0,0.0,83.9,0.0,180.0,150.0,0.0
2024-04-17,11,10:45,0.0,0.0,0.0,83.9,0.0,180.0,150.0,0.0
2024-04-17,12,11:00,0.0,9.5021,9.5021,79.9,0.189804,140.0,150.0,0.0
2024-04-17,13,11:15,0.0,17.0147,17.0147,79.9,0.339868,140.0,150.0,0.0
2024-04-17,14,11:30,0.0,17.1381,17.1381,79.9,0.342333,140.0,150.0,0.0
2024-04-17,15,11:45,0.0,16.0793,16.0793,79.9,0.321184,140.0,150.0,0.0
2024-04-17,16,12:00,0.0,3.2115,3.2115,82.98,0.066622,140.0,150.0,0.0
2024-04-17,17,12:15,0.0,0.0,0.0,82.98,0.0,140.0,190.0,0.0
2024-04-17,18,12:30,0.0,0.0,0.0,82.98,0.0,140.0,190.0,0.0
2024-04-17,19,12:45,0.0,0.0,0.0,82.98,0.0,140.0,190.0,0.0
2024-04-17,20,13:00,0.0,0.0,0.0,80.82,0.0,140.0,190.0,0.0
2024-04-17,21,13:15,0.0,0.0,0.0,80.82,0.0,140.0,190.0,0.0
2024-04-17,22,13:30,0.0,9.5021,9.5021,80.82,0.19199,100.0,190.0,0.0
2024-04-17,23,13:45,1.3266,17.0147,18.3413,80.82,0.370586,100.0,190.0,0.0
2024-04-17,24,14:00,4.184,17.1381,21.3221,77.71,0.414234,100.0,190.0,0.0
2024-04-17,25,14:15,5.1593,16.0793,21.2386,77.71,0.412613,100.0,190.0,0.0
2024-04-17,26,14:30,4.2588,3.2115,7.4703,77.71,0.14513,100.0,190.0,0.0
2024-04-17,27,14:45,5.404,9.5021,14.9061,77.71,0.289589,60.0,230.0,0.0
2024-04-17,28,15:00,4.491,17.0147,21.5057,77.03,0.414146,60.0,80.0,150.0
2024-04-17,29,15:15,5.1252,17.1381,22.2633,77.03,0.428735,60.0,80.0,0.0
2024-04-17,30,15:30,3.0543,16.0793,19.1336,77.03,0.368466,60.0,80.0,0.0
2024-04-17,31,15:45,5.093,3.2115,8.3045,77.03,0.159924,60.0,80.0,0.0
2024-04-17,32,16:00,3.6006,9.5021,13.1027,80.0,0.262055,20.0,120.0,0.0
2024-04-17,33,16:15,4.9802,17.0147,21.9949,80.0,0.439898,20.0,120.0,0.0
2024-04-17,34,16:30,4.3843,17.1381,21.5224,80.0,0.430449,20.0,120.0,0.0
2024-04-17,35,16:45,1.5369,16.0793,17.6162,80.0,0.352323,20.0,120.0,0.0
2024-04-17,36,17:00,0.0,3.2115,3.2115,86.9,0.06977,120.0,120.0,0.0
2024-04-17,37,17:15,0.0,0.0,0.0,86.9,0.0,120.0,160.0,0.0
2024-04-17,38,17:30,0.0,0.0,0.0,86.9,0.0,120.0,160.0,0.0
2024-04-17,39,17:45,0.0,0.0,0.0,86.9,0.0,120.0,160.0,0.0
2024-04-17,40,18:00,0.0,0.0,0.0,114.97,0.0,120.0,160.0,0.0
2024-04-17,41,18:15,0.0,0.0,0.0,114.97,0.0,120.0,160.0,0.0
2024-04-17,42,18:30,0.0,0.0,0.0,114.97,0.0,120.0,160.0,0.0
2024-04-17,43,18:45,0.0,0.0,0.0,114.97,0.0,120.0,160.0,0.0
2024-04-17,44,19:00,0.0,0.0,0.0,159.92,0.0,120.0,160.0,0.0
2024-04-17,45,19:15,0.0,0.0,0.0,159.92,0.0,120.0,160.0,0.0
2024-04-17,46,19:30,0.0,0.0,0.0,159.92,0.0,120.0,160.0,0.0
2024-04-17,47,19:45,0.0,0.0,0.0,159.92,0.0,120.0,160.0,0.0
2024-04-17,48,20:00,0.0,0.0,0.0,169.9,0.0,120.0,160.0,0.0
2024-04-17,49,20:15,0.0,0.0,0.0,169.9,0.0,120.0,160.0,0.0
2024-04-17,50,20:30,0.0,0.0,0.0,169.9,0.0,120.0,160.0,0.0
2024-04-17,51,20:45,0.0,0.0,0.0,169.9,0.0,120.0,160.0,0.0
2024-04-17,52,21:00,0.0,0.0,0.0,130.06,0.0,120.0,160.0,0.0
2024-04-17,53,21:15,0.0,0.0,0.0,130.06,0.0,120.0,160.0,0.0
2024-04-17,54,21:30,0.0,0.0,0.0,130.06,0.0,120.0,160.0,0.0
2024-04-17,55,21:45,0.0,0.0,0.0,130.06,0.0,120.0,20.0,140.0
2024-04-18,0,08:00,0.0,0.0,0.0,131.19,0.0,120.0,20.0,0.0
2024-04-18,1,08:15,0.0,0.0,0.0,131.19,0.0,120.0,20.0,0.0
2024-04-18,2,08:30,0.0,0.0,0.0,131.19,0.0,120.0,20.0,0.0
2024-04-18,3,08:45,0.0,0.0,0.0,131.19,0.0,120.0,20.0,0.0
2024-04-18,4,09:00,0.0,0.0,0.0,101.12,0.0,120.0,20.0,0.0
2024-04-18,5,09:15,0.0,0.0,0.0,101.12,0.0,120.0,20.0,0.0
2024-04-18,6,09:30,0.0,0.0,0.0,101.12,0.0,120.0,20.0,0.0
2024-04-18,7,09:45,0.0,0.0,0.0,101.12,0.0,120.0,20.0,0.0
2024-04-18,8,10:00,0.0,0.0,0.0,90.21,0.0,120.0,20.0,0.0
2024-04-18,9,10:15,0.0,0.0,0.0,90.21,0.0,120.0,20.0,0.0
2024-04-18,10,10:30,0.0,0.0,0.0,90.21,0.0,120.0,20.0,0.0
2024-04-18,11,10:45,0.0,0.0,0.0,90.21,0.0,120.0,20.0,0.0
2024-04-18,12,11:00,0.0,0.0,0.0,83.87,0.0,120.0,20.0,0.0
2024-04-18,13,11:15,0.0,0.0,0.0,83.87,0.0,120.0,20.0,0.0
2024-04-18,14,11:30,0.0,0.0,0.0,83.87,0.0,120.0,20.0,0.0
2024-04-18,15,11:45,0.0,0.0,0.0,83.87,0.0,120.0,20.0,0.0
2024-04-18,16,12:00,0.0,0.0,0.0,80.64,0.0,120.0,20.0,0.0
2024-04-18,17,12:15,0.0,0.0,0.0,80.64,0.0,120.0,20.0,0.0
2024-04-18,18,12:30,0.0,9.5021,9.5021,80.64,0.191562,80.0,20.0,0.0
2024-04-18,19,12:45,0.0,17.0147,17.0147,80.64,0.343016,80.0,20.0,0.0
2024-04-18,20,13:00,1.3266,17.1381,18.4647,77.2,0.356369,80.0,20.0,0.0
2024-04-18,21,13:15,4.184,16.0793,20.2632,77.2,0.391081,80.0,20.0,0.0
2024-04-18,22,13:30,5.1593,3.2115,8.3708,77.2,0.161557,80.0,20.0,0.0
2024-04-18,23,13:45,4.2588,9.5021,13.7609,77.2,0.265586,40.0,60.0,0.0
2024-04-18,24,14:00,5.404,17.0147,22.4187,73.01,0.409197,40.0,60.0,0.0
2024-04-18,25,14:15,4.491,17.1381,21.6291,73.01,0.394786,40.0,60.0,0.0
2024-04-18,26,14:30,5.1252,16.0793,21.2045,73.01,0.387035,40.0,60.0,0.0
2024-04-18,27,14:45,3.0543,3.2115,6.2658,73.01,0.114367,40.0,60.0,0.0
2024-04-18,28,15:00,5.093,9.5021,14.5951,70.7,0.257968,0.0,100.0,0.0
2024-04-18,29,15:15,3.6006,17.0147,20.6153,70.7,0.364376,0.0,100.0,0.0
2024-04-18,30,15:30,4.9802,17.1381,22.1183,70.7,0.390942,0.0,100.0,0.0
2024-04-18,31,15:45,4.3843,16.0793,20.4636,70.7,0.361695,0.0,100.0,0.0
2024-04-18,32,16:00,1.5369,3.2115,4.7484,70.88,0.084141,0.0,100.0,0.0
2024-04-18,33,16:15,0.0,9.5021,9.5021,70.88,0.168377,60.0,140.0,0.0
2024-04-18,34,16:30,0.0,17.0147,17.0147,70.88,0.3015,60.0,140.0,0.0
2024-04-18,35,16:45,0.0,17.1381,17.1381,70.88,0.303687,60.0,140.0,0.0
2024-04-18,36,17:00,0.0,16.0793,16.0793,81.33,0.326932,60.0,140.0,0.0
2024-04-18,37,17:15,0.0,3.2115,3.2115,81.33,0.065298,60.0,140.0,0.0
2024-04-18,38,17:30,0.0,0.0,0.0,81.33,0.0,60.0,180.0,0.0
2024-04-18,39,17:45,0.0,0.0,0.0,81.33,0.0,60.0,180.0,0.0
2024-04-18,40,18:00,0.0,0.0,0.0,94.03,0.0,60.0,180.0,0.0
2024-04-18,41,18:15,0.0,0.0,0.0,94.03,0.0,60.0,180.0,0.0
2024-04-18,42,18:30,0.0,0.0,0.0,94.03,0.0,60.0,180.0,0.0
2024-04-18,43,18:45,0.0,0.0,0.0,94.03,0.0,60.0,180.0,0.0
2024-04-18,44,19:00,0.0,0.0,0.0,125.24,0.0,60.0,180.0,0.0
2024-04-18,45,19:15,0.0,0.0,0.0,125.24,0.0,60.0,180.0,0.0
2024-04-18,46,19:30,0.0,0.0,0.0,125.24,0.0,60.0,180.0,0.0
2024-04-18,47,19:45,0.0,0.0,0.0,125.24,0.0,60.0,180.0,0.0
2024-04-18,48,20:00,0.0,0.0,0.0,128.83,0.0,60.0,180.0,0.0
2024-04-18,49,20:15,0.0,0.0,0.0,128.83,0.0,60.0,180.0,0.0
2024-04-18,50,20:30,0.0,0.0,0.0,128.83,0.0,60.0,180.0,0.0
2024-04-18,51,20:45,0.0,0.0,0.0,128.83,0.0,60.0,180.0,0.0
2024-04-18,52,21:00,0.0,0.0,0.0,105.92,0.0,60.0,180.0,0.0
2024-04-18,53,21:15,0.0,0.0,0.0,105.92,0.0,60.0,180.0,0.0
2024-04-18,54,21:30,0.0,0.0,0.0,105.92,0.0,60.0,180.0,0.0
2024-04-18,55,21:45,0.0,0.0,0.0,105.92,0.0,60.0,20.0,160.0
2024-04-19,0,08:00,0.0,0.0,0.0,76.0,0.0,60.0,20.0,0.0
2024-04-19,1,08:15,0.0,0.0,0.0,76.0,0.0,60.0,20.0,0.0
2024-04-19,2,08:30,0.0,0.0,0.0,76.0,0.0,60.0,20.0,0.0
2024-04-19,3,08:45,0.0,0.0,0.0,76.0,0.0,60.0,20.0,0.0
2024-04-19,4,09:00,0.0,0.0,0.0,68.3,0.0,60.0,20.0,0.0
2024-04-19,5,09:15,1.3266,0.0,1.3266,68.3,0.022652,60.0,20.0,0.0
2024-04-19,6,09:30,4.184,0.0,4.184,68.3,0.071441,60.0,20.0,0.0
2024-04-19,7,09:45,5.1593,0.0,5.1593,68.3,0.088096,60.0,20.0,0.0
2024-04-19,8,10:00,4.2588,0.0,4.2588,60.2,0.064096,60.0,20.0,0.0
2024-04-19,9,10:15,5.404,0.0,5.404,60.2,0.081331,60.0,20.0,0.0
2024-04-19,10,10:30,4.491,0.0,4.491,60.2,0.06759,60.0,20.0,0.0
2024-04-19,11,10:45,5.1252,0.0,5.1252,60.2,0.077134,60.0,20.0,0.0
2024-04-19,12,11:00,3.0543,0.0,3.0543,56.08,0.042822,60.0,20.0,0.0
2024-04-19,13,11:15,5.093,9.5021,14.5951,56.08,0.204623,20.0,20.0,0.0
2024-04-19,14,11:30,3.6006,17.0147,20.6153,56.08,0.289027,20.0,20.0,0.0
2024-04-19,15,11:45,4.9802,17.1381,22.1183,56.08,0.310099,20.0,20.0,0.0
2024-04-19,16,12:00,4.3843,16.0793,20.4636,50.91,0.260451,20.0,20.0,0.0
2024-04-19,17,12:15,1.5369,3.2115,4.7484,50.91,0.060435,20.0,20.0,0.0
2024-04-19,18,12:30,0.0,9.5021,9.5021,50.91,0.120938,80.0,60.0,0.0
2024-04-19,19,12:45,0.0,17.0147,17.0147,50.91,0.216554,80.0,60.0,0.0
2024-04-19,20,13:00,1.3266,17.1381,18.4647,47.0,0.216961,80.0,60.0,0.0
2024-04-19,21,13:15,4.184,16.0793,20.2632,47.0,0.238093,80.0,60.0,0.0
2024-04-19,22,13:30,5.1593,3.2115,8.3708,47.0,0.098357,80.0,60.0,0.0
2024-04-19,23,13:45,4.2588,9.5021,13.7609,47.0,0.161691,40.0,100.0,0.0
2024-04-19,24,14:00,5.404,17.0147,22.4187,44.94,0.251874,40.0,100.0,0.0
2024-04-19,25,14:15,4.491,17.1381,21.6291,44.94,0.243003,40.0,100.0,0.0
2024-04-19,26,14:30,5.1252,16.0793,21.2045,44.94,0.238232,40.0,100.0,0.0
2024-04-19,27,14:45,3.0543,3.2115,6.2658,44.94,0.070397,40.0,100.0,0.0
2024-04-19,28,15:00,5.093,9.5021,14.5951,44.56,0.162589,-0.0,10.0,130.0
2024-04-19,29,15:15,3.6006,17.0147,20.6153,44.56,0.229655,-0.0,10.0,0.0
2024-04-19,30,15:30,4.9802,17.1381,22.1183,44.56,0.246398,0.0,10.0,0.0
2024-04-19,31,15:45,4.3843,16.0793,20.4636,44.56,0.227965,-0.0,10.0,0.0
2024-04-19,32,16:00,1.5369,3.2115,4.7484,50.91,0.060435,-0.0,10.0,0.0
2024-04-19,33,16:15,0.0,9.5021,9.5021,50.91,0.120938,60.0,50.0,0.0
2024-04-19,34,16:30,0.0,17.0147,17.0147,50.91,0.216554,60.0,50.0,0.0
2024-04-19,35,16:45,0.0,17.1381,17.1381,50.91,0.218125,60.0,50.0,0.0
2024-04-19,36,17:00,0.0,16.0793,16.0793,58.77,0.236245,60.0,50.0,0.0
2024-04-19,37,17:15,0.0,3.2115,3.2115,58.77,0.047185,60.0,50.0,0.0
2024-04-19,38,17:30,0.0,9.5021,9.5021,58.77,0.13961,20.0,90.0,0.0
2024-04-19,39,17:45,0.0,17.0147,17.0147,58.77,0.249988,20.0,90.0,0.0
2024-04-19,40,18:00,0.0,17.1381,17.1381,63.49,0.272024,20.0,90.0,0.0
2024-04-19,41,18:15,0.0,16.0793,16.0793,63.49,0.255218,20.0,90.0,0.0
2024-04-19,42,18:30,0.0,3.2115,3.2115,63.49,0.050974,20.0,90.0,0.0
2024-04-19,43,18:45,0.0,0.0,0.0,63.49,0.0,20.0,130.0,0.0
2024-04-19,44,19:00,0.0,0.0,0.0,65.32,0.0,20.0,130.0,0.0
2024-04-19,45,19:15,0.0,0.0,0.0,65.32,0.0,20.0,130.0,0.0
2024-04-19,46,19:30,0.0,0.0,0.0,65.32,0.0,20.0,130.0,0.0
2024-04-19,47,19:45,0.0,0.0,0.0,65.32,0.0,20.0,130.0,0.0
2024-04-19,48,20:00,0.0,0.0,0.0,66.28,0.0,20.0,130.0,0.0
2024-04-19,49,20:15,0.0,0.0,0.0,66.28,0.0,20.0,130.0,0.0
2024-04-19,50,20:30,0.0,0.0,0.0,66.28,0.0,20.0,130.0,0.0
2024-04-19,51,20:45,0.0,0.0,0.0,66.28,0.0,20.0,130.0,0.0
2024-04-19,52,21:00,0.0,0.0,0.0,66.2,0.0,20.0,130.0,0.0
2024-04-19,53,21:15,0.0,0.0,0.0,66.2,0.0,20.0,130.0,0.0
2024-04-19,54,21:30,0.0,0.0,0.0,66.2,0.0,20.0,130.0,0.0
2024-04-19,55,21:45,0.0,0.0,0.0,66.2,0.0,20.0,130.0,0.0
2024-04-22,0,08:00,0.0,0.0,0.0,117.46,0.0,20.0,130.0,0.0
2024-04-22,1,08:15,0.0,0.0,0.0,117.46,0.0,20.0,130.0,0.0
2024-04-22,2,08:30,0.0,0.0,0.0,117.46,0.0,20.0,130.0,0.0
2024-04-22,3,08:45,0.0,0.0,0.0,117.46,0.0,20.0,130.0,0.0
2024-04-22,4,09:00,0.0,0.0,0.0,97.05,0.0,20.0,130.0,0.0
2024-04-22,5,09:15,0.0,0.0,0.0,97.05,0.0,20.0,130.0,0.0
2024-04-22,6,09:30,1.3266,0.0,1.3266,97.05,0.032188,20.0,130.0,0.0
2024-04-22,7,09:45,4.184,0.0,4.184,97.05,0.101514,20.0,130.0,0.0
2024-04-22,8,10:00,5.1593,0.0,5.1593,81.86,0.105586,20.0,130.0,0.0
2024-04-22,9,10:15,4.2588,0.0,4.2588,81.86,0.087157,20.0,130.0,0.0
2024-04-22,10,10:30,5.404,0.0,5.404,81.86,0.110593,20.0,130.0,0.0
2024-04-22,11,10:45,4.491,0.0,4.491,81.86,0.091909,20.0,130.0,0.0
2024-04-22,12,11:00,5.1252,0.0,5.1252,81.24,0.104093,20.0,130.0,0.0
2024-04-22,13,11:15,3.0543,0.0,3.0543,81.24,0.062034,20.0,130.0,0.0
2024-04-22,14,11:30,5.093,0.0,5.093,81.24,0.103439,20.0,130.0,0.0
2024-04-22,15,11:45,3.6006,0.0,3.6006,81.24,0.073129,20.0,130.0,0.0
2024-04-22,16,12:00,4.9802,0.0,4.9802,77.05,0.095932,20.0,130.0,0.0
2024-04-22,17,12:15,4.3843,0.0,4.3843,77.05,0.084453,20.0,130.0,0.0
2024-04-22,18,12:30,1.5369,0.0,1.5369,77.05,0.029604,20.0,130.0,0.0
2024-04-22,19,12:45,1.3266,9.5021,10.8287,77.05,0.208588,80.0,130.0,0.0
2024-04-22,20,13:00,4.184,17.0147,21.1986,73.67,0.390426,80.0,130.0,0.0
2024-04-22,21,13:15,5.1593,17.1381,22.2974,73.67,0.410663,80.0,130.0,0.0
2024-04-22,22,13:30,4.2588,16.0793,20.3381,73.67,0.374577,80.0,130.0,0.0
2024-04-22,23,13:45,5.404,3.2115,8.6155,73.67,0.158676,80.0,130.0,0.0
2024-04-22,24,14:00,4.491,9.5021,13.9931,74.17,0.259468,40.0,170.0,0.0
2024-04-22,25,14:15,5.1252,17.0147,22.1399,74.17,0.410528,40.0,170.0,0.0
2024-04-22,26,14:30,3.0543,17.1381,20.1924,74.17,0.374418,40.0,170.0,0.0
2024-04-22,27,14:45,5.093,16.0793,21.1723,74.17,0.392587,40.0,170.0,0.0
2024-04-22,28,15:00,3.6006,3.2115,6.8121,78.48,0.133654,40.0,50.0,120.0
2024-04-22,29,15:15,4.9802,9.5021,14.4823,78.48,0.284143,0.0,90.0,0.0
2024-04-22,30,15:30,4.3843,17.0147,21.399,78.48,0.419849,0.0,90.0,0.0
2024-04-22,31,15:45,1.5369,17.1381,18.675,78.48,0.366403,0.0,90.0,0.0
2024-04-22,32,16:00,0.0,16.0793,16.0793,81.57,0.327897,100.0,90.0,0.0
2024-04-22,33,16:15,0.0,3.2115,3.2115,81.57,0.06549,100.0,90.0,0.0
2024-04-22,34,16:30,0.0,0.0,0.0,81.57,0.0,100.0,130.0,0.0
2024-04-22,35,16:45,0.0,0.0,0.0,81.57,0.0,100.0,130.0,0.0
2024-04-22,36,17:00,0.0,0.0,0.0,96.79,0.0,100.0,130.0,0.0
2024-04-22,37,17:15,0.0,0.0,0.0,96.79,0.0,100.0,130.0,0.0
2024-04-22,38,17:30,0.0,0.0,0.0,96.79,0.0,100.0,130.0,0.0
2024-04-22,39,17:45,0.0,0.0,0.0,96.79,0.0,100.0,130.0,0.0
2024-04-22,40,18:00,0.0,0.0,0.0,118.2,0.0,100.0,130.0,0.0
2024-04-22,41,18:15,0.0,0.0,0.0,118.2,0.0,100.0,130.0,0.0
2024-04-22,42,18:30,0.0,0.0,0.0,118.2,0.0,100.0,130.0,0.0
2024-04-22,43,18:45,0.0,0.0,0.0,118.2,0.0,100.0,130.0,0.0
2024-04-22,44,19:00,0.0,0.0,0.0,164.05,0.0,100.0,130.0,0.0
2024-04-22,45,19:15,0.0,0.0,0.0,164.05,0.0,100.0,130.0,0.0
2024-04-22,46,19:30,0.0,0.0,0.0,164.05,0.0,100.0,130.0,0.0
2024-04-22,47,19:45,0.0,0.0,0.0,164.05,0.0,100.0,130.0,0.0
2024-04-22,48,20:00,0.0,0.0,0.0,170.96,0.0,100.0,130.0,0.0
2024-04-22,49,20:15,0.0,0.0,0.0,170.96,0.0,100.0,130.0,0.0
2024-04-22,50,20:30,0.0,0.0,0.0,170.96,0.0,100.0,130.0,0.0
2024-04-22,51,20:45,0.0,0.0,0.0,170.96,0.0,100.0,130.0,0.0
2024-04-22,52,21:00,0.0,0.0,0.0,130.05,0.0,100.0,130.0,0.0
2024-04-22,53,21:15,0.0,0.0,0.0,130.05,0.0,100.0,130.0,0.0
2024-04-22,54,21:30,0.0,0.0,0.0,130.05,0.0,100.0,130.0,0.0
2024-04-22,55,21:45,0.0,0.0,0.0,130.05,0.0,100.0,130.0,0.0
2024-04-23,0,08:00,0.0,0.0,0.0,136.28,0.0,100.0,130.0,0.0
2024-04-23,1,08:15,0.0,0.0,0.0,136.28,0.0,100.0,130.0,0.0
2024-04-23,2,08:30,0.0,0.0,0.0,136.28,0.0,100.0,130.0,0.0
2024-04-23,3,08:45,0.0,0.0,0.0,136.28,0.0,100.0,130.0,0.0
2024-04-23,4,09:00,0.0,0.0,0.0,98.38,0.0,100.0,130.0,0.0
2024-04-23,5,09:15,0.0,0.0,0.0,98.38,0.0,100.0,130.0,0.0
2024-04-23,6,09:30,0.0,0.0,0.0,98.38,0.0,100.0,130.0,0.0
2024-04-23,7,09:45,0.0,0.0,0.0,98.38,0.0,100.0,130.0,0.0
2024-04-23,8,10:00,1.3266,0.0,1.3266,82.87,0.027485,100.0,130.0,0.0
2024-04-23,9,10:15,4.184,0.0,4.184,82.87,0.086681,100.0,130.0,0.0
2024-04-23,10,10:30,5.1593,0.0,5.1593,82.87,0.106889,100.0,130.0,0.0
2024-04-23,11,10:45,4.2588,9.5021,13.7609,82.87,0.285092,60.0,130.0,0.0
2024-04-23,12,11:00,5.404,17.0147,22.4187,77.26,0.433017,60.0,130.0,0.0
2024-04-23,13,11:15,4.491,17.1381,21.6291,77.26,0.417767,60.0,130.0,0.0
2024-04-23,14,11:30,5.1252,16.0793,21.2045,77.26,0.409564,60.0,130.0,0.0
2024-04-23,15,11:45,3.0543,3.2115,6.2658,77.26,0.121024,60.0,130.0,0.0
2024-04-23,16,12:00,5.093,9.5021,14.5951,77.46,0.282634,20.0,170.0,0.0
2024-04-23,17,12:15,3.6006,17.0147,20.6153,77.46,0.399216,20.0,170.0,0.0
2024-04-23,18,12:30,4.9802,17.1381,22.1183,77.46,0.428322,20.0,170.0,0.0
2024-04-23,19,12:45,4.3843,16.0793,20.4636,77.46,0.396278,20.0,170.0,0.0
2024-04-23,20,13:00,1.5369,3.2115,4.7484,79.38,0.094232,20.0,170.0,0.0
2024-04-23,21,13:15,1.3266,9.5021,10.8287,79.38,0.214896,80.0,210.0,0.0
2024-04-23,22,13:30,4.184,17.0147,21.1986,79.38,0.420687,80.0,210.0,0.0
2024-04-23,23,13:45,5.1593,17.1381,22.2974,79.38,0.442493,80.0,210.0,0.0
2024-04-23,24,14:00,4.2588,16.0793,20.3381,78.62,0.399746,80.0,210.0,0.0
2024-04-23,25,14:15,5.404,3.2115,8.6155,78.62,0.169338,80.0,210.0,0.0
2024-04-23,26,14:30,4.491,9.5021,13.9931,78.62,0.275035,40.0,250.0,0.0
2024-04-23,27,14:45,5.1252,17.0147,22.1399,78.62,0.435159,40.0,250.0,0.0
2024-04-23,28,15:00,3.0543,17.1381,20.1924,80.02,0.40395,40.0,120.0,130.0
2024-04-23,29,15:15,5.093,16.0793,21.1723,80.02,0.423551,40.0,120.0,0.0
2024-04-23,30,15:30,3.6006,3.2115,6.8121,80.02,0.136277,40.0,120.0,0.0
2024-04-23,31,15:45,4.9802,9.5021,14.4823,80.02,0.289719,0.0,160.0,0.0
2024-04-23,32,16:00,4.3843,17.0147,21.399,83.02,0.444137,0.0,160.0,0.0
2024-04-23,33,16:15,1.5369,17.1381,18.675,83.02,0.387599,0.0,160.0,0.0
2024-04-23,34,16:30,0.0,16.0793,16.0793,83.02,0.333725,100.0,160.0,0.0
2024-04-23,35,16:45,0.0,3.2115,3.2115,83.02,0.066654,100.0,160.0,0.0
2024-04-23,36,17:00,0.0,0.0,0.0,89.97,0.0,100.0,200.0,0.0
2024-04-23,37,17:15,0.0,0.0,0.0,89.97,0.0,100.0,200.0,0.0
2024-04-23,38,17:30,0.0,0.0,0.0,89.97,0.0,100.0,200.0,0.0
2024-04-23,39,17:45,0.0,0.0,0.0,89.97,0.0,100.0,200.0,0.0
2024-04-23,40,18:00,0.0,0.0,0.0,102.4,0.0,100.0,200.0,0.0
2024-04-23,41,18:15,0.0,0.0,0.0,102.4,0.0,100.0,200.0,0.0
2024-04-23,42,18:30,0.0,0.0,0.0,102.4,0.0,100.0,200.0,0.0
2024-04-23,43,18:45,0.0,0.0,0.0,102.4,0.0,100.0,200.0,0.0
2024-04-23,44,19:00,0.0,0.0,0.0,123.01,0.0,100.0,200.0,0.0
2024-04-23,45,19:15,0.0,0.0,0.0,123.01,0.0,100.0,200.0,0.0
2024-04-23,46,19:30,0.0,0.0,0.0,123.01,0.0,100.0,200.0,0.0
2024-04-23,47,19:45,0.0,0.0,0.0,123.01,0.0,100.0,200.0,0.0
2024-04-23,48,20:00,0.0,0.0,0.0,125.07,0.0,100.0,200.0,0.0
2024-04-23,49,20:15,0.0,0.0,0.0,125.07,0.0,100.0,200.0,0.0
2024-04-23,50,20:30,0.0,0.0,0.0,125.07,0.0,100.0,200.0,0.0
2024-04-23,51,20:45,0.0,0.0,0.0,125.07,0.0,100.0,200.0,0.0
2024-04-23,52,21:00,0.0,0.0,0.0,105.1,0.0,100.0,200.0,0.0
2024-04-23,53,21:15,0.0,0.0,0.0,105.1,0.0,100.0,200.0,0.0
2024-04-23,54,21:30,0.0,0.0,0.0,105.1,0.0,100.0,200.0,0.0
2024-04-23,55,21:45,0.0,0.0,0.0,105.1,0.0,100.0,80.0,120.0
2024-04-24,0,08:00,0.0,0.0,0.0,107.07,0.0,100.0,80.0,0.0
2024-04-24,1,08:15,0.0,0.0,0.0,107.07,0.0,100.0,80.0,0.0
2024-04-24,2,08:30,0.0,0.0,0.0,107.07,0.0,100.0,80.0,0.0
2024-04-24,3,08:45,0.0,0.0,0.0,107.07,0.0,100.0,80.0,0.0
2024-04-24,4,09:00,0.0,0.0,0.0,91.81,0.0,100.0,80.0,0.0
2024-04-24,5,09:15,0.0,0.0,0.0,91.81,0.0,100.0,80.0,0.0
2024-04-24,6,09:30,0.0,0.0,0.0,91.81,0.0,100.0,80.0,0.0
2024-04-24,7,09:45,0.0,0.0,0.0,91.81,0.0,100.0,80.0,0.0
2024-04-24,8,10:00,0.0,0.0,0.0,90.74,0.0,100.0,80.0,0.0
2024-04-24,9,10:15,0.0,0.0,0.0,90.74,0.0,100.0,80.0,0.0
2024-04-24,10,10:30,0.0,0.0,0.0,90.74,0.0,100.0,80.0,0.0
2024-04-24,11,10:45,1.3266,0.0,1.3266,90.74,0.030095,100.0,80.0,0.0
2024-04-24,12,11:00,4.184,0.0,4.184,88.35,0.092413,100.0,80.0,0.0
2024-04-24,13,11:15,5.1593,0.0,5.1593,88.35,0.113957,100.0,80.0,0.0
2024-04-24,14,11:30,4.2588,9.5021,13.7609,88.35,0.303945,60.0,80.0,0.0
2024-04-24,15,11:45,5.404,17.0147,22.4187,88.35,0.495173,60.0,80.0,0.0
2024-04-24,16,12:00,4.491,17.1381,21.6291,82.6,0.446642,60.0,80.0,0.0
2024-04-24,17,12:15,5.1252,16.0793,21.2045,82.6,0.437872,60.0,80.0,0.0
2024-04-24,18,12:30,3.0543,3.2115,6.2658,82.6,0.129389,60.0,80.0,0.0
2024-04-24,19,12:45,5.093,9.5021,14.5951,82.6,0.301389,20.0,120.0,0.0
2024-04-24,20,13:00,3.6006,17.0147,20.6153,80.09,0.41277,20.0,120.0,0.0
2024-04-24,21,13:15,4.9802,17.1381,22.1183,80.09,0.442864,20.0,120.0,0.0
2024-04-24,22,13:30,4.3843,16.0793,20.4636,80.09,0.409733,20.0,120.0,0.0
2024-04-24,23,13:45,1.5369,3.2115,4.7484,80.09,0.095074,20.0,120.0,0.0
2024-04-24,24,14:00,1.3266,9.5021,10.8287,76.53,0.207181,80.0,160.0,0.0
2024-04-24,25,14:15,4.184,17.0147,21.1986,76.53,0.405583,80.0,160.0,0.0
2024-04-24,26,14:30,5.1593,17.1381,22.2974,76.53,0.426606,80.0,160.0,0.0
2024-04-24,27,14:45,4.2588,16.0793,20.3381,76.53,0.389119,80.0,160.0,0.0
2024-04-24,28,15:00,5.404,3.2115,8.6155,80.71,0.173839,80.0,10.0,150.0
2024-04-24,29,15:15,4.491,9.5021,13.9931,80.71,0.282347,40.0,50.0,0.0
2024-04-24,30,15:30,5.1252,17.0147,22.1399,80.71,0.446727,40.0,50.0,0.0
2024-04-24,31,15:45,3.0543,17.1381,20.1924,80.71,0.407433,40.0,50.0,0.0
2024-04-24,32,16:00,5.093,16.0793,21.1723,81.12,0.429374,40.0,50.0,0.0
2024-04-24,33,16:15,3.6006,3.2115,6.8121,81.12,0.13815,40.0,50.0,0.0
2024-04-24,34,16:30,4.9802,9.5021,14.4823,81.12,0.293702,-0.0,90.0,0.0
2024-04-24,35,16:45,4.3843,17.0147,21.399,81.12,0.433972,0.0,90.0,0.0
2024-04-24,36,17:00,1.5369,17.1381,18.675,86.6,0.404313,0.0,90.0,0.0
2024-04-24,37,17:15,0.0,16.0793,16.0793,86.6,0.348116,100.0,90.0,0.0
2024-04-24,38,17:30,0.0,3.2115,3.2115,86.6,0.069529,100.0,90.0,0.0
2024-04-24,39,17:45,0.0,0.0,0.0,86.6,0.0,100.0,130.0,0.0
2024-04-24,40,18:00,0.0,0.0,0.0,101.54,0.0,100.0,130.0,0.0
2024-04-24,41,18:15,0.0,0.0,0.0,101.54,0.0,100.0,130.0,0.0
2024-04-24,42,18:30,0.0,0.0,0.0,101.54,0.0,100.0,130.0,0.0
2024-04-24,43,18:45,0.0,0.0,0.0,101.54,0.0,100.0,130.0,0.0
2024-04-24,44,19:00,0.0,0.0,0.0,135.2,0.0,100.0,130.0,0.0
2024-04-24,45,19:15,0.0,0.0,0.0,135.2,0.0,100.0,130.0,0.0
2024-04-24,46,19:30,0.0,0.0,0.0,135.2,0.0,100.0,130.0,0.0
2024-04-24,47,19:45,0.0,0.0,0.0,135.2,0.0,100.0,130.0,0.0
2024-04-24,48,20:00,0.0,0.0,0.0,143.44,0.0,100.0,130.0,0.0
2024-04-24,49,20:15,0.0,0.0,0.0,143.44,0.0,100.0,130.0,0.0
2024-04-24,50,20:30,0.0,0.0,0.0,143.44,0.0,100.0,130.0,0.0
2024-04-24,51,20:45,0.0,0.0,0.0,143.44,0.0,100.0,130.0,0.0
2024-04-24,52,21:00,0.0,0.0,0.0,121.16,0.0,100.0,130.0,0.0
2024-04-24,53,21:15,0.0,0.0,0.0,121.16,0.0,100.0,130.0,0.0
2024-04-24,54,21:30,0.0,0.0,0.0,121.16,0.0,100.0,130.0,0.0
2024-04-24,55,21:45,0.0,0.0,0.0,121.16,0.0,100.0,10.0,120.0
2024-04-25,0,08:00,0.0,0.0,0.0,112.71,0.0,100.0,10.0,0.0
2024-04-25,1,08:15,0.0,0.0,0.0,112.71,0.0,100.0,10.0,0.0
2024-04-25,2,08:30,0.0,0.0,0.0,112.71,0.0,100.0,10.0,0.0
2024-04-25,3,08:45,0.0,0.0,0.0,112.71,0.0,100.0,10.0,0.0
2024-04-25,4,09:00,0.0,0.0,0.0,92.1,0.0,100.0,10.0,0.0
2024-04-25,5,09:15,0.0,0.0,0.0,92.1,0.0,100.0,10.0,0.0
2024-04-25,6,09:30,0.0,0.0,0.0,92.1,0.0,100.0,10.0,0.0
2024-04-25,7,09:45,0.0,0.0,0.0,92.1,0.0,100.0,10.0,0.0
2024-04-25,8,10:00,0.0,0.0,0.0,80.01,0.0,100.0,10.0,0.0
2024-04-25,9,10:15,0.0,0.0,0.0,80.01,0.0,100.0,10.0,0.0
2024-04-25,10,10:30,0.0,0.0,0.0,80.01,0.0,100.0,10.0,0.0
2024-04-25,11,10:45,0.0,0.0,0.0,80.01,0.0,100.0,10.0,0.0
2024-04-25,12,11:00,0.0,0.0,0.0,78.2,0.0,100.0,10.0,0.0
2024-04-25,13,11:15,0.0,0.0,0.0,78.2,0.0,100.0,10.0,0.0
2024-04-25,14,11:30,0.0,0.0,0.0,78.2,0.0,100.0,10.0,0.0
2024-04-25,15,11:45,0.0,0.0,0.0,78.2,0.0,100.0,10.0,0.0
2024-04-25,16,12:00,1.3266,0.0,1.3266,73.92,0.024516,100.0,10.0,0.0
2024-04-25,17,12:15,4.184,0.0,4.184,73.92,0.07732,100.0,10.0,0.0
2024-04-25,18,12:30,5.1593,0.0,5.1593,73.92,0.095345,100.0,10.0,0.0
2024-04-25,19,12:45,4.2588,9.5021,13.7609,73.92,0.254302,60.0,10.0,0.0
2024-04-25,20,13:00,5.404,17.0147,22.4187,68.67,0.384873,60.0,10.0,0.0
2024-04-25,21,13:15,4.491,17.1381,21.6291,68.67,0.371318,60.0,10.0,0.0
2024-04-25,22,13:30,5.1252,16.0793,21.2045,68.67,0.364028,60.0,10.0,0.0
2024-04-25,23,13:45,3.0543,3.2115,6.2658,68.67,0.107569,60.0,10.0,0.0
2024-04-25,24,14:00,5.093,9.5021,14.5951,66.41,0.242315,20.0,50.0,0.0
2024-04-25,25,14:15,3.6006,17.0147,20.6153,66.41,0.342266,20.0,50.0,0.0
2024-04-25,26,14:30,4.9802,17.1381,22.1183,66.41,0.36722,20.0,50.0,0.0
2024-04-25,27,14:45,4.3843,16.0793,20.4636,66.41,0.339747,20.0,50.0,0.0
2024-04-25,28,15:00,1.5369,3.2115,4.7484,69.32,0.082289,20.0,50.0,0.0
2024-04-25,29,15:15,0.0,9.5021,9.5021,69.32,0.164671,80.0,90.0,0.0
2024-04-25,30,15:30,0.0,17.0147,17.0147,69.32,0.294864,80.0,90.0,0.0
2024-04-25,31,15:45,0.0,17.1381,17.1381,69.32,0.297003,80.0,90.0,0.0
2024-04-25,32,16:00,0.0,16.0793,16.0793,72.81,0.292683,80.0,90.0,0.0
2024-04-25,33,16:15,0.0,3.2115,3.2115,72.81,0.058457,80.0,90.0,0.0
2024-04-25,34,16:30,0.0,0.0,0.0,72.81,0.0,80.0,130.0,0.0
2024-04-25,35,16:45,0.0,0.0,0.0,72.81,0.0,80.0,130.0,0.0
2024-04-25,36,17:00,0.0,0.0,0.0,79.88,0.0,80.0,130.0,0.0
2024-04-25,37,17:15,0.0,0.0,0.0,79.88,0.0,80.0,130.0,0.0
2024-04-25,38,17:30,0.0,0.0,0.0,79.88,0.0,80.0,130.0,0.0
2024-04-25,39,17:45,0.0,0.0,0.0,79.88,0.0,80.0,130.0,0.0
2024-04-25,40,18:00,0.0,0.0,0.0,95.17,0.0,80.0,130.0,0.0
2024-04-25,41,18:15,0.0,0.0,0.0,95.17,0.0,80.0,130.0,0.0
2024-04-25,42,18:30,0.0,0.0,0.0,95.17,0.0,80.0,130.0,0.0
2024-04-25,43,18:45,0.0,0.0,0.0,95.17,0.0,80.0,130.0,0.0
2024-04-25,44,19:00,0.0,0.0,0.0,141.09,0.0,80.0,130.0,0.0
2024-04-25,45,19:15,0.0,0.0,0.0,141.09,0.0,80.0,130.0,0.0
2024-04-25,46,19:30,0.0,0.0,0.0,141.09,0.0,80.0,130.0,0.0
2024-04-25,47,19:45,0.0,0.0,0.0,141.09,0.0,80.0,130.0,0.0
2024-04-25,48,20:00,0.0,0.0,0.0,152.29,0.0,80.0,130.0,0.0
2024-04-25,49,20:15,0.0,0.0,0.0,152.29,0.0,80.0,130.0,0.0
2024-04-25,50,20:30,0.0,0.0,0.0,152.29,0.0,80.0,130.0,0.0
2024-04-25,51,20:45,0.0,0.0,0.0,152.29,0.0,80.0,130.0,0.0
2024-04-25,52,21:00,0.0,0.0,0.0,113.71,0.0,80.0,130.0,0.0
2024-04-25,53,21:15,0.0,0.0,0.0,113.71,0.0,80.0,130.0,0.0
2024-04-25,54,21:30,0.0,0.0,0.0,113.71,0.0,80.0,130.0,0.0
2024-04-25,55,21:45,0.0,0.0,0.0,113.71,0.0,80.0,30.0,100.0
2024-04-26,0,08:00,0.0,0.0,0.0,96.06,0.0,80.0,30.0,0.0
2024-04-26,1,08:15,0.0,0.0,0.0,96.06,0.0,80.0,30.0,0.0
2024-04-26,2,08:30,0.0,0.0,0.0,96.06,0.0,80.0,30.0,0.0
2024-04-26,3,08:45,0.0,0.0,0.0,96.06,0.0,80.0,30.0,0.0
2024-04-26,4,09:00,0.0,0.0,0.0,81.08,0.0,80.0,30.0,0.0
2024-04-26,5,09:15,0.0,0.0,0.0,81.08,0.0,80.0,30.0,0.0
2024-04-26,6,09:30,0.0,0.0,0.0,81.08,0.0,80.0,30.0,0.0
2024-04-26,7,09:45,0.0,0.0,0.0,81.08,0.0,80.0,30.0,0.0
2024-04-26,8,10:00,0.0,0.0,0.0,77.81,0.0,80.0,30.0,0.0
2024-04-26,9,10:15,0.0,0.0,0.0,77.81,0.0,80.0,30.0,0.0
2024-04-26,10,10:30,0.0,0.0,0.0,77.81,0.0,80.0,30.0,0.0
2024-04-26,11,10:45,0.0,0.0,0.0,77.81,0.0,80.0,30.0,0.0
2024-04-26,12,11:00,0.0,0.0,0.0,72.95,0.0,80.0,30.0,0.0
2024-04-26,13,11:15,0.0,0.0,0.0,72.95,0.0,80.0,30.0,0.0
2024-04-26,14,11:30,0.0,0.0,0.0,72.95,0.0,80.0,30.0,0.0
2024-04-26,15,11:45,0.0,0.0,0.0,72.95,0.0,80.0,30.0,0.0
2024-04-26,16,12:00,1.3266,0.0,1.3266,70.35,0.023332,80.0,30.0,0.0
2024-04-26,17,12:15,4.184,0.0,4.184,70.35,0.073586,80.0,30.0,0.0
2024-04-26,18,12:30,5.1593,0.0,5.1593,70.35,0.09074,80.0,30.0,0.0
2024-04-26,19,12:45,4.2588,9.5021,13.7609,70.35,0.24202,40.0,30.0,0.0
2024-04-26,20,13:00,5.404,17.0147,22.4187,68.74,0.385265,40.0,30.0,0.0
2024-04-26,21,13:15,4.491,17.1381,21.6291,68.74,0.371697,40.0,30.0,0.0
2024-04-26,22,13:30,5.1252,16.0793,21.2045,68.74,0.364399,40.0,30.0,0.0
2024-04-26,23,13:45,3.0543,3.2115,6.2658,68.74,0.107678,40.0,30.0,0.0
2024-04-26,24,14:00,5.093,9.5021,14.5951,65.37,0.23852,0.0,70.0,0.0
2024-04-26,25,14:15,3.6006,17.0147,20.6153,65.37,0.336906,0.0,70.0,0.0
2024-04-26,26,14:30,4.9802,17.1381,22.1183,65.37,0.361469,0.0,70.0,0.0
2024-04-26,27,14:45,4.3843,16.0793,20.4636,65.37,0.334427,0.0,70.0,0.0
2024-04-26,28,15:00,1.5369,3.2115,4.7484,69.92,0.083002,0.0,70.0,0.0
2024-04-26,29,15:15,0.0,9.5021,9.5021,69.92,0.166097,60.0,110.0,0.0
2024-04-26,30,15:30,0.0,17.0147,17.0147,69.92,0.297416,60.0,110.0,0.0
2024-04-26,31,15:45,0.0,17.1381,17.1381,69.92,0.299574,60.0,110.0,0.0
2024-04-26,32,16:00,0.0,16.0793,16.0793,71.7,0.288221,60.0,110.0,0.0
2024-04-26,33,16:15,0.0,3.2115,3.2115,71.7,0.057566,60.0,110.0,0.0
2024-04-26,34,16:30,0.0,0.0,0.0,71.7,0.0,60.0,150.0,0.0
2024-04-26,35,16:45,0.0,0.0,0.0,71.7,0.0,60.0,150.0,0.0
2024-04-26,36,17:00,0.0,0.0,0.0,80.46,0.0,60.0,150.0,0.0
2024-04-26,37,17:15,0.0,0.0,0.0,80.46,0.0,60.0,150.0,0.0
2024-04-26,38,17:30,0.0,0.0,0.0,80.46,0.0,60.0,150.0,0.0
2024-04-26,39,17:45,0.0,0.0,0.0,80.46,0.0,60.0,150.0,0.0
2024-04-26,40,18:00,0.0,0.0,0.0,94.78,0.0,60.0,150.0,0.0
2024-04-26,41,18:15,0.0,0.0,0.0,94.78,0.0,60.0,150.0,0.0
2024-04-26,42,18:30,0.0,0.0,0.0,94.78,0.0,60.0,150.0,0.0
2024-04-26,43,18:45,0.0,0.0,0.0,94.78,0.0,60.0,150.0,0.0
2024-04-26,44,19:00,0.0,0.0,0.0,131.9,0.0,60.0,150.0,0.0
2024-04-26,45,19:15,0.0,0.0,0.0,131.9,0.0,60.0,150.0,0.0
2024-04-26,46,19:30,0.0,0.0,0.0,131.9,0.0,60.0,150.0,0.0
2024-04-26,47,19:45,0.0,0.0,0.0,131.9,0.0,60.0,150.0,0.0
2024-04-26,48,20:00,0.0,0.0,0.0,141.58,0.0,60.0,150.0,0.0
2024-04-26,49,20:15,0.0,0.0,0.0,141.58,0.0,60.0,150.0,0.0
2024-04-26,50,20:30,0.0,0.0,0.0,141.58,0.0,60.0,150.0,0.0
2024-04-26,51,20:45,0.0,0.0,0.0,141.58,0.0,60.0,150.0,0.0
2024-04-26,52,21:00,0.0,0.0,0.0,110.0,0.0,60.0,150.0,0.0
2024-04-26,53,21:15,0.0,0.0,0.0,110.0,0.0,60.0,150.0,0.0
2024-04-26,54,21:30,0.0,0.0,0.0,110.0,0.0,60.0,150.0,0.0
2024-04-26,55,21:45,0.0,0.0,0.0,110.0,0.0,60.0,20.0,130.0
2024-04-29,0,08:00,0.0,0.0,0.0,100.69,0.0,60.0,20.0,0.0
2024-04-29,1,08:15,0.0,0.0,0.0,100.69,0.0,60.0,20.0,0.0
2024-04-29,2,08:30,0.0,0.0,0.0,100.69,0.0,60.0,20.0,0.0
2024-04-29,3,08:45,0.0,0.0,0.0,100.69,0.0,60.0,20.0,0.0
2024-04-29,4,09:00,0.0,0.0,0.0,75.17,0.0,60.0,20.0,0.0
2024-04-29,5,09:15,0.0,0.0,0.0,75.17,0.0,60.0,20.0,0.0
2024-04-29,6,09:30,0.0,0.0,0.0,75.17,0.0,60.0,20.0,0.0
2024-04-29,7,09:45,0.0,0.0,0.0,75.17,0.0,60.0,20.0,0.0
2024-04-29,8,10:00,0.0,0.0,0.0,59.21,0.0,60.0,20.0,0.0
2024-04-29,9,10:15,0.0,0.0,0.0,59.21,0.0,60.0,20.0,0.0
2024-04-29,10,10:30,0.0,0.0,0.0,59.21,0.0,60.0,20.0,0.0
2024-04-29,11,10:45,0.0,0.0,0.0,59.21,0.0,60.0,20.0,0.0
2024-04-29,12,11:00,1.8638,0.0,1.8638,36.46,0.016989,60.0,20.0,0.0
2024-04-29,13,11:15,6.7293,0.0,6.7293,36.46,0.061337,60.0,20.0,0.0
2024-04-29,14,11:30,5.9956,0.0,5.9956,36.46,0.05465,60.0,20.0,0.0
2024-04-29,15,11:45,7.1179,0.0,7.1179,36.46,0.06488,60.0,20.0,0.0
2024-04-29,16,12:00,6.1091,0.0,6.1091,36.18,0.055257,60.0,20.0,0.0
2024-04-29,17,12:15,5.6324,9.5021,15.1345,36.18,0.136892,20.0,20.0,0.0
2024-04-29,18,12:30,5.8458,17.0147,22.8605,36.18,0.206773,20.0,20.0,0.0
2024-04-29,19,12:45,5.1816,17.1381,22.3197,36.18,0.201881,20.0,20.0,0.0
2024-04-29,20,13:00,6.7301,16.0793,22.8094,35.59,0.202946,20.0,20.0,0.0
2024-04-29,21,13:15,3.9878,3.2115,7.1993,35.59,0.064056,20.0,20.0,0.0
2024-04-29,22,13:30,0.0,9.5021,9.5021,35.59,0.084545,80.0,60.0,0.0
2024-04-29,23,13:45,0.0,17.0147,17.0147,35.59,0.151388,80.0,60.0,0.0
2024-04-29,24,14:00,0.0,17.1381,17.1381,33.63,0.144089,80.0,60.0,0.0
2024-04-29,25,14:15,0.0,16.0793,16.0793,33.63,0.135187,80.0,60.0,0.0
2024-04-29,26,14:30,0.0,3.2115,3.2115,33.63,0.027001,80.0,60.0,0.0
2024-04-29,27,14:45,0.0,9.5021,9.5021,33.63,0.079889,40.0,100.0,0.0
2024-04-29,28,15:00,0.0,17.0147,17.0147,35.57,0.151303,40.0,100.0,0.0
2024-04-29,29,15:15,0.0,17.1381,17.1381,35.57,0.1524,40.0,100.0,0.0
2024-04-29,30,15:30,0.0,16.0793,16.0793,35.57,0.142985,40.0,100.0,0.0
2024-04-29,31,15:45,0.0,3.2115,3.2115,35.57,0.028558,40.0,100.0,0.0
2024-04-29,32,16:00,0.0,0.0,0.0,47.68,0.0,40.0,140.0,0.0
2024-04-29,33,16:15,0.0,0.0,0.0,47.68,0.0,40.0,140.0,0.0
2024-04-29,34,16:30,0.0,0.0,0.0,47.68,0.0,40.0,140.0,0.0
2024-04-29,35,16:45,0.0,0.0,0.0,47.68,0.0,40.0,140.0,0.0
2024-04-29,36,17:00,0.0,0.0,0.0,85.75,0.0,40.0,140.0,0.0
2024-04-29,37,17:15,0.0,0.0,0.0,85.75,0.0,40.0,140.0,0.0
2024-04-29,38,17:30,0.0,0.0,0.0,85.75,0.0,40.0,140.0,0.0
2024-04-29,39,17:45,0.0,0.0,0.0,85.75,0.0,40.0,140.0,0.0
2024-04-29,40,18:00,0.0,0.0,0.0,104.73,0.0,40.0,140.0,0.0
2024-04-29,41,18:15,0.0,0.0,0.0,104.73,0.0,40.0,140.0,0.0
2024-04-29,42,18:30,0.0,0.0,0.0,104.73,0.0,40.0,140.0,0.0
2024-04-29,43,18:45,0.0,0.0,0.0,104.73,0.0,40.0,140.0,0.0
2024-04-29,44,19:00,0.0,0.0,0.0,180.04,0.0,40.0,140.0,0.0
2024-04-29,45,19:15,0.0,0.0,0.0,180.04,0.0,40.0,140.0,0.0
2024-04-29,46,19:30,0.0,0.0,0.0,180.04,0.0,40.0,140.0,0.0
2024-04-29,47,19:45,0.0,0.0,0.0,180.04,0.0,40.0,140.0,0.0
2024-04-29,48,20:00,0.0,0.0,0.0,204.57,0.0,40.0,140.0,0.0
2024-04-29,49,20:15,0.0,0.0,0.0,204.57,0.0,40.0,140.0,0.0
2024-04-29,50,20:30,0.0,0.0,0.0,204.57,0.0,40.0,140.0,0.0
2024-04-29,51,20:45,0.0,0.0,0.0,204.57,0.0,40.0,140.0,0.0
2024-04-29,52,21:00,0.0,0.0,0.0,108.55,0.0,40.0,140.0,0.0
2024-04-29,53,21:15,0.0,0.0,0.0,108.55,0.0,40.0,140.0,0.0
2024-04-29,54,21:30,0.0,0.0,0.0,108.55,0.0,40.0,140.0,0.0
2024-04-29,55,21:45,0.0,0.0,0.0,108.55,0.0,40.0,10.0,130.0
2024-04-30,0,08:00,0.0,0.0,0.0,88.46,0.0,40.0,10.0,0.0
2024-04-30,1,08:15,0.0,0.0,0.0,88.46,0.0,40.0,10.0,0.0
2024-04-30,2,08:30,0.0,0.0,0.0,88.46,0.0,40.0,10.0,0.0
2024-04-30,3,08:45,0.0,0.0,0.0,88.46,0.0,40.0,10.0,0.0
2024-04-30,4,09:00,0.0,0.0,0.0,77.0,0.0,40.0,10.0,0.0
2024-04-30,5,09:15,0.0,0.0,0.0,77.0,0.0,40.0,10.0,0.0
2024-04-30,6,09:30,0.0,0.0,0.0,77.0,0.0,40.0,10.0,0.0
2024-04-30,7,09:45,0.0,0.0,0.0,77.0,0.0,40.0,10.0,0.0
2024-04-30,8,10:00,0.0,0.0,0.0,62.06,0.0,40.0,10.0,0.0
2024-04-30,9,10:15,0.0,0.0,0.0,62.06,0.0,40.0,10.0,0.0
2024-04-30,10,10:30,0.0,0.0,0.0,62.06,0.0,40.0,10.0,0.0
2024-04-30,11,10:45,0.0,0.0,0.0,62.06,0.0,40.0,10.0,0.0
2024-04-30,12,11:00,0.0,0.0,0.0,47.1,0.0,40.0,10.0,0.0
2024-04-30,13,11:15,1.8638,0.0,1.8638,47.1,0.021947,40.0,10.0,0.0
2024-04-30,14,11:30,6.7293,0.0,6.7293,47.1,0.079237,40.0,10.0,0.0
2024-04-30,15,11:45,5.9956,0.0,5.9956,47.1,0.070598,40.0,10.0,0.0
2024-04-30,16,12:00,7.1179,0.0,7.1179,28.05,0.049914,40.0,10.0,0.0
2024-04-30,17,12:15,6.1091,0.0,6.1091,28.05,0.04284,40.0,10.0,0.0
2024-04-30,18,12:30,5.6324,9.5021,15.1345,28.05,0.106131,0.0,10.0,0.0
2024-04-30,19,12:45,5.8458,17.0147,22.8605,28.05,0.160309,0.0,10.0,0.0
2024-04-30,20,13:00,5.1816,17.1381,22.3197,11.3,0.063053,0.0,10.0,0.0
2024-04-30,21,13:15,6.7301,16.0793,22.8094,11.3,0.064436,0.0,10.0,0.0
2024-04-30,22,13:30,3.9878,3.2115,7.1993,11.3,0.020338,0.0,10.0,0.0
2024-04-30,23,13:45,1.8638,9.5021,11.3659,11.3,0.032109,60.0,50.0,0.0
2024-04-30,24,14:00,6.7293,17.0147,23.744,10.0,0.05936,60.0,50.0,0.0
2024-04-30,25,14:15,5.9956,17.1381,23.1337,10.0,0.057834,60.0,50.0,0.0
2024-04-30,26,14:30,7.1179,16.0793,23.1972,10.0,0.057993,60.0,50.0,0.0
2024-04-30,27,14:45,6.1091,3.2115,9.3206,10.0,0.023301,60.0,50.0,0.0
2024-04-30,28,15:00,5.6324,9.5021,15.1345,19.14,0.072419,20.0,90.0,0.0
2024-04-30,29,15:15,5.8458,17.0147,22.8605,19.14,0.109387,20.0,90.0,0.0
2024-04-30,30,15:30,5.1816,17.1381,22.3197,19.14,0.1068,20.0,90.0,0.0
2024-04-30,31,15:45,6.7301,16.0793,22.8094,19.14,0.109143,20.0,90.0,0.0
2024-04-30,32,16:00,3.9878,3.2115,7.1993,45.84,0.082504,20.0,90.0,0.0
2024-04-30,33,16:15,0.0,0.0,0.0,45.84,0.0,120.0,130.0,0.0
2024-04-30,34,16:30,0.0,0.0,0.0,45.84,0.0,120.0,130.0,0.0
2024-04-30,35,16:45,0.0,0.0,0.0,45.84,0.0,120.0,130.0,0.0
2024-04-30,36,17:00,0.0,0.0,0.0,66.95,0.0,120.0,130.0,0.0
2024-04-30,37,17:15,0.0,0.0,0.0,66.95,0.0,120.0,130.0,0.0
2024-04-30,38,17:30,0.0,0.0,0.0,66.95,0.0,120.0,130.0,0.0
2024-04-30,39,17:45,0.0,0.0,0.0,66.95,0.0,120.0,130.0,0.0
2024-04-30,40,18:00,0.0,0.0,0.0,86.2,0.0,120.0,130.0,0.0
2024-04-30,41,18:15,0.0,0.0,0.0,86.2,0.0,120.0,130.0,0.0
2024-04-30,42,18:30,0.0,0.0,0.0,86.2,0.0,120.0,130.0,0.0
2024-04-30,43,18:45,0.0,0.0,0.0,86.2,0.0,120.0,130.0,0.0
2024-04-30,44,19:00,0.0,0.0,0.0,122.01,0.0,120.0,130.0,0.0
2024-04-30,45,19:15,0.0,0.0,0.0,122.01,0.0,120.0,130.0,0.0
2024-04-30,46,19:30,0.0,0.0,0.0,122.01,0.0,120.0,130.0,0.0
2024-04-30,47,19:45,0.0,0.0,0.0,122.01,0.0,120.0,130.0,0.0
2024-04-30,48,20:00,0.0,0.0,0.0,132.41,0.0,120.0,130.0,0.0
2024-04-30,49,20:15,0.0,0.0,0.0,132.41,0.0,120.0,130.0,0.0
2024-04-30,50,20:30,0.0,0.0,0.0,132.41,0.0,120.0,130.0,0.0
2024-04-30,51,20:45,0.0,0.0,0.0,132.41,0.0,120.0,130.0,0.0
2024-04-30,52,21:00,0.0,0.0,0.0,88.37,0.0,120.0,130.0,0.0
2024-04-30,53,21:15,0.0,0.0,0.0,88.37,0.0,120.0,130.0,0.0
2024-04-30,54,21:30,0.0,0.0,0.0,88.37,0.0,120.0,130.0,0.0
2024-04-30,55,21:45,0.0,0.0,0.0,88.37,0.0,120.0,0.0,130.0
2024-05-02,0,08:00,0.0,0.0,0.0,62.9,0.0,120.0,0.0,0.0
2024-05-02,1,08:15,0.0,0.0,0.0,62.9,0.0,120.0,0.0,0.0
2024-05-02,2,08:30,0.0,0.0,0.0,62.9,0.0,120.0,0.0,0.0
2024-05-02,3,08:45,0.0,0.0,0.0,62.9,0.0,120.0,0.0,0.0
2024-05-02,4,09:00,0.0,0.0,0.0,31.45,0.0,120.0,0.0,0.0
2024-05-02,5,09:15,0.0,0.0,0.0,31.45,0.0,120.0,0.0,0.0
2024-05-02,6,09:30,0.0,0.0,0.0,31.45,0.0,120.0,0.0,0.0
2024-05-02,7,09:45,0.0,0.0,0.0,31.45,0.0,120.0,0.0,0.0
2024-05-02,8,10:00,0.0,0.0,0.0,5.1,0.0,120.0,0.0,0.0
2024-05-02,9,10:15,0.0,0.0,0.0,5.1,0.0,120.0,0.0,0.0
2024-05-02,10,10:30,0.0,9.5021,9.5021,5.1,0.012115,80.0,0.0,0.0
2024-05-02,11,10:45,0.0,17.0147,17.0147,5.1,0.021694,80.0,0.0,0.0
2024-05-02,12,11:00,1.8638,17.1381,19.0019,-0.08,-0.00038,80.0,0.0,0.0
2024-05-02,13,11:15,6.7293,16.0793,22.8086,-0.08,-0.000456,80.0,0.0,0.0
2024-05-02,14,11:30,5.9956,3.2115,9.2071,-0.08,-0.000184,80.0,0.0,0.0
2024-05-02,15,11:45,7.1179,9.5021,16.62,-0.08,-0.000332,40.0,40.0,0.0
2024-05-02,16,12:00,6.1091,17.0147,23.1237,-1.73,-0.010001,40.0,40.0,0.0
2024-05-02,17,12:15,5.6324,17.1381,22.7705,-1.73,-0.009848,40.0,40.0,0.0
2024-05-02,18,12:30,5.8458,16.0793,21.9251,-1.73,-0.009483,40.0,40.0,0.0
2024-05-02,19,12:45,5.1816,3.2115,8.3931,-1.73,-0.00363,40.0,40.0,0.0
2024-05-02,20,13:00,6.7301,9.5021,16.2322,-4.19,-0.017003,0.0,80.0,0.0
2024-05-02,21,13:15,3.9878,17.0147,21.0025,-4.19,-0.022,0.0,80.0,0.0
2024-05-02,22,13:30,1.8638,17.1381,19.0019,-4.19,-0.019905,100.0,80.0,0.0
2024-05-02,23,13:45,6.7293,16.0793,22.8086,-4.19,-0.023892,100.0,80.0,0.0
2024-05-02,24,14:00,5.9956,3.2115,9.2071,-0.05,-0.000115,100.0,80.0,0.0
2024-05-02,25,14:15,7.1179,9.5021,16.62,-0.05,-0.000208,60.0,120.0,0.0
2024-05-02,26,14:30,6.1091,17.0147,23.1237,-0.05,-0.000289,60.0,120.0,0.0
2024-05-02,27,14:45,5.6324,17.1381,22.7705,-0.05,-0.000285,60.0,120.0,0.0
2024-05-02,28,15:00,5.8458,16.0793,21.9251,-1.39,-0.007619,60.0,20.0,100.0
2024-05-02,29,15:15,5.1816,3.2115,8.3931,-1.39,-0.002917,60.0,20.0,0.0
2024-05-02,30,15:30,6.7301,9.5021,16.2322,-1.39,-0.005641,20.0,60.0,0.0
2024-05-02,31,15:45,3.9878,17.0147,21.0025,-1.39,-0.007298,20.0,60.0,0.0
2024-05-02,32,16:00,0.0,17.1381,17.1381,4.04,0.017309,120.0,60.0,0.0
2024-05-02,33,16:15,0.0,16.0793,16.0793,4.04,0.01624,120.0,60.0,0.0
2024-05-02,34,16:30,0.0,3.2115,3.2115,4.04,0.003244,120.0,60.0,0.0
2024-05-02,35,16:45,0.0,0.0,0.0,4.04,0.0,120.0,100.0,0.0
2024-05-02,36,17:00,0.0,0.0,0.0,55.16,0.0,120.0,100.0,0.0
2024-05-02,37,17:15,0.0,0.0,0.0,55.16,0.0,120.0,100.0,0.0
2024-05-02,38,17:30,0.0,0.0,0.0,55.16,0.0,120.0,100.0,0.0
2024-05-02,39,17:45,0.0,0.0,0.0,55.16,0.0,120.0,100.0,0.0
2024-05-02,40,18:00,0.0,0.0,0.0,81.22,0.0,120.0,100.0,0.0
2024-05-02,41,18:15,0.0,0.0,0.0,81.22,0.0,120.0,100.0,0.0
2024-05-02,42,18:30,0.0,0.0,0.0,81.22,0.0,120.0,100.0,0.0
2024-05-02,43,18:45,0.0,0.0,0.0,81.22,0.0,120.0,100.0,0.0
2024-05-02,44,19:00,0.0,0.0,0.0,87.96,0.0,120.0,100.0,0.0
2024-05-02,45,19:15,0.0,0.0,0.0,87.96,0.0,120.0,100.0,0.0
2024-05-02,46,19:30,0.0,0.0,0.0,87.96,0.0,120.0,100.0,0.0
2024-05-02,47,19:45,0.0,0.0,0.0,87.96,0.0,120.0,100.0,0.0
2024-05-02,48,20:00,0.0,0.0,0.0,85.14,0.0,120.0,100.0,0.0
2024-05-02,49,20:15,0.0,0.0,0.0,85.14,0.0,120.0,100.0,0.0
2024-05-02,50,20:30,0.0,0.0,0.0,85.14,0.0,120.0,100.0,0.0
2024-05-02,51,20:45,0.0,0.0,0.0,85.14,0.0,120.0,100.0,0.0
2024-05-02,52,21:00,0.0,0.0,0.0,82.31,0.0,120.0,100.0,0.0
2024-05-02,53,21:15,0.0,0.0,0.0,82.31,0.0,120.0,100.0,0.0
2024-05-02,54,21:30,0.0,0.0,0.0,82.31,0.0,120.0,100.0,0.0
2024-05-02,55,21:45,0.0,0.0,0.0,82.31,0.0,120.0,100.0,0.0
2024-05-03,0,08:00,0.0,0.0,0.0,92.31,0.0,120.0,100.0,0.0
2024-05-03,1,08:15,0.0,0.0,0.0,92.31,0.0,120.0,100.0,0.0
2024-05-03,2,08:30,0.0,0.0,0.0,92.31,0.0,120.0,100.0,0.0
2024-05-03,3,08:45,0.0,0.0,0.0,92.31,0.0,120.0,100.0,0.0
2024-05-03,4,09:00,0.0,0.0,0.0,88.25,0.0,120.0,100.0,0.0
2024-05-03,5,09:15,0.0,0.0,0.0,88.25,0.0,120.0,100.0,0.0
2024-05-03,6,09:30,0.0,0.0,0.0,88.25,0.0,120.0,100.0,0.0
2024-05-03,7,09:45,0.0,0.0,0.0,88.25,0.0,120.0,100.0,0.0
2024-05-03,8,10:00,0.0,0.0,0.0,77.95,0.0,120.0,100.0,0.0
2024-05-03,9,10:15,0.0,0.0,0.0,77.95,0.0,120.0,100.0,0.0
2024-05-03,10,10:30,0.0,0.0,0.0,77.95,0.0,120.0,100.0,0.0
2024-05-03,11,10:45,0.0,0.0,0.0,77.95,0.0,120.0,100.0,0.0
2024-05-03,12,11:00,0.0,0.0,0.0,72.58,0.0,120.0,100.0,0.0
2024-05-03,13,11:15,0.0,0.0,0.0,72.58,0.0,120.0,100.0,0.0
2024-05-03,14,11:30,0.0,9.5021,9.5021,72.58,0.172415,80.0,100.0,0.0
2024-05-03,15,11:45,0.0,17.0147,17.0147,72.58,0.308731,80.0,100.0,0.0
2024-05-03,16,12:00,1.3266,17.1381,18.4647,64.11,0.295943,80.0,100.0,0.0
2024-05-03,17,12:15,4.184,16.0793,20.2632,64.11,0.324769,80.0,100.0,0.0
2024-05-03,18,12:30,5.1593,3.2115,8.3708,64.11,0.134164,80.0,100.0,0.0
2024-05-03,19,12:45,4.2588,9.5021,13.7609,64.11,0.220553,40.0,140.0,0.0
2024-05-03,20,13:00,5.404,17.0147,22.4187,59.33,0.332525,40.0,140.0,0.0
2024-05-03,21,13:15,4.491,17.1381,21.6291,59.33,0.320814,40.0,140.0,0.0
2024-05-03,22,13:30,5.1252,16.0793,21.2045,59.33,0.314515,40.0,140.0,0.0
2024-05-03,23,13:45,3.0543,3.2115,6.2658,59.33,0.092938,40.0,140.0,0.0
2024-05-03,24,14:00,5.093,9.5021,14.5951,60.05,0.219109,0.0,180.0,0.0
2024-05-03,25,14:15,3.6006,17.0147,20.6153,60.05,0.309487,0.0,180.0,0.0
2024-05-03,26,14:30,4.9802,17.1381,22.1183,60.05,0.332052,0.0,180.0,0.0
2024-05-03,27,14:45,4.3843,16.0793,20.4636,60.05,0.30721,0.0,180.0,0.0
2024-05-03,28,15:00,1.5369,3.2115,4.7484,64.69,0.076793,0.0,180.0,0.0
2024-05-03,29,15:15,0.0,9.5021,9.5021,64.69,0.153673,60.0,220.0,0.0
2024-05-03,30,15:30,0.0,17.0147,17.0147,64.69,0.27517,60.0,220.0,0.0
2024-05-03,31,15:45,0.0,17.1381,17.1381,64.69,0.277166,60.0,220.0,0.0
2024-05-03,32,16:00,0.0,16.0793,16.0793,72.29,0.290593,60.0,220.0,0.0
2024-05-03,33,16:15,0.0,3.2115,3.2115,72.29,0.05804,60.0,220.0,0.0
2024-05-03,34,16:30,0.0,0.0,0.0,72.29,0.0,60.0,260.0,0.0
2024-05-03,35,16:45,0.0,0.0,0.0,72.29,0.0,60.0,260.0,0.0
2024-05-03,36,17:00,0.0,0.0,0.0,79.55,0.0,60.0,260.0,0.0
2024-05-03,37,17:15,0.0,0.0,0.0,79.55,0.0,60.0,260.0,0.0
2024-05-03,38,17:30,0.0,0.0,0.0,79.55,0.0,60.0,260.0,0.0
2024-05-03,39,17:45,0.0,0.0,0.0,79.55,0.0,60.0,260.0,0.0
2024-05-03,40,18:00,0.0,0.0,0.0,88.89,0.0,60.0,260.0,0.0
2024-05-03,41,18:15,0.0,0.0,0.0,88.89,0.0,60.0,260.0,0.0
2024-05-03,42,18:30,0.0,0.0,0.0,88.89,0.0,60.0,260.0,0.0
2024-05-03,43,18:45,0.0,0.0,0.0,88.89,0.0,60.0,260.0,0.0
2024-05-03,44,19:00,0.0,0.0,0.0,105.49,0.0,60.0,260.0,0.0
2024-05-03,45,19:15,0.0,0.0,0.0,105.49,0.0,60.0,260.0,0.0
2024-05-03,46,19:30,0.0,0.0,0.0,105.49,0.0,60.0,260.0,0.0
2024-05-03,47,19:45,0.0,0.0,0.0,105.49,0.0,60.0,260.0,0.0
2024-05-03,48,20:00,0.0,0.0,0.0,119.94,0.0,60.0,260.0,0.0
2024-05-03,49,20:15,0.0,0.0,0.0,119.94,0.0,60.0,260.0,0.0
2024-05-03,50,20:30,0.0,0.0,0.0,119.94,0.0,60.0,260.0,0.0
2024-05-03,51,20:45,0.0,0.0,0.0,119.94,0.0,60.0,260.0,0.0
2024-05-03,52,21:00,0.0,0.0,0.0,107.95,0.0,60.0,260.0,0.0
2024-05-03,53,21:15,0.0,0.0,0.0,107.95,0.0,60.0,260.0,0.0
2024-05-03,54,21:30,0.0,0.0,0.0,107.95,0.0,60.0,260.0,0.0
2024-05-03,55,21:45,0.0,0.0,0.0,107.95,0.0,60.0,160.0,100.0
2024-05-06,0,08:00,0.0,0.0,0.0,101.35,0.0,60.0,160.0,0.0
2024-05-06,1,08:15,0.0,0.0,0.0,101.35,0.0,60.0,160.0,0.0
2024-05-06,2,08:30,0.0,0.0,0.0,101.35,0.0,60.0,160.0,0.0
2024-05-06,3,08:45,0.0,0.0,0.0,101.35,0.0,60.0,160.0,0.0
2024-05-06,4,09:00,0.0,0.0,0.0,89.0,0.0,60.0,160.0,0.0
2024-05-06,5,09:15,0.0,0.0,0.0,89.0,0.0,60.0,160.0,0.0
2024-05-06,6,09:30,0.0,0.0,0.0,89.0,0.0,60.0,160.0,0.0
2024-05-06,7,09:45,0.0,0.0,0.0,89.0,0.0,60.0,160.0,0.0
2024-05-06,8,10:00,0.0,0.0,0.0,81.11,0.0,60.0,160.0,0.0
2024-05-06,9,10:15,0.0,0.0,0.0,81.11,0.0,60.0,160.0,0.0
2024-05-06,10,10:30,0.0,0.0,0.0,81.11,0.0,60.0,160.0,0.0
2024-05-06,11,10:45,1.3266,0.0,1.3266,81.11,0.026901,60.0,160.0,0.0
2024-05-06,12,11:00,4.184,0.0,4.184,76.23,0.079736,60.0,160.0,0.0
2024-05-06,13,11:15,5.1593,0.0,5.1593,76.23,0.098324,60.0,160.0,0.0
2024-05-06,14,11:30,4.2588,0.0,4.2588,76.23,0.081163,60.0,160.0,0.0
2024-05-06,15,11:45,5.404,0.0,5.404,76.23,0.102987,60.0,160.0,0.0
2024-05-06,16,12:00,4.491,0.0,4.491,76.26,0.085622,60.0,160.0,0.0
2024-05-06,17,12:15,5.1252,0.0,5.1252,76.26,0.097712,60.0,160.0,0.0
2024-05-06,18,12:30,3.0543,0.0,3.0543,76.26,0.058231,60.0,160.0,0.0
2024-05-06,19,12:45,5.093,9.5021,14.5951,76.26,0.278255,20.0,160.0,0.0
2024-05-06,20,13:00,3.6006,17.0147,20.6153,74.71,0.385042,20.0,160.0,0.0
2024-05-06,21,13:15,4.9802,17.1381,22.1183,74.71,0.413115,20.0,160.0,0.0
2024-05-06,22,13:30,4.3843,16.0793,20.4636,74.71,0.382209,20.0,160.0,0.0
2024-05-06,23,13:45,1.5369,3.2115,4.7484,74.71,0.088688,20.0,160.0,0.0
2024-05-06,24,14:00,0.0,9.5021,9.5021,74.89,0.177903,80.0,200.0,0.0
2024-05-06,25,14:15,0.0,17.0147,17.0147,74.89,0.318557,80.0,200.0,0.0
2024-05-06,26,14:30,0.0,17.1381,17.1381,74.89,0.320868,80.0,200.0,0.0
2024-05-06,27,14:45,0.0,16.0793,16.0793,74.89,0.301044,80.0,200.0,0.0
2024-05-06,28,15:00,0.0,3.2115,3.2115,81.11,0.065121,80.0,60.0,140.0
2024-05-06,29,15:15,0.0,0.0,0.0,81.11,0.0,80.0,100.0,0.0
2024-05-06,30,15:30,0.0,0.0,0.0,81.11,0.0,80.0,100.0,0.0
2024-05-06,31,15:45,0.0,0.0,0.0,81.11,0.0,80.0,100.0,0.0
2024-05-06,32,16:00,0.0,0.0,0.0,81.62,0.0,80.0,100.0,0.0
2024-05-06,33,16:15,0.0,0.0,0.0,81.62,0.0,80.0,100.0,0.0
2024-05-06,34,16:30,0.0,0.0,0.0,81.62,0.0,80.0,100.0,0.0
2024-05-06,35,16:45,0.0,0.0,0.0,81.62,0.0,80.0,100.0,0.0
2024-05-06,36,17:00,0.0,0.0,0.0,93.36,0.0,80.0,100.0,0.0
2024-05-06,37,17:15,0.0,0.0,0.0,93.36,0.0,80.0,100.0,0.0
2024-05-06,38,17:30,0.0,0.0,0.0,93.36,0.0,80.0,100.0,0.0
2024-05-06,39,17:45,0.0,0.0,0.0,93.36,0.0,80.0,100.0,0.0
2024-05-06,40,18:00,0.0,0.0,0.0,108.37,0.0,80.0,100.0,0.0
2024-05-06,41,18:15,0.0,0.0,0.0,108.37,0.0,80.0,100.0,0.0
2024-05-06,42,18:30,0.0,0.0,0.0,108.37,0.0,80.0,100.0,0.0
2024-05-06,43,18:45,0.0,0.0,0.0,108.37,0.0,80.0,100.0,0.0
2024-05-06,44,19:00,0.0,0.0,0.0,136.65,0.0,80.0,100.0,0.0
2024-05-06,45,19:15,0.0,0.0,0.0,136.65,0.0,80.0,100.0,0.0
2024-05-06,46,19:30,0.0,0.0,0.0,136.65,0.0,80.0,100.0,0.0
2024-05-06,47,19:45,0.0,0.0,0.0,136.65,0.0,80.0,100.0,0.0
2024-05-06,48,20:00,0.0,0.0,0.0,143.99,0.0,80.0,100.0,0.0
2024-05-06,49,20:15,0.0,0.0,0.0,143.99,0.0,80.0,100.0,0.0
2024-05-06,50,20:30,0.0,0.0,0.0,143.99,0.0,80.0,100.0,0.0
2024-05-06,51,20:45,0.0,0.0,0.0,143.99,0.0,80.0,100.0,0.0
2024-05-06,52,21:00,0.0,0.0,0.0,107.98,0.0,80.0,100.0,0.0
2024-05-06,53,21:15,0.0,0.0,0.0,107.98,0.0,80.0,100.0,0.0
2024-05-06,54,21:30,0.0,0.0,0.0,107.98,0.0,80.0,100.0,0.0
2024-05-06,55,21:45,0.0,0.0,0.0,107.98,0.0,80.0,100.0,0.0
2024-05-07,0,08:00,0.0,0.0,0.0,112.66,0.0,80.0,100.0,0.0
2024-05-07,1,08:15,0.0,0.0,0.0,112.66,0.0,80.0,100.0,0.0
2024-05-07,2,08:30,0.0,0.0,0.0,112.66,0.0,80.0,100.0,0.0
2024-05-07,3,08:45,0.0,0.0,0.0,112.66,0.0,80.0,100.0,0.0
2024-05-07,4,09:00,0.0,0.0,0.0,91.75,0.0,80.0,100.0,0.0
2024-05-07,5,09:15,0.0,0.0,0.0,91.75,0.0,80.0,100.0,0.0
2024-05-07,6,09:30,0.0,0.0,0.0,91.75,0.0,80.0,100.0,0.0
2024-05-07,7,09:45,0.0,0.0,0.0,91.75,0.0,80.0,100.0,0.0
2024-05-07,8,10:00,0.0,0.0,0.0,85.21,0.0,80.0,100.0,0.0
2024-05-07,9,10:15,0.0,0.0,0.0,85.21,0.0,80.0,100.0,0.0
2024-05-07,10,10:30,1.3266,0.0,1.3266,85.21,0.028261,80.0,100.0,0.0
2024-05-07,11,10:45,4.184,0.0,4.184,85.21,0.089129,80.0,100.0,0.0
2024-05-07,12,11:00,5.1593,0.0,5.1593,81.08,0.10458,80.0,100.0,0.0
2024-05-07,13,11:15,4.2588,0.0,4.2588,81.08,0.086327,80.0,100.0,0.0
2024-05-07,14,11:30,5.404,9.5021,14.9061,81.08,0.302147,40.0,100.0,0.0
2024-05-07,15,11:45,4.491,17.0147,21.5057,81.08,0.435921,40.0,100.0,0.0
2024-05-07,16,12:00,5.1252,17.1381,22.2633,74.73,0.415934,40.0,100.0,0.0
2024-05-07,17,12:15,3.0543,16.0793,19.1336,74.73,0.357464,40.0,100.0,0.0
2024-05-07,18,12:30,5.093,3.2115,8.3045,74.73,0.155149,40.0,100.0,0.0
2024-05-07,19,12:45,3.6006,9.5021,13.1027,74.73,0.244792,0.0,140.0,0.0
2024-05-07,20,13:00,4.9802,17.0147,21.9949,70.43,0.387275,0.0,140.0,0.0
2024-05-07,21,13:15,4.3843,17.1381,21.5224,70.43,0.378956,0.0,140.0,0.0
2024-05-07,22,13:30,1.5369,16.0793,17.6162,70.43,0.310177,0.0,140.0,0.0
2024-05-07,23,13:45,1.3266,3.2115,4.5381,70.43,0.079905,100.0,140.0,0.0
2024-05-07,24,14:00,4.184,9.5021,13.6861,65.53,0.224212,60.0,180.0,0.0
2024-05-07,25,14:15,5.1593,17.0147,22.174,65.53,0.363266,60.0,180.0,0.0
2024-05-07,26,14:30,4.2588,17.1381,21.3969,65.53,0.350535,60.0,180.0,0.0
2024-05-07,27,14:45,5.404,16.0793,21.4833,65.53,0.35195,60.0,180.0,0.0
2024-05-07,28,15:00,4.491,3.2115,7.7025,74.05,0.142593,60.0,20.0,160.0
2024-05-07,29,15:15,5.1252,9.5021,14.6273,74.05,0.270788,20.0,60.0,0.0
2024-05-07,30,15:30,3.0543,17.0147,20.069,74.05,0.371528,20.0,60.0,0.0
2024-05-07,31,15:45,5.093,17.1381,22.2311,74.05,0.411553,20.0,60.0,0.0
2024-05-07,32,16:00,3.6006,16.0793,19.6799,83.12,0.408949,20.0,60.0,0.0
2024-05-07,33,16:15,4.9802,3.2115,8.1917,83.12,0.170224,20.0,60.0,0.0
2024-05-07,34,16:30,4.3843,0.0,4.3843,83.12,0.091107,20.0,100.0,0.0
2024-05-07,35,16:45,1.5369,0.0,1.5369,83.12,0.031937,20.0,100.0,0.0
2024-05-07,36,17:00,0.0,0.0,0.0,90.82,0.0,120.0,100.0,0.0
2024-05-07,37,17:15,0.0,0.0,0.0,90.82,0.0,120.0,100.0,0.0
2024-05-07,38,17:30,0.0,0.0,0.0,90.82,0.0,120.0,100.0,0.0
2024-05-07,39,17:45,0.0,0.0,0.0,90.82,0.0,120.0,100.0,0.0
2024-05-07,40,18:00,0.0,0.0,0.0,105.86,0.0,120.0,100.0,0.0
2024-05-07,41,18:15,0.0,0.0,0.0,105.86,0.0,120.0,100.0,0.0
2024-05-07,42,18:30,0.0,0.0,0.0,105.86,0.0,120.0,100.0,0.0
2024-05-07,43,18:45,0.0,0.0,0.0,105.86,0.0,120.0,100.0,0.0
2024-05-07,44,19:00,0.0,0.0,0.0,133.85,0.0,120.0,100.0,0.0
2024-05-07,45,19:15,0.0,0.0,0.0,133.85,0.0,120.0,100.0,0.0
2024-05-07,46,19:30,0.0,0.0,0.0,133.85,0.0,120.0,100.0,0.0
2024-05-07,47,19:45,0.0,0.0,0.0,133.85,0.0,120.0,100.0,0.0
2024-05-07,48,20:00,0.0,0.0,0.0,151.05,0.0,120.0,100.0,0.0
2024-05-07,49,20:15,0.0,0.0,0.0,151.05,0.0,120.0,100.0,0.0
2024-05-07,50,20:30,0.0,0.0,0.0,151.05,0.0,120.0,100.0,0.0
2024-05-07,51,20:45,0.0,0.0,0.0,151.05,0.0,120.0,100.0,0.0
2024-05-07,52,21:00,0.0,0.0,0.0,122.04,0.0,120.0,100.0,0.0
2024-05-07,53,21:15,0.0,0.0,0.0,122.04,0.0,120.0,100.0,0.0
2024-05-07,54,21:30,0.0,0.0,0.0,122.04,0.0,120.0,100.0,0.0
2024-05-07,55,21:45,0.0,0.0,0.0,122.04,0.0,120.0,100.0,0.0
2024-05-08,0,08:00,0.0,0.0,0.0,110.12,0.0,120.0,100.0,0.0
2024-05-08,1,08:15,0.0,0.0,0.0,110.12,0.0,120.0,100.0,0.0
2024-05-08,2,08:30,0.0,0.0,0.0,110.12,0.0,120.0,100.0,0.0
2024-05-08,3,08:45,0.0,0.0,0.0,110.12,0.0,120.0,100.0,0.0
2024-05-08,4,09:00,0.0,0.0,0.0,92.41,0.0,120.0,100.0,0.0
2024-05-08,5,09:15,0.0,0.0,0.0,92.41,0.0,120.0,100.0,0.0
2024-05-08,6,09:30,0.0,0.0,0.0,92.41,0.0,120.0,100.0,0.0
2024-05-08,7,09:45,0.0,0.0,0.0,92.41,0.0,120.0,100.0,0.0
2024-05-08,8,10:00,0.0,0.0,0.0,85.4,0.0,120.0,100.0,0.0
2024-05-08,9,10:15,0.0,0.0,0.0,85.4,0.0,120.0,100.0,0.0
2024-05-08,10,10:30,0.0,0.0,0.0,85.4,0.0,120.0,100.0,0.0
2024-05-08,11,10:45,0.0,0.0,0.0,85.4,0.0,120.0,100.0,0.0
2024-05-08,12,11:00,0.0,9.5021,9.5021,79.48,0.188807,80.0,100.0,0.0
2024-05-08,13,11:15,0.0,17.0147,17.0147,79.48,0.338082,80.0,100.0,0.0
2024-05-08,14,11:30,1.3266,17.1381,18.4647,79.48,0.366894,80.0,100.0,0.0
2024-05-08,15,11:45,4.184,16.0793,20.2632,79.48,0.402631,80.0,100.0,0.0
2024-05-08,16,12:00,5.1593,3.2115,8.3708,72.93,0.152621,80.0,100.0,0.0
2024-05-08,17,12:15,4.2588,9.5021,13.7609,72.93,0.250896,40.0,140.0,0.0
2024-05-08,18,12:30,5.404,17.0147,22.4187,72.93,0.408749,40.0,140.0,0.0
2024-05-08,19,12:45,4.491,17.1381,21.6291,72.93,0.394353,40.0,140.0,0.0
2024-05-08,20,13:00,5.1252,16.0793,21.2045,68.79,0.364664,40.0,140.0,0.0
2024-05-08,21,13:15,3.0543,3.2115,6.2658,68.79,0.107757,40.0,140.0,0.0
2024-05-08,22,13:30,5.093,9.5021,14.5951,68.79,0.250999,-0.0,180.0,0.0
2024-05-08,23,13:45,3.6006,17.0147,20.6153,68.79,0.354532,-0.0,180.0,0.0
2024-05-08,24,14:00,4.9802,17.1381,22.1183,66.58,0.36816,-0.0,180.0,0.0
2024-05-08,25,14:15,4.3843,16.0793,20.4636,66.58,0.340617,-0.0,180.0,0.0
2024-05-08,26,14:30,1.5369,3.2115,4.7484,66.58,0.079037,-0.0,180.0,0.0
2024-05-08,27,14:45,0.0,9.5021,9.5021,66.58,0.158162,60.0,220.0,0.0
2024-05-08,28,15:00,0.0,17.0147,17.0147,66.95,0.284783,60.0,50.0,170.0
2024-05-08,29,15:15,0.0,17.1381,17.1381,66.95,0.286849,60.0,50.0,0.0
2024-05-08,30,15:30,0.0,16.0793,16.0793,66.95,0.269127,60.0,50.0,0.0
2024-05-08,31,15:45,0.0,3.2115,3.2115,66.95,0.053752,60.0,50.0,0.0
2024-05-08,32,16:00,0.0,9.5021,9.5021,75.72,0.179875,20.0,90.0,0.0
2024-05-08,33,16:15,0.0,17.0147,17.0147,75.72,0.322088,20.0,90.0,0.0
2024-05-08,34,16:30,0.0,17.1381,17.1381,75.72,0.324424,20.0,90.0,0.0
2024-05-08,35,16:45,0.0,16.0793,16.0793,75.72,0.304381,20.0,90.0,0.0
2024-05-08,36,17:00,0.0,3.2115,3.2115,91.1,0.073142,20.0,90.0,0.0
2024-05-08,37,17:15,0.0,0.0,0.0,91.1,0.0,20.0,130.0,0.0
2024-05-08,38,17:30,0.0,0.0,0.0,91.1,0.0,20.0,130.0,0.0
2024-05-08,39,17:45,0.0,0.0,0.0,91.1,0.0,20.0,130.0,0.0
2024-05-08,40,18:00,0.0,0.0,0.0,106.5,0.0,20.0,130.0,0.0
2024-05-08,41,18:15,0.0,0.0,0.0,106.5,0.0,20.0,130.0,0.0
2024-05-08,42,18:30,0.0,0.0,0.0,106.5,0.0,20.0,130.0,0.0
2024-05-08,43,18:45,0.0,0.0,0.0,106.5,0.0,20.0,130.0,0.0
2024-05-08,44,19:00,0.0,0.0,0.0,127.54,0.0,20.0,130.0,0.0
2024-05-08,45,19:15,0.0,0.0,0.0,127.54,0.0,20.0,130.0,0.0
2024-05-08,46,19:30,0.0,0.0,0.0,127.54,0.0,20.0,130.0,0.0
2024-05-08,47,19:45,0.0,0.0,0.0,127.54,0.0,20.0,130.0,0.0
2024-05-08,48,20:00,0.0,0.0,0.0,134.42,0.0,20.0,130.0,0.0
2024-05-08,49,20:15,0.0,0.0,0.0,134.42,0.0,20.0,130.0,0.0
2024-05-08,50,20:30,0.0,0.0,0.0,134.42,0.0,20.0,130.0,0.0
2024-05-08,51,20:45,0.0,0.0,0.0,134.42,0.0,20.0,130.0,0.0
2024-05-08,52,21:00,0.0,0.0,0.0,114.65,0.0,20.0,130.0,0.0
2024-05-08,53,21:15,0.0,0.0,0.0,114.65,0.0,20.0,130.0,0.0
2024-05-08,54,21:30,0.0,0.0,0.0,114.65,0.0,20.0,130.0,0.0
2024-05-08,55,21:45,0.0,0.0,0.0,114.65,0.0,20.0,0.0,130.0
2024-05-10,0,08:00,0.0,0.0,0.0,95.6,0.0,20.0,0.0,0.0
2024-05-10,1,08:15,0.0,0.0,0.0,95.6,0.0,20.0,0.0,0.0
2024-05-10,2,08:30,1.8638,0.0,1.8638,95.6,0.044546,20.0,0.0,0.0
2024-05-10,3,08:45,6.7293,0.0,6.7293,95.6,0.16083,20.0,0.0,0.0
2024-05-10,4,09:00,5.9956,0.0,5.9956,67.39,0.101011,20.0,0.0,0.0
2024-05-10,5,09:15,7.1179,0.0,7.1179,67.39,0.119919,20.0,0.0,0.0
2024-05-10,6,09:30,6.1091,0.0,6.1091,67.39,0.102923,20.0,0.0,0.0
2024-05-10,7,09:45,5.6324,0.0,5.6324,67.39,0.094893,20.0,0.0,0.0
2024-05-10,8,10:00,5.8458,0.0,5.8458,20.84,0.030457,20.0,0.0,0.0
2024-05-10,9,10:15,5.1816,0.0,5.1816,20.84,0.026996,20.0,0.0,0.0
2024-05-10,10,10:30,6.7301,0.0,6.7301,20.84,0.035064,20.0,0.0,0.0
2024-05-10,11,10:45,3.9878,0.0,3.9878,20.84,0.020776,20.0,0.0,0.0
2024-05-10,12,11:00,1.8638,9.5021,11.3659,2.87,0.008155,80.0,0.0,0.0
2024-05-10,13,11:15,6.7293,17.0147,23.744,2.87,0.017036,80.0,0.0,0.0
2024-05-10,14,11:30,5.9956,17.1381,23.1337,2.87,0.016598,80.0,0.0,0.0
2024-05-10,15,11:45,7.1179,16.0793,23.1972,2.87,0.016644,80.0,0.0,0.0
2024-05-10,16,12:00,6.1091,3.2115,9.3206,0.52,0.001212,80.0,0.0,0.0
2024-05-10,17,12:15,5.6324,9.5021,15.1345,0.52,0.001967,40.0,40.0,0.0
2024-05-10,18,12:30,5.8458,17.0147,22.8605,0.52,0.002972,40.0,40.0,0.0
2024-05-10,19,12:45,5.1816,17.1381,22.3197,0.52,0.002902,40.0,40.0,0.0
2024-05-10,20,13:00,6.7301,16.0793,22.8094,0.02,0.000114,40.0,40.0,0.0
2024-05-10,21,13:15,3.9878,3.2115,7.1993,0.02,3.6e-05,40.0,40.0,0.0
2024-05-10,22,13:30,1.8638,9.5021,11.3659,0.02,5.7e-05,100.0,80.0,0.0
2024-05-10,23,13:45,6.7293,17.0147,23.744,0.02,0.000119,100.0,80.0,0.0
2024-05-10,24,14:00,5.9956,17.1381,23.1337,0.02,0.000116,100.0,80.0,0.0
2024-05-10,25,14:15,7.1179,16.0793,23.1972,0.02,0.000116,100.0,80.0,0.0
2024-05-10,26,14:30,6.1091,3.2115,9.3206,0.02,4.7e-05,100.0,80.0,0.0
2024-05-10,27,14:45,5.6324,9.5021,15.1345,0.02,7.6e-05,60.0,120.0,0.0
2024-05-10,28,15:00,5.8458,17.0147,22.8605,20.42,0.116703,60.0,0.0,120.0
2024-05-10,29,15:15,5.1816,17.1381,22.3197,20.42,0.113942,60.0,0.0,0.0
2024-05-10,30,15:30,6.7301,16.0793,22.8094,20.42,0.116442,60.0,0.0,0.0
2024-05-10,31,15:45,3.9878,3.2115,7.1993,20.42,0.036752,60.0,0.0,0.0
2024-05-10,32,16:00,0.0,0.0,0.0,65.46,0.0,160.0,40.0,0.0
2024-05-10,33,16:15,0.0,0.0,0.0,65.46,0.0,160.0,40.0,0.0
2024-05-10,34,16:30,0.0,0.0,0.0,65.46,0.0,160.0,40.0,0.0
2024-05-10,35,16:45,0.0,0.0,0.0,65.46,0.0,160.0,40.0,0.0
2024-05-10,36,17:00,0.0,0.0,0.0,85.88,0.0,160.0,40.0,0.0
2024-05-10,37,17:15,0.0,0.0,0.0,85.88,0.0,160.0,40.0,0.0
2024-05-10,38,17:30,0.0,0.0,0.0,85.88,0.0,160.0,40.0,0.0
2024-05-10,39,17:45,0.0,0.0,0.0,85.88,0.0,160.0,40.0,0.0
2024-05-10,40,18:00,0.0,0.0,0.0,105.91,0.0,160.0,40.0,0.0
2024-05-10,41,18:15,0.0,0.0,0.0,105.91,0.0,160.0,40.0,0.0
2024-05-10,42,18:30,0.0,0.0,0.0,105.91,0.0,160.0,40.0,0.0
2024-05-10,43,18:45,0.0,0.0,0.0,105.91,0.0,160.0,40.0,0.0
2024-05-10,44,19:00,0.0,0.0,0.0,136.26,0.0,160.0,40.0,0.0
2024-05-10,45,19:15,0.0,0.0,0.0,136.26,0.0,160.0,40.0,0.0
2024-05-10,46,19:30,0.0,0.0,0.0,136.26,0.0,160.0,40.0,0.0
2024-05-10,47,19:45,0.0,0.0,0.0,136.26,0.0,160.0,40.0,0.0
2024-05-10,48,20:00,0.0,0.0,0.0,170.72,0.0,160.0,40.0,0.0
2024-05-10,49,20:15,0.0,0.0,0.0,170.72,0.0,160.0,40.0,0.0
2024-05-10,50,20:30,0.0,0.0,0.0,170.72,0.0,160.0,40.0,0.0
2024-05-10,51,20:45,0.0,0.0,0.0,170.72,0.0,160.0,40.0,0.0
2024-05-10,52,21:00,0.0,0.0,0.0,136.31,0.0,160.0,40.0,0.0
2024-05-10,53,21:15,0.0,0.0,0.0,136.31,0.0,160.0,40.0,0.0
2024-05-10,54,21:30,0.0,0.0,0.0,136.31,0.0,160.0,40.0,0.0
2024-05-10,55,21:45,0.0,0.0,0.0,136.31,0.0,160.0,40.0,0.0
2024-05-13,0,08:00,0.0,0.0,0.0,78.47,0.0,160.0,40.0,0.0
2024-05-13,1,08:15,0.0,0.0,0.0,78.47,0.0,160.0,40.0,0.0
2024-05-13,2,08:30,0.0,0.0,0.0,78.47,0.0,160.0,40.0,0.0
2024-05-13,3,08:45,0.0,0.0,0.0,78.47,0.0,160.0,40.0,0.0
2024-05-13,4,09:00,0.0,0.0,0.0,43.51,0.0,160.0,40.0,0.0
2024-05-13,5,09:15,0.0,0.0,0.0,43.51,0.0,160.0,40.0,0.0
2024-05-13,6,09:30,0.0,0.0,0.0,43.51,0.0,160.0,40.0,0.0
2024-05-13,7,09:45,0.0,9.5021,9.5021,43.51,0.103359,120.0,40.0,0.0
2024-05-13,8,10:00,0.0,17.0147,17.0147,10.38,0.044153,120.0,40.0,0.0
2024-05-13,9,10:15,0.0,17.1381,17.1381,10.38,0.044473,120.0,40.0,0.0
2024-05-13,10,10:30,0.0,16.0793,16.0793,10.38,0.041726,120.0,40.0,0.0
2024-05-13,11,10:45,0.0,3.2115,3.2115,10.38,0.008334,120.0,40.0,0.0
2024-05-13,12,11:00,1.8638,9.5021,11.3659,-0.97,-0.002756,80.0,80.0,0.0
2024-05-13,13,11:15,6.7293,17.0147,23.744,-0.97,-0.005758,80.0,80.0,0.0
2024-05-13,14,11:30,5.9956,17.1381,23.1337,-0.97,-0.00561,80.0,80.0,0.0
2024-05-13,15,11:45,7.1179,16.0793,23.1972,-0.97,-0.005625,80.0,80.0,0.0
2024-05-13,16,12:00,6.1091,3.2115,9.3206,-2.69,-0.006268,80.0,80.0,0.0
2024-05-13,17,12:15,5.6324,9.5021,15.1345,-2.69,-0.010178,40.0,120.0,0.0
2024-05-13,18,12:30,5.8458,17.0147,22.8605,-2.69,-0.015374,40.0,120.0,0.0
2024-05-13,19,12:45,5.1816,17.1381,22.3197,-2.69,-0.01501,40.0,120.0,0.0
2024-05-13,20,13:00,6.7301,16.0793,22.8094,-2.27,-0.012944,40.0,120.0,0.0
2024-05-13,21,13:15,3.9878,3.2115,7.1993,-2.27,-0.004086,40.0,120.0,0.0
2024-05-13,22,13:30,1.8638,9.5021,11.3659,-2.27,-0.00645,100.0,160.0,0.0
2024-05-13,23,13:45,6.7293,17.0147,23.744,-2.27,-0.013475,100.0,160.0,0.0
2024-05-13,24,14:00,5.9956,17.1381,23.1337,-2.46,-0.014227,100.0,160.0,0.0
2024-05-13,25,14:15,7.1179,16.0793,23.1972,-2.46,-0.014266,100.0,160.0,0.0
2024-05-13,26,14:30,6.1091,3.2115,9.3206,-2.46,-0.005732,100.0,160.0,0.0
2024-05-13,27,14:45,5.6324,9.5021,15.1345,-2.46,-0.009308,60.0,200.0,0.0
2024-05-13,28,15:00,5.8458,17.0147,22.8605,-0.73,-0.004172,60.0,90.0,110.0
2024-05-13,29,15:15,5.1816,17.1381,22.3197,-0.73,-0.004073,60.0,90.0,0.0
2024-05-13,30,15:30,6.7301,16.0793,22.8094,-0.73,-0.004163,60.0,90.0,0.0
2024-05-13,31,15:45,3.9878,3.2115,7.1993,-0.73,-0.001314,60.0,90.0,0.0
2024-05-13,32,16:00,0.0,9.5021,9.5021,0.07,0.000166,120.0,130.0,0.0
2024-05-13,33,16:15,0.0,17.0147,17.0147,0.07,0.000298,120.0,130.0,0.0
2024-05-13,34,16:30,0.0,17.1381,17.1381,0.07,0.0003,120.0,130.0,0.0
2024-05-13,35,16:45,0.0,16.0793,16.0793,0.07,0.000281,120.0,130.0,0.0
2024-05-13,36,17:00,0.0,3.2115,3.2115,55.01,0.044166,120.0,130.0,0.0
2024-05-13,37,17:15,0.0,0.0,0.0,55.01,0.0,120.0,170.0,0.0
2024-05-13,38,17:30,0.0,0.0,0.0,55.01,0.0,120.0,170.0,0.0
2024-05-13,39,17:45,0.0,0.0,0.0,55.01,0.0,120.0,170.0,0.0
2024-05-13,40,18:00,0.0,0.0,0.0,83.12,0.0,120.0,170.0,0.0
2024-05-13,41,18:15,0.0,0.0,0.0,83.12,0.0,120.0,170.0,0.0
2024-05-13,42,18:30,0.0,0.0,0.0,83.12,0.0,120.0,170.0,0.0
2024-05-13,43,18:45,0.0,0.0,0.0,83.12,0.0,120.0,170.0,0.0
2024-05-13,44,19:00,0.0,0.0,0.0,146.18,0.0,120.0,170.0,0.0
2024-05-13,45,19:15,0.0,0.0,0.0,146.18,0.0,120.0,170.0,0.0
2024-05-13,46,19:30,0.0,0.0,0.0,146.18,0.0,120.0,170.0,0.0
2024-05-13,47,19:45,0.0,0.0,0.0,146.18,0.0,120.0,170.0,0.0
2024-05-13,48,20:00,0.0,0.0,0.0,139.0,0.0,120.0,170.0,0.0
2024-05-13,49,20:15,0.0,0.0,0.0,139.0,0.0,120.0,170.0,0.0
2024-05-13,50,20:30,0.0,0.0,0.0,139.0,0.0,120.0,170.0,0.0
2024-05-13,51,20:45,0.0,0.0,0.0,139.0,0.0,120.0,170.0,0.0
2024-05-13,52,21:00,0.0,0.0,0.0,88.7,0.0,120.0,170.0,0.0
2024-05-13,53,21:15,0.0,0.0,0.0,88.7,0.0,120.0,170.0,0.0
2024-05-13,54,21:30,0.0,0.0,0.0,88.7,0.0,120.0,170.0,0.0
2024-05-13,55,21:45,0.0,0.0,0.0,88.7,0.0,120.0,0.0,170.0
2024-05-14,0,08:00,0.0,0.0,0.0,51.5,0.0,120.0,0.0,0.0
2024-05-14,1,08:15,0.0,0.0,0.0,51.5,0.0,120.0,0.0,0.0
2024-05-14,2,08:30,0.0,0.0,0.0,51.5,0.0,120.0,0.0,0.0
2024-05-14,3,08:45,0.0,0.0,0.0,51.5,0.0,120.0,0.0,0.0
2024-05-14,4,09:00,0.0,0.0,0.0,5.64,0.0,120.0,0.0,0.0
2024-05-14,5,09:15,0.0,0.0,0.0,5.64,0.0,120.0,0.0,0.0
2024-05-14,6,09:30,0.0,0.0,0.0,5.64,0.0,120.0,0.0,0.0
2024-05-14,7,09:45,0.0,0.0,0.0,5.64,0.0,120.0,0.0,0.0
2024-05-14,8,10:00,0.0,0.0,0.0,-2.33,-0.0,120.0,0.0,0.0
2024-05-14,9,10:15,1.8638,9.5021,11.3659,-2.33,-0.006621,80.0,0.0,0.0
2024-05-14,10,10:30,6.7293,17.0147,23.744,-2.33,-0.013831,80.0,0.0,0.0
2024-05-14,11,10:45,5.9956,17.1381,23.1337,-2.33,-0.013475,80.0,0.0,0.0
2024-05-14,12,11:00,7.1179,16.0793,23.1972,-11.12,-0.064488,80.0,0.0,0.0
2024-05-14,13,11:15,6.1091,3.2115,9.3206,-11.12,-0.025911,80.0,0.0,0.0
2024-05-14,14,11:30,5.6324,9.5021,15.1345,-11.12,-0.042074,40.0,40.0,0.0
2024-05-14,15,11:45,5.8458,17.0147,22.8605,-11.12,-0.063552,40.0,40.0,0.0
2024-05-14,16,12:00,5.1816,17.1381,22.3197,-36.33,-0.202718,40.0,40.0,0.0
2024-05-14,17,12:15,6.7301,16.0793,22.8094,-36.33,-0.207166,40.0,40.0,0.0
2024-05-14,18,12:30,3.9878,3.2115,7.1993,-36.33,-0.065388,40.0,40.0,0.0
2024-05-14,19,12:45,1.8638,9.5021,11.3659,-36.33,-0.103231,100.0,80.0,0.0
2024-05-14,20,13:00,6.7293,17.0147,23.744,-42.95,-0.254951,100.0,80.0,0.0
2024-05-14,21,13:15,5.9956,17.1381,23.1337,-42.95,-0.248398,100.0,80.0,0.0
2024-05-14,22,13:30,7.1179,16.0793,23.1972,-42.95,-0.24908,100.0,80.0,0.0
2024-05-14,23,13:45,6.1091,3.2115,9.3206,-42.95,-0.10008,100.0,80.0,0.0
2024-05-14,24,14:00,5.6324,9.5021,15.1345,-39.66,-0.150059,60.0,120.0,0.0
2024-05-14,25,14:15,5.8458,17.0147,22.8605,-39.66,-0.226662,60.0,120.0,0.0
2024-05-14,26,14:30,5.1816,17.1381,22.3197,-39.66,-0.221299,60.0,120.0,0.0
2024-05-14,27,14:45,6.7301,16.0793,22.8094,-39.66,-0.226155,60.0,120.0,0.0
2024-05-14,28,15:00,3.9878,3.2115,7.1993,-19.86,-0.035744,60.0,20.0,100.0
2024-05-14,29,15:15,1.8638,9.5021,11.3659,-19.86,-0.056432,120.0,60.0,0.0
2024-05-14,30,15:30,6.7293,17.0147,23.744,-19.86,-0.117889,120.0,60.0,0.0
2024-05-14,31,15:45,5.9956,17.1381,23.1337,-19.86,-0.114859,120.0,60.0,0.0
2024-05-14,32,16:00,7.1179,16.0793,23.1972,-2.93,-0.016992,120.0,60.0,0.0
2024-05-14,33,16:15,6.1091,3.2115,9.3206,-2.93,-0.006827,120.0,60.0,0.0
2024-05-14,34,16:30,5.6324,9.5021,15.1345,-2.93,-0.011086,80.0,100.0,0.0
2024-05-14,35,16:45,5.8458,17.0147,22.8605,-2.93,-0.016745,80.0,100.0,0.0
2024-05-14,36,17:00,5.1816,17.1381,22.3197,-0.04,-0.000223,80.0,100.0,0.0
2024-05-14,37,17:15,6.7301,16.0793,22.8094,-0.04,-0.000228,80.0,100.0,0.0
2024-05-14,38,17:30,3.9878,3.2115,7.1993,-0.04,-7.2e-05,80.0,100.0,0.0
2024-05-14,39,17:45,0.0,0.0,0.0,-0.04,-0.0,180.0,140.0,0.0
2024-05-14,40,18:00,0.0,0.0,0.0,43.74,0.0,180.0,140.0,0.0
2024-05-14,41,18:15,0.0,0.0,0.0,43.74,0.0,180.0,140.0,0.0
2024-05-14,42,18:30,0.0,0.0,0.0,43.74,0.0,180.0,140.0,0.0
2024-05-14,43,18:45,0.0,0.0,0.0,43.74,0.0,180.0,140.0,0.0
2024-05-14,44,19:00,0.0,0.0,0.0,83.9,0.0,180.0,140.0,0.0
2024-05-14,45,19:15,0.0,0.0,0.0,83.9,0.0,180.0,140.0,0.0
2024-05-14,46,19:30,0.0,0.0,0.0,83.9,0.0,180.0,140.0,0.0
2024-05-14,47,19:45,0.0,0.0,0.0,83.9,0.0,180.0,140.0,0.0
2024-05-14,48,20:00,0.0,0.0,0.0,93.47,0.0,180.0,140.0,0.0
2024-05-14,49,20:15,0.0,0.0,0.0,93.47,0.0,180.0,140.0,0.0
2024-05-14,50,20:30,0.0,0.0,0.0,93.47,0.0,180.0,140.0,0.0
2024-05-14,51,20:45,0.0,0.0,0.0,93.47,0.0,180.0,140.0,0.0
2024-05-14,52,21:00,0.0,0.0,0.0,76.41,0.0,180.0,140.0,0.0
2024-05-14,53,21:15,0.0,0.0,0.0,76.41,0.0,180.0,140.0,0.0
2024-05-14,54,21:30,0.0,0.0,0.0,76.41,0.0,180.0,140.0,0.0
2024-05-14,55,21:45,0.0,0.0,0.0,76.41,0.0,180.0,30.0,110.0
2024-05-15,0,08:00,0.0,0.0,0.0,84.45,0.0,180.0,30.0,0.0
2024-05-15,1,08:15,0.0,0.0,0.0,84.45,0.0,180.0,30.0,0.0
2024-05-15,2,08:30,0.0,0.0,0.0,84.45,0.0,180.0,30.0,0.0
2024-05-15,3,08:45,0.0,0.0,0.0,84.45,0.0,180.0,30.0,0.0
2024-05-15,4,09:00,0.0,0.0,0.0,48.42,0.0,180.0,30.0,0.0
2024-05-15,5,09:15,0.0,0.0,0.0,48.42,0.0,180.0,30.0,0.0
2024-05-15,6,09:30,0.0,0.0,0.0,48.42,0.0,180.0,30.0,0.0
2024-05-15,7,09:45,0.0,0.0,0.0,48.42,0.0,180.0,30.0,0.0
2024-05-15,8,10:00,0.0,0.0,0.0,7.36,0.0,180.0,30.0,0.0
2024-05-15,9,10:15,0.0,0.0,0.0,7.36,0.0,180.0,30.0,0.0
2024-05-15,10,10:30,0.0,0.0,0.0,7.36,0.0,180.0,30.0,0.0
2024-05-15,11,10:45,0.0,9.5021,9.5021,7.36,0.017484,140.0,30.0,0.0
2024-05-15,12,11:00,0.0,17.0147,17.0147,-0.08,-0.00034,140.0,30.0,0.0
2024-05-15,13,11:15,1.8638,17.1381,19.0019,-0.08,-0.00038,140.0,30.0,0.0
2024-05-15,14,11:30,6.7293,16.0793,22.8086,-0.08,-0.000456,140.0,30.0,0.0
2024-05-15,15,11:45,5.9956,3.2115,9.2071,-0.08,-0.000184,140.0,30.0,0.0
2024-05-15,16,12:00,7.1179,9.5021,16.62,-9.95,-0.041342,100.0,70.0,0.0
2024-05-15,17,12:15,6.1091,17.0147,23.1237,-9.95,-0.05752,100.0,70.0,0.0
2024-05-15,18,12:30,5.6324,17.1381,22.7705,-9.95,-0.056642,100.0,70.0,0.0
2024-05-15,19,12:45,5.8458,16.0793,21.9251,-9.95,-0.054539,100.0,70.0,0.0
2024-05-15,20,13:00,5.1816,3.2115,8.3931,-11.18,-0.023459,100.0,70.0,0.0
2024-05-15,21,13:15,6.7301,9.5021,16.2322,-11.18,-0.045369,60.0,110.0,0.0
2024-05-15,22,13:30,3.9878,17.0147,21.0025,-11.18,-0.058702,60.0,110.0,0.0
2024-05-15,23,13:45,1.8638,17.1381,19.0019,-11.18,-0.05311,160.0,110.0,0.0
2024-05-15,24,14:00,6.7293,16.0793,22.8086,-9.91,-0.056508,160.0,110.0,0.0
2024-05-15,25,14:15,5.9956,3.2115,9.2071,-9.91,-0.022811,160.0,110.0,0.0
2024-05-15,26,14:30,7.1179,9.5021,16.62,-9.91,-0.041176,120.0,150.0,0.0
2024-05-15,27,14:45,6.1091,17.0147,23.1237,-9.91,-0.057289,120.0,150.0,0.0
2024-05-15,28,15:00,5.6324,17.1381,22.7705,-0.09,-0.000512,120.0,150.0,0.0
2024-05-15,29,15:15,5.8458,16.0793,21.9251,-0.09,-0.000493,120.0,150.0,0.0
2024-05-15,30,15:30,5.1816,3.2115,8.3931,-0.09,-0.000189,120.0,150.0,0.0
2024-05-15,31,15:45,6.7301,9.5021,16.2322,-0.09,-0.000365,80.0,190.0,0.0
2024-05-15,32,16:00,3.9878,17.0147,21.0025,1.73,0.009084,80.0,190.0,0.0
2024-05-15,33,16:15,0.0,17.1381,17.1381,1.73,0.007412,180.0,190.0,0.0
2024-05-15,34,16:30,0.0,16.0793,16.0793,1.73,0.006954,180.0,190.0,0.0
2024-05-15,35,16:45,0.0,3.2115,3.2115,1.73,0.001389,180.0,190.0,0.0
2024-05-15,36,17:00,0.0,0.0,0.0,30.33,0.0,180.0,230.0,0.0
2024-05-15,37,17:15,0.0,0.0,0.0,30.33,0.0,180.0,230.0,0.0
2024-05-15,38,17:30,0.0,0.0,0.0,30.33,0.0,180.0,230.0,0.0
2024-05-15,39,17:45,0.0,0.0,0.0,30.33,0.0,180.0,230.0,0.0
2024-05-15,40,18:00,0.0,0.0,0.0,73.66,0.0,180.0,230.0,0.0
2024-05-15,41,18:15,0.0,0.0,0.0,73.66,0.0,180.0,230.0,0.0
2024-05-15,42,18:30,0.0,0.0,0.0,73.66,0.0,180.0,230.0,0.0
2024-05-15,43,18:45,0.0,0.0,0.0,73.66,0.0,180.0,230.0,0.0
2024-05-15,44,19:00,0.0,0.0,0.0,101.24,0.0,180.0,230.0,0.0
2024-05-15,45,19:15,0.0,0.0,0.0,101.24,0.0,180.0,230.0,0.0
2024-05-15,46,19:30,0.0,0.0,0.0,101.24,0.0,180.0,230.0,0.0
2024-05-15,47,19:45,0.0,0.0,0.0,101.24,0.0,180.0,230.0,0.0
2024-05-15,48,20:00,0.0,0.0,0.0,110.2,0.0,180.0,230.0,0.0
2024-05-15,49,20:15,0.0,0.0,0.0,110.2,0.0,180.0,230.0,0.0
2024-05-15,50,20:30,0.0,0.0,0.0,110.2,0.0,180.0,230.0,0.0
2024-05-15,51,20:45,0.0,0.0,0.0,110.2,0.0,180.0,230.0,0.0
2024-05-15,52,21:00,0.0,0.0,0.0,83.8,0.0,180.0,230.0,0.0
2024-05-15,53,21:15,0.0,0.0,0.0,83.8,0.0,180.0,230.0,0.0
2024-05-15,54,21:30,0.0,0.0,0.0,83.8,0.0,180.0,230.0,0.0
2024-05-15,55,21:45,0.0,0.0,0.0,83.8,0.0,180.0,130.0,100.0
2024-05-16,0,08:00,0.0,0.0,0.0,82.98,0.0,180.0,130.0,0.0
2024-05-16,1,08:15,0.0,0.0,0.0,82.98,0.0,180.0,130.0,0.0
2024-05-16,2,08:30,0.0,0.0,0.0,82.98,0.0,180.0,130.0,0.0
2024-05-16,3,08:45,0.0,0.0,0.0,82.98,0.0,180.0,130.0,0.0
2024-05-16,4,09:00,0.0,0.0,0.0,53.1,0.0,180.0,130.0,0.0
2024-05-16,5,09:15,0.0,0.0,0.0,53.1,0.0,180.0,130.0,0.0
2024-05-16,6,09:30,0.0,0.0,0.0,53.1,0.0,180.0,130.0,0.0
2024-05-16,7,09:45,1.8638,9.5021,11.3659,53.1,0.150883,140.0,130.0,0.0
2024-05-16,8,10:00,6.7293,17.0147,23.744,11.5,0.068264,140.0,130.0,0.0
2024-05-16,9,10:15,5.9956,17.1381,23.1337,11.5,0.066509,140.0,130.0,0.0
2024-05-16,10,10:30,7.1179,16.0793,23.1972,11.5,0.066692,140.0,130.0,0.0
2024-05-16,11,10:45,6.1091,3.2115,9.3206,11.5,0.026797,140.0,130.0,0.0
2024-05-16,12,11:00,5.6324,9.5021,15.1345,0.08,0.000303,100.0,170.0,0.0
2024-05-16,13,11:15,5.8458,17.0147,22.8605,0.08,0.000457,100.0,170.0,0.0
2024-05-16,14,11:30,5.1816,17.1381,22.3197,0.08,0.000446,100.0,170.0,0.0
2024-05-16,15,11:45,6.7301,16.0793,22.8094,0.08,0.000456,100.0,170.0,0.0
2024-05-16,16,12:00,3.9878,3.2115,7.1993,-0.02,-3.6e-05,100.0,170.0,0.0
2024-05-16,17,12:15,1.8638,9.5021,11.3659,-0.02,-5.7e-05,160.0,210.0,0.0
2024-05-16,18,12:30,6.7293,17.0147,23.744,-0.02,-0.000119,160.0,210.0,0.0
2024-05-16,19,12:45,5.9956,17.1381,23.1337,-0.02,-0.000116,160.0,210.0,0.0
2024-05-16,20,13:00,7.1179,16.0793,23.1972,-0.71,-0.004117,160.0,210.0,0.0
2024-05-16,21,13:15,6.1091,3.2115,9.3206,-0.71,-0.001654,160.0,210.0,0.0
2024-05-16,22,13:30,5.6324,9.5021,15.1345,-0.71,-0.002686,120.0,250.0,0.0
2024-05-16,23,13:45,5.8458,17.0147,22.8605,-0.71,-0.004058,120.0,250.0,0.0
2024-05-16,24,14:00,5.1816,17.1381,22.3197,-0.16,-0.000893,120.0,250.0,0.0
2024-05-16,25,14:15,6.7301,16.0793,22.8094,-0.16,-0.000912,120.0,250.0,0.0
2024-05-16,26,14:30,3.9878,3.2115,7.1993,-0.16,-0.000288,120.0,250.0,0.0
2024-05-16,27,14:45,1.8638,9.5021,11.3659,-0.16,-0.000455,180.0,290.0,0.0
2024-05-16,28,15:00,6.7293,17.0147,23.744,0.01,5.9e-05,180.0,150.0,140.0
2024-05-16,29,15:15,5.9956,17.1381,23.1337,0.01,5.8e-05,180.0,150.0,0.0
2024-05-16,30,15:30,7.1179,16.0793,23.1972,0.01,5.8e-05,180.0,150.0,0.0
2024-05-16,31,15:45,6.1091,3.2115,9.3206,0.01,2.3e-05,180.0,150.0,0.0
2024-05-16,32,16:00,5.6324,9.5021,15.1345,10.0,0.037836,140.0,190.0,0.0
2024-05-16,33,16:15,5.8458,17.0147,22.8605,10.0,0.057151,140.0,190.0,0.0
2024-05-16,34,16:30,5.1816,17.1381,22.3197,10.0,0.055799,140.0,190.0,0.0
2024-05-16,35,16:45,6.7301,16.0793,22.8094,10.0,0.057023,140.0,190.0,0.0
2024-05-16,36,17:00,3.9878,3.2115,7.1993,44.95,0.080902,140.0,190.0,0.0
2024-05-16,37,17:15,0.0,9.5021,9.5021,44.95,0.10678,200.0,230.0,0.0
2024-05-16,38,17:30,0.0,17.0147,17.0147,44.95,0.191202,200.0,230.0,0.0
2024-05-16,39,17:45,0.0,17.1381,17.1381,44.95,0.192589,200.0,230.0,0.0
2024-05-16,40,18:00,0.0,16.0793,16.0793,74.96,0.301326,200.0,230.0,0.0
2024-05-16,41,18:15,0.0,3.2115,3.2115,74.96,0.060183,200.0,230.0,0.0
2024-05-16,42,18:30,0.0,0.0,0.0,74.96,0.0,200.0,270.0,0.0
2024-05-16,43,18:45,0.0,0.0,0.0,74.96,0.0,200.0,270.0,0.0
2024-05-16,44,19:00,0.0,0.0,0.0,96.06,0.0,200.0,270.0,0.0
2024-05-16,45,19:15,0.0,0.0,0.0,96.06,0.0,200.0,270.0,0.0
2024-05-16,46,19:30,0.0,0.0,0.0,96.06,0.0,200.0,270.0,0.0
2024-05-16,47,19:45,0.0,0.0,0.0,96.06,0.0,200.0,270.0,0.0
2024-05-16,48,20:00,0.0,0.0,0.0,109.91,0.0,200.0,270.0,0.0
2024-05-16,49,20:15,0.0,0.0,0.0,109.91,0.0,200.0,270.0,0.0
2024-05-16,50,20:30,0.0,0.0,0.0,109.91,0.0,200.0,270.0,0.0
2024-05-16,51,20:45,0.0,0.0,0.0,109.91,0.0,200.0,270.0,0.0
2024-05-16,52,21:00,0.0,0.0,0.0,87.89,0.0,200.0,270.0,0.0
2024-05-16,53,21:15,0.0,0.0,0.0,87.89,0.0,200.0,270.0,0.0
2024-05-16,54,21:30,0.0,0.0,0.0,87.89,0.0,200.0,270.0,0.0
2024-05-16,55,21:45,0.0,0.0,0.0,87.89,0.0,200.0,140.0,130.0
2024-05-17,0,08:00,0.0,0.0,0.0,94.71,0.0,200.0,140.0,0.0
2024-05-17,1,08:15,0.0,0.0,0.0,94.71,0.0,200.0,140.0,0.0
2024-05-17,2,08:30,0.0,0.0,0.0,94.71,0.0,200.0,140.0,0.0
2024-05-17,3,08:45,0.0,0.0,0.0,94.71,0.0,200.0,140.0,0.0
2024-05-17,4,09:00,0.0,0.0,0.0,73.9,0.0,200.0,140.0,0.0
2024-05-17,5,09:15,0.0,0.0,0.0,73.9,0.0,200.0,140.0,0.0
2024-05-17,6,09:30,0.0,0.0,0.0,73.9,0.0,200.0,140.0,0.0
2024-05-17,7,09:45,0.0,0.0,0.0,73.9,0.0,200.0,140.0,0.0
2024-05-17,8,10:00,0.0,0.0,0.0,64.46,0.0,200.0,140.0,0.0
2024-05-17,9,10:15,0.0,0.0,0.0,64.46,0.0,200.0,140.0,0.0
2024-05-17,10,10:30,0.0,0.0,0.0,64.46,0.0,200.0,140.0,0.0
2024-05-17,11,10:45,0.0,0.0,0.0,64.46,0.0,200.0,140.0,0.0
2024-05-17,12,11:00,0.0,0.0,0.0,57.41,0.0,200.0,140.0,0.0
2024-05-17,13,11:15,0.0,0.0,0.0,57.41,0.0,200.0,140.0,0.0
2024-05-17,14,11:30,0.0,0.0,0.0,57.41,0.0,200.0,140.0,0.0
2024-05-17,15,11:45,0.0,9.5021,9.5021,57.41,0.136379,160.0,140.0,0.0
2024-05-17,16,12:00,0.0,17.0147,17.0147,38.11,0.162107,160.0,140.0,0.0
2024-05-17,17,12:15,0.0,17.1381,17.1381,38.11,0.163283,160.0,140.0,0.0
2024-05-17,18,12:30,0.0,16.0793,16.0793,38.11,0.153195,160.0,140.0,0.0
2024-05-17,19,12:45,1.3266,3.2115,4.5381,38.11,0.043237,160.0,140.0,0.0
2024-05-17,20,13:00,4.184,9.5021,13.6861,28.24,0.096624,120.0,180.0,0.0
2024-05-17,21,13:15,5.1593,17.0147,22.174,28.24,0.156549,120.0,180.0,0.0
2024-05-17,22,13:30,4.2588,17.1381,21.3969,28.24,0.151062,120.0,180.0,0.0
2024-05-17,23,13:45,5.404,16.0793,21.4833,28.24,0.151672,120.0,180.0,0.0
2024-05-17,24,14:00,4.491,3.2115,7.7025,31.6,0.06085,120.0,180.0,0.0
2024-05-17,25,14:15,5.1252,9.5021,14.6273,31.6,0.115556,80.0,220.0,0.0
2024-05-17,26,14:30,3.0543,17.0147,20.069,31.6,0.158545,80.0,220.0,0.0
2024-05-17,27,14:45,5.093,17.1381,22.2311,31.6,0.175626,80.0,220.0,0.0
2024-05-17,28,15:00,3.6006,16.0793,19.6799,37.5,0.184499,80.0,100.0,120.0
2024-05-17,29,15:15,4.9802,3.2115,8.1917,37.5,0.076797,80.0,100.0,0.0
2024-05-17,30,15:30,4.3843,9.5021,13.8864,37.5,0.130185,40.0,140.0,0.0
2024-05-17,31,15:45,1.5369,17.0147,18.5516,37.5,0.173921,40.0,140.0,0.0
2024-05-17,32,16:00,0.0,17.1381,17.1381,52.09,0.223181,140.0,140.0,0.0
2024-05-17,33,16:15,0.0,16.0793,16.0793,52.09,0.209392,140.0,140.0,0.0
2024-05-17,34,16:30,0.0,3.2115,3.2115,52.09,0.041822,140.0,140.0,0.0
2024-05-17,35,16:45,0.0,0.0,0.0,52.09,0.0,140.0,180.0,0.0
2024-05-17,36,17:00,0.0,0.0,0.0,70.54,0.0,140.0,180.0,0.0
2024-05-17,37,17:15,0.0,0.0,0.0,70.54,0.0,140.0,180.0,0.0
2024-05-17,38,17:30,0.0,0.0,0.0,70.54,0.0,140.0,180.0,0.0
2024-05-17,39,17:45,0.0,0.0,0.0,70.54,0.0,140.0,180.0,0.0
2024-05-17,40,18:00,0.0,0.0,0.0,69.88,0.0,140.0,180.0,0.0
2024-05-17,41,18:15,0.0,0.0,0.0,69.88,0.0,140.0,180.0,0.0
2024-05-17,42,18:30,0.0,0.0,0.0,69.88,0.0,140.0,180.0,0.0
2024-05-17,43,18:45,0.0,0.0,0.0,69.88,0.0,140.0,180.0,0.0
2024-05-17,44,19:00,0.0,0.0,0.0,94.95,0.0,140.0,180.0,0.0
2024-05-17,45,19:15,0.0,0.0,0.0,94.95,0.0,140.0,180.0,0.0
2024-05-17,46,19:30,0.0,0.0,0.0,94.95,0.0,140.0,180.0,0.0
2024-05-17,47,19:45,0.0,0.0,0.0,94.95,0.0,140.0,180.0,0.0
2024-05-17,48,20:00,0.0,0.0,0.0,107.94,0.0,140.0,180.0,0.0
2024-05-17,49,20:15,0.0,0.0,0.0,107.94,0.0,140.0,180.0,0.0
2024-05-17,50,20:30,0.0,0.0,0.0,107.94,0.0,140.0,180.0,0.0
2024-05-17,51,20:45,0.0,0.0,0.0,107.94,0.0,140.0,180.0,0.0
2024-05-17,52,21:00,0.0,0.0,0.0,95.22,0.0,140.0,180.0,0.0
2024-05-17,53,21:15,0.0,0.0,0.0,95.22,0.0,140.0,180.0,0.0
2024-05-17,54,21:30,0.0,0.0,0.0,95.22,0.0,140.0,180.0,0.0
2024-05-17,55,21:45,0.0,0.0,0.0,95.22,0.0,140.0,0.0,180.0
2024-05-21,0,08:00,0.0,0.0,0.0,97.35,0.0,140.0,0.0,0.0
2024-05-21,1,08:15,0.0,0.0,0.0,97.35,0.0,140.0,0.0,0.0
2024-05-21,2,08:30,0.0,0.0,0.0,97.35,0.0,140.0,0.0,0.0
2024-05-21,3,08:45,0.0,0.0,0.0,97.35,0.0,140.0,0.0,0.0
2024-05-21,4,09:00,0.0,0.0,0.0,81.86,0.0,140.0,0.0,0.0
2024-05-21,5,09:15,0.0,0.0,0.0,81.86,0.0,140.0,0.0,0.0
2024-05-21,6,09:30,0.0,0.0,0.0,81.86,0.0,140.0,0.0,0.0
2024-05-21,7,09:45,0.0,0.0,0.0,81.86,0.0,140.0,0.0,0.0
2024-05-21,8,10:00,0.0,0.0,0.0,66.98,0.0,140.0,0.0,0.0
2024-05-21,9,10:15,1.8638,0.0,1.8638,66.98,0.03121,140.0,0.0,0.0
2024-05-21,10,10:30,6.7293,9.5021,16.2314,66.98,0.271794,100.0,0.0,0.0
2024-05-21,11,10:45,5.9956,17.0147,23.0103,66.98,0.385307,100.0,0.0,0.0
2024-05-21,12,11:00,7.1179,17.1381,24.256,54.42,0.330003,100.0,0.0,0.0
2024-05-21,13,11:15,6.1091,16.0793,22.1884,54.42,0.301873,100.0,0.0,0.0
2024-05-21,14,11:30,5.6324,3.2115,8.8439,54.42,0.120322,100.0,0.0,0.0
2024-05-21,15,11:45,5.8458,9.5021,15.3479,54.42,0.208808,60.0,40.0,0.0
2024-05-21,16,12:00,5.1816,17.0147,22.1962,28.47,0.157982,60.0,40.0,0.0
2024-05-21,17,12:15,6.7301,17.1381,23.8682,28.47,0.169882,60.0,40.0,0.0
2024-05-21,18,12:30,3.9878,16.0793,20.0671,28.47,0.142827,60.0,40.0,0.0
2024-05-21,19,12:45,1.8638,3.2115,5.0753,28.47,0.036124,160.0,40.0,0.0
2024-05-21,20,13:00,6.7293,9.5021,16.2314,31.34,0.127173,120.0,80.0,0.0
2024-05-21,21,13:15,5.9956,17.0147,23.0103,31.34,0.180285,120.0,80.0,0.0
2024-05-21,22,13:30,7.1179,17.1381,24.256,31.34,0.190046,120.0,80.0,0.0
2024-05-21,23,13:45,6.1091,16.0793,22.1884,31.34,0.173846,120.0,80.0,0.0
2024-05-21,24,14:00,5.6324,3.2115,8.8439,54.09,0.119592,120.0,80.0,0.0
2024-05-21,25,14:15,5.8458,9.5021,15.3479,54.09,0.207542,80.0,120.0,0.0
2024-05-21,26,14:30,5.1816,17.0147,22.1962,54.09,0.300149,80.0,120.0,0.0
2024-05-21,27,14:45,6.7301,17.1381,23.8682,54.09,0.322758,80.0,120.0,0.0
2024-05-21,28,15:00,3.9878,16.0793,20.0671,69.65,0.349418,80.0,20.0,100.0
2024-05-21,29,15:15,0.0,3.2115,3.2115,69.65,0.05592,180.0,20.0,0.0
2024-05-21,30,15:30,0.0,0.0,0.0,69.65,0.0,180.0,60.0,0.0
2024-05-21,31,15:45,0.0,0.0,0.0,69.65,0.0,180.0,60.0,0.0
2024-05-21,32,16:00,0.0,0.0,0.0,79.61,0.0,180.0,60.0,0.0
2024-05-21,33,16:15,0.0,0.0,0.0,79.61,0.0,180.0,60.0,0.0
2024-05-21,34,16:30,0.0,0.0,0.0,79.61,0.0,180.0,60.0,0.0
2024-05-21,35,16:45,0.0,0.0,0.0,79.61,0.0,180.0,60.0,0.0
2024-05-21,36,17:00,0.0,0.0,0.0,87.98,0.0,180.0,60.0,0.0
2024-05-21,37,17:15,0.0,0.0,0.0,87.98,0.0,180.0,60.0,0.0
2024-05-21,38,17:30,0.0,0.0,0.0,87.98,0.0,180.0,60.0,0.0
2024-05-21,39,17:45,0.0,0.0,0.0,87.98,0.0,180.0,60.0,0.0
2024-05-21,40,18:00,0.0,0.0,0.0,103.44,0.0,180.0,60.0,0.0
2024-05-21,41,18:15,0.0,0.0,0.0,103.44,0.0,180.0,60.0,0.0
2024-05-21,42,18:30,0.0,0.0,0.0,103.44,0.0,180.0,60.0,0.0
2024-05-21,43,18:45,0.0,0.0,0.0,103.44,0.0,180.0,60.0,0.0
2024-05-21,44,19:00,0.0,0.0,0.0,126.98,0.0,180.0,60.0,0.0
2024-05-21,45,19:15,0.0,0.0,0.0,126.98,0.0,180.0,60.0,0.0
2024-05-21,46,19:30,0.0,0.0,0.0,126.98,0.0,180.0,60.0,0.0
2024-05-21,47,19:45,0.0,0.0,0.0,126.98,0.0,180.0,60.0,0.0
2024-05-21,48,20:00,0.0,0.0,0.0,99.07,0.0,180.0,60.0,0.0
2024-05-21,49,20:15,0.0,0.0,0.0,99.07,0.0,180.0,60.0,0.0
2024-05-21,50,20:30,0.0,0.0,0.0,99.07,0.0,180.0,60.0,0.0
2024-05-21,51,20:45,0.0,0.0,0.0,99.07,0.0,180.0,60.0,0.0
2024-05-21,52,21:00,0.0,0.0,0.0,83.58,0.0,180.0,60.0,0.0
2024-05-21,53,21:15,0.0,0.0,0.0,83.58,0.0,180.0,60.0,0.0
2024-05-21,54,21:30,0.0,0.0,0.0,83.58,0.0,180.0,60.0,0.0
2024-05-21,55,21:45,0.0,0.0,0.0,83.58,0.0,180.0,60.0,0.0
2024-05-22,0,08:00,0.0,0.0,0.0,94.98,0.0,180.0,60.0,0.0
2024-05-22,1,08:15,0.0,0.0,0.0,94.98,0.0,180.0,60.0,0.0
2024-05-22,2,08:30,0.0,0.0,0.0,94.98,0.0,180.0,60.0,0.0
2024-05-22,3,08:45,0.0,0.0,0.0,94.98,0.0,180.0,60.0,0.0
2024-05-22,4,09:00,0.0,0.0,0.0,81.21,0.0,180.0,60.0,0.0
2024-05-22,5,09:15,0.0,0.0,0.0,81.21,0.0,180.0,60.0,0.0
2024-05-22,6,09:30,0.0,0.0,0.0,81.21,0.0,180.0,60.0,0.0
2024-05-22,7,09:45,0.0,0.0,0.0,81.21,0.0,180.0,60.0,0.0
2024-05-22,8,10:00,0.0,0.0,0.0,70.0,0.0,180.0,60.0,0.0
2024-05-22,9,10:15,0.0,9.5021,9.5021,70.0,0.166287,140.0,60.0,0.0
2024-05-22,10,10:30,0.0,17.0147,17.0147,70.0,0.297757,140.0,60.0,0.0
2024-05-22,11,10:45,0.0,17.1381,17.1381,70.0,0.299917,140.0,60.0,0.0
2024-05-22,12,11:00,0.0,16.0793,16.0793,69.78,0.280503,140.0,60.0,0.0
2024-05-22,13,11:15,0.0,3.2115,3.2115,69.78,0.056024,140.0,60.0,0.0
2024-05-22,14,11:30,0.0,9.5021,9.5021,69.78,0.165764,100.0,100.0,0.0
2024-05-22,15,11:45,0.0,17.0147,17.0147,69.78,0.296821,100.0,100.0,0.0
2024-05-22,16,12:00,1.3266,17.1381,18.4647,65.65,0.303052,100.0,100.0,0.0
2024-05-22,17,12:15,4.184,16.0793,20.2632,65.65,0.332571,100.0,100.0,0.0
2024-05-22,18,12:30,5.1593,3.2115,8.3708,65.65,0.137386,100.0,100.0,0.0
2024-05-22,19,12:45,4.2588,9.5021,13.7609,65.65,0.225851,60.0,140.0,0.0
2024-05-22,20,13:00,5.404,17.0147,22.4187,56.91,0.318962,60.0,140.0,0.0
2024-05-22,21,13:15,4.491,17.1381,21.6291,56.91,0.307729,60.0,140.0,0.0
2024-05-22,22,13:30,5.1252,16.0793,21.2045,56.91,0.301687,60.0,140.0,0.0
2024-05-22,23,13:45,3.0543,3.2115,6.2658,56.91,0.089147,60.0,140.0,0.0
2024-05-22,24,14:00,5.093,9.5021,14.5951,56.14,0.204842,20.0,180.0,0.0
2024-05-22,25,14:15,3.6006,17.0147,20.6153,56.14,0.289336,20.0,180.0,0.0
2024-05-22,26,14:30,4.9802,17.1381,22.1183,56.14,0.310431,20.0,180.0,0.0
2024-05-22,27,14:45,4.3843,16.0793,20.4636,56.14,0.287207,20.0,180.0,0.0
2024-05-22,28,15:00,1.5369,3.2115,4.7484,67.17,0.079737,20.0,30.0,150.0
2024-05-22,29,15:15,0.0,9.5021,9.5021,67.17,0.159564,80.0,70.0,0.0
2024-05-22,30,15:30,0.0,17.0147,17.0147,67.17,0.285719,80.0,70.0,0.0
2024-05-22,31,15:45,0.0,17.1381,17.1381,67.17,0.287791,80.0,70.0,0.0
2024-05-22,32,16:00,0.0,16.0793,16.0793,77.61,0.311978,80.0,70.0,0.0
2024-05-22,33,16:15,0.0,3.2115,3.2115,77.61,0.062311,80.0,70.0,0.0
2024-05-22,34,16:30,0.0,0.0,0.0,77.61,0.0,80.0,110.0,0.0
2024-05-22,35,16:45,0.0,0.0,0.0,77.61,0.0,80.0,110.0,0.0
2024-05-22,36,17:00,0.0,0.0,0.0,92.45,0.0,80.0,110.0,0.0
2024-05-22,37,17:15,0.0,0.0,0.0,92.45,0.0,80.0,110.0,0.0
2024-05-22,38,17:30,0.0,0.0,0.0,92.45,0.0,80.0,110.0,0.0
2024-05-22,39,17:45,0.0,0.0,0.0,92.45,0.0,80.0,110.0,0.0
2024-05-22,40,18:00,0.0,0.0,0.0,99.98,0.0,80.0,110.0,0.0
2024-05-22,41,18:15,0.0,0.0,0.0,99.98,0.0,80.0,110.0,0.0
2024-05-22,42,18:30,0.0,0.0,0.0,99.98,0.0,80.0,110.0,0.0
2024-05-22,43,18:45,0.0,0.0,0.0,99.98,0.0,80.0,110.0,0.0
2024-05-22,44,19:00,0.0,0.0,0.0,147.02,0.0,80.0,110.0,0.0
2024-05-22,45,19:15,0.0,0.0,0.0,147.02,0.0,80.0,110.0,0.0
2024-05-22,46,19:30,0.0,0.0,0.0,147.02,0.0,80.0,110.0,0.0
2024-05-22,47,19:45,0.0,0.0,0.0,147.02,0.0,80.0,110.0,0.0
2024-05-22,48,20:00,0.0,0.0,0.0,154.88,0.0,80.0,110.0,0.0
2024-05-22,49,20:15,0.0,0.0,0.0,154.88,0.0,80.0,110.0,0.0
2024-05-22,50,20:30,0.0,0.0,0.0,154.88,0.0,80.0,110.0,0.0
2024-05-22,51,20:45,0.0,0.0,0.0,154.88,0.0,80.0,110.0,0.0
2024-05-22,52,21:00,0.0,0.0,0.0,135.99,0.0,80.0,110.0,0.0
2024-05-22,53,21:15,0.0,0.0,0.0,135.99,0.0,80.0,110.0,0.0
2024-05-22,54,21:30,0.0,0.0,0.0,135.99,0.0,80.0,110.0,0.0
2024-05-22,55,21:45,0.0,0.0,0.0,135.99,0.0,80.0,10.0,100.0
2024-05-23,0,08:00,0.0,0.0,0.0,97.84,0.0,80.0,10.0,0.0
2024-05-23,1,08:15,0.0,0.0,0.0,97.84,0.0,80.0,10.0,0.0
2024-05-23,2,08:30,0.0,0.0,0.0,97.84,0.0,80.0,10.0,0.0
2024-05-23,3,08:45,0.0,0.0,0.0,97.84,0.0,80.0,10.0,0.0
2024-05-23,4,09:00,1.8638,9.5021,11.3659,75.65,0.214958,40.0,10.0,0.0
2024-05-23,5,09:15,6.7293,17.0147,23.744,75.65,0.449058,40.0,10.0,0.0
2024-05-23,6,09:30,5.9956,17.1381,23.1337,75.65,0.437516,40.0,10.0,0.0
2024-05-23,7,09:45,7.1179,16.0793,23.1972,75.65,0.438717,40.0,10.0,0.0
2024-05-23,8,10:00,6.1091,3.2115,9.3206,74.89,0.174504,40.0,10.0,0.0
2024-05-23,9,10:15,5.6324,9.5021,15.1345,74.89,0.283356,0.0,50.0,0.0
2024-05-23,10,10:30,5.8458,17.0147,22.8605,74.89,0.428005,0.0,50.0,0.0
2024-05-23,11,10:45,5.1816,17.1381,22.3197,74.89,0.41788,0.0,50.0,0.0
2024-05-23,12,11:00,6.7301,16.0793,22.8094,64.1,0.36552,0.0,50.0,0.0
2024-05-23,13,11:15,3.9878,3.2115,7.1993,64.1,0.115369,0.0,50.0,0.0
2024-05-23,14,11:30,1.8638,9.5021,11.3659,64.1,0.182139,60.0,90.0,0.0
2024-05-23,15,11:45,6.7293,17.0147,23.744,64.1,0.380497,60.0,90.0,0.0
2024-05-23,16,12:00,5.9956,17.1381,23.1337,52.5,0.30363,60.0,90.0,0.0
2024-05-23,17,12:15,7.1179,16.0793,23.1972,52.5,0.304463,60.0,90.0,0.0
2024-05-23,18,12:30,6.1091,3.2115,9.3206,52.5,0.122332,60.0,90.0,0.0
2024-05-23,19,12:45,5.6324,9.5021,15.1345,52.5,0.198641,20.0,130.0,0.0
2024-05-23,20,13:00,5.8458,17.0147,22.8605,45.31,0.258952,20.0,130.0,0.0
2024-05-23,21,13:15,5.1816,17.1381,22.3197,45.31,0.252826,20.0,130.0,0.0
2024-05-23,22,13:30,6.7301,16.0793,22.8094,45.31,0.258373,20.0,130.0,0.0
2024-05-23,23,13:45,3.9878,3.2115,7.1993,45.31,0.08155,20.0,130.0,0.0
2024-05-23,24,14:00,1.8638,9.5021,11.3659,56.98,0.161908,80.0,170.0,0.0
2024-05-23,25,14:15,6.7293,17.0147,23.744,56.98,0.338233,80.0,170.0,0.0
2024-05-23,26,14:30,5.9956,17.1381,23.1337,56.98,0.329539,80.0,170.0,0.0
2024-05-23,27,14:45,7.1179,16.0793,23.1972,56.98,0.330444,80.0,170.0,0.0
2024-05-23,28,15:00,6.1091,3.2115,9.3206,71.4,0.166372,80.0,50.0,120.0
2024-05-23,29,15:15,5.6324,9.5021,15.1345,71.4,0.270152,40.0,90.0,0.0
2024-05-23,30,15:30,5.8458,17.0147,22.8605,71.4,0.40806,40.0,90.0,0.0
2024-05-23,31,15:45,5.1816,17.1381,22.3197,71.4,0.398406,40.0,90.0,0.0
2024-05-23,32,16:00,6.7301,16.0793,22.8094,83.77,0.477685,40.0,90.0,0.0
2024-05-23,33,16:15,3.9878,3.2115,7.1993,83.77,0.150771,40.0,90.0,0.0
2024-05-23,34,16:30,0.0,0.0,0.0,83.77,0.0,140.0,130.0,0.0
2024-05-23,35,16:45,0.0,0.0,0.0,83.77,0.0,140.0,130.0,0.0
2024-05-23,36,17:00,0.0,0.0,0.0,96.64,0.0,140.0,130.0,0.0
2024-05-23,37,17:15,0.0,0.0,0.0,96.64,0.0,140.0,130.0,0.0
2024-05-23,38,17:30,0.0,0.0,0.0,96.64,0.0,140.0,130.0,0.0
2024-05-23,39,17:45,0.0,0.0,0.0,96.64,0.0,140.0,130.0,0.0
2024-05-23,40,18:00,0.0,0.0,0.0,111.49,0.0,140.0,130.0,0.0
2024-05-23,41,18:15,0.0,0.0,0.0,111.49,0.0,140.0,130.0,0.0
2024-05-23,42,18:30,0.0,0.0,0.0,111.49,0.0,140.0,130.0,0.0
2024-05-23,43,18:45,0.0,0.0,0.0,111.49,0.0,140.0,130.0,0.0
2024-05-23,44,19:00,0.0,0.0,0.0,156.28,0.0,140.0,130.0,0.0
2024-05-23,45,19:15,0.0,0.0,0.0,156.28,0.0,140.0,130.0,0.0
2024-05-23,46,19:30,0.0,0.0,0.0,156.28,0.0,140.0,130.0,0.0
2024-05-23,47,19:45,0.0,0.0,0.0,156.28,0.0,140.0,130.0,0.0
2024-05-23,48,20:00,0.0,0.0,0.0,180.06,0.0,140.0,130.0,0.0
2024-05-23,49,20:15,0.0,0.0,0.0,180.06,0.0,140.0,130.0,0.0
2024-05-23,50,20:30,0.0,0.0,0.0,180.06,0.0,140.0,130.0,0.0
2024-05-23,51,20:45,0.0,0.0,0.0,180.06,0.0,140.0,130.0,0.0
2024-05-23,52,21:00,0.0,0.0,0.0,155.98,0.0,140.0,130.0,0.0
2024-05-23,53,21:15,0.0,0.0,0.0,155.98,0.0,140.0,130.0,0.0
2024-05-23,54,21:30,0.0,0.0,0.0,155.98,0.0,140.0,130.0,0.0
2024-05-23,55,21:45,0.0,0.0,0.0,155.98,0.0,140.0,130.0,0.0
2024-05-24,0,08:00,0.0,0.0,0.0,115.9,0.0,140.0,130.0,0.0
2024-05-24,1,08:15,0.0,0.0,0.0,115.9,0.0,140.0,130.0,0.0
2024-05-24,2,08:30,0.0,0.0,0.0,115.9,0.0,140.0,130.0,0.0
2024-05-24,3,08:45,0.0,0.0,0.0,115.9,0.0,140.0,130.0,0.0
2024-05-24,4,09:00,0.0,0.0,0.0,106.1,0.0,140.0,130.0,0.0
2024-05-24,5,09:15,0.0,0.0,0.0,106.1,0.0,140.0,130.0,0.0
2024-05-24,6,09:30,0.0,0.0,0.0,106.1,0.0,140.0,130.0,0.0
2024-05-24,7,09:45,0.0,0.0,0.0,106.1,0.0,140.0,130.0,0.0
2024-05-24,8,10:00,0.0,0.0,0.0,96.16,0.0,140.0,130.0,0.0
2024-05-24,9,10:15,0.0,0.0,0.0,96.16,0.0,140.0,130.0,0.0
2024-05-24,10,10:30,0.0,0.0,0.0,96.16,0.0,140.0,130.0,0.0
2024-05-24,11,10:45,0.0,0.0,0.0,96.16,0.0,140.0,130.0,0.0
2024-05-24,12,11:00,0.0,0.0,0.0,90.07,0.0,140.0,130.0,0.0
2024-05-24,13,11:15,0.0,0.0,0.0,90.07,0.0,140.0,130.0,0.0
2024-05-24,14,11:30,0.0,0.0,0.0,90.07,0.0,140.0,130.0,0.0
2024-05-24,15,11:45,0.0,0.0,0.0,90.07,0.0,140.0,130.0,0.0
2024-05-24,16,12:00,0.0,0.0,0.0,88.98,0.0,140.0,130.0,0.0
2024-05-24,17,12:15,0.0,9.5021,9.5021,88.98,0.211374,100.0,130.0,0.0
2024-05-24,18,12:30,0.0,17.0147,17.0147,88.98,0.378491,100.0,130.0,0.0
2024-05-24,19,12:45,1.3266,17.1381,18.4647,88.98,0.410748,100.0,130.0,0.0
2024-05-24,20,13:00,4.184,16.0793,20.2632,87.74,0.444474,100.0,130.0,0.0
2024-05-24,21,13:15,5.1593,3.2115,8.3708,87.74,0.183614,100.0,130.0,0.0
2024-05-24,22,13:30,4.2588,9.5021,13.7609,87.74,0.301846,60.0,170.0,0.0
2024-05-24,23,13:45,5.404,17.0147,22.4187,87.74,0.491754,60.0,170.0,0.0
2024-05-24,24,14:00,4.491,17.1381,21.6291,88.12,0.47649,60.0,170.0,0.0
2024-05-24,25,14:15,5.1252,16.0793,21.2045,88.12,0.467134,60.0,170.0,0.0
2024-05-24,26,14:30,3.0543,3.2115,6.2658,88.12,0.138036,60.0,170.0,0.0
2024-05-24,27,14:45,5.093,9.5021,14.5951,88.12,0.32153,20.0,210.0,0.0
2024-05-24,28,15:00,3.6006,17.0147,20.6153,88.18,0.454465,20.0,70.0,140.0
2024-05-24,29,15:15,4.9802,17.1381,22.1183,88.18,0.487599,20.0,70.0,0.0
2024-05-24,30,15:30,4.3843,16.0793,20.4636,88.18,0.451121,20.0,70.0,0.0
2024-05-24,31,15:45,1.5369,3.2115,4.7484,88.18,0.104678,20.0,70.0,0.0
2024-05-24,32,16:00,0.0,9.5021,9.5021,84.27,0.200185,80.0,110.0,0.0
2024-05-24,33,16:15,0.0,17.0147,17.0147,84.27,0.358457,80.0,110.0,0.0
2024-05-24,34,16:30,0.0,17.1381,17.1381,84.27,0.361057,80.0,110.0,0.0
2024-05-24,35,16:45,0.0,16.0793,16.0793,84.27,0.33875,80.0,110.0,0.0
2024-05-24,36,17:00,0.0,3.2115,3.2115,98.79,0.079316,80.0,110.0,0.0
2024-05-24,37,17:15,0.0,0.0,0.0,98.79,0.0,80.0,150.0,0.0
2024-05-24,38,17:30,0.0,0.0,0.0,98.79,0.0,80.0,150.0,0.0
2024-05-24,39,17:45,0.0,0.0,0.0,98.79,0.0,80.0,150.0,0.0
2024-05-24,40,18:00,0.0,0.0,0.0,111.77,0.0,80.0,150.0,0.0
2024-05-24,41,18:15,0.0,0.0,0.0,111.77,0.0,80.0,150.0,0.0
2024-05-24,42,18:30,0.0,0.0,0.0,111.77,0.0,80.0,150.0,0.0
2024-05-24,43,18:45,0.0,0.0,0.0,111.77,0.0,80.0,150.0,0.0
2024-05-24,44,19:00,0.0,0.0,0.0,129.99,0.0,80.0,150.0,0.0
2024-05-24,45,19:15,0.0,0.0,0.0,129.99,0.0,80.0,150.0,0.0
2024-05-24,46,19:30,0.0,0.0,0.0,129.99,0.0,80.0,150.0,0.0
2024-05-24,47,19:45,0.0,0.0,0.0,129.99,0.0,80.0,150.0,0.0
2024-05-24,48,20:00,0.0,0.0,0.0,125.0,0.0,80.0,150.0,0.0
2024-05-24,49,20:15,0.0,0.0,0.0,125.0,0.0,80.0,150.0,0.0
2024-05-24,50,20:30,0.0,0.0,0.0,125.0,0.0,80.0,150.0,0.0
2024-05-24,51,20:45,0.0,0.0,0.0,125.0,0.0,80.0,150.0,0.0
2024-05-24,52,21:00,0.0,0.0,0.0,115.84,0.0,80.0,150.0,0.0
2024-05-24,53,21:15,0.0,0.0,0.0,115.84,0.0,80.0,150.0,0.0
2024-05-24,54,21:30,0.0,0.0,0.0,115.84,0.0,80.0,150.0,0.0
2024-05-24,55,21:45,0.0,0.0,0.0,115.84,0.0,80.0,30.0,120.0
2024-05-27,0,08:00,0.0,0.0,0.0,124.55,0.0,80.0,30.0,0.0
2024-05-27,1,08:15,0.0,0.0,0.0,124.55,0.0,80.0,30.0,0.0
2024-05-27,2,08:30,0.0,0.0,0.0,124.55,0.0,80.0,30.0,0.0
2024-05-27,3,08:45,0.0,0.0,0.0,124.55,0.0,80.0,30.0,0.0
2024-05-27,4,09:00,0.0,0.0,0.0,107.22,0.0,80.0,30.0,0.0
2024-05-27,5,09:15,0.0,0.0,0.0,107.22,0.0,80.0,30.0,0.0
2024-05-27,6,09:30,0.0,0.0,0.0,107.22,0.0,80.0,30.0,0.0
2024-05-27,7,09:45,0.0,0.0,0.0,107.22,0.0,80.0,30.0,0.0
2024-05-27,8,10:00,0.0,0.0,0.0,88.44,0.0,80.0,30.0,0.0
2024-05-27,9,10:15,0.0,0.0,0.0,88.44,0.0,80.0,30.0,0.0
2024-05-27,10,10:30,0.0,0.0,0.0,88.44,0.0,80.0,30.0,0.0
2024-05-27,11,10:45,0.0,0.0,0.0,88.44,0.0,80.0,30.0,0.0
2024-05-27,12,11:00,1.3266,0.0,1.3266,86.26,0.028609,80.0,30.0,0.0
2024-05-27,13,11:15,4.184,0.0,4.184,86.26,0.090227,80.0,30.0,0.0
2024-05-27,14,11:30,5.1593,0.0,5.1593,86.26,0.111261,80.0,30.0,0.0
2024-05-27,15,11:45,4.2588,9.5021,13.7609,86.26,0.296755,40.0,30.0,0.0
2024-05-27,16,12:00,5.404,17.0147,22.4187,77.34,0.433466,40.0,30.0,0.0
2024-05-27,17,12:15,4.491,17.1381,21.6291,77.34,0.418199,40.0,30.0,0.0
2024-05-27,18,12:30,5.1252,16.0793,21.2045,77.34,0.409988,40.0,30.0,0.0
2024-05-27,19,12:45,3.0543,3.2115,6.2658,77.34,0.12115,40.0,30.0,0.0
2024-05-27,20,13:00,5.093,9.5021,14.5951,74.46,0.271688,0.0,70.0,0.0
2024-05-27,21,13:15,3.6006,17.0147,20.6153,74.46,0.383754,0.0,70.0,0.0
2024-05-27,22,13:30,4.9802,17.1381,22.1183,74.46,0.411733,0.0,70.0,0.0
2024-05-27,23,13:45,4.3843,16.0793,20.4636,74.46,0.38093,0.0,70.0,0.0
2024-05-27,24,14:00,1.5369,3.2115,4.7484,72.96,0.08661,0.0,70.0,0.0
2024-05-27,25,14:15,0.0,9.5021,9.5021,72.96,0.173318,60.0,110.0,0.0
2024-05-27,26,14:30,0.0,17.0147,17.0147,72.96,0.310348,60.0,110.0,0.0
2024-05-27,27,14:45,0.0,17.1381,17.1381,72.96,0.312599,60.0,110.0,0.0
2024-05-27,28,15:00,0.0,16.0793,16.0793,77.78,0.312662,60.0,30.0,80.0
2024-05-27,29,15:15,0.0,3.2115,3.2115,77.78,0.062447,60.0,30.0,0.0
2024-05-27,30,15:30,0.0,9.5021,9.5021,77.78,0.184768,20.0,70.0,0.0
2024-05-27,31,15:45,0.0,17.0147,17.0147,77.78,0.33085,20.0,70.0,0.0
2024-05-27,32,16:00,0.0,17.1381,17.1381,84.66,0.362728,20.0,70.0,0.0
2024-05-27,33,16:15,0.0,16.0793,16.0793,84.66,0.340318,20.0,70.0,0.0
2024-05-27,34,16:30,0.0,3.2115,3.2115,84.66,0.067971,20.0,70.0,0.0
2024-05-27,35,16:45,0.0,0.0,0.0,84.66,0.0,20.0,110.0,0.0
2024-05-27,36,17:00,0.0,0.0,0.0,111.04,0.0,20.0,110.0,0.0
2024-05-27,37,17:15,0.0,0.0,0.0,111.04,0.0,20.0,110.0,0.0
2024-05-27,38,17:30,0.0,0.0,0.0,111.04,0.0,20.0,110.0,0.0
2024-05-27,39,17:45,0.0,0.0,0.0,111.04,0.0,20.0,110.0,0.0
2024-05-27,40,18:00,0.0,0.0,0.0,131.4,0.0,20.0,110.0,0.0
2024-05-27,41,18:15,0.0,0.0,0.0,131.4,0.0,20.0,110.0,0.0
2024-05-27,42,18:30,0.0,0.0,0.0,131.4,0.0,20.0,110.0,0.0
2024-05-27,43,18:45,0.0,0.0,0.0,131.4,0.0,20.0,110.0,0.0
2024-05-27,44,19:00,0.0,0.0,0.0,186.68,0.0,20.0,110.0,0.0
2024-05-27,45,19:15,0.0,0.0,0.0,186.68,0.0,20.0,110.0,0.0
2024-05-27,46,19:30,0.0,0.0,0.0,186.68,0.0,20.0,110.0,0.0
2024-05-27,47,19:45,0.0,0.0,0.0,186.68,0.0,20.0,110.0,0.0
2024-05-27,48,20:00,0.0,0.0,0.0,221.46,0.0,20.0,110.0,0.0
2024-05-27,49,20:15,0.0,0.0,0.0,221.46,0.0,20.0,110.0,0.0
2024-05-27,50,20:30,0.0,0.0,0.0,221.46,0.0,20.0,110.0,0.0
2024-05-27,51,20:45,0.0,0.0,0.0,221.46,0.0,20.0,110.0,0.0
2024-05-27,52,21:00,0.0,0.0,0.0,169.86,0.0,20.0,110.0,0.0
2024-05-27,53,21:15,0.0,0.0,0.0,169.86,0.0,20.0,110.0,0.0
2024-05-27,54,21:30,0.0,0.0,0.0,169.86,0.0,20.0,110.0,0.0
2024-05-27,55,21:45,0.0,0.0,0.0,169.86,0.0,20.0,30.0,80.0
2024-05-28,0,08:00,0.0,0.0,0.0,102.23,0.0,20.0,30.0,0.0
2024-05-28,1,08:15,0.0,0.0,0.0,102.23,0.0,20.0,30.0,0.0
2024-05-28,2,08:30,0.0,0.0,0.0,102.23,0.0,20.0,30.0,0.0
2024-05-28,3,08:45,0.0,0.0,0.0,102.23,0.0,20.0,30.0,0.0
2024-05-28,4,09:00,0.0,0.0,0.0,85.43,0.0,20.0,30.0,0.0
2024-05-28,5,09:15,0.0,0.0,0.0,85.43,0.0,20.0,30.0,0.0
2024-05-28,6,09:30,0.0,0.0,0.0,85.43,0.0,20.0,30.0,0.0
2024-05-28,7,09:45,0.0,0.0,0.0,85.43,0.0,20.0,30.0,0.0
2024-05-28,8,10:00,1.8638,0.0,1.8638,72.52,0.033791,20.0,30.0,0.0
2024-05-28,9,10:15,6.7293,0.0,6.7293,72.52,0.122002,20.0,30.0,0.0
2024-05-28,10,10:30,5.9956,0.0,5.9956,72.52,0.1087,20.0,30.0,0.0
2024-05-28,11,10:45,7.1179,0.0,7.1179,72.52,0.129047,20.0,30.0,0.0
2024-05-28,12,11:00,6.1091,0.0,6.1091,69.17,0.105641,20.0,30.0,0.0
2024-05-28,13,11:15,5.6324,0.0,5.6324,69.17,0.097399,20.0,30.0,0.0
2024-05-28,14,11:30,5.8458,0.0,5.8458,69.17,0.101089,20.0,30.0,0.0
2024-05-28,15,11:45,5.1816,0.0,5.1816,69.17,0.089602,20.0,30.0,0.0
2024-05-28,16,12:00,6.7301,0.0,6.7301,61.1,0.102802,20.0,30.0,0.0
2024-05-28,17,12:15,3.9878,0.0,3.9878,61.1,0.060914,20.0,30.0,0.0
2024-05-28,18,12:30,1.3266,9.5021,10.8287,61.1,0.165409,80.0,30.0,0.0
2024-05-28,19,12:45,4.184,17.0147,21.1986,61.1,0.323809,80.0,30.0,0.0
2024-05-28,20,13:00,5.1593,17.1381,22.2974,55.25,0.307983,80.0,30.0,0.0
2024-05-28,21,13:15,4.2588,16.0793,20.3381,55.25,0.28092,80.0,30.0,0.0
2024-05-28,22,13:30,5.404,3.2115,8.6155,55.25,0.119002,80.0,30.0,0.0
2024-05-28,23,13:45,4.491,9.5021,13.9931,55.25,0.19328,40.0,70.0,0.0
2024-05-28,24,14:00,5.1252,17.0147,22.1399,55.27,0.305918,40.0,70.0,0.0
2024-05-28,25,14:15,3.0543,17.1381,20.1924,55.27,0.279009,40.0,70.0,0.0
2024-05-28,26,14:30,5.093,16.0793,21.1723,55.27,0.292548,40.0,70.0,0.0
2024-05-28,27,14:45,3.6006,3.2115,6.8121,55.27,0.094127,40.0,70.0,0.0
2024-05-28,28,15:00,4.9802,9.5021,14.4823,65.66,0.237728,0.0,10.0,100.0
2024-05-28,29,15:15,4.3843,17.0147,21.399,65.66,0.351265,0.0,10.0,0.0
2024-05-28,30,15:30,1.5369,17.1381,18.675,65.66,0.30655,0.0,10.0,0.0
2024-05-28,31,15:45,0.0,16.0793,16.0793,65.66,0.263941,100.0,10.0,0.0
2024-05-28,32,16:00,0.0,3.2115,3.2115,72.52,0.058224,100.0,10.0,0.0
2024-05-28,33,16:15,0.0,0.0,0.0,72.52,0.0,100.0,50.0,0.0
2024-05-28,34,16:30,0.0,0.0,0.0,72.52,0.0,100.0,50.0,0.0
2024-05-28,35,16:45,0.0,0.0,0.0,72.52,0.0,100.0,50.0,0.0
2024-05-28,36,17:00,0.0,0.0,0.0,85.8,0.0,100.0,50.0,0.0
2024-05-28,37,17:15,0.0,0.0,0.0,85.8,0.0,100.0,50.0,0.0
2024-05-28,38,17:30,0.0,0.0,0.0,85.8,0.0,100.0,50.0,0.0
2024-05-28,39,17:45,0.0,0.0,0.0,85.8,0.0,100.0,50.0,0.0
2024-05-28,40,18:00,0.0,0.0,0.0,102.28,0.0,100.0,50.0,0.0
2024-05-28,41,18:15,0.0,0.0,0.0,102.28,0.0,100.0,50.0,0.0
2024-05-28,42,18:30,0.0,0.0,0.0,102.28,0.0,100.0,50.0,0.0
2024-05-28,43,18:45,0.0,0.0,0.0,102.28,0.0,100.0,50.0,0.0
2024-05-28,44,19:00,0.0,0.0,0.0,130.05,0.0,100.0,50.0,0.0
2024-05-28,45,19:15,0.0,0.0,0.0,130.05,0.0,100.0,50.0,0.0
2024-05-28,46,19:30,0.0,0.0,0.0,130.05,0.0,100.0,50.0,0.0
2024-05-28,47,19:45,0.0,0.0,0.0,130.05,0.0,100.0,50.0,0.0
2024-05-28,48,20:00,0.0,0.0,0.0,144.31,0.0,100.0,50.0,0.0
2024-05-28,49,20:15,0.0,0.0,0.0,144.31,0.0,100.0,50.0,0.0
2024-05-28,50,20:30,0.0,0.0,0.0,144.31,0.0,100.0,50.0,0.0
2024-05-28,51,20:45,0.0,0.0,0.0,144.31,0.0,100.0,50.0,0.0
2024-05-28,52,21:00,0.0,0.0,0.0,124.0,0.0,100.0,50.0,0.0
2024-05-28,53,21:15,0.0,0.0,0.0,124.0,0.0,100.0,50.0,0.0
2024-05-28,54,21:30,0.0,0.0,0.0,124.0,0.0,100.0,50.0,0.0
2024-05-28,55,21:45,0.0,0.0,0.0,124.0,0.0,100.0,50.0,0.0
2024-05-29,0,08:00,0.0,0.0,0.0,91.52,0.0,100.0,50.0,0.0
2024-05-29,1,08:15,0.0,0.0,0.0,91.52,0.0,100.0,50.0,0.0
2024-05-29,2,08:30,0.0,0.0,0.0,91.52,0.0,100.0,50.0,0.0
2024-05-29,3,08:45,0.0,0.0,0.0,91.52,0.0,100.0,50.0,0.0
2024-05-29,4,09:00,1.8638,9.5021,11.3659,69.11,0.196375,60.0,50.0,0.0
2024-05-29,5,09:15,6.7293,17.0147,23.744,69.11,0.410236,60.0,50.0,0.0
2024-05-29,6,09:30,5.9956,17.1381,23.1337,69.11,0.399692,60.0,50.0,0.0
2024-05-29,7,09:45,7.1179,16.0793,23.1972,69.11,0.400789,60.0,50.0,0.0
2024-05-29,8,10:00,6.1091,3.2115,9.3206,67.85,0.1581,60.0,50.0,0.0
2024-05-29,9,10:15,5.6324,9.5021,15.1345,67.85,0.25672,20.0,90.0,0.0
2024-05-29,10,10:30,5.8458,17.0147,22.8605,67.85,0.387771,20.0,90.0,0.0
2024-05-29,11,10:45,5.1816,17.1381,22.3197,67.85,0.378597,20.0,90.0,0.0
2024-05-29,12,11:00,6.7301,16.0793,22.8094,62.12,0.35423,20.0,90.0,0.0
2024-05-29,13,11:15,3.9878,3.2115,7.1993,62.12,0.111805,20.0,90.0,0.0
2024-05-29,14,11:30,1.8638,9.5021,11.3659,62.12,0.176513,80.0,130.0,0.0
2024-05-29,15,11:45,6.7293,17.0147,23.744,62.12,0.368744,80.0,130.0,0.0
2024-05-29,16,12:00,5.9956,17.1381,23.1337,59.07,0.341627,80.0,130.0,0.0
2024-05-29,17,12:15,7.1179,16.0793,23.1972,59.07,0.342564,80.0,130.0,0.0
2024-05-29,18,12:30,6.1091,3.2115,9.3206,59.07,0.137641,80.0,130.0,0.0
2024-05-29,19,12:45,5.6324,9.5021,15.1345,59.07,0.223499,40.0,170.0,0.0
2024-05-29,20,13:00,5.8458,17.0147,22.8605,62.25,0.355766,40.0,170.0,0.0
2024-05-29,21,13:15,5.1816,17.1381,22.3197,62.25,0.34735,40.0,170.0,0.0
2024-05-29,22,13:30,6.7301,16.0793,22.8094,62.25,0.354971,40.0,170.0,0.0
2024-05-29,23,13:45,3.9878,3.2115,7.1993,62.25,0.112039,40.0,170.0,0.0
2024-05-29,24,14:00,1.3266,9.5021,10.8287,62.18,0.168333,100.0,210.0,0.0
2024-05-29,25,14:15,4.184,17.0147,21.1986,62.18,0.329533,100.0,210.0,0.0
2024-05-29,26,14:30,5.1593,17.1381,22.2974,62.18,0.346614,100.0,210.0,0.0
2024-05-29,27,14:45,4.2588,16.0793,20.3381,62.18,0.316156,100.0,210.0,0.0
2024-05-29,28,15:00,5.404,3.2115,8.6155,69.49,0.149673,100.0,150.0,60.0
2024-05-29,29,15:15,4.491,9.5021,13.9931,69.49,0.243096,60.0,190.0,0.0
2024-05-29,30,15:30,5.1252,17.0147,22.1399,69.49,0.384625,60.0,190.0,0.0
2024-05-29,31,15:45,3.0543,17.1381,20.1924,69.49,0.350793,60.0,190.0,0.0
2024-05-29,32,16:00,5.093,16.0793,21.1723,72.67,0.384647,60.0,190.0,0.0
2024-05-29,33,16:15,3.6006,3.2115,6.8121,72.67,0.123759,60.0,190.0,0.0
2024-05-29,34,16:30,4.9802,0.0,4.9802,72.67,0.090479,60.0,230.0,0.0
2024-05-29,35,16:45,4.3843,0.0,4.3843,72.67,0.079653,60.0,230.0,0.0
2024-05-29,36,17:00,1.5369,0.0,1.5369,89.23,0.034284,60.0,230.0,0.0
2024-05-29,37,17:15,0.0,0.0,0.0,89.23,0.0,160.0,230.0,0.0
2024-05-29,38,17:30,0.0,0.0,0.0,89.23,0.0,160.0,230.0,0.0
2024-05-29,39,17:45,0.0,0.0,0.0,89.23,0.0,160.0,230.0,0.0
2024-05-29,40,18:00,0.0,0.0,0.0,94.66,0.0,160.0,230.0,0.0
2024-05-29,41,18:15,0.0,0.0,0.0,94.66,0.0,160.0,230.0,0.0
2024-05-29,42,18:30,0.0,0.0,0.0,94.66,0.0,160.0,230.0,0.0
2024-05-29,43,18:45,0.0,0.0,0.0,94.66,0.0,160.0,230.0,0.0
2024-05-29,44,19:00,0.0,0.0,0.0,111.44,0.0,160.0,230.0,0.0
2024-05-29,45,19:15,0.0,0.0,0.0,111.44,0.0,160.0,230.0,0.0
2024-05-29,46,19:30,0.0,0.0,0.0,111.44,0.0,160.0,230.0,0.0
2024-05-29,47,19:45,0.0,0.0,0.0,111.44,0.0,160.0,230.0,0.0
2024-05-29,48,20:00,0.0,0.0,0.0,140.5,0.0,160.0,230.0,0.0
2024-05-29,49,20:15,0.0,0.0,0.0,140.5,0.0,160.0,230.0,0.0
2024-05-29,50,20:30,0.0,0.0,0.0,140.5,0.0,160.0,230.0,0.0
2024-05-29,51,20:45,0.0,0.0,0.0,140.5,0.0,160.0,230.0,0.0
2024-05-29,52,21:00,0.0,0.0,0.0,143.26,0.0,160.0,230.0,0.0
2024-05-29,53,21:15,0.0,0.0,0.0,143.26,0.0,160.0,230.0,0.0
2024-05-29,54,21:30,0.0,0.0,0.0,143.26,0.0,160.0,230.0,0.0
2024-05-29,55,21:45,0.0,0.0,0.0,143.26,0.0,160.0,70.0,160.0
2024-05-31,0,08:00,0.0,0.0,0.0,108.72,0.0,160.0,70.0,0.0
2024-05-31,1,08:15,0.0,0.0,0.0,108.72,0.0,160.0,70.0,0.0
2024-05-31,2,08:30,0.0,0.0,0.0,108.72,0.0,160.0,70.0,0.0
2024-05-31,3,08:45,0.0,0.0,0.0,108.72,0.0,160.0,70.0,0.0
2024-05-31,4,09:00,0.0,0.0,0.0,102.36,0.0,160.0,70.0,0.0
2024-05-31,5,09:15,0.0,0.0,0.0,102.36,0.0,160.0,70.0,0.0
2024-05-31,6,09:30,0.0,0.0,0.0,102.36,0.0,160.0,70.0,0.0
2024-05-31,7,09:45,0.0,0.0,0.0,102.36,0.0,160.0,70.0,0.0
2024-05-31,8,10:00,0.0,0.0,0.0,91.97,0.0,160.0,70.0,0.0
2024-05-31,9,10:15,0.0,0.0,0.0,91.97,0.0,160.0,70.0,0.0
2024-05-31,10,10:30,0.0,0.0,0.0,91.97,0.0,160.0,70.0,0.0
2024-05-31,11,10:45,0.0,0.0,0.0,91.97,0.0,160.0,70.0,0.0
2024-05-31,12,11:00,1.3266,0.0,1.3266,82.02,0.027203,160.0,70.0,0.0
2024-05-31,13,11:15,4.184,9.5021,13.6861,82.02,0.280633,120.0,70.0,0.0
2024-05-31,14,11:30,5.1593,17.0147,22.174,82.02,0.454678,120.0,70.0,0.0
2024-05-31,15,11:45,4.2588,17.1381,21.3969,82.02,0.438744,120.0,70.0,0.0
2024-05-31,16,12:00,5.404,16.0793,21.4833,74.91,0.402329,120.0,70.0,0.0
2024-05-31,17,12:15,4.491,3.2115,7.7025,74.91,0.144249,120.0,70.0,0.0
2024-05-31,18,12:30,5.1252,9.5021,14.6273,74.91,0.273932,80.0,110.0,0.0
2024-05-31,19,12:45,3.0543,17.0147,20.069,74.91,0.375842,80.0,110.0,0.0
2024-05-31,20,13:00,5.093,17.1381,22.2311,68.5,0.380707,80.0,110.0,0.0
2024-05-31,21,13:15,3.6006,16.0793,19.6799,68.5,0.337019,80.0,110.0,0.0
2024-05-31,22,13:30,4.9802,3.2115,8.1917,68.5,0.140283,80.0,110.0,0.0
2024-05-31,23,13:45,4.3843,9.5021,13.8864,68.5,0.237805,40.0,150.0,0.0
2024-05-31,24,14:00,1.5369,17.0147,18.5516,65.3,0.302854,40.0,150.0,0.0
2024-05-31,25,14:15,1.3266,17.1381,18.4647,65.3,0.301437,140.0,150.0,0.0
2024-05-31,26,14:30,4.184,16.0793,20.2632,65.3,0.330798,140.0,150.0,0.0
2024-05-31,27,14:45,5.1593,3.2115,8.3708,65.3,0.136654,140.0,150.0,0.0
2024-05-31,28,15:00,4.2588,9.5021,13.7609,66.94,0.230289,100.0,190.0,0.0
2024-05-31,29,15:15,5.404,17.0147,22.4187,66.94,0.375177,100.0,190.0,0.0
2024-05-31,30,15:30,4.491,17.1381,21.6291,66.94,0.361964,100.0,190.0,0.0
2024-05-31,31,15:45,5.1252,16.0793,21.2045,66.94,0.354857,100.0,190.0,0.0
2024-05-31,32,16:00,3.0543,3.2115,6.2658,75.07,0.117594,100.0,190.0,0.0
2024-05-31,33,16:15,5.093,9.5021,14.5951,75.07,0.273913,60.0,230.0,0.0
2024-05-31,34,16:30,3.6006,17.0147,20.6153,75.07,0.386898,60.0,230.0,0.0
2024-05-31,35,16:45,4.9802,17.1381,22.1183,75.07,0.415106,60.0,230.0,0.0
2024-05-31,36,17:00,4.3843,16.0793,20.4636,84.1,0.430248,60.0,230.0,0.0
2024-05-31,37,17:15,1.5369,3.2115,4.7484,84.1,0.099835,60.0,230.0,0.0
2024-05-31,38,17:30,0.0,0.0,0.0,84.1,0.0,160.0,270.0,0.0
2024-05-31,39,17:45,0.0,0.0,0.0,84.1,0.0,160.0,270.0,0.0
2024-05-31,40,18:00,0.0,0.0,0.0,94.46,0.0,160.0,270.0,0.0
2024-05-31,41,18:15,0.0,0.0,0.0,94.46,0.0,160.0,270.0,0.0
2024-05-31,42,18:30,0.0,0.0,0.0,94.46,0.0,160.0,270.0,0.0
2024-05-31,43,18:45,0.0,0.0,0.0,94.46,0.0,160.0,270.0,0.0
2024-05-31,44,19:00,0.0,0.0,0.0,107.94,0.0,160.0,270.0,0.0
2024-05-31,45,19:15,0.0,0.0,0.0,107.94,0.0,160.0,270.0,0.0
2024-05-31,46,19:30,0.0,0.0,0.0,107.94,0.0,160.0,270.0,0.0
2024-05-31,47,19:45,0.0,0.0,0.0,107.94,0.0,160.0,270.0,0.0
2024-05-31,48,20:00,0.0,0.0,0.0,115.0,0.0,160.0,270.0,0.0
2024-05-31,49,20:15,0.0,0.0,0.0,115.0,0.0,160.0,270.0,0.0
2024-05-31,50,20:30,0.0,0.0,0.0,115.0,0.0,160.0,270.0,0.0
2024-05-31,51,20:45,0.0,0.0,0.0,115.0,0.0,160.0,270.0,0.0
2024-05-31,52,21:00,0.0,0.0,0.0,107.91,0.0,160.0,270.0,0.0
2024-05-31,53,21:15,0.0,0.0,0.0,107.91,0.0,160.0,270.0,0.0
2024-05-31,54,21:30,0.0,0.0,0.0,107.91,0.0,160.0,270.0,0.0
2024-05-31,55,21:45,0.0,0.0,0.0,107.91,0.0,160.0,90.0,180.0
2024-06-03,0,08:00,0.0,0.0,0.0,164.48,0.0,160.0,90.0,0.0
2024-06-03,1,08:15,0.0,0.0,0.0,164.48,0.0,160.0,90.0,0.0
2024-06-03,2,08:30,0.0,0.0,0.0,164.48,0.0,160.0,90.0,0.0
2024-06-03,3,08:45,0.0,0.0,0.0,164.48,0.0,160.0,90.0,0.0
2024-06-03,4,09:00,0.0,0.0,0.0,128.08,0.0,160.0,90.0,0.0
2024-06-03,5,09:15,0.0,0.0,0.0,128.08,0.0,160.0,90.0,0.0
2024-06-03,6,09:30,0.0,0.0,0.0,128.08,0.0,160.0,90.0,0.0
2024-06-03,7,09:45,0.0,0.0,0.0,128.08,0.0,160.0,90.0,0.0
2024-06-03,8,10:00,0.0,0.0,0.0,99.05,0.0,160.0,90.0,0.0
2024-06-03,9,10:15,0.0,0.0,0.0,99.05,0.0,160.0,90.0,0.0
2024-06-03,10,10:30,0.0,0.0,0.0,99.05,0.0,160.0,90.0,0.0
2024-06-03,11,10:45,0.0,0.0,0.0,99.05,0.0,160.0,90.0,0.0
2024-06-03,12,11:00,0.0,0.0,0.0,95.9,0.0,160.0,90.0,0.0
2024-06-03,13,11:15,0.0,0.0,0.0,95.9,0.0,160.0,90.0,0.0
2024-06-03,14,11:30,0.0,0.0,0.0,95.9,0.0,160.0,90.0,0.0
2024-06-03,15,11:45,0.0,0.0,0.0,95.9,0.0,160.0,90.0,0.0
2024-06-03,16,12:00,0.0,0.0,0.0,81.09,0.0,160.0,90.0,0.0
2024-06-03,17,12:15,0.0,9.5021,9.5021,81.09,0.192631,120.0,90.0,0.0
2024-06-03,18,12:30,0.0,17.0147,17.0147,81.09,0.34493,120.0,90.0,0.0
2024-06-03,19,12:45,0.0,17.1381,17.1381,81.09,0.347432,120.0,90.0,0.0
2024-06-03,20,13:00,1.3266,16.0793,17.4059,74.9,0.325926,120.0,90.0,0.0
2024-06-03,21,13:15,4.184,3.2115,7.3955,74.9,0.13848,120.0,90.0,0.0
2024-06-03,22,13:30,5.1593,9.5021,14.6614,74.9,0.274535,80.0,130.0,0.0
2024-06-03,23,13:45,4.2588,17.0147,21.2735,74.9,0.398347,80.0,130.0,0.0
2024-06-03,24,14:00,5.404,17.1381,22.5421,67.3,0.379271,80.0,130.0,0.0
2024-06-03,25,14:15,4.491,16.0793,20.5703,67.3,0.346096,80.0,130.0,0.0
2024-06-03,26,14:30,5.1252,3.2115,8.3367,67.3,0.140265,80.0,130.0,0.0
2024-06-03,27,14:45,3.0543,9.5021,12.5564,67.3,0.211262,40.0,170.0,0.0
2024-06-03,28,15:00,5.093,17.0147,22.1077,72.02,0.398049,40.0,0.0,170.0
2024-06-03,29,15:15,3.6006,17.1381,20.7387,72.02,0.373401,40.0,0.0,0.0
2024-06-03,30,15:30,4.9802,16.0793,21.0595,72.02,0.379177,40.0,0.0,0.0
2024-06-03,31,15:45,4.3843,3.2115,7.5958,72.02,0.136763,40.0,0.0,0.0
2024-06-03,32,16:00,1.5369,9.5021,11.039,78.0,0.21526,0.0,40.0,0.0
2024-06-03,33,16:15,0.0,17.0147,17.0147,78.0,0.331786,100.0,40.0,0.0
2024-06-03,34,16:30,0.0,17.1381,17.1381,78.0,0.334193,100.0,40.0,0.0
2024-06-03,35,16:45,0.0,16.0793,16.0793,78.0,0.313546,100.0,40.0,0.0
2024-06-03,36,17:00,0.0,3.2115,3.2115,105.95,0.085064,100.0,40.0,0.0
2024-06-03,37,17:15,0.0,0.0,0.0,105.95,0.0,100.0,80.0,0.0
2024-06-03,38,17:30,0.0,0.0,0.0,105.95,0.0,100.0,80.0,0.0
2024-06-03,39,17:45,0.0,0.0,0.0,105.95,0.0,100.0,80.0,0.0
2024-06-03,40,18:00,0.0,0.0,0.0,127.32,0.0,100.0,80.0,0.0
2024-06-03,41,18:15,0.0,0.0,0.0,127.32,0.0,100.0,80.0,0.0
2024-06-03,42,18:30,0.0,0.0,0.0,127.32,0.0,100.0,80.0,0.0
2024-06-03,43,18:45,0.0,0.0,0.0,127.32,0.0,100.0,80.0,0.0
2024-06-03,44,19:00,0.0,0.0,0.0,182.91,0.0,100.0,80.0,0.0
2024-06-03,45,19:15,0.0,0.0,0.0,182.91,0.0,100.0,80.0,0.0
2024-06-03,46,19:30,0.0,0.0,0.0,182.91,0.0,100.0,80.0,0.0
2024-06-03,47,19:45,0.0,0.0,0.0,182.91,0.0,100.0,80.0,0.0
2024-06-03,48,20:00,0.0,0.0,0.0,215.28,0.0,100.0,80.0,0.0
2024-06-03,49,20:15,0.0,0.0,0.0,215.28,0.0,100.0,80.0,0.0
2024-06-03,50,20:30,0.0,0.0,0.0,215.28,0.0,100.0,80.0,0.0
2024-06-03,51,20:45,0.0,0.0,0.0,215.28,0.0,100.0,80.0,0.0
2024-06-03,52,21:00,0.0,0.0,0.0,198.79,0.0,100.0,80.0,0.0
2024-06-03,53,21:15,0.0,0.0,0.0,198.79,0.0,100.0,80.0,0.0
2024-06-03,54,21:30,0.0,0.0,0.0,198.79,0.0,100.0,80.0,0.0
2024-06-03,55,21:45,0.0,0.0,0.0,198.79,0.0,100.0,80.0,0.0
2024-06-04,0,08:00,0.0,0.0,0.0,141.68,0.0,100.0,80.0,0.0
2024-06-04,1,08:15,0.0,0.0,0.0,141.68,0.0,100.0,80.0,0.0
2024-06-04,2,08:30,0.0,0.0,0.0,141.68,0.0,100.0,80.0,0.0
2024-06-04,3,08:45,0.0,0.0,0.0,141.68,0.0,100.0,80.0,0.0
2024-06-04,4,09:00,0.0,0.0,0.0,112.37,0.0,100.0,80.0,0.0
2024-06-04,5,09:15,0.0,0.0,0.0,112.37,0.0,100.0,80.0,0.0
2024-06-04,6,09:30,0.0,0.0,0.0,112.37,0.0,100.0,80.0,0.0
2024-06-04,7,09:45,0.0,0.0,0.0,112.37,0.0,100.0,80.0,0.0
2024-06-04,8,10:00,0.0,0.0,0.0,91.6,0.0,100.0,80.0,0.0
2024-06-04,9,10:15,0.0,0.0,0.0,91.6,0.0,100.0,80.0,0.0
2024-06-04,10,10:30,0.0,0.0,0.0,91.6,0.0,100.0,80.0,0.0
2024-06-04,11,10:45,0.0,0.0,0.0,91.6,0.0,100.0,80.0,0.0
2024-06-04,12,11:00,0.0,0.0,0.0,81.31,0.0,100.0,80.0,0.0
2024-06-04,13,11:15,1.8638,9.5021,11.3659,81.31,0.231041,60.0,80.0,0.0
2024-06-04,14,11:30,6.7293,17.0147,23.744,81.31,0.482655,60.0,80.0,0.0
2024-06-04,15,11:45,5.9956,17.1381,23.1337,81.31,0.47025,60.0,80.0,0.0
2024-06-04,16,12:00,7.1179,16.0793,23.1972,67.34,0.390524,60.0,80.0,0.0
2024-06-04,17,12:15,6.1091,3.2115,9.3206,67.34,0.156912,60.0,80.0,0.0
2024-06-04,18,12:30,5.6324,9.5021,15.1345,67.34,0.25479,20.0,120.0,0.0
2024-06-04,19,12:45,5.8458,17.0147,22.8605,67.34,0.384856,20.0,120.0,0.0
2024-06-04,20,13:00,5.1816,17.1381,22.3197,55.27,0.308402,20.0,120.0,0.0
2024-06-04,21,13:15,6.7301,16.0793,22.8094,55.27,0.315169,20.0,120.0,0.0
2024-06-04,22,13:30,3.9878,3.2115,7.1993,55.27,0.099476,20.0,120.0,0.0
2024-06-04,23,13:45,1.8638,9.5021,11.3659,55.27,0.157049,80.0,160.0,0.0
2024-06-04,24,14:00,6.7293,17.0147,23.744,43.86,0.260352,80.0,160.0,0.0
2024-06-04,25,14:15,5.9956,17.1381,23.1337,43.86,0.253661,80.0,160.0,0.0
2024-06-04,26,14:30,7.1179,16.0793,23.1972,43.86,0.254357,80.0,160.0,0.0
2024-06-04,27,14:45,6.1091,3.2115,9.3206,43.86,0.1022,80.0,160.0,0.0
2024-06-04,28,15:00,5.6324,9.5021,15.1345,47.06,0.178058,40.0,70.0,130.0
2024-06-04,29,15:15,5.8458,17.0147,22.8605,47.06,0.268954,40.0,70.0,0.0
2024-06-04,30,15:30,5.1816,17.1381,22.3197,47.06,0.262591,40.0,70.0,0.0
2024-06-04,31,15:45,6.7301,16.0793,22.8094,47.06,0.268352,40.0,70.0,0.0
2024-06-04,32,16:00,3.9878,3.2115,7.1993,64.03,0.115243,40.0,70.0,0.0
2024-06-04,33,16:15,0.0,9.5021,9.5021,64.03,0.152105,100.0,110.0,0.0
2024-06-04,34,16:30,0.0,17.0147,17.0147,64.03,0.272362,100.0,110.0,0.0
2024-06-04,35,16:45,0.0,17.1381,17.1381,64.03,0.274338,100.0,110.0,0.0
2024-06-04,36,17:00,0.0,16.0793,16.0793,84.88,0.341202,100.0,110.0,0.0
2024-06-04,37,17:15,0.0,3.2115,3.2115,84.88,0.068148,100.0,110.0,0.0
2024-06-04,38,17:30,0.0,0.0,0.0,84.88,0.0,100.0,150.0,0.0
2024-06-04,39,17:45,0.0,0.0,0.0,84.88,0.0,100.0,150.0,0.0
2024-06-04,40,18:00,0.0,0.0,0.0,116.22,0.0,100.0,150.0,0.0
2024-06-04,41,18:15,0.0,0.0,0.0,116.22,0.0,100.0,150.0,0.0
2024-06-04,42,18:30,0.0,0.0,0.0,116.22,0.0,100.0,150.0,0.0
2024-06-04,43,18:45,0.0,0.0,0.0,116.22,0.0,100.0,150.0,0.0
2024-06-04,44,19:00,0.0,0.0,0.0,176.78,0.0,100.0,150.0,0.0
2024-06-04,45,19:15,0.0,0.0,0.0,176.78,0.0,100.0,150.0,0.0
2024-06-04,46,19:30,0.0,0.0,0.0,176.78,0.0,100.0,150.0,0.0
2024-06-04,47,19:45,0.0,0.0,0.0,176.78,0.0,100.0,150.0,0.0
2024-06-04,48,20:00,0.0,0.0,0.0,235.52,0.0,100.0,150.0,0.0
2024-06-04,49,20:15,0.0,0.0,0.0,235.52,0.0,100.0,150.0,0.0
2024-06-04,50,20:30,0.0,0.0,0.0,235.52,0.0,100.0,150.0,0.0
2024-06-04,51,20:45,0.0,0.0,0.0,235.52,0.0,100.0,150.0,0.0
2024-06-04,52,21:00,0.0,0.0,0.0,140.68,0.0,100.0,150.0,0.0
2024-06-04,53,21:15,0.0,0.0,0.0,140.68,0.0,100.0,150.0,0.0
2024-06-04,54,21:30,0.0,0.0,0.0,140.68,0.0,100.0,150.0,0.0
2024-06-04,55,21:45,0.0,0.0,0.0,140.68,0.0,100.0,30.0,120.0
2024-06-05,0,08:00,0.0,0.0,0.0,112.92,0.0,100.0,30.0,0.0
2024-06-05,1,08:15,0.0,0.0,0.0,112.92,0.0,100.0,30.0,0.0
2024-06-05,2,08:30,0.0,0.0,0.0,112.92,0.0,100.0,30.0,0.0
2024-06-05,3,08:45,0.0,0.0,0.0,112.92,0.0,100.0,30.0,0.0
2024-06-05,4,09:00,0.0,0.0,0.0,84.16,0.0,100.0,30.0,0.0
2024-06-05,5,09:15,0.0,0.0,0.0,84.16,0.0,100.0,30.0,0.0
2024-06-05,6,09:30,0.0,0.0,0.0,84.16,0.0,100.0,30.0,0.0
2024-06-05,7,09:45,0.0,0.0,0.0,84.16,0.0,100.0,30.0,0.0
2024-06-05,8,10:00,0.0,0.0,0.0,69.93,0.0,100.0,30.0,0.0
2024-06-05,9,10:15,0.0,0.0,0.0,69.93,0.0,100.0,30.0,0.0
2024-06-05,10,10:30,0.0,0.0,0.0,69.93,0.0,100.0,30.0,0.0
2024-06-05,11,10:45,0.0,0.0,0.0,69.93,0.0,100.0,30.0,0.0
2024-06-05,12,11:00,0.0,0.0,0.0,62.03,0.0,100.0,30.0,0.0
2024-06-05,13,11:15,1.8638,0.0,1.8638,62.03,0.028903,100.0,30.0,0.0
2024-06-05,14,11:30,6.7293,9.5021,16.2314,62.03,0.251708,60.0,30.0,0.0
2024-06-05,15,11:45,5.9956,17.0147,23.0103,62.03,0.356832,60.0,30.0,0.0
2024-06-05,16,12:00,7.1179,17.1381,24.256,48.4,0.293497,60.0,30.0,0.0
2024-06-05,17,12:15,6.1091,16.0793,22.1884,48.4,0.268479,60.0,30.0,0.0
2024-06-05,18,12:30,5.6324,3.2115,8.8439,48.4,0.107012,60.0,30.0,0.0
2024-06-05,19,12:45,5.8458,9.5021,15.3479,48.4,0.18571,20.0,70.0,0.0
2024-06-05,20,13:00,5.1816,17.0147,22.1962,30.17,0.167415,20.0,70.0,0.0
2024-06-05,21,13:15,6.7301,17.1381,23.8682,30.17,0.180026,20.0,70.0,0.0
2024-06-05,22,13:30,3.9878,16.0793,20.0671,30.17,0.151356,20.0,70.0,0.0
2024-06-05,23,13:45,1.8638,3.2115,5.0753,30.17,0.038281,120.0,70.0,0.0
2024-06-05,24,14:00,6.7293,9.5021,16.2314,26.3,0.106721,80.0,110.0,0.0
2024-06-05,25,14:15,5.9956,17.0147,23.0103,26.3,0.151292,80.0,110.0,0.0
2024-06-05,26,14:30,7.1179,17.1381,24.256,26.3,0.159483,80.0,110.0,0.0
2024-06-05,27,14:45,6.1091,16.0793,22.1884,26.3,0.145888,80.0,110.0,0.0
2024-06-05,28,15:00,5.6324,3.2115,8.8439,30.06,0.066462,80.0,110.0,0.0
2024-06-05,29,15:15,5.8458,9.5021,15.3479,30.06,0.11534,40.0,150.0,0.0
2024-06-05,30,15:30,5.1816,17.0147,22.1962,30.06,0.166805,40.0,150.0,0.0
2024-06-05,31,15:45,6.7301,17.1381,23.8682,30.06,0.179369,40.0,150.0,0.0
2024-06-05,32,16:00,3.9878,16.0793,20.0671,62.57,0.313899,40.0,150.0,0.0
2024-06-05,33,16:15,0.0,3.2115,3.2115,62.57,0.050236,140.0,150.0,0.0
2024-06-05,34,16:30,0.0,0.0,0.0,62.57,0.0,140.0,190.0,0.0
2024-06-05,35,16:45,0.0,0.0,0.0,62.57,0.0,140.0,190.0,0.0
2024-06-05,36,17:00,0.0,0.0,0.0,80.43,0.0,140.0,190.0,0.0
2024-06-05,37,17:15,0.0,0.0,0.0,80.43,0.0,140.0,190.0,0.0
2024-06-05,38,17:30,0.0,0.0,0.0,80.43,0.0,140.0,190.0,0.0
2024-06-05,39,17:45,0.0,0.0,0.0,80.43,0.0,140.0,190.0,0.0
2024-06-05,40,18:00,0.0,0.0,0.0,105.09,0.0,140.0,190.0,0.0
2024-06-05,41,18:15,0.0,0.0,0.0,105.09,0.0,140.0,190.0,0.0
2024-06-05,42,18:30,0.0,0.0,0.0,105.09,0.0,140.0,190.0,0.0
2024-06-05,43,18:45,0.0,0.0,0.0,105.09,0.0,140.0,190.0,0.0
2024-06-05,44,19:00,0.0,0.0,0.0,126.97,0.0,140.0,190.0,0.0
2024-06-05,45,19:15,0.0,0.0,0.0,126.97,0.0,140.0,190.0,0.0
2024-06-05,46,19:30,0.0,0.0,0.0,126.97,0.0,140.0,190.0,0.0
2024-06-05,47,19:45,0.0,0.0,0.0,126.97,0.0,140.0,190.0,0.0
2024-06-05,48,20:00,0.0,0.0,0.0,155.9,0.0,140.0,190.0,0.0
2024-06-05,49,20:15,0.0,0.0,0.0,155.9,0.0,140.0,190.0,0.0
2024-06-05,50,20:30,0.0,0.0,0.0,155.9,0.0,140.0,190.0,0.0
2024-06-05,51,20:45,0.0,0.0,0.0,155.9,0.0,140.0,190.0,0.0
2024-06-05,52,21:00,0.0,0.0,0.0,158.02,0.0,140.0,190.0,0.0
2024-06-05,53,21:15,0.0,0.0,0.0,158.02,0.0,140.0,190.0,0.0
2024-06-05,54,21:30,0.0,0.0,0.0,158.02,0.0,140.0,190.0,0.0
2024-06-05,55,21:45,0.0,0.0,0.0,158.02,0.0,140.0,40.0,150.0
2024-06-06,0,08:00,0.0,0.0,0.0,96.83,0.0,140.0,40.0,0.0
2024-06-06,1,08:15,0.0,0.0,0.0,96.83,0.0,140.0,40.0,0.0
2024-06-06,2,08:30,0.0,0.0,0.0,96.83,0.0,140.0,40.0,0.0
2024-06-06,3,08:45,0.0,0.0,0.0,96.83,0.0,140.0,40.0,0.0
2024-06-06,4,09:00,0.0,0.0,0.0,71.89,0.0,140.0,40.0,0.0
2024-06-06,5,09:15,0.0,0.0,0.0,71.89,0.0,140.0,40.0,0.0
2024-06-06,6,09:30,0.0,0.0,0.0,71.89,0.0,140.0,40.0,0.0
2024-06-06,7,09:45,0.0,9.5021,9.5021,71.89,0.170776,100.0,40.0,0.0
2024-06-06,8,10:00,0.0,17.0147,17.0147,57.8,0.245862,100.0,40.0,0.0
2024-06-06,9,10:15,0.0,17.1381,17.1381,57.8,0.247645,100.0,40.0,0.0
2024-06-06,10,10:30,0.0,16.0793,16.0793,57.8,0.232346,100.0,40.0,0.0
2024-06-06,11,10:45,0.0,3.2115,3.2115,57.8,0.046406,100.0,40.0,0.0
2024-06-06,12,11:00,1.8638,9.5021,11.3659,30.25,0.085955,60.0,80.0,0.0
2024-06-06,13,11:15,6.7293,17.0147,23.744,30.25,0.179564,60.0,80.0,0.0
2024-06-06,14,11:30,5.9956,17.1381,23.1337,30.25,0.174948,60.0,80.0,0.0
2024-06-06,15,11:45,7.1179,16.0793,23.1972,30.25,0.175429,60.0,80.0,0.0
2024-06-06,16,12:00,6.1091,3.2115,9.3206,24.33,0.056692,60.0,80.0,0.0
2024-06-06,17,12:15,5.6324,9.5021,15.1345,24.33,0.092056,20.0,120.0,0.0
2024-06-06,18,12:30,5.8458,17.0147,22.8605,24.33,0.139049,20.0,120.0,0.0
2024-06-06,19,12:45,5.1816,17.1381,22.3197,24.33,0.135759,20.0,120.0,0.0
2024-06-06,20,13:00,6.7301,16.0793,22.8094,19.5,0.111196,20.0,120.0,0.0
2024-06-06,21,13:15,3.9878,3.2115,7.1993,19.5,0.035097,20.0,120.0,0.0
2024-06-06,22,13:30,1.8638,9.5021,11.3659,19.5,0.055409,80.0,160.0,0.0
2024-06-06,23,13:45,6.7293,17.0147,23.744,19.5,0.115752,80.0,160.0,0.0
2024-06-06,24,14:00,5.9956,17.1381,23.1337,24.23,0.140132,80.0,160.0,0.0
2024-06-06,25,14:15,7.1179,16.0793,23.1972,24.23,0.140517,80.0,160.0,0.0
2024-06-06,26,14:30,6.1091,3.2115,9.3206,24.23,0.056459,80.0,160.0,0.0
2024-06-06,27,14:45,5.6324,9.5021,15.1345,24.23,0.091677,40.0,200.0,0.0
2024-06-06,28,15:00,5.8458,17.0147,22.8605,37.65,0.215174,40.0,70.0,130.0
2024-06-06,29,15:15,5.1816,17.1381,22.3197,37.65,0.210084,40.0,70.0,0.0
2024-06-06,30,15:30,6.7301,16.0793,22.8094,37.65,0.214693,40.0,70.0,0.0
2024-06-06,31,15:45,3.9878,3.2115,7.1993,37.65,0.067763,40.0,70.0,0.0
2024-06-06,32,16:00,0.0,9.5021,9.5021,62.11,0.147544,100.0,110.0,0.0
2024-06-06,33,16:15,0.0,17.0147,17.0147,62.11,0.264195,100.0,110.0,0.0
2024-06-06,34,16:30,0.0,17.1381,17.1381,62.11,0.266112,100.0,110.0,0.0
2024-06-06,35,16:45,0.0,16.0793,16.0793,62.11,0.249671,100.0,110.0,0.0
2024-06-06,36,17:00,0.0,3.2115,3.2115,80.67,0.064768,100.0,110.0,0.0
2024-06-06,37,17:15,0.0,0.0,0.0,80.67,0.0,100.0,150.0,0.0
2024-06-06,38,17:30,0.0,0.0,0.0,80.67,0.0,100.0,150.0,0.0
2024-06-06,39,17:45,0.0,0.0,0.0,80.67,0.0,100.0,150.0,0.0
2024-06-06,40,18:00,0.0,0.0,0.0,89.92,0.0,100.0,150.0,0.0
2024-06-06,41,18:15,0.0,0.0,0.0,89.92,0.0,100.0,150.0,0.0
2024-06-06,42,18:30,0.0,0.0,0.0,89.92,0.0,100.0,150.0,0.0
2024-06-06,43,18:45,0.0,0.0,0.0,89.92,0.0,100.0,150.0,0.0
2024-06-06,44,19:00,0.0,0.0,0.0,115.69,0.0,100.0,150.0,0.0
2024-06-06,45,19:15,0.0,0.0,0.0,115.69,0.0,100.0,150.0,0.0
2024-06-06,46,19:30,0.0,0.0,0.0,115.69,0.0,100.0,150.0,0.0
2024-06-06,47,19:45,0.0,0.0,0.0,115.69,0.0,100.0,150.0,0.0
2024-06-06,48,20:00,0.0,0.0,0.0,163.98,0.0,100.0,150.0,0.0
2024-06-06,49,20:15,0.0,0.0,0.0,163.98,0.0,100.0,150.0,0.0
2024-06-06,50,20:30,0.0,0.0,0.0,163.98,0.0,100.0,150.0,0.0
2024-06-06,51,20:45,0.0,0.0,0.0,163.98,0.0,100.0,150.0,0.0
2024-06-06,52,21:00,0.0,0.0,0.0,167.72,0.0,100.0,150.0,0.0
2024-06-06,53,21:15,0.0,0.0,0.0,167.72,0.0,100.0,150.0,0.0
2024-06-06,54,21:30,0.0,0.0,0.0,167.72,0.0,100.0,150.0,0.0
2024-06-06,55,21:45,0.0,0.0,0.0,167.72,0.0,100.0,10.0,140.0
2024-06-07,0,08:00,0.0,0.0,0.0,102.76,0.0,100.0,10.0,0.0
2024-06-07,1,08:15,0.0,0.0,0.0,102.76,0.0,100.0,10.0,0.0
2024-06-07,2,08:30,0.0,0.0,0.0,102.76,0.0,100.0,10.0,0.0
2024-06-07,3,08:45,0.0,0.0,0.0,102.76,0.0,100.0,10.0,0.0
2024-06-07,4,09:00,0.0,0.0,0.0,78.56,0.0,100.0,10.0,0.0
2024-06-07,5,09:15,0.0,0.0,0.0,78.56,0.0,100.0,10.0,0.0
2024-06-07,6,09:30,0.0,0.0,0.0,78.56,0.0,100.0,10.0,0.0
2024-06-07,7,09:45,0.0,0.0,0.0,78.56,0.0,100.0,10.0,0.0
2024-06-07,8,10:00,0.0,0.0,0.0,60.66,0.0,100.0,10.0,0.0
2024-06-07,9,10:15,0.0,0.0,0.0,60.66,0.0,100.0,10.0,0.0
2024-06-07,10,10:30,0.0,0.0,0.0,60.66,0.0,100.0,10.0,0.0
2024-06-07,11,10:45,0.0,0.0,0.0,60.66,0.0,100.0,10.0,0.0
2024-06-07,12,11:00,1.8638,9.5021,11.3659,41.39,0.117609,60.0,10.0,0.0
2024-06-07,13,11:15,6.7293,17.0147,23.744,41.39,0.245691,60.0,10.0,0.0
2024-06-07,14,11:30,5.9956,17.1381,23.1337,41.39,0.239376,60.0,10.0,0.0
2024-06-07,15,11:45,7.1179,16.0793,23.1972,41.39,0.240033,60.0,10.0,0.0
2024-06-07,16,12:00,6.1091,3.2115,9.3206,33.91,0.079015,60.0,10.0,0.0
2024-06-07,17,12:15,5.6324,9.5021,15.1345,33.91,0.128303,20.0,50.0,0.0
2024-06-07,18,12:30,5.8458,17.0147,22.8605,33.91,0.1938,20.0,50.0,0.0
2024-06-07,19,12:45,5.1816,17.1381,22.3197,33.91,0.189215,20.0,50.0,0.0
2024-06-07,20,13:00,6.7301,16.0793,22.8094,25.36,0.144611,20.0,50.0,0.0
2024-06-07,21,13:15,3.9878,3.2115,7.1993,25.36,0.045643,20.0,50.0,0.0
2024-06-07,22,13:30,0.0,9.5021,9.5021,25.36,0.060243,80.0,90.0,0.0
2024-06-07,23,13:45,1.8638,17.0147,18.8785,25.36,0.11969,80.0,90.0,0.0
2024-06-07,24,14:00,6.7293,17.1381,23.8674,17.41,0.103883,80.0,90.0,0.0
2024-06-07,25,14:15,5.9956,16.0793,22.0749,17.41,0.096081,80.0,90.0,0.0
2024-06-07,26,14:30,7.1179,3.2115,10.3294,17.41,0.044959,80.0,90.0,0.0
2024-06-07,27,14:45,6.1091,9.5021,15.6112,17.41,0.067948,40.0,130.0,0.0
2024-06-07,28,15:00,5.6324,17.0147,22.6471,13.08,0.074056,40.0,20.0,110.0
2024-06-07,29,15:15,5.8458,17.1381,22.9839,13.08,0.075157,40.0,20.0,0.0
2024-06-07,30,15:30,5.1816,16.0793,21.2609,13.08,0.069523,40.0,20.0,0.0
2024-06-07,31,15:45,6.7301,3.2115,9.9416,13.08,0.032509,40.0,20.0,0.0
2024-06-07,32,16:00,3.9878,9.5021,13.4899,25.57,0.086234,0.0,60.0,0.0
2024-06-07,33,16:15,0.0,17.0147,17.0147,25.57,0.108766,100.0,60.0,0.0
2024-06-07,34,16:30,0.0,17.1381,17.1381,25.57,0.109555,100.0,60.0,0.0
2024-06-07,35,16:45,0.0,16.0793,16.0793,25.57,0.102787,100.0,60.0,0.0
2024-06-07,36,17:00,0.0,3.2115,3.2115,64.56,0.051833,100.0,60.0,0.0
2024-06-07,37,17:15,0.0,0.0,0.0,64.56,0.0,100.0,100.0,0.0
2024-06-07,38,17:30,0.0,0.0,0.0,64.56,0.0,100.0,100.0,0.0
2024-06-07,39,17:45,0.0,0.0,0.0,64.56,0.0,100.0,100.0,0.0
2024-06-07,40,18:00,0.0,0.0,0.0,85.21,0.0,100.0,100.0,0.0
2024-06-07,41,18:15,0.0,0.0,0.0,85.21,0.0,100.0,100.0,0.0
2024-06-07,42,18:30,0.0,0.0,0.0,85.21,0.0,100.0,100.0,0.0
2024-06-07,43,18:45,0.0,0.0,0.0,85.21,0.0,100.0,100.0,0.0
2024-06-07,44,19:00,0.0,0.0,0.0,128.58,0.0,100.0,100.0,0.0
2024-06-07,45,19:15,0.0,0.0,0.0,128.58,0.0,100.0,100.0,0.0
2024-06-07,46,19:30,0.0,0.0,0.0,128.58,0.0,100.0,100.0,0.0
2024-06-07,47,19:45,0.0,0.0,0.0,128.58,0.0,100.0,100.0,0.0
2024-06-07,48,20:00,0.0,0.0,0.0,154.75,0.0,100.0,100.0,0.0
2024-06-07,49,20:15,0.0,0.0,0.0,154.75,0.0,100.0,100.0,0.0
2024-06-07,50,20:30,0.0,0.0,0.0,154.75,0.0,100.0,100.0,0.0
2024-06-07,51,20:45,0.0,0.0,0.0,154.75,0.0,100.0,100.0,0.0
2024-06-07,52,21:00,0.0,0.0,0.0,153.85,0.0,100.0,100.0,0.0
2024-06-07,53,21:15,0.0,0.0,0.0,153.85,0.0,100.0,100.0,0.0
2024-06-07,54,21:30,0.0,0.0,0.0,153.85,0.0,100.0,100.0,0.0
2024-06-07,55,21:45,0.0,0.0,0.0,153.85,0.0,100.0,100.0,0.0
2024-06-10,0,08:00,0.0,0.0,0.0,146.21,0.0,100.0,100.0,0.0
2024-06-10,1,08:15,0.0,0.0,0.0,146.21,0.0,100.0,100.0,0.0
2024-06-10,2,08:30,0.0,0.0,0.0,146.21,0.0,100.0,100.0,0.0
2024-06-10,3,08:45,0.0,0.0,0.0,146.21,0.0,100.0,100.0,0.0
2024-06-10,4,09:00,0.0,0.0,0.0,107.25,0.0,100.0,100.0,0.0
2024-06-10,5,09:15,0.0,0.0,0.0,107.25,0.0,100.0,100.0,0.0
2024-06-10,6,09:30,0.0,0.0,0.0,107.25,0.0,100.0,100.0,0.0
2024-06-10,7,09:45,0.0,0.0,0.0,107.25,0.0,100.0,100.0,0.0
2024-06-10,8,10:00,0.0,0.0,0.0,89.46,0.0,100.0,100.0,0.0
2024-06-10,9,10:15,0.0,0.0,0.0,89.46,0.0,100.0,100.0,0.0
2024-06-10,10,10:30,0.0,0.0,0.0,89.46,0.0,100.0,100.0,0.0
2024-06-10,11,10:45,0.0,0.0,0.0,89.46,0.0,100.0,100.0,0.0
2024-06-10,12,11:00,0.0,0.0,0.0,85.04,0.0,100.0,100.0,0.0
2024-06-10,13,11:15,0.0,0.0,0.0,85.04,0.0,100.0,100.0,0.0
2024-06-10,14,11:30,0.0,0.0,0.0,85.04,0.0,100.0,100.0,0.0
2024-06-10,15,11:45,0.0,0.0,0.0,85.04,0.0,100.0,100.0,0.0
2024-06-10,16,12:00,0.0,0.0,0.0,74.3,0.0,100.0,100.0,0.0
2024-06-10,17,12:15,0.0,0.0,0.0,74.3,0.0,100.0,100.0,0.0
2024-06-10,18,12:30,0.0,0.0,0.0,74.3,0.0,100.0,100.0,0.0
2024-06-10,19,12:45,0.0,0.0,0.0,74.3,0.0,100.0,100.0,0.0
2024-06-10,20,13:00,0.0,0.0,0.0,73.59,0.0,100.0,100.0,0.0
2024-06-10,21,13:15,0.0,0.0,0.0,73.59,0.0,100.0,100.0,0.0
2024-06-10,22,13:30,0.0,0.0,0.0,73.59,0.0,100.0,100.0,0.0
2024-06-10,23,13:45,0.0,0.0,0.0,73.59,0.0,100.0,100.0,0.0
2024-06-10,24,14:00,0.0,0.0,0.0,67.07,0.0,100.0,100.0,0.0
2024-06-10,25,14:15,0.0,0.0,0.0,67.07,0.0,100.0,100.0,0.0
2024-06-10,26,14:30,0.0,0.0,0.0,67.07,0.0,100.0,100.0,0.0
2024-06-10,27,14:45,0.0,9.5021,9.5021,67.07,0.159326,60.0,100.0,0.0
2024-06-10,28,15:00,0.0,17.0147,17.0147,65.88,0.280232,60.0,100.0,0.0
2024-06-10,29,15:15,0.0,17.1381,17.1381,65.88,0.282264,60.0,100.0,0.0
2024-06-10,30,15:30,0.0,16.0793,16.0793,65.88,0.264826,60.0,100.0,0.0
2024-06-10,31,15:45,0.0,3.2115,3.2115,65.88,0.052893,60.0,100.0,0.0
2024-06-10,32,16:00,0.0,0.0,0.0,70.0,0.0,60.0,140.0,0.0
2024-06-10,33,16:15,0.0,0.0,0.0,70.0,0.0,60.0,140.0,0.0
2024-06-10,34,16:30,0.0,0.0,0.0,70.0,0.0,60.0,140.0,0.0
2024-06-10,35,16:45,0.0,0.0,0.0,70.0,0.0,60.0,140.0,0.0
2024-06-10,36,17:00,0.0,0.0,0.0,81.2,0.0,60.0,140.0,0.0
2024-06-10,37,17:15,0.0,0.0,0.0,81.2,0.0,60.0,140.0,0.0
2024-06-10,38,17:30,0.0,0.0,0.0,81.2,0.0,60.0,140.0,0.0
2024-06-10,39,17:45,0.0,0.0,0.0,81.2,0.0,60.0,140.0,0.0
2024-06-10,40,18:00,0.0,0.0,0.0,98.53,0.0,60.0,140.0,0.0
2024-06-10,41,18:15,0.0,0.0,0.0,98.53,0.0,60.0,140.0,0.0
2024-06-10,42,18:30,0.0,0.0,0.0,98.53,0.0,60.0,140.0,0.0
2024-06-10,43,18:45,0.0,0.0,0.0,98.53,0.0,60.0,140.0,0.0
2024-06-10,44,19:00,0.0,0.0,0.0,118.59,0.0,60.0,140.0,0.0
2024-06-10,45,19:15,0.0,0.0,0.0,118.59,0.0,60.0,140.0,0.0
2024-06-10,46,19:30,0.0,0.0,0.0,118.59,0.0,60.0,140.0,0.0
2024-06-10,47,19:45,0.0,0.0,0.0,118.59,0.0,60.0,140.0,0.0
2024-06-10,48,20:00,0.0,0.0,0.0,124.45,0.0,60.0,140.0,0.0
2024-06-10,49,20:15,0.0,0.0,0.0,124.45,0.0,60.0,140.0,0.0
2024-06-10,50,20:30,0.0,0.0,0.0,124.45,0.0,60.0,140.0,0.0
2024-06-10,51,20:45,0.0,0.0,0.0,124.45,0.0,60.0,140.0,0.0
2024-06-10,52,21:00,0.0,0.0,0.0,113.32,0.0,60.0,140.0,0.0
2024-06-10,53,21:15,0.0,0.0,0.0,113.32,0.0,60.0,140.0,0.0
2024-06-10,54,21:30,0.0,0.0,0.0,113.32,0.0,60.0,140.0,0.0
2024-06-10,55,21:45,0.0,0.0,0.0,113.32,0.0,60.0,0.0,140.0
2024-06-11,0,08:00,0.0,0.0,0.0,91.5,0.0,60.0,0.0,0.0
2024-06-11,1,08:15,0.0,0.0,0.0,91.5,0.0,60.0,0.0,0.0
2024-06-11,2,08:30,0.0,0.0,0.0,91.5,0.0,60.0,0.0,0.0
2024-06-11,3,08:45,0.0,0.0,0.0,91.5,0.0,60.0,0.0,0.0
2024-06-11,4,09:00,0.0,0.0,0.0,68.27,0.0,60.0,0.0,0.0
2024-06-11,5,09:15,0.0,0.0,0.0,68.27,0.0,60.0,0.0,0.0
2024-06-11,6,09:30,0.0,0.0,0.0,68.27,0.0,60.0,0.0,0.0
2024-06-11,7,09:45,1.8638,0.0,1.8638,68.27,0.031811,60.0,0.0,0.0
2024-06-11,8,10:00,6.7293,0.0,6.7293,49.92,0.083981,60.0,0.0,0.0
2024-06-11,9,10:15,5.9956,0.0,5.9956,49.92,0.074825,60.0,0.0,0.0
2024-06-11,10,10:30,7.1179,0.0,7.1179,49.92,0.088831,60.0,0.0,0.0
2024-06-11,11,10:45,6.1091,0.0,6.1091,49.92,0.076241,60.0,0.0,0.0
2024-06-11,12,11:00,5.6324,9.5021,15.1345,32.13,0.121568,20.0,0.0,0.0
2024-06-11,13,11:15,5.8458,17.0147,22.8605,32.13,0.183627,20.0,0.0,0.0
2024-06-11,14,11:30,5.1816,17.1381,22.3197,32.13,0.179283,20.0,0.0,0.0
2024-06-11,15,11:45,6.7301,16.0793,22.8094,32.13,0.183216,20.0,0.0,0.0
2024-06-11,16,12:00,3.9878,3.2115,7.1993,11.12,0.020014,20.0,0.0,0.0
2024-06-11,17,12:15,1.8638,9.5021,11.3659,11.12,0.031597,80.0,40.0,0.0
2024-06-11,18,12:30,6.7293,17.0147,23.744,11.12,0.066008,80.0,40.0,0.0
2024-06-11,19,12:45,5.9956,17.1381,23.1337,11.12,0.064312,80.0,40.0,0.0
2024-06-11,20,13:00,7.1179,16.0793,23.1972,0.76,0.004407,80.0,40.0,0.0
2024-06-11,21,13:15,6.1091,3.2115,9.3206,0.76,0.001771,80.0,40.0,0.0
2024-06-11,22,13:30,5.6324,9.5021,15.1345,0.76,0.002876,40.0,80.0,0.0
2024-06-11,23,13:45,5.8458,17.0147,22.8605,0.76,0.004343,40.0,80.0,0.0
2024-06-11,24,14:00,5.1816,17.1381,22.3197,0.0,0.0,40.0,80.0,0.0
2024-06-11,25,14:15,6.7301,16.0793,22.8094,0.0,0.0,40.0,80.0,0.0
2024-06-11,26,14:30,3.9878,3.2115,7.1993,0.0,0.0,40.0,80.0,0.0
2024-06-11,27,14:45,1.8638,9.5021,11.3659,0.0,0.0,100.0,120.0,0.0
2024-06-11,28,15:00,6.7293,17.0147,23.744,0.03,0.000178,100.0,120.0,0.0
2024-06-11,29,15:15,5.9956,17.1381,23.1337,0.03,0.000174,100.0,120.0,0.0
2024-06-11,30,15:30,7.1179,16.0793,23.1972,0.03,0.000174,100.0,120.0,0.0
2024-06-11,31,15:45,6.1091,3.2115,9.3206,0.03,7e-05,100.0,120.0,0.0
2024-06-11,32,16:00,5.6324,9.5021,15.1345,13.89,0.052555,60.0,160.0,0.0
2024-06-11,33,16:15,5.8458,17.0147,22.8605,13.89,0.079383,60.0,160.0,0.0
2024-06-11,34,16:30,5.1816,17.1381,22.3197,13.89,0.077505,60.0,160.0,0.0
2024-06-11,35,16:45,6.7301,16.0793,22.8094,13.89,0.079206,60.0,160.0,0.0
2024-06-11,36,17:00,3.9878,3.2115,7.1993,55.27,0.099476,60.0,160.0,0.0
2024-06-11,37,17:15,0.0,9.5021,9.5021,55.27,0.131295,120.0,200.0,0.0
2024-06-11,38,17:30,0.0,17.0147,17.0147,55.27,0.2351,120.0,200.0,0.0
2024-06-11,39,17:45,0.0,17.1381,17.1381,55.27,0.236806,120.0,200.0,0.0
2024-06-11,40,18:00,0.0,16.0793,16.0793,71.65,0.28802,120.0,200.0,0.0
2024-06-11,41,18:15,0.0,3.2115,3.2115,71.65,0.057526,120.0,200.0,0.0
2024-06-11,42,18:30,0.0,0.0,0.0,71.65,0.0,120.0,240.0,0.0
2024-06-11,43,18:45,0.0,0.0,0.0,71.65,0.0,120.0,240.0,0.0
2024-06-11,44,19:00,0.0,0.0,0.0,100.0,0.0,120.0,240.0,0.0
2024-06-11,45,19:15,0.0,0.0,0.0,100.0,0.0,120.0,240.0,0.0
2024-06-11,46,19:30,0.0,0.0,0.0,100.0,0.0,120.0,240.0,0.0
2024-06-11,47,19:45,0.0,0.0,0.0,100.0,0.0,120.0,240.0,0.0
2024-06-11,48,20:00,0.0,0.0,0.0,127.64,0.0,120.0,240.0,0.0
2024-06-11,49,20:15,0.0,0.0,0.0,127.64,0.0,120.0,240.0,0.0
2024-06-11,50,20:30,0.0,0.0,0.0,127.64,0.0,120.0,240.0,0.0
2024-06-11,51,20:45,0.0,0.0,0.0,127.64,0.0,120.0,240.0,0.0
2024-06-11,52,21:00,0.0,0.0,0.0,122.37,0.0,120.0,240.0,0.0
2024-06-11,53,21:15,0.0,0.0,0.0,122.37,0.0,120.0,240.0,0.0
2024-06-11,54,21:30,0.0,0.0,0.0,122.37,0.0,120.0,240.0,0.0
2024-06-11,55,21:45,0.0,0.0,0.0,122.37,0.0,120.0,60.0,180.0
2024-06-12,0,08:00,0.0,0.0,0.0,114.62,0.0,120.0,60.0,0.0
2024-06-12,1,08:15,0.0,0.0,0.0,114.62,0.0,120.0,60.0,0.0
2024-06-12,2,08:30,0.0,0.0,0.0,114.62,0.0,120.0,60.0,0.0
2024-06-12,3,08:45,0.0,0.0,0.0,114.62,0.0,120.0,60.0,0.0
2024-06-12,4,09:00,0.0,0.0,0.0,78.65,0.0,120.0,60.0,0.0
2024-06-12,5,09:15,0.0,0.0,0.0,78.65,0.0,120.0,60.0,0.0
2024-06-12,6,09:30,0.0,0.0,0.0,78.65,0.0,120.0,60.0,0.0
2024-06-12,7,09:45,0.0,0.0,0.0,78.65,0.0,120.0,60.0,0.0
2024-06-12,8,10:00,0.0,0.0,0.0,64.19,0.0,120.0,60.0,0.0
2024-06-12,9,10:15,0.0,0.0,0.0,64.19,0.0,120.0,60.0,0.0
2024-06-12,10,10:30,0.0,0.0,0.0,64.19,0.0,120.0,60.0,0.0
2024-06-12,11,10:45,0.0,0.0,0.0,64.19,0.0,120.0,60.0,0.0
2024-06-12,12,11:00,0.0,0.0,0.0,58.0,0.0,120.0,60.0,0.0
2024-06-12,13,11:15,1.8638,9.5021,11.3659,58.0,0.164806,80.0,60.0,0.0
2024-06-12,14,11:30,6.7293,17.0147,23.744,58.0,0.344287,80.0,60.0,0.0
2024-06-12,15,11:45,5.9956,17.1381,23.1337,58.0,0.335438,80.0,60.0,0.0
2024-06-12,16,12:00,7.1179,16.0793,23.1972,42.09,0.244092,80.0,60.0,0.0
2024-06-12,17,12:15,6.1091,3.2115,9.3206,42.09,0.098076,80.0,60.0,0.0
2024-06-12,18,12:30,5.6324,9.5021,15.1345,42.09,0.159253,40.0,100.0,0.0
2024-06-12,19,12:45,5.8458,17.0147,22.8605,42.09,0.240549,40.0,100.0,0.0
2024-06-12,20,13:00,5.1816,17.1381,22.3197,40.72,0.227214,40.0,100.0,0.0
2024-06-12,21,13:15,6.7301,16.0793,22.8094,40.72,0.232199,40.0,100.0,0.0
2024-06-12,22,13:30,3.9878,3.2115,7.1993,40.72,0.073289,40.0,100.0,0.0
2024-06-12,23,13:45,1.8638,9.5021,11.3659,40.72,0.115705,100.0,140.0,0.0
2024-06-12,24,14:00,6.7293,17.0147,23.744,39.68,0.23554,100.0,140.0,0.0
2024-06-12,25,14:15,5.9956,17.1381,23.1337,39.68,0.229486,100.0,140.0,0.0
2024-06-12,26,14:30,7.1179,16.0793,23.1972,39.68,0.230116,100.0,140.0,0.0
2024-06-12,27,14:45,6.1091,3.2115,9.3206,39.68,0.09246,100.0,140.0,0.0
2024-06-12,28,15:00,5.6324,9.5021,15.1345,45.34,0.17155,60.0,30.0,150.0
2024-06-12,29,15:15,5.8458,17.0147,22.8605,45.34,0.259124,60.0,30.0,0.0
2024-06-12,30,15:30,5.1816,17.1381,22.3197,45.34,0.252993,60.0,30.0,0.0
2024-06-12,31,15:45,6.7301,16.0793,22.8094,45.34,0.258544,60.0,30.0,0.0
2024-06-12,32,16:00,3.9878,3.2115,7.1993,63.0,0.113389,60.0,30.0,0.0
2024-06-12,33,16:15,0.0,0.0,0.0,63.0,0.0,160.0,70.0,0.0
2024-06-12,34,16:30,0.0,0.0,0.0,63.0,0.0,160.0,70.0,0.0
2024-06-12,35,16:45,0.0,0.0,0.0,63.0,0.0,160.0,70.0,0.0
2024-06-12,36,17:00,0.0,0.0,0.0,81.2,0.0,160.0,70.0,0.0
2024-06-12,37,17:15,0.0,0.0,0.0,81.2,0.0,160.0,70.0,0.0
2024-06-12,38,17:30,0.0,0.0,0.0,81.2,0.0,160.0,70.0,0.0
2024-06-12,39,17:45,0.0,0.0,0.0,81.2,0.0,160.0,70.0,0.0
2024-06-12,40,18:00,0.0,0.0,0.0,99.95,0.0,160.0,70.0,0.0
2024-06-12,41,18:15,0.0,0.0,0.0,99.95,0.0,160.0,70.0,0.0
2024-06-12,42,18:30,0.0,0.0,0.0,99.95,0.0,160.0,70.0,0.0
2024-06-12,43,18:45,0.0,0.0,0.0,99.95,0.0,160.0,70.0,0.0
2024-06-12,44,19:00,0.0,0.0,0.0,135.7,0.0,160.0,70.0,0.0
2024-06-12,45,19:15,0.0,0.0,0.0,135.7,0.0,160.0,70.0,0.0
2024-06-12,46,19:30,0.0,0.0,0.0,135.7,0.0,160.0,70.0,0.0
2024-06-12,47,19:45,0.0,0.0,0.0,135.7,0.0,160.0,70.0,0.0
2024-06-12,48,20:00,0.0,0.0,0.0,154.34,0.0,160.0,70.0,0.0
2024-06-12,49,20:15,0.0,0.0,0.0,154.34,0.0,160.0,70.0,0.0
2024-06-12,50,20:30,0.0,0.0,0.0,154.34,0.0,160.0,70.0,0.0
2024-06-12,51,20:45,0.0,0.0,0.0,154.34,0.0,160.0,70.0,0.0
2024-06-12,52,21:00,0.0,0.0,0.0,154.66,0.0,160.0,70.0,0.0
2024-06-12,53,21:15,0.0,0.0,0.0,154.66,0.0,160.0,70.0,0.0
2024-06-12,54,21:30,0.0,0.0,0.0,154.66,0.0,160.0,70.0,0.0
2024-06-12,55,21:45,0.0,0.0,0.0,154.66,0.0,160.0,70.0,0.0
2024-06-13,0,08:00,0.0,0.0,0.0,115.02,0.0,160.0,70.0,0.0
2024-06-13,1,08:15,0.0,0.0,0.0,115.02,0.0,160.0,70.0,0.0
2024-06-13,2,08:30,0.0,0.0,0.0,115.02,0.0,160.0,70.0,0.0
2024-06-13,3,08:45,0.0,0.0,0.0,115.02,0.0,160.0,70.0,0.0
2024-06-13,4,09:00,0.0,0.0,0.0,83.8,0.0,160.0,70.0,0.0
2024-06-13,5,09:15,0.0,0.0,0.0,83.8,0.0,160.0,70.0,0.0
2024-06-13,6,09:30,0.0,0.0,0.0,83.8,0.0,160.0,70.0,0.0
2024-06-13,7,09:45,0.0,0.0,0.0,83.8,0.0,160.0,70.0,0.0
2024-06-13,8,10:00,0.0,0.0,0.0,69.01,0.0,160.0,70.0,0.0
2024-06-13,9,10:15,0.0,0.0,0.0,69.01,0.0,160.0,70.0,0.0
2024-06-13,10,10:30,0.0,0.0,0.0,69.01,0.0,160.0,70.0,0.0
2024-06-13,11,10:45,0.0,0.0,0.0,69.01,0.0,160.0,70.0,0.0
2024-06-13,12,11:00,0.0,0.0,0.0,61.71,0.0,160.0,70.0,0.0
2024-06-13,13,11:15,0.0,0.0,0.0,61.71,0.0,160.0,70.0,0.0
2024-06-13,14,11:30,0.0,0.0,0.0,61.71,0.0,160.0,70.0,0.0
2024-06-13,15,11:45,0.0,0.0,0.0,61.71,0.0,160.0,70.0,0.0
2024-06-13,16,12:00,0.0,0.0,0.0,53.36,0.0,160.0,70.0,0.0
2024-06-13,17,12:15,0.0,0.0,0.0,53.36,0.0,160.0,70.0,0.0
2024-06-13,18,12:30,0.0,9.5021,9.5021,53.36,0.126758,120.0,70.0,0.0
2024-06-13,19,12:45,0.0,17.0147,17.0147,53.36,0.226976,120.0,70.0,0.0
2024-06-13,20,13:00,0.0,17.1381,17.1381,46.96,0.201201,120.0,70.0,0.0
2024-06-13,21,13:15,0.0,16.0793,16.0793,46.96,0.188771,120.0,70.0,0.0
2024-06-13,22,13:30,0.0,3.2115,3.2115,46.96,0.037703,120.0,70.0,0.0
2024-06-13,23,13:45,0.0,9.5021,9.5021,46.96,0.111555,80.0,110.0,0.0
2024-06-13,24,14:00,0.0,17.0147,17.0147,43.35,0.184397,80.0,110.0,0.0
2024-06-13,25,14:15,0.0,17.1381,17.1381,43.35,0.185734,80.0,110.0,0.0
2024-06-13,26,14:30,0.0,16.0793,16.0793,43.35,0.174259,80.0,110.0,0.0
2024-06-13,27,14:45,0.0,3.2115,3.2115,43.35,0.034804,80.0,110.0,0.0
2024-06-13,28,15:00,0.0,0.0,0.0,53.74,0.0,80.0,30.0,120.0
2024-06-13,29,15:15,0.0,0.0,0.0,53.74,0.0,80.0,30.0,0.0
2024-06-13,30,15:30,0.0,0.0,0.0,53.74,0.0,80.0,30.0,0.0
2024-06-13,31,15:45,0.0,0.0,0.0,53.74,0.0,80.0,30.0,0.0
2024-06-13,32,16:00,0.0,0.0,0.0,77.42,0.0,80.0,30.0,0.0
2024-06-13,33,16:15,0.0,0.0,0.0,77.42,0.0,80.0,30.0,0.0
2024-06-13,34,16:30,0.0,0.0,0.0,77.42,0.0,80.0,30.0,0.0
2024-06-13,35,16:45,0.0,0.0,0.0,77.42,0.0,80.0,30.0,0.0
2024-06-13,36,17:00,0.0,0.0,0.0,80.08,0.0,80.0,30.0,0.0
2024-06-13,37,17:15,0.0,0.0,0.0,80.08,0.0,80.0,30.0,0.0
2024-06-13,38,17:30,0.0,0.0,0.0,80.08,0.0,80.0,30.0,0.0
2024-06-13,39,17:45,0.0,0.0,0.0,80.08,0.0,80.0,30.0,0.0
2024-06-13,40,18:00,0.0,0.0,0.0,106.91,0.0,80.0,30.0,0.0
2024-06-13,41,18:15,0.0,0.0,0.0,106.91,0.0,80.0,30.0,0.0
2024-06-13,42,18:30,0.0,0.0,0.0,106.91,0.0,80.0,30.0,0.0
2024-06-13,43,18:45,0.0,0.0,0.0,106.91,0.0,80.0,30.0,0.0
2024-06-13,44,19:00,0.0,0.0,0.0,139.66,0.0,80.0,30.0,0.0
2024-06-13,45,19:15,0.0,0.0,0.0,139.66,0.0,80.0,30.0,0.0
2024-06-13,46,19:30,0.0,0.0,0.0,139.66,0.0,80.0,30.0,0.0
2024-06-13,47,19:45,0.0,0.0,0.0,139.66,0.0,80.0,30.0,0.0
2024-06-13,48,20:00,0.0,0.0,0.0,188.35,0.0,80.0,30.0,0.0
2024-06-13,49,20:15,0.0,0.0,0.0,188.35,0.0,80.0,30.0,0.0
2024-06-13,50,20:30,0.0,0.0,0.0,188.35,0.0,80.0,30.0,0.0
2024-06-13,51,20:45,0.0,0.0,0.0,188.35,0.0,80.0,30.0,0.0
2024-06-13,52,21:00,0.0,0.0,0.0,163.84,0.0,80.0,30.0,0.0
2024-06-13,53,21:15,0.0,0.0,0.0,163.84,0.0,80.0,30.0,0.0
2024-06-13,54,21:30,0.0,0.0,0.0,163.84,0.0,80.0,30.0,0.0
2024-06-13,55,21:45,0.0,0.0,0.0,163.84,0.0,80.0,30.0,0.0
2024-06-14,0,08:00,0.0,0.0,0.0,104.99,0.0,80.0,30.0,0.0
2024-06-14,1,08:15,0.0,0.0,0.0,104.99,0.0,80.0,30.0,0.0
2024-06-14,2,08:30,0.0,0.0,0.0,104.99,0.0,80.0,30.0,0.0
2024-06-14,3,08:45,0.0,0.0,0.0,104.99,0.0,80.0,30.0,0.0
2024-06-14,4,09:00,0.0,0.0,0.0,102.54,0.0,80.0,30.0,0.0
2024-06-14,5,09:15,0.0,0.0,0.0,102.54,0.0,80.0,30.0,0.0
2024-06-14,6,09:30,0.0,0.0,0.0,102.54,0.0,80.0,30.0,0.0
2024-06-14,7,09:45,0.0,0.0,0.0,102.54,0.0,80.0,30.0,0.0
2024-06-14,8,10:00,0.0,0.0,0.0,82.18,0.0,80.0,30.0,0.0
2024-06-14,9,10:15,0.0,0.0,0.0,82.18,0.0,80.0,30.0,0.0
2024-06-14,10,10:30,0.0,0.0,0.0,82.18,0.0,80.0,30.0,0.0
2024-06-14,11,10:45,0.0,0.0,0.0,82.18,0.0,80.0,30.0,0.0
2024-06-14,12,11:00,0.0,0.0,0.0,68.1,0.0,80.0,30.0,0.0
2024-06-14,13,11:15,0.0,0.0,0.0,68.1,0.0,80.0,30.0,0.0
2024-06-14,14,11:30,0.0,0.0,0.0,68.1,0.0,80.0,30.0,0.0
2024-06-14,15,11:45,0.0,0.0,0.0,68.1,0.0,80.0,30.0,0.0
2024-06-14,16,12:00,1.8638,0.0,1.8638,60.88,0.028368,80.0,30.0,0.0
2024-06-14,17,12:15,6.7293,0.0,6.7293,60.88,0.10242,80.0,30.0,0.0
2024-06-14,18,12:30,5.9956,9.5021,15.4977,60.88,0.235875,40.0,30.0,0.0
2024-06-14,19,12:45,7.1179,17.0147,24.1326,60.88,0.367298,40.0,30.0,0.0
2024-06-14,20,13:00,6.1091,17.1381,23.2472,47.46,0.275828,40.0,30.0,0.0
2024-06-14,21,13:15,5.6324,16.0793,21.7117,47.46,0.25761,40.0,30.0,0.0
2024-06-14,22,13:30,5.8458,3.2115,9.0573,47.46,0.107465,40.0,30.0,0.0
2024-06-14,23,13:45,5.1816,9.5021,14.6837,47.46,0.174222,0.0,70.0,0.0
2024-06-14,24,14:00,6.7301,17.0147,23.7448,40.74,0.241841,0.0,70.0,0.0
2024-06-14,25,14:15,3.9878,17.1381,21.1259,40.74,0.215167,0.0,70.0,0.0
2024-06-14,26,14:30,1.8638,16.0793,17.9431,40.74,0.182751,100.0,70.0,0.0
2024-06-14,27,14:45,6.7293,3.2115,9.9408,40.74,0.101247,100.0,70.0,0.0
2024-06-14,28,15:00,5.9956,9.5021,15.4977,41.0,0.158851,60.0,110.0,0.0
2024-06-14,29,15:15,7.1179,17.0147,24.1326,41.0,0.247359,60.0,110.0,0.0
2024-06-14,30,15:30,6.1091,17.1381,23.2472,41.0,0.238283,60.0,110.0,0.0
2024-06-14,31,15:45,5.6324,16.0793,21.7117,41.0,0.222545,60.0,110.0,0.0
2024-06-14,32,16:00,5.8458,3.2115,9.0573,60.31,0.136561,60.0,110.0,0.0
2024-06-14,33,16:15,5.1816,0.0,5.1816,60.31,0.078125,60.0,150.0,0.0
2024-06-14,34,16:30,6.7301,0.0,6.7301,60.31,0.101473,60.0,150.0,0.0
2024-06-14,35,16:45,3.9878,0.0,3.9878,60.31,0.060126,60.0,150.0,0.0
2024-06-14,36,17:00,0.0,0.0,0.0,75.0,0.0,160.0,150.0,0.0
2024-06-14,37,17:15,0.0,0.0,0.0,75.0,0.0,160.0,150.0,0.0
2024-06-14,38,17:30,0.0,0.0,0.0,75.0,0.0,160.0,150.0,0.0
2024-06-14,39,17:45,0.0,0.0,0.0,75.0,0.0,160.0,150.0,0.0
2024-06-14,40,18:00,0.0,0.0,0.0,90.98,0.0,160.0,150.0,0.0
2024-06-14,41,18:15,0.0,0.0,0.0,90.98,0.0,160.0,150.0,0.0
2024-06-14,42,18:30,0.0,0.0,0.0,90.98,0.0,160.0,150.0,0.0
2024-06-14,43,18:45,0.0,0.0,0.0,90.98,0.0,160.0,150.0,0.0
2024-06-14,44,19:00,0.0,0.0,0.0,136.0,0.0,160.0,150.0,0.0
2024-06-14,45,19:15,0.0,0.0,0.0,136.0,0.0,160.0,150.0,0.0
2024-06-14,46,19:30,0.0,0.0,0.0,136.0,0.0,160.0,150.0,0.0
2024-06-14,47,19:45,0.0,0.0,0.0,136.0,0.0,160.0,150.0,0.0
2024-06-14,48,20:00,0.0,0.0,0.0,127.31,0.0,160.0,150.0,0.0
2024-06-14,49,20:15,0.0,0.0,0.0,127.31,0.0,160.0,150.0,0.0
2024-06-14,50,20:30,0.0,0.0,0.0,127.31,0.0,160.0,150.0,0.0
2024-06-14,51,20:45,0.0,0.0,0.0,127.31,0.0,160.0,150.0,0.0
2024-06-14,52,21:00,0.0,0.0,0.0,117.12,0.0,160.0,150.0,0.0
2024-06-14,53,21:15,0.0,0.0,0.0,117.12,0.0,160.0,150.0,0.0
2024-06-14,54,21:30,0.0,0.0,0.0,117.12,0.0,160.0,150.0,0.0
2024-06-14,55,21:45,0.0,0.0,0.0,117.12,0.0,160.0,70.0,80.0
2024-06-17,0,08:00,0.0,0.0,0.0,116.23,0.0,160.0,70.0,0.0
2024-06-17,1,08:15,0.0,0.0,0.0,116.23,0.0,160.0,70.0,0.0
2024-06-17,2,08:30,0.0,0.0,0.0,116.23,0.0,160.0,70.0,0.0
2024-06-17,3,08:45,0.0,0.0,0.0,116.23,0.0,160.0,70.0,0.0
2024-06-17,4,09:00,0.0,0.0,0.0,84.73,0.0,160.0,70.0,0.0
2024-06-17,5,09:15,0.0,0.0,0.0,84.73,0.0,160.0,70.0,0.0
2024-06-17,6,09:30,0.0,0.0,0.0,84.73,0.0,160.0,70.0,0.0
2024-06-17,7,09:45,0.0,9.5021,9.5021,84.73,0.201278,120.0,70.0,0.0
2024-06-17,8,10:00,0.0,17.0147,17.0147,62.11,0.264195,120.0,70.0,0.0
2024-06-17,9,10:15,0.0,17.1381,17.1381,62.11,0.266112,120.0,70.0,0.0
2024-06-17,10,10:30,0.0,16.0793,16.0793,62.11,0.249671,120.0,70.0,0.0
2024-06-17,11,10:45,0.0,3.2115,3.2115,62.11,0.049866,120.0,70.0,0.0
2024-06-17,12,11:00,1.8638,9.5021,11.3659,55.01,0.15631,80.0,110.0,0.0
2024-06-17,13,11:15,6.7293,17.0147,23.744,55.01,0.326539,80.0,110.0,0.0
2024-06-17,14,11:30,5.9956,17.1381,23.1337,55.01,0.318146,80.0,110.0,0.0
2024-06-17,15,11:45,7.1179,16.0793,23.1972,55.01,0.319019,80.0,110.0,0.0
2024-06-17,16,12:00,6.1091,3.2115,9.3206,41.86,0.09754,80.0,110.0,0.0
2024-06-17,17,12:15,5.6324,9.5021,15.1345,41.86,0.158383,40.0,150.0,0.0
2024-06-17,18,12:30,5.8458,17.0147,22.8605,41.86,0.239235,40.0,150.0,0.0
2024-06-17,19,12:45,5.1816,17.1381,22.3197,41.86,0.233575,40.0,150.0,0.0
2024-06-17,20,13:00,6.7301,16.0793,22.8094,39.45,0.224958,40.0,150.0,0.0
2024-06-17,21,13:15,3.9878,3.2115,7.1993,39.45,0.071003,40.0,150.0,0.0
2024-06-17,22,13:30,1.8638,9.5021,11.3659,39.45,0.112097,100.0,190.0,0.0
2024-06-17,23,13:45,6.7293,17.0147,23.744,39.45,0.234175,100.0,190.0,0.0
2024-06-17,24,14:00,5.9956,17.1381,23.1337,46.62,0.269623,100.0,190.0,0.0
2024-06-17,25,14:15,7.1179,16.0793,23.1972,46.62,0.270363,100.0,190.0,0.0
2024-06-17,26,14:30,6.1091,3.2115,9.3206,46.62,0.108631,100.0,190.0,0.0
2024-06-17,27,14:45,5.6324,9.5021,15.1345,46.62,0.176393,60.0,230.0,0.0
2024-06-17,28,15:00,5.8458,17.0147,22.8605,54.54,0.311703,60.0,110.0,120.0
2024-06-17,29,15:15,5.1816,17.1381,22.3197,54.54,0.304329,60.0,110.0,0.0
2024-06-17,30,15:30,6.7301,16.0793,22.8094,54.54,0.311006,60.0,110.0,0.0
2024-06-17,31,15:45,3.9878,3.2115,7.1993,54.54,0.098162,60.0,110.0,0.0
2024-06-17,32,16:00,0.0,9.5021,9.5021,64.21,0.152532,120.0,150.0,0.0
2024-06-17,33,16:15,0.0,17.0147,17.0147,64.21,0.273128,120.0,150.0,0.0
2024-06-17,34,16:30,0.0,17.1381,17.1381,64.21,0.275109,120.0,150.0,0.0
2024-06-17,35,16:45,0.0,16.0793,16.0793,64.21,0.258113,120.0,150.0,0.0
2024-06-17,36,17:00,0.0,3.2115,3.2115,88.58,0.071118,120.0,150.0,0.0
2024-06-17,37,17:15,0.0,0.0,0.0,88.58,0.0,120.0,190.0,0.0
2024-06-17,38,17:30,0.0,0.0,0.0,88.58,0.0,120.0,190.0,0.0
2024-06-17,39,17:45,0.0,0.0,0.0,88.58,0.0,120.0,190.0,0.0
2024-06-17,40,18:00,0.0,0.0,0.0,114.16,0.0,120.0,190.0,0.0
2024-06-17,41,18:15,0.0,0.0,0.0,114.16,0.0,120.0,190.0,0.0
2024-06-17,42,18:30,0.0,0.0,0.0,114.16,0.0,120.0,190.0,0.0
2024-06-17,43,18:45,0.0,0.0,0.0,114.16,0.0,120.0,190.0,0.0
2024-06-17,44,19:00,0.0,0.0,0.0,157.37,0.0,120.0,190.0,0.0
2024-06-17,45,19:15,0.0,0.0,0.0,157.37,0.0,120.0,190.0,0.0
2024-06-17,46,19:30,0.0,0.0,0.0,157.37,0.0,120.0,190.0,0.0
2024-06-17,47,19:45,0.0,0.0,0.0,157.37,0.0,120.0,190.0,0.0
2024-06-17,48,20:00,0.0,0.0,0.0,210.16,0.0,120.0,190.0,0.0
2024-06-17,49,20:15,0.0,0.0,0.0,210.16,0.0,120.0,190.0,0.0
2024-06-17,50,20:30,0.0,0.0,0.0,210.16,0.0,120.0,190.0,0.0
2024-06-17,51,20:45,0.0,0.0,0.0,210.16,0.0,120.0,190.0,0.0
2024-06-17,52,21:00,0.0,0.0,0.0,200.01,0.0,120.0,190.0,0.0
2024-06-17,53,21:15,0.0,0.0,0.0,200.01,0.0,120.0,190.0,0.0
2024-06-17,54,21:30,0.0,0.0,0.0,200.01,0.0,120.0,190.0,0.0
2024-06-17,55,21:45,0.0,0.0,0.0,200.01,0.0,120.0,50.0,140.0
2024-06-18,0,08:00,0.0,0.0,0.0,95.96,0.0,120.0,50.0,0.0
2024-06-18,1,08:15,0.0,0.0,0.0,95.96,0.0,120.0,50.0,0.0
2024-06-18,2,08:30,0.0,0.0,0.0,95.96,0.0,120.0,50.0,0.0
2024-06-18,3,08:45,0.0,0.0,0.0,95.96,0.0,120.0,50.0,0.0
2024-06-18,4,09:00,0.0,9.5021,9.5021,80.9,0.19218,80.0,50.0,0.0
2024-06-18,5,09:15,0.0,17.0147,17.0147,80.9,0.344122,80.0,50.0,0.0
2024-06-18,6,09:30,0.0,17.1381,17.1381,80.9,0.346618,80.0,50.0,0.0
2024-06-18,7,09:45,0.0,16.0793,16.0793,80.9,0.325203,80.0,50.0,0.0
2024-06-18,8,10:00,0.0,3.2115,3.2115,69.91,0.056129,80.0,50.0,0.0
2024-06-18,9,10:15,1.8638,9.5021,11.3659,69.91,0.198648,40.0,90.0,0.0
2024-06-18,10,10:30,6.7293,17.0147,23.744,69.91,0.414985,40.0,90.0,0.0
2024-06-18,11,10:45,5.9956,17.1381,23.1337,69.91,0.404319,40.0,90.0,0.0
2024-06-18,12,11:00,7.1179,16.0793,23.1972,54.81,0.317859,40.0,90.0,0.0
2024-06-18,13,11:15,6.1091,3.2115,9.3206,54.81,0.127715,40.0,90.0,0.0
2024-06-18,14,11:30,5.6324,9.5021,15.1345,54.81,0.207381,0.0,130.0,0.0
2024-06-18,15,11:45,5.8458,17.0147,22.8605,54.81,0.313246,0.0,130.0,0.0
2024-06-18,16,12:00,5.1816,17.1381,22.3197,51.16,0.285469,0.0,130.0,0.0
2024-06-18,17,12:15,6.7301,16.0793,22.8094,51.16,0.291732,0.0,130.0,0.0
2024-06-18,18,12:30,3.9878,3.2115,7.1993,51.16,0.092079,0.0,130.0,0.0
2024-06-18,19,12:45,1.8638,9.5021,11.3659,51.16,0.14537,60.0,170.0,0.0
2024-06-18,20,13:00,6.7293,17.0147,23.744,51.03,0.302913,60.0,170.0,0.0
2024-06-18,21,13:15,5.9956,17.1381,23.1337,51.03,0.295128,60.0,170.0,0.0
2024-06-18,22,13:30,7.1179,16.0793,23.1972,51.03,0.295938,60.0,170.0,0.0
2024-06-18,23,13:45,6.1091,3.2115,9.3206,51.03,0.118907,60.0,170.0,0.0
2024-06-18,24,14:00,5.6324,9.5021,15.1345,57.04,0.215819,20.0,210.0,0.0
2024-06-18,25,14:15,5.8458,17.0147,22.8605,57.04,0.325991,20.0,210.0,0.0
2024-06-18,26,14:30,5.1816,17.1381,22.3197,57.04,0.318278,20.0,210.0,0.0
2024-06-18,27,14:45,6.7301,16.0793,22.8094,57.04,0.325262,20.0,210.0,0.0
2024-06-18,28,15:00,3.9878,3.2115,7.1993,73.12,0.131603,20.0,60.0,150.0
2024-06-18,29,15:15,0.0,9.5021,9.5021,73.12,0.173698,80.0,100.0,0.0
2024-06-18,30,15:30,0.0,17.0147,17.0147,73.12,0.311028,80.0,100.0,0.0
2024-06-18,31,15:45,0.0,17.1381,17.1381,73.12,0.313284,80.0,100.0,0.0
2024-06-18,32,16:00,0.0,16.0793,16.0793,76.24,0.306471,80.0,100.0,0.0
2024-06-18,33,16:15,0.0,3.2115,3.2115,76.24,0.061211,80.0,100.0,0.0
2024-06-18,34,16:30,0.0,9.5021,9.5021,76.24,0.18111,40.0,140.0,0.0
2024-06-18,35,16:45,0.0,17.0147,17.0147,76.24,0.3243,40.0,140.0,0.0
2024-06-18,36,17:00,0.0,17.1381,17.1381,90.06,0.385864,40.0,140.0,0.0
2024-06-18,37,17:15,0.0,16.0793,16.0793,90.06,0.362025,40.0,140.0,0.0
2024-06-18,38,17:30,0.0,3.2115,3.2115,90.06,0.072307,40.0,140.0,0.0
2024-06-18,39,17:45,0.0,0.0,0.0,90.06,0.0,40.0,180.0,0.0
2024-06-18,40,18:00,0.0,0.0,0.0,133.25,0.0,40.0,180.0,0.0
2024-06-18,41,18:15,0.0,0.0,0.0,133.25,0.0,40.0,180.0,0.0
2024-06-18,42,18:30,0.0,0.0,0.0,133.25,0.0,40.0,180.0,0.0
2024-06-18,43,18:45,0.0,0.0,0.0,133.25,0.0,40.0,180.0,0.0
2024-06-18,44,19:00,0.0,0.0,0.0,158.19,0.0,40.0,180.0,0.0
2024-06-18,45,19:15,0.0,0.0,0.0,158.19,0.0,40.0,180.0,0.0
2024-06-18,46,19:30,0.0,0.0,0.0,158.19,0.0,40.0,180.0,0.0
2024-06-18,47,19:45,0.0,0.0,0.0,158.19,0.0,40.0,180.0,0.0
2024-06-18,48,20:00,0.0,0.0,0.0,171.87,0.0,40.0,180.0,0.0
2024-06-18,49,20:15,0.0,0.0,0.0,171.87,0.0,40.0,180.0,0.0
2024-06-18,50,20:30,0.0,0.0,0.0,171.87,0.0,40.0,180.0,0.0
2024-06-18,51,20:45,0.0,0.0,0.0,171.87,0.0,40.0,180.0,0.0
2024-06-18,52,21:00,0.0,0.0,0.0,134.47,0.0,40.0,180.0,0.0
2024-06-18,53,21:15,0.0,0.0,0.0,134.47,0.0,40.0,180.0,0.0
2024-06-18,54,21:30,0.0,0.0,0.0,134.47,0.0,40.0,180.0,0.0
2024-06-18,55,21:45,0.0,0.0,0.0,134.47,0.0,40.0,30.0,150.0
2024-06-19,0,08:00,0.0,0.0,0.0,107.33,0.0,40.0,30.0,0.0
2024-06-19,1,08:15,0.0,0.0,0.0,107.33,0.0,40.0,30.0,0.0
2024-06-19,2,08:30,0.0,0.0,0.0,107.33,0.0,40.0,30.0,0.0
2024-06-19,3,08:45,0.0,0.0,0.0,107.33,0.0,40.0,30.0,0.0
2024-06-19,4,09:00,0.0,0.0,0.0,86.31,0.0,40.0,30.0,0.0
2024-06-19,5,09:15,0.0,0.0,0.0,86.31,0.0,40.0,30.0,0.0
2024-06-19,6,09:30,0.0,0.0,0.0,86.31,0.0,40.0,30.0,0.0
2024-06-19,7,09:45,0.0,0.0,0.0,86.31,0.0,40.0,30.0,0.0
2024-06-19,8,10:00,1.8638,0.0,1.8638,75.1,0.034994,40.0,30.0,0.0
2024-06-19,9,10:15,6.7293,0.0,6.7293,75.1,0.126342,40.0,30.0,0.0
2024-06-19,10,10:30,5.9956,0.0,5.9956,75.1,0.112567,40.0,30.0,0.0
2024-06-19,11,10:45,7.1179,0.0,7.1179,75.1,0.133638,40.0,30.0,0.0
2024-06-19,12,11:00,6.1091,0.0,6.1091,66.23,0.101151,40.0,30.0,0.0
2024-06-19,13,11:15,5.6324,9.5021,15.1345,66.23,0.25059,0.0,30.0,0.0
2024-06-19,14,11:30,5.8458,17.0147,22.8605,66.23,0.378513,0.0,30.0,0.0
2024-06-19,15,11:45,5.1816,17.1381,22.3197,66.23,0.369558,0.0,30.0,0.0
2024-06-19,16,12:00,6.7301,16.0793,22.8094,58.03,0.330907,0.0,30.0,0.0
2024-06-19,17,12:15,3.9878,3.2115,7.1993,58.03,0.104444,0.0,30.0,0.0
2024-06-19,18,12:30,1.8638,9.5021,11.3659,58.03,0.164891,60.0,70.0,0.0
2024-06-19,19,12:45,6.7293,17.0147,23.744,58.03,0.344465,60.0,70.0,0.0
2024-06-19,20,13:00,5.9956,17.1381,23.1337,39.84,0.230411,60.0,70.0,0.0
2024-06-19,21,13:15,7.1179,16.0793,23.1972,39.84,0.231044,60.0,70.0,0.0
2024-06-19,22,13:30,6.1091,3.2115,9.3206,39.84,0.092833,60.0,70.0,0.0
2024-06-19,23,13:45,5.6324,9.5021,15.1345,39.84,0.15074,20.0,110.0,0.0
2024-06-19,24,14:00,5.8458,17.0147,22.8605,22.41,0.128076,20.0,110.0,0.0
2024-06-19,25,14:15,5.1816,17.1381,22.3197,22.41,0.125046,20.0,110.0,0.0
2024-06-19,26,14:30,6.7301,16.0793,22.8094,22.41,0.12779,20.0,110.0,0.0
2024-06-19,27,14:45,3.9878,3.2115,7.1993,22.41,0.040334,20.0,110.0,0.0
2024-06-19,28,15:00,1.8638,9.5021,11.3659,23.56,0.066945,80.0,150.0,0.0
2024-06-19,29,15:15,6.7293,17.0147,23.744,23.56,0.139852,80.0,150.0,0.0
2024-06-19,30,15:30,5.9956,17.1381,23.1337,23.56,0.136257,80.0,150.0,0.0
2024-06-19,31,15:45,7.1179,16.0793,23.1972,23.56,0.136631,80.0,150.0,0.0
2024-06-19,32,16:00,6.1091,3.2115,9.3206,59.9,0.139575,80.0,150.0,0.0
2024-06-19,33,16:15,5.6324,9.5021,15.1345,59.9,0.22664,40.0,190.0,0.0
2024-06-19,34,16:30,5.8458,17.0147,22.8605,59.9,0.342336,40.0,190.0,0.0
2024-06-19,35,16:45,5.1816,17.1381,22.3197,59.9,0.334237,40.0,190.0,0.0
2024-06-19,36,17:00,6.7301,16.0793,22.8094,70.0,0.399164,40.0,190.0,0.0
2024-06-19,37,17:15,3.9878,3.2115,7.1993,70.0,0.125988,40.0,190.0,0.0
2024-06-19,38,17:30,0.0,0.0,0.0,70.0,0.0,140.0,230.0,0.0
2024-06-19,39,17:45,0.0,0.0,0.0,70.0,0.0,140.0,230.0,0.0
2024-06-19,40,18:00,0.0,0.0,0.0,88.44,0.0,140.0,230.0,0.0
2024-06-19,41,18:15,0.0,0.0,0.0,88.44,0.0,140.0,230.0,0.0
2024-06-19,42,18:30,0.0,0.0,0.0,88.44,0.0,140.0,230.0,0.0
2024-06-19,43,18:45,0.0,0.0,0.0,88.44,0.0,140.0,230.0,0.0
2024-06-19,44,19:00,0.0,0.0,0.0,102.9,0.0,140.0,230.0,0.0
2024-06-19,45,19:15,0.0,0.0,0.0,102.9,0.0,140.0,230.0,0.0
2024-06-19,46,19:30,0.0,0.0,0.0,102.9,0.0,140.0,230.0,0.0
2024-06-19,47,19:45,0.0,0.0,0.0,102.9,0.0,140.0,230.0,0.0
2024-06-19,48,20:00,0.0,0.0,0.0,143.66,0.0,140.0,230.0,0.0
2024-06-19,49,20:15,0.0,0.0,0.0,143.66,0.0,140.0,230.0,0.0
2024-06-19,50,20:30,0.0,0.0,0.0,143.66,0.0,140.0,230.0,0.0
2024-06-19,51,20:45,0.0,0.0,0.0,143.66,0.0,140.0,230.0,0.0
2024-06-19,52,21:00,0.0,0.0,0.0,115.08,0.0,140.0,230.0,0.0
2024-06-19,53,21:15,0.0,0.0,0.0,115.08,0.0,140.0,230.0,0.0
2024-06-19,54,21:30,0.0,0.0,0.0,115.08,0.0,140.0,230.0,0.0
2024-06-19,55,21:45,0.0,0.0,0.0,115.08,0.0,140.0,90.0,140.0
2024-06-20,0,08:00,0.0,0.0,0.0,102.99,0.0,140.0,90.0,0.0
2024-06-20,1,08:15,0.0,0.0,0.0,102.99,0.0,140.0,90.0,0.0
2024-06-20,2,08:30,0.0,0.0,0.0,102.99,0.0,140.0,90.0,0.0
2024-06-20,3,08:45,0.0,9.5021,9.5021,102.99,0.244655,100.0,90.0,0.0
2024-06-20,4,09:00,0.0,17.0147,17.0147,80.69,0.343228,100.0,90.0,0.0
2024-06-20,5,09:15,1.8638,17.1381,19.0019,80.69,0.383317,100.0,90.0,0.0
2024-06-20,6,09:30,6.7293,16.0793,22.8086,80.69,0.460106,100.0,90.0,0.0
2024-06-20,7,09:45,5.9956,3.2115,9.2071,80.69,0.18573,100.0,90.0,0.0
2024-06-20,8,10:00,7.1179,9.5021,16.62,69.13,0.287235,60.0,130.0,0.0
2024-06-20,9,10:15,6.1091,17.0147,23.1237,69.13,0.399636,60.0,130.0,0.0
2024-06-20,10,10:30,5.6324,17.1381,22.7705,69.13,0.393532,60.0,130.0,0.0
2024-06-20,11,10:45,5.8458,16.0793,21.9251,69.13,0.37892,60.0,130.0,0.0
2024-06-20,12,11:00,5.1816,3.2115,8.3931,58.77,0.123315,60.0,130.0,0.0
2024-06-20,13,11:15,6.7301,9.5021,16.2322,58.77,0.238492,20.0,170.0,0.0
2024-06-20,14,11:30,3.9878,17.0147,21.0025,58.77,0.308579,20.0,170.0,0.0
2024-06-20,15,11:45,1.8638,17.1381,19.0019,58.77,0.279186,120.0,170.0,0.0
2024-06-20,16,12:00,6.7293,16.0793,22.8086,55.46,0.316241,120.0,170.0,0.0
2024-06-20,17,12:15,5.9956,3.2115,9.2071,55.46,0.127656,120.0,170.0,0.0
2024-06-20,18,12:30,7.1179,9.5021,16.62,55.46,0.230436,80.0,210.0,0.0
2024-06-20,19,12:45,6.1091,17.0147,23.1237,55.46,0.320611,80.0,210.0,0.0
2024-06-20,20,13:00,5.6324,17.1381,22.7705,53.81,0.306321,80.0,210.0,0.0
2024-06-20,21,13:15,5.8458,16.0793,21.9251,53.81,0.294947,80.0,210.0,0.0
2024-06-20,22,13:30,5.1816,3.2115,8.3931,53.81,0.112908,80.0,210.0,0.0
2024-06-20,23,13:45,6.7301,9.5021,16.2322,53.81,0.218364,40.0,250.0,0.0
2024-06-20,24,14:00,3.9878,17.0147,21.0025,57.18,0.30023,40.0,250.0,0.0
2024-06-20,25,14:15,1.8638,17.1381,19.0019,57.18,0.271633,140.0,250.0,0.0
2024-06-20,26,14:30,6.7293,16.0793,22.8086,57.18,0.326048,140.0,250.0,0.0
2024-06-20,27,14:45,5.9956,3.2115,9.2071,57.18,0.131615,140.0,250.0,0.0
2024-06-20,28,15:00,7.1179,9.5021,16.62,68.58,0.28495,100.0,140.0,150.0
2024-06-20,29,15:15,6.1091,17.0147,23.1237,68.58,0.396457,100.0,140.0,0.0
2024-06-20,30,15:30,5.6324,17.1381,22.7705,68.58,0.390401,100.0,140.0,0.0
2024-06-20,31,15:45,5.8458,16.0793,21.9251,68.58,0.375906,100.0,140.0,0.0
2024-06-20,32,16:00,5.1816,3.2115,8.3931,80.0,0.167861,100.0,140.0,0.0
2024-06-20,33,16:15,6.7301,9.5021,16.2322,80.0,0.324644,60.0,180.0,0.0
2024-06-20,34,16:30,3.9878,17.0147,21.0025,80.0,0.420049,60.0,180.0,0.0
2024-06-20,35,16:45,0.0,17.1381,17.1381,80.0,0.342762,160.0,180.0,0.0
2024-06-20,36,17:00,0.0,16.0793,16.0793,98.27,0.395028,160.0,180.0,0.0
2024-06-20,37,17:15,0.0,3.2115,3.2115,98.27,0.078898,160.0,180.0,0.0
2024-06-20,38,17:30,0.0,0.0,0.0,98.27,0.0,160.0,220.0,0.0
2024-06-20,39,17:45,0.0,0.0,0.0,98.27,0.0,160.0,220.0,0.0
2024-06-20,40,18:00,0.0,0.0,0.0,119.31,0.0,160.0,220.0,0.0
2024-06-20,41,18:15,0.0,0.0,0.0,119.31,0.0,160.0,220.0,0.0
2024-06-20,42,18:30,0.0,0.0,0.0,119.31,0.0,160.0,220.0,0.0
2024-06-20,43,18:45,0.0,0.0,0.0,119.31,0.0,160.0,220.0,0.0
2024-06-20,44,19:00,0.0,0.0,0.0,155.62,0.0,160.0,220.0,0.0
2024-06-20,45,19:15,0.0,0.0,0.0,155.62,0.0,160.0,220.0,0.0
2024-06-20,46,19:30,0.0,0.0,0.0,155.62,0.0,160.0,220.0,0.0
2024-06-20,47,19:45,0.0,0.0,0.0,155.62,0.0,160.0,220.0,0.0
2024-06-20,48,20:00,0.0,0.0,0.0,200.09,0.0,160.0,220.0,0.0
2024-06-20,49,20:15,0.0,0.0,0.0,200.09,0.0,160.0,220.0,0.0
2024-06-20,50,20:30,0.0,0.0,0.0,200.09,0.0,160.0,220.0,0.0
2024-06-20,51,20:45,0.0,0.0,0.0,200.09,0.0,160.0,220.0,0.0
2024-06-20,52,21:00,0.0,0.0,0.0,130.06,0.0,160.0,220.0,0.0
2024-06-20,53,21:15,0.0,0.0,0.0,130.06,0.0,160.0,220.0,0.0
2024-06-20,54,21:30,0.0,0.0,0.0,130.06,0.0,160.0,220.0,0.0
2024-06-20,55,21:45,0.0,0.0,0.0,130.06,0.0,160.0,70.0,150.0
2024-06-21,0,08:00,0.0,0.0,0.0,121.84,0.0,160.0,70.0,0.0
2024-06-21,1,08:15,0.0,0.0,0.0,121.84,0.0,160.0,70.0,0.0
2024-06-21,2,08:30,0.0,0.0,0.0,121.84,0.0,160.0,70.0,0.0
2024-06-21,3,08:45,0.0,0.0,0.0,121.84,0.0,160.0,70.0,0.0
2024-06-21,4,09:00,0.0,0.0,0.0,111.67,0.0,160.0,70.0,0.0
2024-06-21,5,09:15,0.0,0.0,0.0,111.67,0.0,160.0,70.0,0.0
2024-06-21,6,09:30,0.0,0.0,0.0,111.67,0.0,160.0,70.0,0.0
2024-06-21,7,09:45,0.0,0.0,0.0,111.67,0.0,160.0,70.0,0.0
2024-06-21,8,10:00,0.0,0.0,0.0,100.65,0.0,160.0,70.0,0.0
2024-06-21,9,10:15,0.0,0.0,0.0,100.65,0.0,160.0,70.0,0.0
2024-06-21,10,10:30,0.0,0.0,0.0,100.65,0.0,160.0,70.0,0.0
2024-06-21,11,10:45,0.0,0.0,0.0,100.65,0.0,160.0,70.0,0.0
2024-06-21,12,11:00,0.0,9.5021,9.5021,89.94,0.213655,120.0,70.0,0.0
2024-06-21,13,11:15,0.0,17.0147,17.0147,89.94,0.382575,120.0,70.0,0.0
2024-06-21,14,11:30,0.0,17.1381,17.1381,89.94,0.38535,120.0,70.0,0.0
2024-06-21,15,11:45,0.0,16.0793,16.0793,89.94,0.361543,120.0,70.0,0.0
2024-06-21,16,12:00,0.0,3.2115,3.2115,88.54,0.071086,120.0,70.0,0.0
2024-06-21,17,12:15,0.0,9.5021,9.5021,88.54,0.210329,80.0,110.0,0.0
2024-06-21,18,12:30,0.0,17.0147,17.0147,88.54,0.37662,80.0,110.0,0.0
2024-06-21,19,12:45,1.3266,17.1381,18.4647,88.54,0.408717,80.0,110.0,0.0
2024-06-21,20,13:00,4.184,16.0793,20.2632,82.68,0.418841,80.0,110.0,0.0
2024-06-21,21,13:15,5.1593,3.2115,8.3708,82.68,0.173025,80.0,110.0,0.0
2024-06-21,22,13:30,4.2588,9.5021,13.7609,82.68,0.284438,40.0,150.0,0.0
2024-06-21,23,13:45,5.404,17.0147,22.4187,82.68,0.463395,40.0,150.0,0.0
2024-06-21,24,14:00,4.491,17.1381,21.6291,78.22,0.422958,40.0,150.0,0.0
2024-06-21,25,14:15,5.1252,16.0793,21.2045,78.22,0.414653,40.0,150.0,0.0
2024-06-21,26,14:30,3.0543,3.2115,6.2658,78.22,0.122528,40.0,150.0,0.0
2024-06-21,27,14:45,5.093,9.5021,14.5951,78.22,0.285407,-0.0,190.0,0.0
2024-06-21,28,15:00,3.6006,17.0147,20.6153,82.03,0.422769,-0.0,80.0,110.0
2024-06-21,29,15:15,4.9802,17.1381,22.1183,82.03,0.453592,-0.0,80.0,0.0
2024-06-21,30,15:30,4.3843,16.0793,20.4636,82.03,0.419658,-0.0,80.0,0.0
2024-06-21,31,15:45,1.5369,3.2115,4.7484,82.03,0.097377,-0.0,80.0,0.0
2024-06-21,32,16:00,0.0,9.5021,9.5021,88.85,0.211065,60.0,120.0,0.0
2024-06-21,33,16:15,0.0,17.0147,17.0147,88.85,0.377938,60.0,120.0,0.0
2024-06-21,34,16:30,0.0,17.1381,17.1381,88.85,0.38068,60.0,120.0,0.0
2024-06-21,35,16:45,0.0,16.0793,16.0793,88.85,0.357161,60.0,120.0,0.0
2024-06-21,36,17:00,0.0,3.2115,3.2115,100.65,0.080809,60.0,120.0,0.0
2024-06-21,37,17:15,0.0,0.0,0.0,100.65,0.0,60.0,160.0,0.0
2024-06-21,38,17:30,0.0,0.0,0.0,100.65,0.0,60.0,160.0,0.0
2024-06-21,39,17:45,0.0,0.0,0.0,100.65,0.0,60.0,160.0,0.0
2024-06-21,40,18:00,0.0,0.0,0.0,110.0,0.0,60.0,160.0,0.0
2024-06-21,41,18:15,0.0,0.0,0.0,110.0,0.0,60.0,160.0,0.0
2024-06-21,42,18:30,0.0,0.0,0.0,110.0,0.0,60.0,160.0,0.0
2024-06-21,43,18:45,0.0,0.0,0.0,110.0,0.0,60.0,160.0,0.0
2024-06-21,44,19:00,0.0,0.0,0.0,116.93,0.0,60.0,160.0,0.0
2024-06-21,45,19:15,0.0,0.0,0.0,116.93,0.0,60.0,160.0,0.0
2024-06-21,46,19:30,0.0,0.0,0.0,116.93,0.0,60.0,160.0,0.0
2024-06-21,47,19:45,0.0,0.0,0.0,116.93,0.0,60.0,160.0,0.0
2024-06-21,48,20:00,0.0,0.0,0.0,114.4,0.0,60.0,160.0,0.0
2024-06-21,49,20:15,0.0,0.0,0.0,114.4,0.0,60.0,160.0,0.0
2024-06-21,50,20:30,0.0,0.0,0.0,114.4,0.0,60.0,160.0,0.0
2024-06-21,51,20:45,0.0,0.0,0.0,114.4,0.0,60.0,160.0,0.0
2024-06-21,52,21:00,0.0,0.0,0.0,105.26,0.0,60.0,160.0,0.0
2024-06-21,53,21:15,0.0,0.0,0.0,105.26,0.0,60.0,160.0,0.0
2024-06-21,54,21:30,0.0,0.0,0.0,105.26,0.0,60.0,160.0,0.0
2024-06-21,55,21:45,0.0,0.0,0.0,105.26,0.0,60.0,0.0,160.0
2024-06-24,0,08:00,0.0,0.0,0.0,102.99,0.0,60.0,0.0,0.0
2024-06-24,1,08:15,0.0,0.0,0.0,102.99,0.0,60.0,0.0,0.0
2024-06-24,2,08:30,1.8638,0.0,1.8638,102.99,0.047989,60.0,0.0,0.0
2024-06-24,3,08:45,6.7293,0.0,6.7293,102.99,0.173262,60.0,0.0,0.0
2024-06-24,4,09:00,5.9956,0.0,5.9956,79.34,0.118922,60.0,0.0,0.0
2024-06-24,5,09:15,7.1179,0.0,7.1179,79.34,0.141183,60.0,0.0,0.0
2024-06-24,6,09:30,6.1091,0.0,6.1091,79.34,0.121173,60.0,0.0,0.0
2024-06-24,7,09:45,5.6324,9.5021,15.1345,79.34,0.300194,20.0,0.0,0.0
2024-06-24,8,10:00,5.8458,17.0147,22.8605,53.88,0.307931,20.0,0.0,0.0
2024-06-24,9,10:15,5.1816,17.1381,22.3197,53.88,0.300646,20.0,0.0,0.0
2024-06-24,10,10:30,6.7301,16.0793,22.8094,53.88,0.307242,20.0,0.0,0.0
2024-06-24,11,10:45,3.9878,3.2115,7.1993,53.88,0.096974,20.0,0.0,0.0
2024-06-24,12,11:00,1.8638,9.5021,11.3659,37.81,0.107436,80.0,40.0,0.0
2024-06-24,13,11:15,6.7293,17.0147,23.744,37.81,0.22444,80.0,40.0,0.0
2024-06-24,14,11:30,5.9956,17.1381,23.1337,37.81,0.218671,80.0,40.0,0.0
2024-06-24,15,11:45,7.1179,16.0793,23.1972,37.81,0.219271,80.0,40.0,0.0
2024-06-24,16,12:00,6.1091,3.2115,9.3206,31.19,0.072677,80.0,40.0,0.0
2024-06-24,17,12:15,5.6324,9.5021,15.1345,31.19,0.118012,40.0,80.0,0.0
2024-06-24,18,12:30,5.8458,17.0147,22.8605,31.19,0.178255,40.0,80.0,0.0
2024-06-24,19,12:45,5.1816,17.1381,22.3197,31.19,0.174038,40.0,80.0,0.0
2024-06-24,20,13:00,6.7301,16.0793,22.8094,29.96,0.170842,40.0,80.0,0.0
2024-06-24,21,13:15,3.9878,3.2115,7.1993,29.96,0.053923,40.0,80.0,0.0
2024-06-24,22,13:30,1.8638,9.5021,11.3659,29.96,0.085131,100.0,120.0,0.0
2024-06-24,23,13:45,6.7293,17.0147,23.744,29.96,0.177842,100.0,120.0,0.0
2024-06-24,24,14:00,5.9956,17.1381,23.1337,30.93,0.178881,100.0,120.0,0.0
2024-06-24,25,14:15,7.1179,16.0793,23.1972,30.93,0.179372,100.0,120.0,0.0
2024-06-24,26,14:30,6.1091,3.2115,9.3206,30.93,0.072071,100.0,120.0,0.0
2024-06-24,27,14:45,5.6324,9.5021,15.1345,30.93,0.117028,60.0,160.0,0.0
2024-06-24,28,15:00,5.8458,17.0147,22.8605,47.85,0.273469,60.0,30.0,130.0
2024-06-24,29,15:15,5.1816,17.1381,22.3197,47.85,0.266999,60.0,30.0,0.0
2024-06-24,30,15:30,6.7301,16.0793,22.8094,47.85,0.272857,60.0,30.0,0.0
2024-06-24,31,15:45,3.9878,3.2115,7.1993,47.85,0.086121,60.0,30.0,0.0
2024-06-24,32,16:00,0.0,9.5021,9.5021,66.32,0.157545,120.0,70.0,0.0
2024-06-24,33,16:15,0.0,17.0147,17.0147,66.32,0.282103,120.0,70.0,0.0
2024-06-24,34,16:30,0.0,17.1381,17.1381,66.32,0.28415,120.0,70.0,0.0
2024-06-24,35,16:45,0.0,16.0793,16.0793,66.32,0.266594,120.0,70.0,0.0
2024-06-24,36,17:00,0.0,3.2115,3.2115,82.49,0.066229,120.0,70.0,0.0
2024-06-24,37,17:15,0.0,9.5021,9.5021,82.49,0.195957,80.0,110.0,0.0
2024-06-24,38,17:30,0.0,17.0147,17.0147,82.49,0.350885,80.0,110.0,0.0
2024-06-24,39,17:45,0.0,17.1381,17.1381,82.49,0.35343,80.0,110.0,0.0
2024-06-24,40,18:00,0.0,16.0793,16.0793,98.39,0.39551,80.0,110.0,0.0
2024-06-24,41,18:15,0.0,3.2115,3.2115,98.39,0.078995,80.0,110.0,0.0
2024-06-24,42,18:30,0.0,0.0,0.0,98.39,0.0,80.0,150.0,0.0
2024-06-24,43,18:45,0.0,0.0,0.0,98.39,0.0,80.0,150.0,0.0
2024-06-24,44,19:00,0.0,0.0,0.0,153.3,0.0,80.0,150.0,0.0
2024-06-24,45,19:15,0.0,0.0,0.0,153.3,0.0,80.0,150.0,0.0
2024-06-24,46,19:30,0.0,0.0,0.0,153.3,0.0,80.0,150.0,0.0
2024-06-24,47,19:45,0.0,0.0,0.0,153.3,0.0,80.0,150.0,0.0
2024-06-24,48,20:00,0.0,0.0,0.0,209.32,0.0,80.0,150.0,0.0
2024-06-24,49,20:15,0.0,0.0,0.0,209.32,0.0,80.0,150.0,0.0
2024-06-24,50,20:30,0.0,0.0,0.0,209.32,0.0,80.0,150.0,0.0
2024-06-24,51,20:45,0.0,0.0,0.0,209.32,0.0,80.0,150.0,0.0
2024-06-24,52,21:00,0.0,0.0,0.0,156.0,0.0,80.0,150.0,0.0
2024-06-24,53,21:15,0.0,0.0,0.0,156.0,0.0,80.0,150.0,0.0
2024-06-24,54,21:30,0.0,0.0,0.0,156.0,0.0,80.0,150.0,0.0
2024-06-24,55,21:45,0.0,0.0,0.0,156.0,0.0,80.0,10.0,140.0
2024-06-25,0,08:00,0.0,0.0,0.0,103.8,0.0,80.0,10.0,0.0
2024-06-25,1,08:15,0.0,0.0,0.0,103.8,0.0,80.0,10.0,0.0
2024-06-25,2,08:30,0.0,0.0,0.0,103.8,0.0,80.0,10.0,0.0
2024-06-25,3,08:45,0.0,0.0,0.0,103.8,0.0,80.0,10.0,0.0
2024-06-25,4,09:00,0.0,0.0,0.0,74.64,0.0,80.0,10.0,0.0
2024-06-25,5,09:15,0.0,0.0,0.0,74.64,0.0,80.0,10.0,0.0
2024-06-25,6,09:30,1.8638,9.5021,11.3659,74.64,0.212088,40.0,10.0,0.0
2024-06-25,7,09:45,6.7293,17.0147,23.744,74.64,0.443062,40.0,10.0,0.0
2024-06-25,8,10:00,5.9956,17.1381,23.1337,48.32,0.279455,40.0,10.0,0.0
2024-06-25,9,10:15,7.1179,16.0793,23.1972,48.32,0.280222,40.0,10.0,0.0
2024-06-25,10,10:30,6.1091,3.2115,9.3206,48.32,0.112592,40.0,10.0,0.0
2024-06-25,11,10:45,5.6324,9.5021,15.1345,48.32,0.182825,0.0,50.0,0.0
2024-06-25,12,11:00,5.8458,17.0147,22.8605,12.83,0.073325,0.0,50.0,0.0
2024-06-25,13,11:15,5.1816,17.1381,22.3197,12.83,0.07159,0.0,50.0,0.0
2024-06-25,14,11:30,6.7301,16.0793,22.8094,12.83,0.073161,0.0,50.0,0.0
2024-06-25,15,11:45,3.9878,3.2115,7.1993,12.83,0.023092,0.0,50.0,0.0
2024-06-25,16,12:00,1.8638,9.5021,11.3659,0.0,0.0,60.0,90.0,0.0
2024-06-25,17,12:15,6.7293,17.0147,23.744,0.0,0.0,60.0,90.0,0.0
2024-06-25,18,12:30,5.9956,17.1381,23.1337,0.0,0.0,60.0,90.0,0.0
2024-06-25,19,12:45,7.1179,16.0793,23.1972,0.0,0.0,60.0,90.0,0.0
2024-06-25,20,13:00,6.1091,3.2115,9.3206,-0.05,-0.000117,60.0,90.0,0.0
2024-06-25,21,13:15,5.6324,9.5021,15.1345,-0.05,-0.000189,20.0,130.0,0.0
2024-06-25,22,13:30,5.8458,17.0147,22.8605,-0.05,-0.000286,20.0,130.0,0.0
2024-06-25,23,13:45,5.1816,17.1381,22.3197,-0.05,-0.000279,20.0,130.0,0.0
2024-06-25,24,14:00,6.7301,16.0793,22.8094,-0.04,-0.000228,20.0,130.0,0.0
2024-06-25,25,14:15,3.9878,3.2115,7.1993,-0.04,-7.2e-05,20.0,130.0,0.0
2024-06-25,26,14:30,1.8638,9.5021,11.3659,-0.04,-0.000114,80.0,170.0,0.0
2024-06-25,27,14:45,6.7293,17.0147,23.744,-0.04,-0.000237,80.0,170.0,0.0
2024-06-25,28,15:00,5.9956,17.1381,23.1337,11.59,0.06703,80.0,60.0,110.0
2024-06-25,29,15:15,7.1179,16.0793,23.1972,11.59,0.067214,80.0,60.0,0.0
2024-06-25,30,15:30,6.1091,3.2115,9.3206,11.59,0.027006,80.0,60.0,0.0
2024-06-25,31,15:45,5.6324,9.5021,15.1345,11.59,0.043852,40.0,100.0,0.0
2024-06-25,32,16:00,5.8458,17.0147,22.8605,48.37,0.27644,40.0,100.0,0.0
2024-06-25,33,16:15,5.1816,17.1381,22.3197,48.37,0.269901,40.0,100.0,0.0
2024-06-25,34,16:30,6.7301,16.0793,22.8094,48.37,0.275822,40.0,100.0,0.0
2024-06-25,35,16:45,3.9878,3.2115,7.1993,48.37,0.087057,40.0,100.0,0.0
2024-06-25,36,17:00,0.0,9.5021,9.5021,74.0,0.175789,100.0,140.0,0.0
2024-06-25,37,17:15,0.0,17.0147,17.0147,74.0,0.314771,100.0,140.0,0.0
2024-06-25,38,17:30,0.0,17.1381,17.1381,74.0,0.317055,100.0,140.0,0.0
2024-06-25,39,17:45,0.0,16.0793,16.0793,74.0,0.297467,100.0,140.0,0.0
2024-06-25,40,18:00,0.0,3.2115,3.2115,95.9,0.076995,100.0,140.0,0.0
2024-06-25,41,18:15,0.0,0.0,0.0,95.9,0.0,100.0,180.0,0.0
2024-06-25,42,18:30,0.0,0.0,0.0,95.9,0.0,100.0,180.0,0.0
2024-06-25,43,18:45,0.0,0.0,0.0,95.9,0.0,100.0,180.0,0.0
2024-06-25,44,19:00,0.0,0.0,0.0,128.9,0.0,100.0,180.0,0.0
2024-06-25,45,19:15,0.0,0.0,0.0,128.9,0.0,100.0,180.0,0.0
2024-06-25,46,19:30,0.0,0.0,0.0,128.9,0.0,100.0,180.0,0.0
2024-06-25,47,19:45,0.0,0.0,0.0,128.9,0.0,100.0,180.0,0.0
2024-06-25,48,20:00,0.0,0.0,0.0,136.69,0.0,100.0,180.0,0.0
2024-06-25,49,20:15,0.0,0.0,0.0,136.69,0.0,100.0,180.0,0.0
2024-06-25,50,20:30,0.0,0.0,0.0,136.69,0.0,100.0,180.0,0.0
2024-06-25,51,20:45,0.0,0.0,0.0,136.69,0.0,100.0,180.0,0.0
2024-06-25,52,21:00,0.0,0.0,0.0,122.09,0.0,100.0,180.0,0.0
2024-06-25,53,21:15,0.0,0.0,0.0,122.09,0.0,100.0,180.0,0.0
2024-06-25,54,21:30,0.0,0.0,0.0,122.09,0.0,100.0,180.0,0.0
2024-06-25,55,21:45,0.0,0.0,0.0,122.09,0.0,100.0,10.0,170.0
2024-06-26,0,08:00,0.0,0.0,0.0,121.1,0.0,100.0,10.0,0.0
2024-06-26,1,08:15,0.0,0.0,0.0,121.1,0.0,100.0,10.0,0.0
2024-06-26,2,08:30,0.0,0.0,0.0,121.1,0.0,100.0,10.0,0.0
2024-06-26,3,08:45,0.0,0.0,0.0,121.1,0.0,100.0,10.0,0.0
2024-06-26,4,09:00,0.0,0.0,0.0,101.76,0.0,100.0,10.0,0.0
2024-06-26,5,09:15,0.0,0.0,0.0,101.76,0.0,100.0,10.0,0.0
2024-06-26,6,09:30,0.0,0.0,0.0,101.76,0.0,100.0,10.0,0.0
2024-06-26,7,09:45,0.0,0.0,0.0,101.76,0.0,100.0,10.0,0.0
2024-06-26,8,10:00,0.0,0.0,0.0,89.48,0.0,100.0,10.0,0.0
2024-06-26,9,10:15,0.0,0.0,0.0,89.48,0.0,100.0,10.0,0.0
2024-06-26,10,10:30,1.3266,0.0,1.3266,89.48,0.029677,100.0,10.0,0.0
2024-06-26,11,10:45,4.184,0.0,4.184,89.48,0.093595,100.0,10.0,0.0
2024-06-26,12,11:00,5.1593,0.0,5.1593,84.1,0.108475,100.0,10.0,0.0
2024-06-26,13,11:15,4.2588,9.5021,13.7609,84.1,0.289324,60.0,10.0,0.0
2024-06-26,14,11:30,5.404,17.0147,22.4187,84.1,0.471353,60.0,10.0,0.0
2024-06-26,15,11:45,4.491,17.1381,21.6291,84.1,0.454753,60.0,10.0,0.0
2024-06-26,16,12:00,5.1252,16.0793,21.2045,78.64,0.41688,60.0,10.0,0.0
2024-06-26,17,12:15,3.0543,3.2115,6.2658,78.64,0.123186,60.0,10.0,0.0
2024-06-26,18,12:30,5.093,9.5021,14.5951,78.64,0.28694,20.0,50.0,0.0
2024-06-26,19,12:45,3.6006,17.0147,20.6153,78.64,0.405297,20.0,50.0,0.0
2024-06-26,20,13:00,4.9802,17.1381,22.1183,76.54,0.423234,20.0,50.0,0.0
2024-06-26,21,13:15,4.3843,16.0793,20.4636,76.54,0.391571,20.0,50.0,0.0
2024-06-26,22,13:30,1.5369,3.2115,4.7484,76.54,0.09086,20.0,50.0,0.0
2024-06-26,23,13:45,0.0,9.5021,9.5021,76.54,0.181823,80.0,90.0,0.0
2024-06-26,24,14:00,0.0,17.0147,17.0147,80.0,0.340293,80.0,90.0,0.0
2024-06-26,25,14:15,0.0,17.1381,17.1381,80.0,0.342762,80.0,90.0,0.0
2024-06-26,26,14:30,0.0,16.0793,16.0793,80.0,0.321586,80.0,90.0,0.0
2024-06-26,27,14:45,0.0,3.2115,3.2115,80.0,0.06423,80.0,90.0,0.0
2024-06-26,28,15:00,0.0,0.0,0.0,90.45,0.0,80.0,30.0,100.0
2024-06-26,29,15:15,0.0,0.0,0.0,90.45,0.0,80.0,30.0,0.0
2024-06-26,30,15:30,0.0,0.0,0.0,90.45,0.0,80.0,30.0,0.0
2024-06-26,31,15:45,0.0,0.0,0.0,90.45,0.0,80.0,30.0,0.0
2024-06-26,32,16:00,0.0,0.0,0.0,99.86,0.0,80.0,30.0,0.0
2024-06-26,33,16:15,0.0,0.0,0.0,99.86,0.0,80.0,30.0,0.0
2024-06-26,34,16:30,0.0,0.0,0.0,99.86,0.0,80.0,30.0,0.0
2024-06-26,35,16:45,0.0,0.0,0.0,99.86,0.0,80.0,30.0,0.0
2024-06-26,36,17:00,0.0,0.0,0.0,105.8,0.0,80.0,30.0,0.0
2024-06-26,37,17:15,0.0,0.0,0.0,105.8,0.0,80.0,30.0,0.0
2024-06-26,38,17:30,0.0,0.0,0.0,105.8,0.0,80.0,30.0,0.0
2024-06-26,39,17:45,0.0,0.0,0.0,105.8,0.0,80.0,30.0,0.0
2024-06-26,40,18:00,0.0,0.0,0.0,105.13,0.0,80.0,30.0,0.0
2024-06-26,41,18:15,0.0,0.0,0.0,105.13,0.0,80.0,30.0,0.0
2024-06-26,42,18:30,0.0,0.0,0.0,105.13,0.0,80.0,30.0,0.0
2024-06-26,43,18:45,0.0,0.0,0.0,105.13,0.0,80.0,30.0,0.0
2024-06-26,44,19:00,0.0,0.0,0.0,126.73,0.0,80.0,30.0,0.0
2024-06-26,45,19:15,0.0,0.0,0.0,126.73,0.0,80.0,30.0,0.0
2024-06-26,46,19:30,0.0,0.0,0.0,126.73,0.0,80.0,30.0,0.0
2024-06-26,47,19:45,0.0,0.0,0.0,126.73,0.0,80.0,30.0,0.0
2024-06-26,48,20:00,0.0,0.0,0.0,134.39,0.0,80.0,30.0,0.0
2024-06-26,49,20:15,0.0,0.0,0.0,134.39,0.0,80.0,30.0,0.0
2024-06-26,50,20:30,0.0,0.0,0.0,134.39,0.0,80.0,30.0,0.0
2024-06-26,51,20:45,0.0,0.0,0.0,134.39,0.0,80.0,30.0,0.0
2024-06-26,52,21:00,0.0,0.0,0.0,128.85,0.0,80.0,30.0,0.0
2024-06-26,53,21:15,0.0,0.0,0.0,128.85,0.0,80.0,30.0,0.0
2024-06-26,54,21:30,0.0,0.0,0.0,128.85,0.0,80.0,30.0,0.0
2024-06-26,55,21:45,0.0,0.0,0.0,128.85,0.0,80.0,30.0,0.0
2024-06-27,0,08:00,0.0,0.0,0.0,115.0,0.0,80.0,30.0,0.0
2024-06-27,1,08:15,0.0,0.0,0.0,115.0,0.0,80.0,30.0,0.0
2024-06-27,2,08:30,0.0,0.0,0.0,115.0,0.0,80.0,30.0,0.0
2024-06-27,3,08:45,0.0,0.0,0.0,115.0,0.0,80.0,30.0,0.0
2024-06-27,4,09:00,0.0,0.0,0.0,88.87,0.0,80.0,30.0,0.0
2024-06-27,5,09:15,0.0,0.0,0.0,88.87,0.0,80.0,30.0,0.0
2024-06-27,6,09:30,0.0,0.0,0.0,88.87,0.0,80.0,30.0,0.0
2024-06-27,7,09:45,0.0,0.0,0.0,88.87,0.0,80.0,30.0,0.0
2024-06-27,8,10:00,0.0,0.0,0.0,66.74,0.0,80.0,30.0,0.0
2024-06-27,9,10:15,0.0,0.0,0.0,66.74,0.0,80.0,30.0,0.0
2024-06-27,10,10:30,0.0,0.0,0.0,66.74,0.0,80.0,30.0,0.0
2024-06-27,11,10:45,0.0,0.0,0.0,66.74,0.0,80.0,30.0,0.0
2024-06-27,12,11:00,0.0,0.0,0.0,52.4,0.0,80.0,30.0,0.0
2024-06-27,13,11:15,0.0,0.0,0.0,52.4,0.0,80.0,30.0,0.0
2024-06-27,14,11:30,0.0,0.0,0.0,52.4,0.0,80.0,30.0,0.0
2024-06-27,15,11:45,0.0,0.0,0.0,52.4,0.0,80.0,30.0,0.0
2024-06-27,16,12:00,0.0,0.0,0.0,48.82,0.0,80.0,30.0,0.0
2024-06-27,17,12:15,0.0,0.0,0.0,48.82,0.0,80.0,30.0,0.0
2024-06-27,18,12:30,0.0,9.5021,9.5021,48.82,0.115973,40.0,30.0,0.0
2024-06-27,19,12:45,0.0,17.0147,17.0147,48.82,0.207664,40.0,30.0,0.0
2024-06-27,20,13:00,0.0,17.1381,17.1381,45.31,0.194132,40.0,30.0,0.0
2024-06-27,21,13:15,0.0,16.0793,16.0793,45.31,0.182138,40.0,30.0,0.0
2024-06-27,22,13:30,0.0,3.2115,3.2115,45.31,0.036378,40.0,30.0,0.0
2024-06-27,23,13:45,0.0,9.5021,9.5021,45.31,0.107635,0.0,70.0,0.0
2024-06-27,24,14:00,0.0,17.0147,17.0147,44.56,0.189543,0.0,70.0,0.0
2024-06-27,25,14:15,0.0,17.1381,17.1381,44.56,0.190918,0.0,70.0,0.0
2024-06-27,26,14:30,0.0,16.0793,16.0793,44.56,0.179123,0.0,70.0,0.0
2024-06-27,27,14:45,0.0,3.2115,3.2115,44.56,0.035776,0.0,70.0,0.0
2024-06-27,28,15:00,0.0,0.0,0.0,48.39,0.0,0.0,10.0,100.0
2024-06-27,29,15:15,0.0,0.0,0.0,48.39,0.0,0.0,10.0,0.0
2024-06-27,30,15:30,0.0,0.0,0.0,48.39,0.0,0.0,10.0,0.0
2024-06-27,31,15:45,0.0,0.0,0.0,48.39,0.0,0.0,10.0,0.0
2024-06-27,32,16:00,0.0,0.0,0.0,61.92,0.0,0.0,10.0,0.0
2024-06-27,33,16:15,0.0,0.0,0.0,61.92,0.0,0.0,10.0,0.0
2024-06-27,34,16:30,0.0,0.0,0.0,61.92,0.0,0.0,10.0,0.0
2024-06-27,35,16:45,0.0,0.0,0.0,61.92,0.0,0.0,10.0,0.0
2024-06-27,36,17:00,0.0,0.0,0.0,75.59,0.0,0.0,10.0,0.0
2024-06-27,37,17:15,0.0,0.0,0.0,75.59,0.0,0.0,10.0,0.0
2024-06-27,38,17:30,0.0,0.0,0.0,75.59,0.0,0.0,10.0,0.0
2024-06-27,39,17:45,0.0,0.0,0.0,75.59,0.0,0.0,10.0,0.0
2024-06-27,40,18:00,0.0,0.0,0.0,79.53,0.0,0.0,10.0,0.0
2024-06-27,41,18:15,0.0,0.0,0.0,79.53,0.0,0.0,10.0,0.0
2024-06-27,42,18:30,0.0,0.0,0.0,79.53,0.0,0.0,10.0,0.0
2024-06-27,43,18:45,0.0,0.0,0.0,79.53,0.0,0.0,10.0,0.0
2024-06-27,44,19:00,0.0,0.0,0.0,110.08,0.0,0.0,10.0,0.0
2024-06-27,45,19:15,0.0,0.0,0.0,110.08,0.0,0.0,10.0,0.0
2024-06-27,46,19:30,0.0,0.0,0.0,110.08,0.0,0.0,10.0,0.0
2024-06-27,47,19:45,0.0,0.0,0.0,110.08,0.0,0.0,10.0,0.0
2024-06-27,48,20:00,0.0,0.0,0.0,200.04,0.0,0.0,10.0,0.0
2024-06-27,49,20:15,0.0,0.0,0.0,200.04,0.0,0.0,10.0,0.0
2024-06-27,50,20:30,0.0,0.0,0.0,200.04,0.0,0.0,10.0,0.0
2024-06-27,51,20:45,0.0,0.0,0.0,200.04,0.0,0.0,10.0,0.0
2024-06-27,52,21:00,0.0,0.0,0.0,186.18,0.0,0.0,10.0,0.0
2024-06-27,53,21:15,0.0,0.0,0.0,186.18,0.0,0.0,10.0,0.0
2024-06-27,54,21:30,0.0,0.0,0.0,186.18,0.0,0.0,10.0,0.0
2024-06-27,55,21:45,0.0,0.0,0.0,186.18,0.0,0.0,10.0,0.0
2024-06-28,0,08:00,0.0,0.0,0.0,84.89,0.0,0.0,10.0,0.0
2024-06-28,1,08:15,0.0,0.0,0.0,84.89,0.0,0.0,10.0,0.0
2024-06-28,2,08:30,0.0,0.0,0.0,84.89,0.0,0.0,10.0,0.0
2024-06-28,3,08:45,0.0,0.0,0.0,84.89,0.0,0.0,10.0,0.0
2024-06-28,4,09:00,0.0,0.0,0.0,59.9,0.0,0.0,10.0,0.0
2024-06-28,5,09:15,0.0,0.0,0.0,59.9,0.0,0.0,10.0,0.0
2024-06-28,6,09:30,1.8638,0.0,1.8638,59.9,0.027911,0.0,10.0,0.0
2024-06-28,7,09:45,6.7293,0.0,6.7293,59.9,0.100771,0.0,10.0,0.0
2024-06-28,8,10:00,5.9956,0.0,5.9956,24.45,0.036648,0.0,10.0,0.0
2024-06-28,9,10:15,7.1179,0.0,7.1179,24.45,0.043508,0.0,10.0,0.0
2024-06-28,10,10:30,6.1091,0.0,6.1091,24.45,0.037342,0.0,10.0,0.0
2024-06-28,11,10:45,5.6324,0.0,5.6324,24.45,0.034428,0.0,10.0,0.0
2024-06-28,12,11:00,5.8458,0.0,5.8458,2.03,0.002967,0.0,10.0,0.0
2024-06-28,13,11:15,5.1816,0.0,5.1816,2.03,0.00263,0.0,10.0,0.0
2024-06-28,14,11:30,6.7301,0.0,6.7301,2.03,0.003416,0.0,10.0,0.0
2024-06-28,15,11:45,3.9878,0.0,3.9878,2.03,0.002024,0.0,10.0,0.0
2024-06-28,16,12:00,1.8638,9.5021,11.3659,-1.56,-0.004433,60.0,10.0,0.0
2024-06-28,17,12:15,6.7293,17.0147,23.744,-1.56,-0.00926,60.0,10.0,0.0
2024-06-28,18,12:30,5.9956,17.1381,23.1337,-1.56,-0.009022,60.0,10.0,0.0
2024-06-28,19,12:45,7.1179,16.0793,23.1972,-1.56,-0.009047,60.0,10.0,0.0
2024-06-28,20,13:00,6.1091,3.2115,9.3206,-5.09,-0.01186,60.0,10.0,0.0
2024-06-28,21,13:15,5.6324,9.5021,15.1345,-5.09,-0.019259,20.0,50.0,0.0
2024-06-28,22,13:30,5.8458,17.0147,22.8605,-5.09,-0.02909,20.0,50.0,0.0
2024-06-28,23,13:45,5.1816,17.1381,22.3197,-5.09,-0.028402,20.0,50.0,0.0
2024-06-28,24,14:00,6.7301,16.0793,22.8094,-9.95,-0.056738,20.0,50.0,0.0
2024-06-28,25,14:15,3.9878,3.2115,7.1993,-9.95,-0.017908,20.0,50.0,0.0
2024-06-28,26,14:30,1.8638,9.5021,11.3659,-9.95,-0.028273,80.0,90.0,0.0
2024-06-28,27,14:45,6.7293,17.0147,23.744,-9.95,-0.059063,80.0,90.0,0.0
2024-06-28,28,15:00,5.9956,17.1381,23.1337,-9.91,-0.057314,80.0,20.0,70.0
2024-06-28,29,15:15,7.1179,16.0793,23.1972,-9.91,-0.057471,80.0,20.0,0.0
2024-06-28,30,15:30,6.1091,3.2115,9.3206,-9.91,-0.023092,80.0,20.0,0.0
2024-06-28,31,15:45,5.6324,9.5021,15.1345,-9.91,-0.037496,40.0,60.0,0.0
2024-06-28,32,16:00,5.8458,17.0147,22.8605,-6.48,-0.037034,40.0,60.0,0.0
2024-06-28,33,16:15,5.1816,17.1381,22.3197,-6.48,-0.036158,40.0,60.0,0.0
2024-06-28,34,16:30,6.7301,16.0793,22.8094,-6.48,-0.036951,40.0,60.0,0.0
2024-06-28,35,16:45,3.9878,3.2115,7.1993,-6.48,-0.011663,40.0,60.0,0.0
2024-06-28,36,17:00,0.0,9.5021,9.5021,3.62,0.008599,100.0,100.0,0.0
2024-06-28,37,17:15,0.0,17.0147,17.0147,3.62,0.015398,100.0,100.0,0.0
2024-06-28,38,17:30,0.0,17.1381,17.1381,3.62,0.01551,100.0,100.0,0.0
2024-06-28,39,17:45,0.0,16.0793,16.0793,3.62,0.014552,100.0,100.0,0.0
2024-06-28,40,18:00,0.0,3.2115,3.2115,41.98,0.033705,100.0,100.0,0.0
2024-06-28,41,18:15,0.0,0.0,0.0,41.98,0.0,100.0,140.0,0.0
2024-06-28,42,18:30,0.0,0.0,0.0,41.98,0.0,100.0,140.0,0.0
2024-06-28,43,18:45,0.0,0.0,0.0,41.98,0.0,100.0,140.0,0.0
2024-06-28,44,19:00,0.0,0.0,0.0,84.32,0.0,100.0,140.0,0.0
2024-06-28,45,19:15,0.0,0.0,0.0,84.32,0.0,100.0,140.0,0.0
2024-06-28,46,19:30,0.0,0.0,0.0,84.32,0.0,100.0,140.0,0.0
2024-06-28,47,19:45,0.0,0.0,0.0,84.32,0.0,100.0,140.0,0.0
2024-06-28,48,20:00,0.0,0.0,0.0,108.93,0.0,100.0,140.0,0.0
2024-06-28,49,20:15,0.0,0.0,0.0,108.93,0.0,100.0,140.0,0.0
2024-06-28,50,20:30,0.0,0.0,0.0,108.93,0.0,100.0,140.0,0.0
2024-06-28,51,20:45,0.0,0.0,0.0,108.93,0.0,100.0,140.0,0.0
2024-06-28,52,21:00,0.0,0.0,0.0,138.06,0.0,100.0,140.0,0.0
2024-06-28,53,21:15,0.0,0.0,0.0,138.06,0.0,100.0,140.0,0.0
2024-06-28,54,21:30,0.0,0.0,0.0,138.06,0.0,100.0,140.0,0.0
2024-06-28,55,21:45,0.0,0.0,0.0,138.06,0.0,100.0,140.0,0.0
2024-07-01,0,08:00,0.0,0.0,0.0,142.36,0.0,100.0,140.0,0.0
2024-07-01,1,08:15,0.0,0.0,0.0,142.36,0.0,100.0,140.0,0.0
2024-07-01,2,08:30,0.0,0.0,0.0,142.36,0.0,100.0,140.0,0.0
2024-07-01,3,08:45,0.0,0.0,0.0,142.36,0.0,100.0,140.0,0.0
2024-07-01,4,09:00,0.0,0.0,0.0,115.57,0.0,100.0,140.0,0.0
2024-07-01,5,09:15,0.0,0.0,0.0,115.57,0.0,100.0,140.0,0.0
2024-07-01,6,09:30,0.0,0.0,0.0,115.57,0.0,100.0,140.0,0.0
2024-07-01,7,09:45,0.0,0.0,0.0,115.57,0.0,100.0,140.0,0.0
2024-07-01,8,10:00,0.0,0.0,0.0,107.01,0.0,100.0,140.0,0.0
2024-07-01,9,10:15,0.0,0.0,0.0,107.01,0.0,100.0,140.0,0.0
2024-07-01,10,10:30,0.0,0.0,0.0,107.01,0.0,100.0,140.0,0.0
2024-07-01,11,10:45,0.0,0.0,0.0,107.01,0.0,100.0,140.0,0.0
2024-07-01,12,11:00,0.0,0.0,0.0,91.67,0.0,100.0,140.0,0.0
2024-07-01,13,11:15,0.0,0.0,0.0,91.67,0.0,100.0,140.0,0.0
2024-07-01,14,11:30,0.0,0.0,0.0,91.67,0.0,100.0,140.0,0.0
2024-07-01,15,11:45,0.0,0.0,0.0,91.67,0.0,100.0,140.0,0.0
2024-07-01,16,12:00,0.0,0.0,0.0,77.38,0.0,100.0,140.0,0.0
2024-07-01,17,12:15,0.0,0.0,0.0,77.38,0.0,100.0,140.0,0.0
2024-07-01,18,12:30,0.0,0.0,0.0,77.38,0.0,100.0,140.0,0.0
2024-07-01,19,12:45,0.0,0.0,0.0,77.38,0.0,100.0,140.0,0.0
2024-07-01,20,13:00,0.0,0.0,0.0,69.9,0.0,100.0,140.0,0.0
2024-07-01,21,13:15,0.0,0.0,0.0,69.9,0.0,100.0,140.0,0.0
2024-07-01,22,13:30,0.0,0.0,0.0,69.9,0.0,100.0,140.0,0.0
2024-07-01,23,13:45,1.8638,9.5021,11.3659,69.9,0.19862,60.0,140.0,0.0
2024-07-01,24,14:00,6.7293,17.0147,23.744,39.92,0.236965,60.0,140.0,0.0
2024-07-01,25,14:15,5.9956,17.1381,23.1337,39.92,0.230874,60.0,140.0,0.0
2024-07-01,26,14:30,7.1179,16.0793,23.1972,39.92,0.231508,60.0,140.0,0.0
2024-07-01,27,14:45,6.1091,3.2115,9.3206,39.92,0.093019,60.0,140.0,0.0
2024-07-01,28,15:00,5.6324,9.5021,15.1345,34.61,0.130952,20.0,180.0,0.0
2024-07-01,29,15:15,5.8458,17.0147,22.8605,34.61,0.1978,20.0,180.0,0.0
2024-07-01,30,15:30,5.1816,17.1381,22.3197,34.61,0.193121,20.0,180.0,0.0
2024-07-01,31,15:45,6.7301,16.0793,22.8094,34.61,0.197358,20.0,180.0,0.0
2024-07-01,32,16:00,3.9878,3.2115,7.1993,37.63,0.067727,20.0,180.0,0.0
2024-07-01,33,16:15,0.0,9.5021,9.5021,37.63,0.089391,80.0,220.0,0.0
2024-07-01,34,16:30,0.0,17.0147,17.0147,37.63,0.160066,80.0,220.0,0.0
2024-07-01,35,16:45,0.0,17.1381,17.1381,37.63,0.161227,80.0,220.0,0.0
2024-07-01,36,17:00,0.0,16.0793,16.0793,62.2,0.250033,80.0,220.0,0.0
2024-07-01,37,17:15,0.0,3.2115,3.2115,62.2,0.049939,80.0,220.0,0.0
2024-07-01,38,17:30,0.0,0.0,0.0,62.2,0.0,80.0,260.0,0.0
2024-07-01,39,17:45,0.0,0.0,0.0,62.2,0.0,80.0,260.0,0.0
2024-07-01,40,18:00,0.0,0.0,0.0,78.04,0.0,80.0,260.0,0.0
2024-07-01,41,18:15,0.0,0.0,0.0,78.04,0.0,80.0,260.0,0.0
2024-07-01,42,18:30,0.0,0.0,0.0,78.04,0.0,80.0,260.0,0.0
2024-07-01,43,18:45,0.0,0.0,0.0,78.04,0.0,80.0,260.0,0.0
2024-07-01,44,19:00,0.0,0.0,0.0,102.47,0.0,80.0,260.0,0.0
2024-07-01,45,19:15,0.0,0.0,0.0,102.47,0.0,80.0,260.0,0.0
2024-07-01,46,19:30,0.0,0.0,0.0,102.47,0.0,80.0,260.0,0.0
2024-07-01,47,19:45,0.0,0.0,0.0,102.47,0.0,80.0,260.0,0.0
2024-07-01,48,20:00,0.0,0.0,0.0,166.79,0.0,80.0,260.0,0.0
2024-07-01,49,20:15,0.0,0.0,0.0,166.79,0.0,80.0,260.0,0.0
2024-07-01,50,20:30,0.0,0.0,0.0,166.79,0.0,80.0,260.0,0.0
2024-07-01,51,20:45,0.0,0.0,0.0,166.79,0.0,80.0,260.0,0.0
2024-07-01,52,21:00,0.0,0.0,0.0,129.1,0.0,80.0,260.0,0.0
2024-07-01,53,21:15,0.0,0.0,0.0,129.1,0.0,80.0,260.0,0.0
2024-07-01,54,21:30,0.0,0.0,0.0,129.1,0.0,80.0,260.0,0.0
2024-07-01,55,21:45,0.0,0.0,0.0,129.1,0.0,80.0,140.0,120.0
2024-07-02,0,08:00,0.0,0.0,0.0,101.27,0.0,80.0,140.0,0.0
2024-07-02,1,08:15,0.0,0.0,0.0,101.27,0.0,80.0,140.0,0.0
2024-07-02,2,08:30,0.0,0.0,0.0,101.27,0.0,80.0,140.0,0.0
2024-07-02,3,08:45,0.0,0.0,0.0,101.27,0.0,80.0,140.0,0.0
2024-07-02,4,09:00,0.0,0.0,0.0,87.5,0.0,80.0,140.0,0.0
2024-07-02,5,09:15,0.0,0.0,0.0,87.5,0.0,80.0,140.0,0.0
2024-07-02,6,09:30,0.0,0.0,0.0,87.5,0.0,80.0,140.0,0.0
2024-07-02,7,09:45,0.0,0.0,0.0,87.5,0.0,80.0,140.0,0.0
2024-07-02,8,10:00,0.0,0.0,0.0,83.11,0.0,80.0,140.0,0.0
2024-07-02,9,10:15,0.0,0.0,0.0,83.11,0.0,80.0,140.0,0.0
2024-07-02,10,10:30,0.0,0.0,0.0,83.11,0.0,80.0,140.0,0.0
2024-07-02,11,10:45,0.0,0.0,0.0,83.11,0.0,80.0,140.0,0.0
2024-07-02,12,11:00,0.0,0.0,0.0,74.56,0.0,80.0,140.0,0.0
2024-07-02,13,11:15,0.0,0.0,0.0,74.56,0.0,80.0,140.0,0.0
2024-07-02,14,11:30,0.0,0.0,0.0,74.56,0.0,80.0,140.0,0.0
2024-07-02,15,11:45,0.0,0.0,0.0,74.56,0.0,80.0,140.0,0.0
2024-07-02,16,12:00,0.0,0.0,0.0,72.72,0.0,80.0,140.0,0.0
2024-07-02,17,12:15,0.0,0.0,0.0,72.72,0.0,80.0,140.0,0.0
2024-07-02,18,12:30,0.0,0.0,0.0,72.72,0.0,80.0,140.0,0.0
2024-07-02,19,12:45,0.0,0.0,0.0,72.72,0.0,80.0,140.0,0.0
2024-07-02,20,13:00,1.3266,0.0,1.3266,69.16,0.022938,80.0,140.0,0.0
2024-07-02,21,13:15,4.184,0.0,4.184,69.16,0.072341,80.0,140.0,0.0
2024-07-02,22,13:30,5.1593,0.0,5.1593,69.16,0.089205,80.0,140.0,0.0
2024-07-02,23,13:45,4.2588,9.5021,13.7609,69.16,0.237927,40.0,140.0,0.0
2024-07-02,24,14:00,5.404,17.0147,22.4187,60.93,0.341493,40.0,140.0,0.0
2024-07-02,25,14:15,4.491,17.1381,21.6291,60.93,0.329466,40.0,140.0,0.0
2024-07-02,26,14:30,5.1252,16.0793,21.2045,60.93,0.322997,40.0,140.0,0.0
2024-07-02,27,14:45,3.0543,3.2115,6.2658,60.93,0.095444,40.0,140.0,0.0
2024-07-02,28,15:00,5.093,9.5021,14.5951,62.73,0.228888,0.0,50.0,130.0
2024-07-02,29,15:15,3.6006,17.0147,20.6153,62.73,0.3233,0.0,50.0,0.0
2024-07-02,30,15:30,4.9802,17.1381,22.1183,62.73,0.346871,0.0,50.0,0.0
2024-07-02,31,15:45,4.3843,16.0793,20.4636,62.73,0.320921,0.0,50.0,0.0
2024-07-02,32,16:00,1.5369,3.2115,4.7484,74.22,0.088106,0.0,50.0,0.0
2024-07-02,33,16:15,0.0,0.0,0.0,74.22,0.0,100.0,90.0,0.0
2024-07-02,34,16:30,0.0,0.0,0.0,74.22,0.0,100.0,90.0,0.0
2024-07-02,35,16:45,0.0,0.0,0.0,74.22,0.0,100.0,90.0,0.0
2024-07-02,36,17:00,0.0,0.0,0.0,75.9,0.0,100.0,90.0,0.0
2024-07-02,37,17:15,0.0,0.0,0.0,75.9,0.0,100.0,90.0,0.0
2024-07-02,38,17:30,0.0,0.0,0.0,75.9,0.0,100.0,90.0,0.0
2024-07-02,39,17:45,0.0,0.0,0.0,75.9,0.0,100.0,90.0,0.0
2024-07-02,40,18:00,0.0,0.0,0.0,84.79,0.0,100.0,90.0,0.0
2024-07-02,41,18:15,0.0,0.0,0.0,84.79,0.0,100.0,90.0,0.0
2024-07-02,42,18:30,0.0,0.0,0.0,84.79,0.0,100.0,90.0,0.0
2024-07-02,43,18:45,0.0,0.0,0.0,84.79,0.0,100.0,90.0,0.0
2024-07-02,44,19:00,0.0,0.0,0.0,103.63,0.0,100.0,90.0,0.0
2024-07-02,45,19:15,0.0,0.0,0.0,103.63,0.0,100.0,90.0,0.0
2024-07-02,46,19:30,0.0,0.0,0.0,103.63,0.0,100.0,90.0,0.0
2024-07-02,47,19:45,0.0,0.0,0.0,103.63,0.0,100.0,90.0,0.0
2024-07-02,48,20:00,0.0,0.0,0.0,115.0,0.0,100.0,90.0,0.0
2024-07-02,49,20:15,0.0,0.0,0.0,115.0,0.0,100.0,90.0,0.0
2024-07-02,50,20:30,0.0,0.0,0.0,115.0,0.0,100.0,90.0,0.0
2024-07-02,51,20:45,0.0,0.0,0.0,115.0,0.0,100.0,90.0,0.0
2024-07-02,52,21:00,0.0,0.0,0.0,109.96,0.0,100.0,90.0,0.0
2024-07-02,53,21:15,0.0,0.0,0.0,109.96,0.0,100.0,90.0,0.0
2024-07-02,54,21:30,0.0,0.0,0.0,109.96,0.0,100.0,90.0,0.0
2024-07-02,55,21:45,0.0,0.0,0.0,109.96,0.0,100.0,90.0,0.0
2024-07-03,0,08:00,0.0,0.0,0.0,115.0,0.0,100.0,90.0,0.0
2024-07-03,1,08:15,0.0,0.0,0.0,115.0,0.0,100.0,90.0,0.0
2024-07-03,2,08:30,0.0,0.0,0.0,115.0,0.0,100.0,90.0,0.0
2024-07-03,3,08:45,0.0,0.0,0.0,115.0,0.0,100.0,90.0,0.0
2024-07-03,4,09:00,0.0,0.0,0.0,90.59,0.0,100.0,90.0,0.0
2024-07-03,5,09:15,0.0,0.0,0.0,90.59,0.0,100.0,90.0,0.0
2024-07-03,6,09:30,0.0,0.0,0.0,90.59,0.0,100.0,90.0,0.0
2024-07-03,7,09:45,0.0,0.0,0.0,90.59,0.0,100.0,90.0,0.0
2024-07-03,8,10:00,0.0,0.0,0.0,76.63,0.0,100.0,90.0,0.0
2024-07-03,9,10:15,0.0,0.0,0.0,76.63,0.0,100.0,90.0,0.0
2024-07-03,10,10:30,0.0,0.0,0.0,76.63,0.0,100.0,90.0,0.0
2024-07-03,11,10:45,0.0,0.0,0.0,76.63,0.0,100.0,90.0,0.0
2024-07-03,12,11:00,0.0,0.0,0.0,73.1,0.0,100.0,90.0,0.0
2024-07-03,13,11:15,0.0,0.0,0.0,73.1,0.0,100.0,90.0,0.0
2024-07-03,14,11:30,0.0,0.0,0.0,73.1,0.0,100.0,90.0,0.0
2024-07-03,15,11:45,0.0,9.5021,9.5021,73.1,0.173651,60.0,90.0,0.0
2024-07-03,16,12:00,0.0,17.0147,17.0147,71.76,0.305243,60.0,90.0,0.0
2024-07-03,17,12:15,0.0,17.1381,17.1381,71.76,0.307457,60.0,90.0,0.0
2024-07-03,18,12:30,0.0,16.0793,16.0793,71.76,0.288462,60.0,90.0,0.0
2024-07-03,19,12:45,0.0,3.2115,3.2115,71.76,0.057614,60.0,90.0,0.0
2024-07-03,20,13:00,0.0,9.5021,9.5021,71.14,0.168995,20.0,130.0,0.0
2024-07-03,21,13:15,0.0,17.0147,17.0147,71.14,0.302606,20.0,130.0,0.0
2024-07-03,22,13:30,0.0,17.1381,17.1381,71.14,0.304801,20.0,130.0,0.0
2024-07-03,23,13:45,0.0,16.0793,16.0793,71.14,0.28597,20.0,130.0,0.0
2024-07-03,24,14:00,0.0,3.2115,3.2115,73.12,0.058706,20.0,130.0,0.0
2024-07-03,25,14:15,0.0,0.0,0.0,73.12,0.0,20.0,170.0,0.0
2024-07-03,26,14:30,0.0,0.0,0.0,73.12,0.0,20.0,170.0,0.0
2024-07-03,27,14:45,0.0,0.0,0.0,73.12,0.0,20.0,170.0,0.0
2024-07-03,28,15:00,0.0,0.0,0.0,71.98,0.0,20.0,20.0,150.0
2024-07-03,29,15:15,0.0,0.0,0.0,71.98,0.0,20.0,20.0,0.0
2024-07-03,30,15:30,0.0,0.0,0.0,71.98,0.0,20.0,20.0,0.0
2024-07-03,31,15:45,0.0,0.0,0.0,71.98,0.0,20.0,20.0,0.0
2024-07-03,32,16:00,0.0,0.0,0.0,74.01,0.0,20.0,20.0,0.0
2024-07-03,33,16:15,0.0,0.0,0.0,74.01,0.0,20.0,20.0,0.0
2024-07-03,34,16:30,0.0,0.0,0.0,74.01,0.0,20.0,20.0,0.0
2024-07-03,35,16:45,0.0,0.0,0.0,74.01,0.0,20.0,20.0,0.0
2024-07-03,36,17:00,0.0,0.0,0.0,86.97,0.0,20.0,20.0,0.0
2024-07-03,37,17:15,0.0,0.0,0.0,86.97,0.0,20.0,20.0,0.0
2024-07-03,38,17:30,0.0,0.0,0.0,86.97,0.0,20.0,20.0,0.0
2024-07-03,39,17:45,0.0,0.0,0.0,86.97,0.0,20.0,20.0,0.0
2024-07-03,40,18:00,0.0,0.0,0.0,99.6,0.0,20.0,20.0,0.0
2024-07-03,41,18:15,0.0,0.0,0.0,99.6,0.0,20.0,20.0,0.0
2024-07-03,42,18:30,0.0,0.0,0.0,99.6,0.0,20.0,20.0,0.0
2024-07-03,43,18:45,0.0,0.0,0.0,99.6,0.0,20.0,20.0,0.0
2024-07-03,44,19:00,0.0,0.0,0.0,118.79,0.0,20.0,20.0,0.0
2024-07-03,45,19:15,0.0,0.0,0.0,118.79,0.0,20.0,20.0,0.0
2024-07-03,46,19:30,0.0,0.0,0.0,118.79,0.0,20.0,20.0,0.0
2024-07-03,47,19:45,0.0,0.0,0.0,118.79,0.0,20.0,20.0,0.0
2024-07-03,48,20:00,0.0,0.0,0.0,163.89,0.0,20.0,20.0,0.0
2024-07-03,49,20:15,0.0,0.0,0.0,163.89,0.0,20.0,20.0,0.0
2024-07-03,50,20:30,0.0,0.0,0.0,163.89,0.0,20.0,20.0,0.0
2024-07-03,51,20:45,0.0,0.0,0.0,163.89,0.0,20.0,20.0,0.0
2024-07-03,52,21:00,0.0,0.0,0.0,115.88,0.0,20.0,20.0,0.0
2024-07-03,53,21:15,0.0,0.0,0.0,115.88,0.0,20.0,20.0,0.0
2024-07-03,54,21:30,0.0,0.0,0.0,115.88,0.0,20.0,20.0,0.0
2024-07-03,55,21:45,0.0,0.0,0.0,115.88,0.0,20.0,20.0,0.0
2024-07-04,0,08:00,0.0,0.0,0.0,33.56,0.0,20.0,20.0,0.0
2024-07-04,1,08:15,0.0,0.0,0.0,33.56,0.0,20.0,20.0,0.0
2024-07-04,2,08:30,0.0,0.0,0.0,33.56,0.0,20.0,20.0,0.0
2024-07-04,3,08:45,1.8638,0.0,1.8638,33.56,0.015638,20.0,20.0,0.0
2024-07-04,4,09:00,6.7293,0.0,6.7293,22.65,0.038105,20.0,20.0,0.0
2024-07-04,5,09:15,5.9956,0.0,5.9956,22.65,0.03395,20.0,20.0,0.0
2024-07-04,6,09:30,7.1179,0.0,7.1179,22.65,0.040305,20.0,20.0,0.0
2024-07-04,7,09:45,6.1091,0.0,6.1091,22.65,0.034593,20.0,20.0,0.0
2024-07-04,8,10:00,5.6324,0.0,5.6324,1.9,0.002675,20.0,20.0,0.0
2024-07-04,9,10:15,5.8458,0.0,5.8458,1.9,0.002777,20.0,20.0,0.0
2024-07-04,10,10:30,5.1816,0.0,5.1816,1.9,0.002461,20.0,20.0,0.0
2024-07-04,11,10:45,6.7301,0.0,6.7301,1.9,0.003197,20.0,20.0,0.0
2024-07-04,12,11:00,3.9878,0.0,3.9878,0.0,0.0,20.0,20.0,0.0
2024-07-04,13,11:15,0.0,9.5021,9.5021,0.0,0.0,80.0,20.0,0.0
2024-07-04,14,11:30,0.0,17.0147,17.0147,0.0,0.0,80.0,20.0,0.0
2024-07-04,15,11:45,0.0,17.1381,17.1381,0.0,0.0,80.0,20.0,0.0
2024-07-04,16,12:00,0.0,16.0793,16.0793,-0.04,-0.000161,80.0,20.0,0.0
2024-07-04,17,12:15,1.8638,3.2115,5.0753,-0.04,-5.1e-05,80.0,20.0,0.0
2024-07-04,18,12:30,6.7293,9.5021,16.2314,-0.04,-0.000162,40.0,60.0,0.0
2024-07-04,19,12:45,5.9956,17.0147,23.0103,-0.04,-0.00023,40.0,60.0,0.0
2024-07-04,20,13:00,7.1179,17.1381,24.256,-5.03,-0.030502,40.0,60.0,0.0
2024-07-04,21,13:15,6.1091,16.0793,22.1884,-5.03,-0.027902,40.0,60.0,0.0
2024-07-04,22,13:30,5.6324,3.2115,8.8439,-5.03,-0.011121,40.0,60.0,0.0
2024-07-04,23,13:45,5.8458,9.5021,15.3479,-5.03,-0.0193,0.0,100.0,0.0
2024-07-04,24,14:00,5.1816,17.0147,22.1962,-19.09,-0.105932,0.0,100.0,0.0
2024-07-04,25,14:15,6.7301,17.1381,23.8682,-19.09,-0.113911,0.0,100.0,0.0
2024-07-04,26,14:30,3.9878,16.0793,20.0671,-19.09,-0.09577,0.0,100.0,0.0
2024-07-04,27,14:45,1.8638,3.2115,5.0753,-19.09,-0.024222,100.0,100.0,0.0
2024-07-04,28,15:00,6.7293,9.5021,16.2314,-18.03,-0.073163,60.0,20.0,120.0
2024-07-04,29,15:15,5.9956,17.0147,23.0103,-18.03,-0.103719,60.0,20.0,0.0
2024-07-04,30,15:30,7.1179,17.1381,24.256,-18.03,-0.109334,60.0,20.0,0.0
2024-07-04,31,15:45,6.1091,16.0793,22.1884,-18.03,-0.100014,60.0,20.0,0.0
2024-07-04,32,16:00,5.6324,3.2115,8.8439,-8.7,-0.019236,60.0,20.0,0.0
2024-07-04,33,16:15,5.8458,9.5021,15.3479,-8.7,-0.033382,20.0,60.0,0.0
2024-07-04,34,16:30,5.1816,17.0147,22.1962,-8.7,-0.048277,20.0,60.0,0.0
2024-07-04,35,16:45,6.7301,17.1381,23.8682,-8.7,-0.051913,20.0,60.0,0.0
2024-07-04,36,17:00,3.9878,16.0793,20.0671,-0.03,-0.000151,20.0,60.0,0.0
2024-07-04,37,17:15,0.0,3.2115,3.2115,-0.03,-2.4e-05,120.0,60.0,0.0
2024-07-04,38,17:30,0.0,0.0,0.0,-0.03,-0.0,120.0,100.0,0.0
2024-07-04,39,17:45,0.0,0.0,0.0,-0.03,-0.0,120.0,100.0,0.0
2024-07-04,40,18:00,0.0,0.0,0.0,6.77,0.0,120.0,100.0,0.0
2024-07-04,41,18:15,0.0,0.0,0.0,6.77,0.0,120.0,100.0,0.0
2024-07-04,42,18:30,0.0,0.0,0.0,6.77,0.0,120.0,100.0,0.0
2024-07-04,43,18:45,0.0,0.0,0.0,6.77,0.0,120.0,100.0,0.0
2024-07-04,44,19:00,0.0,0.0,0.0,49.85,0.0,120.0,100.0,0.0
2024-07-04,45,19:15,0.0,0.0,0.0,49.85,0.0,120.0,100.0,0.0
2024-07-04,46,19:30,0.0,0.0,0.0,49.85,0.0,120.0,100.0,0.0
2024-07-04,47,19:45,0.0,0.0,0.0,49.85,0.0,120.0,100.0,0.0
2024-07-04,48,20:00,0.0,0.0,0.0,86.91,0.0,120.0,100.0,0.0
2024-07-04,49,20:15,0.0,0.0,0.0,86.91,0.0,120.0,100.0,0.0
2024-07-04,50,20:30,0.0,0.0,0.0,86.91,0.0,120.0,100.0,0.0
2024-07-04,51,20:45,0.0,0.0,0.0,86.91,0.0,120.0,100.0,0.0
2024-07-04,52,21:00,0.0,0.0,0.0,115.3,0.0,120.0,100.0,0.0
2024-07-04,53,21:15,0.0,0.0,0.0,115.3,0.0,120.0,100.0,0.0
2024-07-04,54,21:30,0.0,0.0,0.0,115.3,0.0,120.0,100.0,0.0
2024-07-04,55,21:45,0.0,0.0,0.0,115.3,0.0,120.0,0.0,100.0
2024-07-05,0,08:00,0.0,0.0,0.0,39.43,0.0,120.0,0.0,0.0
2024-07-05,1,08:15,0.0,0.0,0.0,39.43,0.0,120.0,0.0,0.0
2024-07-05,2,08:30,0.0,0.0,0.0,39.43,0.0,120.0,0.0,0.0
2024-07-05,3,08:45,0.0,0.0,0.0,39.43,0.0,120.0,0.0,0.0
2024-07-05,4,09:00,0.0,0.0,0.0,18.56,0.0,120.0,0.0,0.0
2024-07-05,5,09:15,0.0,9.5021,9.5021,18.56,0.04409,80.0,0.0,0.0
2024-07-05,6,09:30,0.0,17.0147,17.0147,18.56,0.078948,80.0,0.0,0.0
2024-07-05,7,09:45,0.0,17.1381,17.1381,18.56,0.079521,80.0,0.0,0.0
2024-07-05,8,10:00,0.0,16.0793,16.0793,2.95,0.011858,80.0,0.0,0.0
2024-07-05,9,10:15,0.0,3.2115,3.2115,2.95,0.002368,80.0,0.0,0.0
2024-07-05,10,10:30,1.8638,9.5021,11.3659,2.95,0.008382,40.0,40.0,0.0
2024-07-05,11,10:45,6.7293,17.0147,23.744,2.95,0.017511,40.0,40.0,0.0
2024-07-05,12,11:00,5.9956,17.1381,23.1337,0.41,0.002371,40.0,40.0,0.0
2024-07-05,13,11:15,7.1179,16.0793,23.1972,0.41,0.002378,40.0,40.0,0.0
2024-07-05,14,11:30,6.1091,3.2115,9.3206,0.41,0.000955,40.0,40.0,0.0
2024-07-05,15,11:45,5.6324,9.5021,15.1345,0.41,0.001551,0.0,80.0,0.0
2024-07-05,16,12:00,5.8458,17.0147,22.8605,-0.05,-0.000286,0.0,80.0,0.0
2024-07-05,17,12:15,5.1816,17.1381,22.3197,-0.05,-0.000279,0.0,80.0,0.0
2024-07-05,18,12:30,6.7301,16.0793,22.8094,-0.05,-0.000285,0.0,80.0,0.0
2024-07-05,19,12:45,3.9878,3.2115,7.1993,-0.05,-9e-05,0.0,80.0,0.0
2024-07-05,20,13:00,1.8638,9.5021,11.3659,-0.64,-0.001819,60.0,120.0,0.0
2024-07-05,21,13:15,6.7293,17.0147,23.744,-0.64,-0.003799,60.0,120.0,0.0
2024-07-05,22,13:30,5.9956,17.1381,23.1337,-0.64,-0.003701,60.0,120.0,0.0
2024-07-05,23,13:45,7.1179,16.0793,23.1972,-0.64,-0.003712,60.0,120.0,0.0
2024-07-05,24,14:00,6.1091,3.2115,9.3206,-0.78,-0.001818,60.0,120.0,0.0
2024-07-05,25,14:15,5.6324,9.5021,15.1345,-0.78,-0.002951,20.0,160.0,0.0
2024-07-05,26,14:30,5.8458,17.0147,22.8605,-0.78,-0.004458,20.0,160.0,0.0
2024-07-05,27,14:45,5.1816,17.1381,22.3197,-0.78,-0.004352,20.0,160.0,0.0
2024-07-05,28,15:00,6.7301,16.0793,22.8094,-0.03,-0.000171,20.0,160.0,0.0
2024-07-05,29,15:15,3.9878,3.2115,7.1993,-0.03,-5.4e-05,20.0,160.0,0.0
2024-07-05,30,15:30,0.0,9.5021,9.5021,-0.03,-7.1e-05,80.0,200.0,0.0
2024-07-05,31,15:45,0.0,17.0147,17.0147,-0.03,-0.000128,80.0,200.0,0.0
2024-07-05,32,16:00,0.0,17.1381,17.1381,1.93,0.008269,80.0,200.0,0.0
2024-07-05,33,16:15,0.0,16.0793,16.0793,1.93,0.007758,80.0,200.0,0.0
2024-07-05,34,16:30,0.0,3.2115,3.2115,1.93,0.00155,80.0,200.0,0.0
2024-07-05,35,16:45,0.0,9.5021,9.5021,1.93,0.004585,40.0,240.0,0.0
2024-07-05,36,17:00,0.0,17.0147,17.0147,16.81,0.071504,40.0,240.0,0.0
2024-07-05,37,17:15,0.0,17.1381,17.1381,16.81,0.072023,40.0,240.0,0.0
2024-07-05,38,17:30,0.0,16.0793,16.0793,16.81,0.067573,40.0,240.0,0.0
2024-07-05,39,17:45,0.0,3.2115,3.2115,16.81,0.013496,40.0,240.0,0.0
2024-07-05,40,18:00,0.0,0.0,0.0,64.35,0.0,40.0,280.0,0.0
2024-07-05,41,18:15,0.0,0.0,0.0,64.35,0.0,40.0,280.0,0.0
2024-07-05,42,18:30,0.0,0.0,0.0,64.35,0.0,40.0,280.0,0.0
2024-07-05,43,18:45,0.0,0.0,0.0,64.35,0.0,40.0,280.0,0.0
2024-07-05,44,19:00,0.0,0.0,0.0,90.09,0.0,40.0,280.0,0.0
2024-07-05,45,19:15,0.0,0.0,0.0,90.09,0.0,40.0,280.0,0.0
2024-07-05,46,19:30,0.0,0.0,0.0,90.09,0.0,40.0,280.0,0.0
2024-07-05,47,19:45,0.0,0.0,0.0,90.09,0.0,40.0,280.0,0.0
2024-07-05,48,20:00,0.0,0.0,0.0,142.36,0.0,40.0,280.0,0.0
2024-07-05,49,20:15,0.0,0.0,0.0,142.36,0.0,40.0,280.0,0.0
2024-07-05,50,20:30,0.0,0.0,0.0,142.36,0.0,40.0,280.0,0.0
2024-07-05,51,20:45,0.0,0.0,0.0,142.36,0.0,40.0,280.0,0.0
2024-07-05,52,21:00,0.0,0.0,0.0,130.38,0.0,40.0,280.0,0.0
2024-07-05,53,21:15,0.0,0.0,0.0,130.38,0.0,40.0,280.0,0.0
2024-07-05,54,21:30,0.0,0.0,0.0,130.38,0.0,40.0,280.0,0.0
2024-07-05,55,21:45,0.0,0.0,0.0,130.38,0.0,40.0,160.0,120.0
2024-07-08,0,08:00,0.0,0.0,0.0,100.64,0.0,40.0,160.0,0.0
2024-07-08,1,08:15,0.0,0.0,0.0,100.64,0.0,40.0,160.0,0.0
2024-07-08,2,08:30,0.0,0.0,0.0,100.64,0.0,40.0,160.0,0.0
2024-07-08,3,08:45,0.0,0.0,0.0,100.64,0.0,40.0,160.0,0.0
2024-07-08,4,09:00,0.0,0.0,0.0,77.61,0.0,40.0,160.0,0.0
2024-07-08,5,09:15,0.0,0.0,0.0,77.61,0.0,40.0,160.0,0.0
2024-07-08,6,09:30,0.0,0.0,0.0,77.61,0.0,40.0,160.0,0.0
2024-07-08,7,09:45,0.0,0.0,0.0,77.61,0.0,40.0,160.0,0.0
2024-07-08,8,10:00,0.0,0.0,0.0,53.93,0.0,40.0,160.0,0.0
2024-07-08,9,10:15,0.0,0.0,0.0,53.93,0.0,40.0,160.0,0.0
2024-07-08,10,10:30,0.0,0.0,0.0,53.93,0.0,40.0,160.0,0.0
2024-07-08,11,10:45,0.0,0.0,0.0,53.93,0.0,40.0,160.0,0.0
2024-07-08,12,11:00,1.8638,0.0,1.8638,38.43,0.017907,40.0,160.0,0.0
2024-07-08,13,11:15,6.7293,0.0,6.7293,38.43,0.064652,40.0,160.0,0.0
2024-07-08,14,11:30,5.9956,0.0,5.9956,38.43,0.057603,40.0,160.0,0.0
2024-07-08,15,11:45,7.1179,0.0,7.1179,38.43,0.068385,40.0,160.0,0.0
2024-07-08,16,12:00,6.1091,0.0,6.1091,31.79,0.048552,40.0,160.0,0.0
2024-07-08,17,12:15,5.6324,0.0,5.6324,31.79,0.044764,40.0,160.0,0.0
2024-07-08,18,12:30,5.8458,0.0,5.8458,31.79,0.04646,40.0,160.0,0.0
2024-07-08,19,12:45,5.1816,9.5021,14.6837,31.79,0.116698,0.0,160.0,0.0
2024-07-08,20,13:00,6.7301,17.0147,23.7448,29.45,0.174821,0.0,160.0,0.0
2024-07-08,21,13:15,3.9878,17.1381,21.1259,29.45,0.155539,0.0,160.0,0.0
2024-07-08,22,13:30,1.8638,16.0793,17.9431,29.45,0.132106,100.0,160.0,0.0
2024-07-08,23,13:45,6.7293,3.2115,9.9408,29.45,0.073189,100.0,160.0,0.0
2024-07-08,24,14:00,5.9956,9.5021,15.4977,29.56,0.114528,60.0,200.0,0.0
2024-07-08,25,14:15,7.1179,17.0147,24.1326,29.56,0.17834,60.0,200.0,0.0
2024-07-08,26,14:30,6.1091,17.1381,23.2472,29.56,0.171797,60.0,200.0,0.0
2024-07-08,27,14:45,5.6324,16.0793,21.7117,29.56,0.16045,60.0,200.0,0.0
2024-07-08,28,15:00,5.8458,3.2115,9.0573,36.75,0.083214,60.0,200.0,0.0
2024-07-08,29,15:15,5.1816,0.0,5.1816,36.75,0.047606,60.0,240.0,0.0
2024-07-08,30,15:30,6.7301,0.0,6.7301,36.75,0.061833,60.0,240.0,0.0
2024-07-08,31,15:45,3.9878,0.0,3.9878,36.75,0.036638,60.0,240.0,0.0
2024-07-08,32,16:00,0.0,0.0,0.0,64.0,0.0,160.0,240.0,0.0
2024-07-08,33,16:15,0.0,0.0,0.0,64.0,0.0,160.0,240.0,0.0
2024-07-08,34,16:30,0.0,0.0,0.0,64.0,0.0,160.0,240.0,0.0
2024-07-08,35,16:45,0.0,0.0,0.0,64.0,0.0,160.0,240.0,0.0
2024-07-08,36,17:00,0.0,0.0,0.0,80.2,0.0,160.0,240.0,0.0
2024-07-08,37,17:15,0.0,0.0,0.0,80.2,0.0,160.0,240.0,0.0
2024-07-08,38,17:30,0.0,0.0,0.0,80.2,0.0,160.0,240.0,0.0
2024-07-08,39,17:45,0.0,0.0,0.0,80.2,0.0,160.0,240.0,0.0
2024-07-08,40,18:00,0.0,0.0,0.0,102.63,0.0,160.0,240.0,0.0
2024-07-08,41,18:15,0.0,0.0,0.0,102.63,0.0,160.0,240.0,0.0
2024-07-08,42,18:30,0.0,0.0,0.0,102.63,0.0,160.0,240.0,0.0
2024-07-08,43,18:45,0.0,0.0,0.0,102.63,0.0,160.0,240.0,0.0
2024-07-08,44,19:00,0.0,0.0,0.0,136.49,0.0,160.0,240.0,0.0
2024-07-08,45,19:15,0.0,0.0,0.0,136.49,0.0,160.0,240.0,0.0
2024-07-08,46,19:30,0.0,0.0,0.0,136.49,0.0,160.0,240.0,0.0
2024-07-08,47,19:45,0.0,0.0,0.0,136.49,0.0,160.0,240.0,0.0
2024-07-08,48,20:00,0.0,0.0,0.0,257.35,0.0,160.0,240.0,0.0
2024-07-08,49,20:15,0.0,0.0,0.0,257.35,0.0,160.0,240.0,0.0
2024-07-08,50,20:30,0.0,0.0,0.0,257.35,0.0,160.0,240.0,0.0
2024-07-08,51,20:45,0.0,0.0,0.0,257.35,0.0,160.0,240.0,0.0
2024-07-08,52,21:00,0.0,0.0,0.0,173.69,0.0,160.0,240.0,0.0
2024-07-08,53,21:15,0.0,0.0,0.0,173.69,0.0,160.0,240.0,0.0
2024-07-08,54,21:30,0.0,0.0,0.0,173.69,0.0,160.0,240.0,0.0
2024-07-08,55,21:45,0.0,0.0,0.0,173.69,0.0,160.0,110.0,130.0
2024-07-09,0,08:00,0.0,0.0,0.0,94.0,0.0,160.0,110.0,0.0
2024-07-09,1,08:15,0.0,0.0,0.0,94.0,0.0,160.0,110.0,0.0
2024-07-09,2,08:30,0.0,0.0,0.0,94.0,0.0,160.0,110.0,0.0
2024-07-09,3,08:45,0.0,0.0,0.0,94.0,0.0,160.0,110.0,0.0
2024-07-09,4,09:00,0.0,0.0,0.0,67.26,0.0,160.0,110.0,0.0
2024-07-09,5,09:15,0.0,0.0,0.0,67.26,0.0,160.0,110.0,0.0
2024-07-09,6,09:30,0.0,0.0,0.0,67.26,0.0,160.0,110.0,0.0
2024-07-09,7,09:45,0.0,0.0,0.0,67.26,0.0,160.0,110.0,0.0
2024-07-09,8,10:00,0.0,0.0,0.0,46.63,0.0,160.0,110.0,0.0
2024-07-09,9,10:15,0.0,9.5021,9.5021,46.63,0.110771,120.0,110.0,0.0
2024-07-09,10,10:30,0.0,17.0147,17.0147,46.63,0.198349,120.0,110.0,0.0
2024-07-09,11,10:45,0.0,17.1381,17.1381,46.63,0.199787,120.0,110.0,0.0
2024-07-09,12,11:00,1.8638,16.0793,17.9431,33.71,0.151216,120.0,110.0,0.0
2024-07-09,13,11:15,6.7293,3.2115,9.9408,33.71,0.083776,120.0,110.0,0.0
2024-07-09,14,11:30,5.9956,9.5021,15.4977,33.71,0.130607,80.0,150.0,0.0
2024-07-09,15,11:45,7.1179,17.0147,24.1326,33.71,0.203377,80.0,150.0,0.0
2024-07-09,16,12:00,6.1091,17.1381,23.2472,21.95,0.127569,80.0,150.0,0.0
2024-07-09,17,12:15,5.6324,16.0793,21.7117,21.95,0.119143,80.0,150.0,0.0
2024-07-09,18,12:30,5.8458,3.2115,9.0573,21.95,0.049702,80.0,150.0,0.0
2024-07-09,19,12:45,5.1816,9.5021,14.6837,21.95,0.080577,40.0,190.0,0.0
2024-07-09,20,13:00,6.7301,17.0147,23.7448,5.04,0.029918,40.0,190.0,0.0
2024-07-09,21,13:15,3.9878,17.1381,21.1259,5.04,0.026619,40.0,190.0,0.0
2024-07-09,22,13:30,1.8638,16.0793,17.9431,5.04,0.022608,140.0,190.0,0.0
2024-07-09,23,13:45,6.7293,3.2115,9.9408,5.04,0.012525,140.0,190.0,0.0
2024-07-09,24,14:00,5.9956,9.5021,15.4977,2.71,0.0105,100.0,230.0,0.0
2024-07-09,25,14:15,7.1179,17.0147,24.1326,2.71,0.01635,100.0,230.0,0.0
2024-07-09,26,14:30,6.1091,17.1381,23.2472,2.71,0.01575,100.0,230.0,0.0
2024-07-09,27,14:45,5.6324,16.0793,21.7117,2.71,0.01471,100.0,230.0,0.0
2024-07-09,28,15:00,5.8458,3.2115,9.0573,11.08,0.025089,100.0,90.0,140.0
2024-07-09,29,15:15,5.1816,9.5021,14.6837,11.08,0.040674,60.0,130.0,0.0
2024-07-09,30,15:30,6.7301,17.0147,23.7448,11.08,0.065773,60.0,130.0,0.0
2024-07-09,31,15:45,3.9878,17.1381,21.1259,11.08,0.058519,60.0,130.0,0.0
2024-07-09,32,16:00,0.0,16.0793,16.0793,53.73,0.215985,160.0,130.0,0.0
2024-07-09,33,16:15,0.0,3.2115,3.2115,53.73,0.043138,160.0,130.0,0.0
2024-07-09,34,16:30,0.0,0.0,0.0,53.73,0.0,160.0,170.0,0.0
2024-07-09,35,16:45,0.0,0.0,0.0,53.73,0.0,160.0,170.0,0.0
2024-07-09,36,17:00,0.0,0.0,0.0,81.69,0.0,160.0,170.0,0.0
2024-07-09,37,17:15,0.0,0.0,0.0,81.69,0.0,160.0,170.0,0.0
2024-07-09,38,17:30,0.0,0.0,0.0,81.69,0.0,160.0,170.0,0.0
2024-07-09,39,17:45,0.0,0.0,0.0,81.69,0.0,160.0,170.0,0.0
2024-07-09,40,18:00,0.0,0.0,0.0,99.27,0.0,160.0,170.0,0.0
2024-07-09,41,18:15,0.0,0.0,0.0,99.27,0.0,160.0,170.0,0.0
2024-07-09,42,18:30,0.0,0.0,0.0,99.27,0.0,160.0,170.0,0.0
2024-07-09,43,18:45,0.0,0.0,0.0,99.27,0.0,160.0,170.0,0.0
2024-07-09,44,19:00,0.0,0.0,0.0,151.5,0.0,160.0,170.0,0.0
2024-07-09,45,19:15,0.0,0.0,0.0,151.5,0.0,160.0,170.0,0.0
2024-07-09,46,19:30,0.0,0.0,0.0,151.5,0.0,160.0,170.0,0.0
2024-07-09,47,19:45,0.0,0.0,0.0,151.5,0.0,160.0,170.0,0.0
2024-07-09,48,20:00,0.0,0.0,0.0,147.64,0.0,160.0,170.0,0.0
2024-07-09,49,20:15,0.0,0.0,0.0,147.64,0.0,160.0,170.0,0.0
2024-07-09,50,20:30,0.0,0.0,0.0,147.64,0.0,160.0,170.0,0.0
2024-07-09,51,20:45,0.0,0.0,0.0,147.64,0.0,160.0,170.0,0.0
2024-07-09,52,21:00,0.0,0.0,0.0,108.12,0.0,160.0,170.0,0.0
2024-07-09,53,21:15,0.0,0.0,0.0,108.12,0.0,160.0,170.0,0.0
2024-07-09,54,21:30,0.0,0.0,0.0,108.12,0.0,160.0,170.0,0.0
2024-07-09,55,21:45,0.0,0.0,0.0,108.12,0.0,160.0,40.0,130.0
2024-07-10,0,08:00,0.0,0.0,0.0,102.01,0.0,160.0,40.0,0.0
2024-07-10,1,08:15,0.0,0.0,0.0,102.01,0.0,160.0,40.0,0.0
2024-07-10,2,08:30,0.0,0.0,0.0,102.01,0.0,160.0,40.0,0.0
2024-07-10,3,08:45,0.0,0.0,0.0,102.01,0.0,160.0,40.0,0.0
2024-07-10,4,09:00,0.0,0.0,0.0,84.93,0.0,160.0,40.0,0.0
2024-07-10,5,09:15,0.0,0.0,0.0,84.93,0.0,160.0,40.0,0.0
2024-07-10,6,09:30,0.0,0.0,0.0,84.93,0.0,160.0,40.0,0.0
2024-07-10,7,09:45,0.0,0.0,0.0,84.93,0.0,160.0,40.0,0.0
2024-07-10,8,10:00,0.0,0.0,0.0,65.0,0.0,160.0,40.0,0.0
2024-07-10,9,10:15,0.0,0.0,0.0,65.0,0.0,160.0,40.0,0.0
2024-07-10,10,10:30,0.0,9.5021,9.5021,65.0,0.154409,120.0,40.0,0.0
2024-07-10,11,10:45,1.8638,17.0147,18.8785,65.0,0.306776,120.0,40.0,0.0
2024-07-10,12,11:00,6.7293,17.1381,23.8674,55.77,0.332771,120.0,40.0,0.0
2024-07-10,13,11:15,5.9956,16.0793,22.0749,55.77,0.307779,120.0,40.0,0.0
2024-07-10,14,11:30,7.1179,3.2115,10.3294,55.77,0.144017,120.0,40.0,0.0
2024-07-10,15,11:45,6.1091,9.5021,15.6112,55.77,0.217659,80.0,80.0,0.0
2024-07-10,16,12:00,5.6324,17.0147,22.6471,47.13,0.26684,80.0,80.0,0.0
2024-07-10,17,12:15,5.8458,17.1381,22.9839,47.13,0.270808,80.0,80.0,0.0
2024-07-10,18,12:30,5.1816,16.0793,21.2609,47.13,0.250506,80.0,80.0,0.0
2024-07-10,19,12:45,6.7301,3.2115,9.9416,47.13,0.117137,80.0,80.0,0.0
2024-07-10,20,13:00,3.9878,9.5021,13.4899,44.58,0.150345,40.0,120.0,0.0
2024-07-10,21,13:15,1.3266,17.0147,18.3413,44.58,0.204414,140.0,120.0,0.0
2024-07-10,22,13:30,4.184,17.1381,21.3221,44.58,0.237634,140.0,120.0,0.0
2024-07-10,23,13:45,5.1593,16.0793,21.2386,44.58,0.236704,140.0,120.0,0.0
2024-07-10,24,14:00,4.2588,3.2115,7.4703,55.0,0.102717,140.0,120.0,0.0
2024-07-10,25,14:15,5.404,9.5021,14.9061,55.0,0.204959,100.0,160.0,0.0
2024-07-10,26,14:30,4.491,17.0147,21.5057,55.0,0.295704,100.0,160.0,0.0
2024-07-10,27,14:45,5.1252,17.1381,22.2633,55.0,0.30612,100.0,160.0,0.0
2024-07-10,28,15:00,3.0543,16.0793,19.1336,58.43,0.279494,100.0,160.0,0.0
2024-07-10,29,15:15,5.093,3.2115,8.3045,58.43,0.121308,100.0,160.0,0.0
2024-07-10,30,15:30,3.6006,9.5021,13.1027,58.43,0.191398,60.0,200.0,0.0
2024-07-10,31,15:45,4.9802,17.0147,21.9949,58.43,0.321291,60.0,200.0,0.0
2024-07-10,32,16:00,4.3843,17.1381,21.5224,67.48,0.363084,60.0,200.0,0.0
2024-07-10,33,16:15,1.5369,16.0793,17.6162,67.48,0.297185,60.0,200.0,0.0
2024-07-10,34,16:30,0.0,3.2115,3.2115,67.48,0.054178,160.0,200.0,0.0
2024-07-10,35,16:45,0.0,0.0,0.0,67.48,0.0,160.0,240.0,0.0
2024-07-10,36,17:00,0.0,0.0,0.0,80.14,0.0,160.0,240.0,0.0
2024-07-10,37,17:15,0.0,0.0,0.0,80.14,0.0,160.0,240.0,0.0
2024-07-10,38,17:30,0.0,0.0,0.0,80.14,0.0,160.0,240.0,0.0
2024-07-10,39,17:45,0.0,0.0,0.0,80.14,0.0,160.0,240.0,0.0
2024-07-10,40,18:00,0.0,0.0,0.0,80.73,0.0,160.0,240.0,0.0
2024-07-10,41,18:15,0.0,0.0,0.0,80.73,0.0,160.0,240.0,0.0
2024-07-10,42,18:30,0.0,0.0,0.0,80.73,0.0,160.0,240.0,0.0
2024-07-10,43,18:45,0.0,0.0,0.0,80.73,0.0,160.0,240.0,0.0
2024-07-10,44,19:00,0.0,0.0,0.0,99.72,0.0,160.0,240.0,0.0
2024-07-10,45,19:15,0.0,0.0,0.0,99.72,0.0,160.0,240.0,0.0
2024-07-10,46,19:30,0.0,0.0,0.0,99.72,0.0,160.0,240.0,0.0
2024-07-10,47,19:45,0.0,0.0,0.0,99.72,0.0,160.0,240.0,0.0
2024-07-10,48,20:00,0.0,0.0,0.0,148.61,0.0,160.0,240.0,0.0
2024-07-10,49,20:15,0.0,0.0,0.0,148.61,0.0,160.0,240.0,0.0
2024-07-10,50,20:30,0.0,0.0,0.0,148.61,0.0,160.0,240.0,0.0
2024-07-10,51,20:45,0.0,0.0,0.0,148.61,0.0,160.0,240.0,0.0
2024-07-10,52,21:00,0.0,0.0,0.0,164.08,0.0,160.0,240.0,0.0
2024-07-10,53,21:15,0.0,0.0,0.0,164.08,0.0,160.0,240.0,0.0
2024-07-10,54,21:30,0.0,0.0,0.0,164.08,0.0,160.0,240.0,0.0
2024-07-10,55,21:45,0.0,0.0,0.0,164.08,0.0,160.0,100.0,140.0
2024-07-11,0,08:00,0.0,0.0,0.0,106.53,0.0,160.0,100.0,0.0
2024-07-11,1,08:15,0.0,0.0,0.0,106.53,0.0,160.0,100.0,0.0
2024-07-11,2,08:30,0.0,0.0,0.0,106.53,0.0,160.0,100.0,0.0
2024-07-11,3,08:45,0.0,0.0,0.0,106.53,0.0,160.0,100.0,0.0
2024-07-11,4,09:00,0.0,0.0,0.0,89.11,0.0,160.0,100.0,0.0
2024-07-11,5,09:15,0.0,0.0,0.0,89.11,0.0,160.0,100.0,0.0
2024-07-11,6,09:30,0.0,0.0,0.0,89.11,0.0,160.0,100.0,0.0
2024-07-11,7,09:45,0.0,0.0,0.0,89.11,0.0,160.0,100.0,0.0
2024-07-11,8,10:00,0.0,0.0,0.0,80.69,0.0,160.0,100.0,0.0
2024-07-11,9,10:15,0.0,9.5021,9.5021,80.69,0.191681,120.0,100.0,0.0
2024-07-11,10,10:30,0.0,17.0147,17.0147,80.69,0.343228,120.0,100.0,0.0
2024-07-11,11,10:45,0.0,17.1381,17.1381,80.69,0.345718,120.0,100.0,0.0
2024-07-11,12,11:00,0.0,16.0793,16.0793,66.6,0.26772,120.0,100.0,0.0
2024-07-11,13,11:15,0.0,3.2115,3.2115,66.6,0.053471,120.0,100.0,0.0
2024-07-11,14,11:30,0.0,9.5021,9.5021,66.6,0.15821,80.0,140.0,0.0
2024-07-11,15,11:45,0.0,17.0147,17.0147,66.6,0.283294,80.0,140.0,0.0
2024-07-11,16,12:00,1.8638,17.1381,19.0019,57.44,0.272868,80.0,140.0,0.0
2024-07-11,17,12:15,6.7293,16.0793,22.8086,57.44,0.327531,80.0,140.0,0.0
2024-07-11,18,12:30,5.9956,3.2115,9.2071,57.44,0.132214,80.0,140.0,0.0
2024-07-11,19,12:45,7.1179,9.5021,16.62,57.44,0.238663,40.0,180.0,0.0
2024-07-11,20,13:00,6.1091,17.0147,23.1237,47.7,0.275751,40.0,180.0,0.0
2024-07-11,21,13:15,5.6324,17.1381,22.7705,47.7,0.271539,40.0,180.0,0.0
2024-07-11,22,13:30,5.8458,16.0793,21.9251,47.7,0.261457,40.0,180.0,0.0
2024-07-11,23,13:45,5.1816,3.2115,8.3931,47.7,0.100087,40.0,180.0,0.0
2024-07-11,24,14:00,6.7301,9.5021,16.2322,44.48,0.180502,0.0,220.0,0.0
2024-07-11,25,14:15,3.9878,17.0147,21.0025,44.48,0.233548,0.0,220.0,0.0
2024-07-11,26,14:30,1.8638,17.1381,19.0019,44.48,0.211301,100.0,220.0,0.0
2024-07-11,27,14:45,6.7293,16.0793,22.8086,44.48,0.253631,100.0,220.0,0.0
2024-07-11,28,15:00,5.9956,3.2115,9.2071,50.1,0.115319,100.0,120.0,100.0
2024-07-11,29,15:15,7.1179,9.5021,16.62,50.1,0.208165,60.0,160.0,0.0
2024-07-11,30,15:30,6.1091,17.0147,23.1237,50.1,0.289625,60.0,160.0,0.0
2024-07-11,31,15:45,5.6324,17.1381,22.7705,50.1,0.285201,60.0,160.0,0.0
2024-07-11,32,16:00,5.8458,16.0793,21.9251,60.98,0.334248,60.0,160.0,0.0
2024-07-11,33,16:15,5.1816,3.2115,8.3931,60.98,0.127952,60.0,160.0,0.0
2024-07-11,34,16:30,6.7301,9.5021,16.2322,60.98,0.24746,20.0,200.0,0.0
2024-07-11,35,16:45,3.9878,17.0147,21.0025,60.98,0.320183,20.0,200.0,0.0
2024-07-11,36,17:00,0.0,17.1381,17.1381,81.91,0.350945,120.0,200.0,0.0
2024-07-11,37,17:15,0.0,16.0793,16.0793,81.91,0.329263,120.0,200.0,0.0
2024-07-11,38,17:30,0.0,3.2115,3.2115,81.91,0.065763,120.0,200.0,0.0
2024-07-11,39,17:45,0.0,0.0,0.0,81.91,0.0,120.0,240.0,0.0
2024-07-11,40,18:00,0.0,0.0,0.0,91.58,0.0,120.0,240.0,0.0
2024-07-11,41,18:15,0.0,0.0,0.0,91.58,0.0,120.0,240.0,0.0
2024-07-11,42,18:30,0.0,0.0,0.0,91.58,0.0,120.0,240.0,0.0
2024-07-11,43,18:45,0.0,0.0,0.0,91.58,0.0,120.0,240.0,0.0
2024-07-11,44,19:00,0.0,0.0,0.0,120.0,0.0,120.0,240.0,0.0
2024-07-11,45,19:15,0.0,0.0,0.0,120.0,0.0,120.0,240.0,0.0
2024-07-11,46,19:30,0.0,0.0,0.0,120.0,0.0,120.0,240.0,0.0
2024-07-11,47,19:45,0.0,0.0,0.0,120.0,0.0,120.0,240.0,0.0
2024-07-11,48,20:00,0.0,0.0,0.0,184.33,0.0,120.0,240.0,0.0
2024-07-11,49,20:15,0.0,0.0,0.0,184.33,0.0,120.0,240.0,0.0
2024-07-11,50,20:30,0.0,0.0,0.0,184.33,0.0,120.0,240.0,0.0
2024-07-11,51,20:45,0.0,0.0,0.0,184.33,0.0,120.0,240.0,0.0
2024-07-11,52,21:00,0.0,0.0,0.0,166.74,0.0,120.0,240.0,0.0
2024-07-11,53,21:15,0.0,0.0,0.0,166.74,0.0,120.0,240.0,0.0
2024-07-11,54,21:30,0.0,0.0,0.0,166.74,0.0,120.0,240.0,0.0
2024-07-11,55,21:45,0.0,0.0,0.0,166.74,0.0,120.0,90.0,150.0
2024-07-12,0,08:00,0.0,0.0,0.0,109.6,0.0,120.0,90.0,0.0
2024-07-12,1,08:15,0.0,0.0,0.0,109.6,0.0,120.0,90.0,0.0
2024-07-12,2,08:30,0.0,0.0,0.0,109.6,0.0,120.0,90.0,0.0
2024-07-12,3,08:45,0.0,0.0,0.0,109.6,0.0,120.0,90.0,0.0
2024-07-12,4,09:00,0.0,0.0,0.0,102.4,0.0,120.0,90.0,0.0
2024-07-12,5,09:15,0.0,0.0,0.0,102.4,0.0,120.0,90.0,0.0
2024-07-12,6,09:30,0.0,0.0,0.0,102.4,0.0,120.0,90.0,0.0
2024-07-12,7,09:45,0.0,0.0,0.0,102.4,0.0,120.0,90.0,0.0
2024-07-12,8,10:00,0.0,0.0,0.0,95.87,0.0,120.0,90.0,0.0
2024-07-12,9,10:15,0.0,0.0,0.0,95.87,0.0,120.0,90.0,0.0
2024-07-12,10,10:30,0.0,0.0,0.0,95.87,0.0,120.0,90.0,0.0
2024-07-12,11,10:45,0.0,0.0,0.0,95.87,0.0,120.0,90.0,0.0
2024-07-12,12,11:00,0.0,0.0,0.0,89.83,0.0,120.0,90.0,0.0
2024-07-12,13,11:15,0.0,0.0,0.0,89.83,0.0,120.0,90.0,0.0
2024-07-12,14,11:30,0.0,0.0,0.0,89.83,0.0,120.0,90.0,0.0
2024-07-12,15,11:45,0.0,0.0,0.0,89.83,0.0,120.0,90.0,0.0
2024-07-12,16,12:00,0.0,0.0,0.0,83.25,0.0,120.0,90.0,0.0
2024-07-12,17,12:15,0.0,0.0,0.0,83.25,0.0,120.0,90.0,0.0
2024-07-12,18,12:30,0.0,0.0,0.0,83.25,0.0,120.0,90.0,0.0
2024-07-12,19,12:45,0.0,0.0,0.0,83.25,0.0,120.0,90.0,0.0
2024-07-12,20,13:00,0.0,0.0,0.0,78.6,0.0,120.0,90.0,0.0
2024-07-12,21,13:15,0.0,0.0,0.0,78.6,0.0,120.0,90.0,0.0
2024-07-12,22,13:30,0.0,0.0,0.0,78.6,0.0,120.0,90.0,0.0
2024-07-12,23,13:45,0.0,9.5021,9.5021,78.6,0.186716,80.0,90.0,0.0
2024-07-12,24,14:00,0.0,17.0147,17.0147,78.04,0.331956,80.0,90.0,0.0
2024-07-12,25,14:15,0.0,17.1381,17.1381,78.04,0.334364,80.0,90.0,0.0
2024-07-12,26,14:30,0.0,16.0793,16.0793,78.04,0.313707,80.0,90.0,0.0
2024-07-12,27,14:45,0.0,3.2115,3.2115,78.04,0.062656,80.0,90.0,0.0
2024-07-12,28,15:00,0.0,0.0,0.0,78.19,0.0,80.0,10.0,120.0
2024-07-12,29,15:15,0.0,0.0,0.0,78.19,0.0,80.0,10.0,0.0
2024-07-12,30,15:30,0.0,0.0,0.0,78.19,0.0,80.0,10.0,0.0
2024-07-12,31,15:45,0.0,0.0,0.0,78.19,0.0,80.0,10.0,0.0
2024-07-12,32,16:00,0.0,0.0,0.0,85.71,0.0,80.0,10.0,0.0
2024-07-12,33,16:15,0.0,0.0,0.0,85.71,0.0,80.0,10.0,0.0
2024-07-12,34,16:30,0.0,0.0,0.0,85.71,0.0,80.0,10.0,0.0
2024-07-12,35,16:45,0.0,0.0,0.0,85.71,0.0,80.0,10.0,0.0
2024-07-12,36,17:00,0.0,0.0,0.0,85.54,0.0,80.0,10.0,0.0
2024-07-12,37,17:15,0.0,0.0,0.0,85.54,0.0,80.0,10.0,0.0
2024-07-12,38,17:30,0.0,0.0,0.0,85.54,0.0,80.0,10.0,0.0
2024-07-12,39,17:45,0.0,0.0,0.0,85.54,0.0,80.0,10.0,0.0
2024-07-12,40,18:00,0.0,0.0,0.0,92.26,0.0,80.0,10.0,0.0
2024-07-12,41,18:15,0.0,0.0,0.0,92.26,0.0,80.0,10.0,0.0
2024-07-12,42,18:30,0.0,0.0,0.0,92.26,0.0,80.0,10.0,0.0
2024-07-12,43,18:45,0.0,0.0,0.0,92.26,0.0,80.0,10.0,0.0
2024-07-12,44,19:00,0.0,0.0,0.0,102.39,0.0,80.0,10.0,0.0
2024-07-12,45,19:15,0.0,0.0,0.0,102.39,0.0,80.0,10.0,0.0
2024-07-12,46,19:30,0.0,0.0,0.0,102.39,0.0,80.0,10.0,0.0
2024-07-12,47,19:45,0.0,0.0,0.0,102.39,0.0,80.0,10.0,0.0
2024-07-12,48,20:00,0.0,0.0,0.0,93.29,0.0,80.0,10.0,0.0
2024-07-12,49,20:15,0.0,0.0,0.0,93.29,0.0,80.0,10.0,0.0
2024-07-12,50,20:30,0.0,0.0,0.0,93.29,0.0,80.0,10.0,0.0
2024-07-12,51,20:45,0.0,0.0,0.0,93.29,0.0,80.0,10.0,0.0
2024-07-12,52,21:00,0.0,0.0,0.0,94.61,0.0,80.0,10.0,0.0
2024-07-12,53,21:15,0.0,0.0,0.0,94.61,0.0,80.0,10.0,0.0
2024-07-12,54,21:30,0.0,0.0,0.0,94.61,0.0,80.0,10.0,0.0
2024-07-12,55,21:45,0.0,0.0,0.0,94.61,0.0,80.0,10.0,0.0
2024-07-15,0,08:00,0.0,0.0,0.0,89.77,0.0,80.0,10.0,0.0
2024-07-15,1,08:15,0.0,0.0,0.0,89.77,0.0,80.0,10.0,0.0
2024-07-15,2,08:30,0.0,0.0,0.0,89.77,0.0,80.0,10.0,0.0
2024-07-15,3,08:45,1.8638,9.5021,11.3659,89.77,0.25508,40.0,10.0,0.0
2024-07-15,4,09:00,6.7293,17.0147,23.744,59.29,0.351945,40.0,10.0,0.0
2024-07-15,5,09:15,5.9956,17.1381,23.1337,59.29,0.342899,40.0,10.0,0.0
2024-07-15,6,09:30,7.1179,16.0793,23.1972,59.29,0.34384,40.0,10.0,0.0
2024-07-15,7,09:45,6.1091,3.2115,9.3206,59.29,0.138154,40.0,10.0,0.0
2024-07-15,8,10:00,5.6324,9.5021,15.1345,35.52,0.134395,0.0,50.0,0.0
2024-07-15,9,10:15,5.8458,17.0147,22.8605,35.52,0.203001,0.0,50.0,0.0
2024-07-15,10,10:30,5.1816,17.1381,22.3197,35.52,0.198199,0.0,50.0,0.0
2024-07-15,11,10:45,6.7301,16.0793,22.8094,35.52,0.202547,0.0,50.0,0.0
2024-07-15,12,11:00,3.9878,3.2115,7.1993,11.29,0.02032,0.0,50.0,0.0
2024-07-15,13,11:15,1.8638,9.5021,11.3659,11.29,0.03208,60.0,90.0,0.0
2024-07-15,14,11:30,6.7293,17.0147,23.744,11.29,0.067017,60.0,90.0,0.0
2024-07-15,15,11:45,5.9956,17.1381,23.1337,11.29,0.065295,60.0,90.0,0.0
2024-07-15,16,12:00,7.1179,16.0793,23.1972,0.07,0.000406,60.0,90.0,0.0
2024-07-15,17,12:15,6.1091,3.2115,9.3206,0.07,0.000163,60.0,90.0,0.0
2024-07-15,18,12:30,5.6324,9.5021,15.1345,0.07,0.000265,20.0,130.0,0.0
2024-07-15,19,12:45,5.8458,17.0147,22.8605,0.07,0.0004,20.0,130.0,0.0
2024-07-15,20,13:00,5.1816,17.1381,22.3197,-0.01,-5.6e-05,20.0,130.0,0.0
2024-07-15,21,13:15,6.7301,16.0793,22.8094,-0.01,-5.7e-05,20.0,130.0,0.0
2024-07-15,22,13:30,3.9878,3.2115,7.1993,-0.01,-1.8e-05,20.0,130.0,0.0
2024-07-15,23,13:45,1.8638,9.5021,11.3659,-0.01,-2.8e-05,80.0,170.0,0.0
2024-07-15,24,14:00,6.7293,17.0147,23.744,-0.07,-0.000416,80.0,170.0,0.0
2024-07-15,25,14:15,5.9956,17.1381,23.1337,-0.07,-0.000405,80.0,170.0,0.0
2024-07-15,26,14:30,7.1179,16.0793,23.1972,-0.07,-0.000406,80.0,170.0,0.0
2024-07-15,27,14:45,6.1091,3.2115,9.3206,-0.07,-0.000163,80.0,170.0,0.0
2024-07-15,28,15:00,5.6324,9.5021,15.1345,3.54,0.013394,40.0,60.0,150.0
2024-07-15,29,15:15,5.8458,17.0147,22.8605,3.54,0.020232,40.0,60.0,0.0
2024-07-15,30,15:30,5.1816,17.1381,22.3197,3.54,0.019753,40.0,60.0,0.0
2024-07-15,31,15:45,6.7301,16.0793,22.8094,3.54,0.020186,40.0,60.0,0.0
2024-07-15,32,16:00,3.9878,3.2115,7.1993,44.29,0.079714,40.0,60.0,0.0
2024-07-15,33,16:15,0.0,9.5021,9.5021,44.29,0.105212,100.0,100.0,0.0
2024-07-15,34,16:30,0.0,17.0147,17.0147,44.29,0.188395,100.0,100.0,0.0
2024-07-15,35,16:45,0.0,17.1381,17.1381,44.29,0.189762,100.0,100.0,0.0
2024-07-15,36,17:00,0.0,16.0793,16.0793,82.0,0.329625,100.0,100.0,0.0
2024-07-15,37,17:15,0.0,3.2115,3.2115,82.0,0.065835,100.0,100.0,0.0
2024-07-15,38,17:30,0.0,9.5021,9.5021,82.0,0.194793,60.0,140.0,0.0
2024-07-15,39,17:45,0.0,17.0147,17.0147,82.0,0.348801,60.0,140.0,0.0
2024-07-15,40,18:00,0.0,17.1381,17.1381,114.35,0.489935,60.0,140.0,0.0
2024-07-15,41,18:15,0.0,16.0793,16.0793,114.35,0.459666,60.0,140.0,0.0
2024-07-15,42,18:30,0.0,3.2115,3.2115,114.35,0.091808,60.0,140.0,0.0
2024-07-15,43,18:45,0.0,0.0,0.0,114.35,0.0,60.0,180.0,0.0
2024-07-15,44,19:00,0.0,0.0,0.0,204.19,0.0,60.0,180.0,0.0
2024-07-15,45,19:15,0.0,0.0,0.0,204.19,0.0,60.0,180.0,0.0
2024-07-15,46,19:30,0.0,0.0,0.0,204.19,0.0,60.0,180.0,0.0
2024-07-15,47,19:45,0.0,0.0,0.0,204.19,0.0,60.0,180.0,0.0
2024-07-15,48,20:00,0.0,0.0,0.0,224.96,0.0,60.0,180.0,0.0
2024-07-15,49,20:15,0.0,0.0,0.0,224.96,0.0,60.0,180.0,0.0
2024-07-15,50,20:30,0.0,0.0,0.0,224.96,0.0,60.0,180.0,0.0
2024-07-15,51,20:45,0.0,0.0,0.0,224.96,0.0,60.0,180.0,0.0
2024-07-15,52,21:00,0.0,0.0,0.0,143.56,0.0,60.0,180.0,0.0
2024-07-15,53,21:15,0.0,0.0,0.0,143.56,0.0,60.0,180.0,0.0
2024-07-15,54,21:30,0.0,0.0,0.0,143.56,0.0,60.0,180.0,0.0
2024-07-15,55,21:45,0.0,0.0,0.0,143.56,0.0,60.0,30.0,150.0
2024-07-16,0,08:00,0.0,0.0,0.0,84.31,0.0,60.0,30.0,0.0
2024-07-16,1,08:15,0.0,0.0,0.0,84.31,0.0,60.0,30.0,0.0
2024-07-16,2,08:30,0.0,0.0,0.0,84.31,0.0,60.0,30.0,0.0
2024-07-16,3,08:45,0.0,0.0,0.0,84.31,0.0,60.0,30.0,0.0
2024-07-16,4,09:00,0.0,0.0,0.0,62.77,0.0,60.0,30.0,0.0
2024-07-16,5,09:15,0.0,0.0,0.0,62.77,0.0,60.0,30.0,0.0
2024-07-16,6,09:30,1.8638,0.0,1.8638,62.77,0.029248,60.0,30.0,0.0
2024-07-16,7,09:45,6.7293,0.0,6.7293,62.77,0.105599,60.0,30.0,0.0
2024-07-16,8,10:00,5.9956,0.0,5.9956,21.49,0.032211,60.0,30.0,0.0
2024-07-16,9,10:15,7.1179,0.0,7.1179,21.49,0.038241,60.0,30.0,0.0
2024-07-16,10,10:30,6.1091,0.0,6.1091,21.49,0.032821,60.0,30.0,0.0
2024-07-16,11,10:45,5.6324,9.5021,15.1345,21.49,0.08131,20.0,30.0,0.0
2024-07-16,12,11:00,5.8458,17.0147,22.8605,0.06,0.000343,20.0,30.0,0.0
2024-07-16,13,11:15,5.1816,17.1381,22.3197,0.06,0.000335,20.0,30.0,0.0
2024-07-16,14,11:30,6.7301,16.0793,22.8094,0.06,0.000342,20.0,30.0,0.0
2024-07-16,15,11:45,3.9878,3.2115,7.1993,0.06,0.000108,20.0,30.0,0.0
2024-07-16,16,12:00,1.8638,9.5021,11.3659,-8.03,-0.022817,80.0,70.0,0.0
2024-07-16,17,12:15,6.7293,17.0147,23.744,-8.03,-0.047666,80.0,70.0,0.0
2024-07-16,18,12:30,5.9956,17.1381,23.1337,-8.03,-0.046441,80.0,70.0,0.0
2024-07-16,19,12:45,7.1179,16.0793,23.1972,-8.03,-0.046568,80.0,70.0,0.0
2024-07-16,20,13:00,6.1091,3.2115,9.3206,-11.03,-0.025701,80.0,70.0,0.0
2024-07-16,21,13:15,5.6324,9.5021,15.1345,-11.03,-0.041733,40.0,110.0,0.0
2024-07-16,22,13:30,5.8458,17.0147,22.8605,-11.03,-0.063038,40.0,110.0,0.0
2024-07-16,23,13:45,5.1816,17.1381,22.3197,-11.03,-0.061546,40.0,110.0,0.0
2024-07-16,24,14:00,6.7301,16.0793,22.8094,-11.48,-0.065463,40.0,110.0,0.0
2024-07-16,25,14:15,3.9878,3.2115,7.1993,-11.48,-0.020662,40.0,110.0,0.0
2024-07-16,26,14:30,1.8638,9.5021,11.3659,-11.48,-0.03262,100.0,150.0,0.0
2024-07-16,27,14:45,6.7293,17.0147,23.744,-11.48,-0.068145,100.0,150.0,0.0
2024-07-16,28,15:00,5.9956,17.1381,23.1337,-11.14,-0.064427,100.0,10.0,140.0
2024-07-16,29,15:15,7.1179,16.0793,23.1972,-11.14,-0.064604,100.0,10.0,0.0
2024-07-16,30,15:30,6.1091,3.2115,9.3206,-11.14,-0.025958,100.0,10.0,0.0
2024-07-16,31,15:45,5.6324,9.5021,15.1345,-11.14,-0.04215,60.0,50.0,0.0
2024-07-16,32,16:00,5.8458,17.0147,22.8605,-2.3,-0.013145,60.0,50.0,0.0
2024-07-16,33,16:15,5.1816,17.1381,22.3197,-2.3,-0.012834,60.0,50.0,0.0
2024-07-16,34,16:30,6.7301,16.0793,22.8094,-2.3,-0.013115,60.0,50.0,0.0
2024-07-16,35,16:45,3.9878,3.2115,7.1993,-2.3,-0.00414,60.0,50.0,0.0
2024-07-16,36,17:00,0.0,9.5021,9.5021,22.12,0.052547,120.0,90.0,0.0
2024-07-16,37,17:15,0.0,17.0147,17.0147,22.12,0.094091,120.0,90.0,0.0
2024-07-16,38,17:30,0.0,17.1381,17.1381,22.12,0.094774,120.0,90.0,0.0
2024-07-16,39,17:45,0.0,16.0793,16.0793,22.12,0.088918,120.0,90.0,0.0
2024-07-16,40,18:00,0.0,3.2115,3.2115,63.02,0.050597,120.0,90.0,0.0
2024-07-16,41,18:15,0.0,0.0,0.0,63.02,0.0,120.0,130.0,0.0
2024-07-16,42,18:30,0.0,0.0,0.0,63.02,0.0,120.0,130.0,0.0
2024-07-16,43,18:45,0.0,0.0,0.0,63.02,0.0,120.0,130.0,0.0
2024-07-16,44,19:00,0.0,0.0,0.0,81.99,0.0,120.0,130.0,0.0
2024-07-16,45,19:15,0.0,0.0,0.0,81.99,0.0,120.0,130.0,0.0
2024-07-16,46,19:30,0.0,0.0,0.0,81.99,0.0,120.0,130.0,0.0
2024-07-16,47,19:45,0.0,0.0,0.0,81.99,0.0,120.0,130.0,0.0
2024-07-16,48,20:00,0.0,0.0,0.0,121.6,0.0,120.0,130.0,0.0
2024-07-16,49,20:15,0.0,0.0,0.0,121.6,0.0,120.0,130.0,0.0
2024-07-16,50,20:30,0.0,0.0,0.0,121.6,0.0,120.0,130.0,0.0
2024-07-16,51,20:45,0.0,0.0,0.0,121.6,0.0,120.0,130.0,0.0
2024-07-16,52,21:00,0.0,0.0,0.0,114.28,0.0,120.0,130.0,0.0
2024-07-16,53,21:15,0.0,0.0,0.0,114.28,0.0,120.0,130.0,0.0
2024-07-16,54,21:30,0.0,0.0,0.0,114.28,0.0,120.0,130.0,0.0
2024-07-16,55,21:45,0.0,0.0,0.0,114.28,0.0,120.0,130.0,0.0
2024-07-17,0,08:00,0.0,0.0,0.0,105.7,0.0,120.0,130.0,0.0
2024-07-17,1,08:15,0.0,0.0,0.0,105.7,0.0,120.0,130.0,0.0
2024-07-17,2,08:30,0.0,0.0,0.0,105.7,0.0,120.0,130.0,0.0
2024-07-17,3,08:45,0.0,0.0,0.0,105.7,0.0,120.0,130.0,0.0
2024-07-17,4,09:00,0.0,0.0,0.0,77.14,0.0,120.0,130.0,0.0
2024-07-17,5,09:15,0.0,0.0,0.0,77.14,0.0,120.0,130.0,0.0
2024-07-17,6,09:30,0.0,0.0,0.0,77.14,0.0,120.0,130.0,0.0
2024-07-17,7,09:45,0.0,0.0,0.0,77.14,0.0,120.0,130.0,0.0
2024-07-17,8,10:00,0.0,0.0,0.0,58.19,0.0,120.0,130.0,0.0
2024-07-17,9,10:15,0.0,0.0,0.0,58.19,0.0,120.0,130.0,0.0
2024-07-17,10,10:30,0.0,0.0,0.0,58.19,0.0,120.0,130.0,0.0
2024-07-17,11,10:45,0.0,0.0,0.0,58.19,0.0,120.0,130.0,0.0
2024-07-17,12,11:00,0.0,0.0,0.0,41.75,0.0,120.0,130.0,0.0
2024-07-17,13,11:15,1.8638,9.5021,11.3659,41.75,0.118632,80.0,130.0,0.0
2024-07-17,14,11:30,6.7293,17.0147,23.744,41.75,0.247828,80.0,130.0,0.0
2024-07-17,15,11:45,5.9956,17.1381,23.1337,41.75,0.241458,80.0,130.0,0.0
2024-07-17,16,12:00,7.1179,16.0793,23.1972,32.59,0.188999,80.0,130.0,0.0
2024-07-17,17,12:15,6.1091,3.2115,9.3206,32.59,0.075939,80.0,130.0,0.0
2024-07-17,18,12:30,5.6324,9.5021,15.1345,32.59,0.123309,40.0,170.0,0.0
2024-07-17,19,12:45,5.8458,17.0147,22.8605,32.59,0.186256,40.0,170.0,0.0
2024-07-17,20,13:00,5.1816,17.1381,22.3197,21.85,0.121921,40.0,170.0,0.0
2024-07-17,21,13:15,6.7301,16.0793,22.8094,21.85,0.124596,40.0,170.0,0.0
2024-07-17,22,13:30,3.9878,3.2115,7.1993,21.85,0.039326,40.0,170.0,0.0
2024-07-17,23,13:45,1.8638,9.5021,11.3659,21.85,0.062086,100.0,210.0,0.0
2024-07-17,24,14:00,6.7293,17.0147,23.744,10.8,0.064109,100.0,210.0,0.0
2024-07-17,25,14:15,5.9956,17.1381,23.1337,10.8,0.062461,100.0,210.0,0.0
2024-07-17,26,14:30,7.1179,16.0793,23.1972,10.8,0.062632,100.0,210.0,0.0
2024-07-17,27,14:45,6.1091,3.2115,9.3206,10.8,0.025166,100.0,210.0,0.0
2024-07-17,28,15:00,5.6324,9.5021,15.1345,13.47,0.050966,60.0,90.0,160.0
2024-07-17,29,15:15,5.8458,17.0147,22.8605,13.47,0.076983,60.0,90.0,0.0
2024-07-17,30,15:30,5.1816,17.1381,22.3197,13.47,0.075161,60.0,90.0,0.0
2024-07-17,31,15:45,6.7301,16.0793,22.8094,13.47,0.076811,60.0,90.0,0.0
2024-07-17,32,16:00,3.9878,3.2115,7.1993,38.88,0.069977,60.0,90.0,0.0
2024-07-17,33,16:15,0.0,9.5021,9.5021,38.88,0.09236,120.0,130.0,0.0
2024-07-17,34,16:30,0.0,17.0147,17.0147,38.88,0.165383,120.0,130.0,0.0
2024-07-17,35,16:45,0.0,17.1381,17.1381,38.88,0.166582,120.0,130.0,0.0
2024-07-17,36,17:00,0.0,16.0793,16.0793,61.68,0.247942,120.0,130.0,0.0
2024-07-17,37,17:15,0.0,3.2115,3.2115,61.68,0.049521,120.0,130.0,0.0
2024-07-17,38,17:30,0.0,0.0,0.0,61.68,0.0,120.0,170.0,0.0
2024-07-17,39,17:45,0.0,0.0,0.0,61.68,0.0,120.0,170.0,0.0
2024-07-17,40,18:00,0.0,0.0,0.0,82.93,0.0,120.0,170.0,0.0
2024-07-17,41,18:15,0.0,0.0,0.0,82.93,0.0,120.0,170.0,0.0
2024-07-17,42,18:30,0.0,0.0,0.0,82.93,0.0,120.0,170.0,0.0
2024-07-17,43,18:45,0.0,0.0,0.0,82.93,0.0,120.0,170.0,0.0
2024-07-17,44,19:00,0.0,0.0,0.0,106.89,0.0,120.0,170.0,0.0
2024-07-17,45,19:15,0.0,0.0,0.0,106.89,0.0,120.0,170.0,0.0
2024-07-17,46,19:30,0.0,0.0,0.0,106.89,0.0,120.0,170.0,0.0
2024-07-17,47,19:45,0.0,0.0,0.0,106.89,0.0,120.0,170.0,0.0
2024-07-17,48,20:00,0.0,0.0,0.0,187.95,0.0,120.0,170.0,0.0
2024-07-17,49,20:15,0.0,0.0,0.0,187.95,0.0,120.0,170.0,0.0
2024-07-17,50,20:30,0.0,0.0,0.0,187.95,0.0,120.0,170.0,0.0
2024-07-17,51,20:45,0.0,0.0,0.0,187.95,0.0,120.0,170.0,0.0
2024-07-17,52,21:00,0.0,0.0,0.0,143.47,0.0,120.0,170.0,0.0
2024-07-17,53,21:15,0.0,0.0,0.0,143.47,0.0,120.0,170.0,0.0
2024-07-17,54,21:30,0.0,0.0,0.0,143.47,0.0,120.0,170.0,0.0
2024-07-17,55,21:45,0.0,0.0,0.0,143.47,0.0,120.0,0.0,170.0
2024-07-18,0,08:00,0.0,0.0,0.0,96.74,0.0,120.0,0.0,0.0
2024-07-18,1,08:15,0.0,0.0,0.0,96.74,0.0,120.0,0.0,0.0
2024-07-18,2,08:30,0.0,0.0,0.0,96.74,0.0,120.0,0.0,0.0
2024-07-18,3,08:45,0.0,0.0,0.0,96.74,0.0,120.0,0.0,0.0
2024-07-18,4,09:00,0.0,0.0,0.0,79.22,0.0,120.0,0.0,0.0
2024-07-18,5,09:15,0.0,0.0,0.0,79.22,0.0,120.0,0.0,0.0
2024-07-18,6,09:30,0.0,0.0,0.0,79.22,0.0,120.0,0.0,0.0
2024-07-18,7,09:45,0.0,0.0,0.0,79.22,0.0,120.0,0.0,0.0
2024-07-18,8,10:00,0.0,0.0,0.0,63.84,0.0,120.0,0.0,0.0
2024-07-18,9,10:15,0.0,0.0,0.0,63.84,0.0,120.0,0.0,0.0
2024-07-18,10,10:30,0.0,0.0,0.0,63.84,0.0,120.0,0.0,0.0
2024-07-18,11,10:45,0.0,0.0,0.0,63.84,0.0,120.0,0.0,0.0
2024-07-18,12,11:00,0.0,0.0,0.0,47.13,0.0,120.0,0.0,0.0
2024-07-18,13,11:15,0.0,0.0,0.0,47.13,0.0,120.0,0.0,0.0
2024-07-18,14,11:30,0.0,0.0,0.0,47.13,0.0,120.0,0.0,0.0
2024-07-18,15,11:45,1.3266,9.5021,10.8287,47.13,0.12759,80.0,0.0,0.0
2024-07-18,16,12:00,4.184,17.0147,21.1986,35.01,0.185541,80.0,0.0,0.0
2024-07-18,17,12:15,5.1593,17.1381,22.2974,35.01,0.195158,80.0,0.0,0.0
2024-07-18,18,12:30,4.2588,16.0793,20.3381,35.01,0.178009,80.0,0.0,0.0
2024-07-18,19,12:45,5.404,3.2115,8.6155,35.01,0.075407,80.0,0.0,0.0
2024-07-18,20,13:00,4.491,9.5021,13.9931,33.96,0.118802,40.0,40.0,0.0
2024-07-18,21,13:15,5.1252,17.0147,22.1399,33.96,0.187967,40.0,40.0,0.0
2024-07-18,22,13:30,3.0543,17.1381,20.1924,33.96,0.171434,40.0,40.0,0.0
2024-07-18,23,13:45,5.093,16.0793,21.1723,33.96,0.179753,40.0,40.0,0.0
2024-07-18,24,14:00,3.6006,3.2115,6.8121,37.01,0.063029,40.0,40.0,0.0
2024-07-18,25,14:15,4.9802,9.5021,14.4823,37.01,0.133998,0.0,80.0,0.0
2024-07-18,26,14:30,4.3843,17.0147,21.399,37.01,0.197994,0.0,80.0,0.0
2024-07-18,27,14:45,1.5369,17.1381,18.675,37.01,0.17279,0.0,80.0,0.0
2024-07-18,28,15:00,0.0,16.0793,16.0793,48.78,0.196087,100.0,80.0,0.0
2024-07-18,29,15:15,0.0,3.2115,3.2115,48.78,0.039164,100.0,80.0,0.0
2024-07-18,30,15:30,0.0,0.0,0.0,48.78,0.0,100.0,120.0,0.0
2024-07-18,31,15:45,0.0,0.0,0.0,48.78,0.0,100.0,120.0,0.0
2024-07-18,32,16:00,0.0,0.0,0.0,67.56,0.0,100.0,120.0,0.0
2024-07-18,33,16:15,0.0,0.0,0.0,67.56,0.0,100.0,120.0,0.0
2024-07-18,34,16:30,0.0,0.0,0.0,67.56,0.0,100.0,120.0,0.0
2024-07-18,35,16:45,0.0,0.0,0.0,67.56,0.0,100.0,120.0,0.0
2024-07-18,36,17:00,0.0,0.0,0.0,85.48,0.0,100.0,120.0,0.0
2024-07-18,37,17:15,0.0,0.0,0.0,85.48,0.0,100.0,120.0,0.0
2024-07-18,38,17:30,0.0,0.0,0.0,85.48,0.0,100.0,120.0,0.0
2024-07-18,39,17:45,0.0,0.0,0.0,85.48,0.0,100.0,120.0,0.0
2024-07-18,40,18:00,0.0,0.0,0.0,92.0,0.0,100.0,120.0,0.0
2024-07-18,41,18:15,0.0,0.0,0.0,92.0,0.0,100.0,120.0,0.0
2024-07-18,42,18:30,0.0,0.0,0.0,92.0,0.0,100.0,120.0,0.0
2024-07-18,43,18:45,0.0,0.0,0.0,92.0,0.0,100.0,120.0,0.0
2024-07-18,44,19:00,0.0,0.0,0.0,130.18,0.0,100.0,120.0,0.0
2024-07-18,45,19:15,0.0,0.0,0.0,130.18,0.0,100.0,120.0,0.0
2024-07-18,46,19:30,0.0,0.0,0.0,130.18,0.0,100.0,120.0,0.0
2024-07-18,47,19:45,0.0,0.0,0.0,130.18,0.0,100.0,120.0,0.0
2024-07-18,48,20:00,0.0,0.0,0.0,227.6,0.0,100.0,120.0,0.0
2024-07-18,49,20:15,0.0,0.0,0.0,227.6,0.0,100.0,120.0,0.0
2024-07-18,50,20:30,0.0,0.0,0.0,227.6,0.0,100.0,120.0,0.0
2024-07-18,51,20:45,0.0,0.0,0.0,227.6,0.0,100.0,120.0,0.0
2024-07-18,52,21:00,0.0,0.0,0.0,184.46,0.0,100.0,120.0,0.0
2024-07-18,53,21:15,0.0,0.0,0.0,184.46,0.0,100.0,120.0,0.0
2024-07-18,54,21:30,0.0,0.0,0.0,184.46,0.0,100.0,120.0,0.0
2024-07-18,55,21:45,0.0,0.0,0.0,184.46,0.0,100.0,20.0,100.0
2024-07-19,0,08:00,0.0,0.0,0.0,98.4,0.0,100.0,20.0,0.0
2024-07-19,1,08:15,0.0,0.0,0.0,98.4,0.0,100.0,20.0,0.0
2024-07-19,2,08:30,0.0,0.0,0.0,98.4,0.0,100.0,20.0,0.0
2024-07-19,3,08:45,0.0,0.0,0.0,98.4,0.0,100.0,20.0,0.0
2024-07-19,4,09:00,0.0,0.0,0.0,81.43,0.0,100.0,20.0,0.0
2024-07-19,5,09:15,0.0,0.0,0.0,81.43,0.0,100.0,20.0,0.0
2024-07-19,6,09:30,0.0,0.0,0.0,81.43,0.0,100.0,20.0,0.0
2024-07-19,7,09:45,0.0,0.0,0.0,81.43,0.0,100.0,20.0,0.0
2024-07-19,8,10:00,0.0,0.0,0.0,70.0,0.0,100.0,20.0,0.0
2024-07-19,9,10:15,0.0,0.0,0.0,70.0,0.0,100.0,20.0,0.0
2024-07-19,10,10:30,0.0,0.0,0.0,70.0,0.0,100.0,20.0,0.0
2024-07-19,11,10:45,0.0,0.0,0.0,70.0,0.0,100.0,20.0,0.0
2024-07-19,12,11:00,0.0,0.0,0.0,58.75,0.0,100.0,20.0,0.0
2024-07-19,13,11:15,0.0,0.0,0.0,58.75,0.0,100.0,20.0,0.0
2024-07-19,14,11:30,0.0,0.0,0.0,58.75,0.0,100.0,20.0,0.0
2024-07-19,15,11:45,0.0,0.0,0.0,58.75,0.0,100.0,20.0,0.0
2024-07-19,16,12:00,0.0,0.0,0.0,44.34,0.0,100.0,20.0,0.0
2024-07-19,17,12:15,0.0,0.0,0.0,44.34,0.0,100.0,20.0,0.0
2024-07-19,18,12:30,1.8638,9.5021,11.3659,44.34,0.125991,60.0,20.0,0.0
2024-07-19,19,12:45,6.7293,17.0147,23.744,44.34,0.263202,60.0,20.0,0.0
2024-07-19,20,13:00,5.9956,17.1381,23.1337,36.5,0.211095,60.0,20.0,0.0
2024-07-19,21,13:15,7.1179,16.0793,23.1972,36.5,0.211674,60.0,20.0,0.0
2024-07-19,22,13:30,6.1091,3.2115,9.3206,36.5,0.08505,60.0,20.0,0.0
2024-07-19,23,13:45,5.6324,9.5021,15.1345,36.5,0.138103,20.0,60.0,0.0
2024-07-19,24,14:00,5.8458,17.0147,22.8605,36.2,0.206887,20.0,60.0,0.0
2024-07-19,25,14:15,5.1816,17.1381,22.3197,36.2,0.201993,20.0,60.0,0.0
2024-07-19,26,14:30,6.7301,16.0793,22.8094,36.2,0.206425,20.0,60.0,0.0
2024-07-19,27,14:45,3.9878,3.2115,7.1993,36.2,0.065154,20.0,60.0,0.0
2024-07-19,28,15:00,0.0,9.5021,9.5021,42.54,0.101055,80.0,100.0,0.0
2024-07-19,29,15:15,0.0,17.0147,17.0147,42.54,0.180951,80.0,100.0,0.0
2024-07-19,30,15:30,0.0,17.1381,17.1381,42.54,0.182264,80.0,100.0,0.0
2024-07-19,31,15:45,0.0,16.0793,16.0793,42.54,0.171003,80.0,100.0,0.0
2024-07-19,32,16:00,0.0,3.2115,3.2115,63.79,0.051215,80.0,100.0,0.0
2024-07-19,33,16:15,0.0,0.0,0.0,63.79,0.0,80.0,140.0,0.0
2024-07-19,34,16:30,0.0,0.0,0.0,63.79,0.0,80.0,140.0,0.0
2024-07-19,35,16:45,0.0,0.0,0.0,63.79,0.0,80.0,140.0,0.0
2024-07-19,36,17:00,0.0,0.0,0.0,77.34,0.0,80.0,140.0,0.0
2024-07-19,37,17:15,0.0,0.0,0.0,77.34,0.0,80.0,140.0,0.0
2024-07-19,38,17:30,0.0,0.0,0.0,77.34,0.0,80.0,140.0,0.0
2024-07-19,39,17:45,0.0,0.0,0.0,77.34,0.0,80.0,140.0,0.0
2024-07-19,40,18:00,0.0,0.0,0.0,91.61,0.0,80.0,140.0,0.0
2024-07-19,41,18:15,0.0,0.0,0.0,91.61,0.0,80.0,140.0,0.0
2024-07-19,42,18:30,0.0,0.0,0.0,91.61,0.0,80.0,140.0,0.0
2024-07-19,43,18:45,0.0,0.0,0.0,91.61,0.0,80.0,140.0,0.0
2024-07-19,44,19:00,0.0,0.0,0.0,121.02,0.0,80.0,140.0,0.0
2024-07-19,45,19:15,0.0,0.0,0.0,121.02,0.0,80.0,140.0,0.0
2024-07-19,46,19:30,0.0,0.0,0.0,121.02,0.0,80.0,140.0,0.0
2024-07-19,47,19:45,0.0,0.0,0.0,121.02,0.0,80.0,140.0,0.0
2024-07-19,48,20:00,0.0,0.0,0.0,190.46,0.0,80.0,140.0,0.0
2024-07-19,49,20:15,0.0,0.0,0.0,190.46,0.0,80.0,140.0,0.0
2024-07-19,50,20:30,0.0,0.0,0.0,190.46,0.0,80.0,140.0,0.0
2024-07-19,51,20:45,0.0,0.0,0.0,190.46,0.0,80.0,140.0,0.0
2024-07-19,52,21:00,0.0,0.0,0.0,120.0,0.0,80.0,140.0,0.0
2024-07-19,53,21:15,0.0,0.0,0.0,120.0,0.0,80.0,140.0,0.0
2024-07-19,54,21:30,0.0,0.0,0.0,120.0,0.0,80.0,140.0,0.0
2024-07-19,55,21:45,0.0,0.0,0.0,120.0,0.0,80.0,60.0,80.0
2024-07-22,0,08:00,0.0,0.0,0.0,126.05,0.0,80.0,60.0,0.0
2024-07-22,1,08:15,0.0,0.0,0.0,126.05,0.0,80.0,60.0,0.0
2024-07-22,2,08:30,0.0,0.0,0.0,126.05,0.0,80.0,60.0,0.0
2024-07-22,3,08:45,0.0,0.0,0.0,126.05,0.0,80.0,60.0,0.0
2024-07-22,4,09:00,0.0,0.0,0.0,94.34,0.0,80.0,60.0,0.0
2024-07-22,5,09:15,0.0,0.0,0.0,94.34,0.0,80.0,60.0,0.0
2024-07-22,6,09:30,0.0,0.0,0.0,94.34,0.0,80.0,60.0,0.0
2024-07-22,7,09:45,0.0,0.0,0.0,94.34,0.0,80.0,60.0,0.0
2024-07-22,8,10:00,0.0,0.0,0.0,75.14,0.0,80.0,60.0,0.0
2024-07-22,9,10:15,0.0,0.0,0.0,75.14,0.0,80.0,60.0,0.0
2024-07-22,10,10:30,0.0,0.0,0.0,75.14,0.0,80.0,60.0,0.0
2024-07-22,11,10:45,0.0,0.0,0.0,75.14,0.0,80.0,60.0,0.0
2024-07-22,12,11:00,0.0,0.0,0.0,72.88,0.0,80.0,60.0,0.0
2024-07-22,13,11:15,0.0,0.0,0.0,72.88,0.0,80.0,60.0,0.0
2024-07-22,14,11:30,0.0,0.0,0.0,72.88,0.0,80.0,60.0,0.0
2024-07-22,15,11:45,0.0,0.0,0.0,72.88,0.0,80.0,60.0,0.0
2024-07-22,16,12:00,0.0,0.0,0.0,66.22,0.0,80.0,60.0,0.0
2024-07-22,17,12:15,0.0,0.0,0.0,66.22,0.0,80.0,60.0,0.0
2024-07-22,18,12:30,1.8638,9.5021,11.3659,66.22,0.188163,40.0,60.0,0.0
2024-07-22,19,12:45,6.7293,17.0147,23.744,66.22,0.393081,40.0,60.0,0.0
2024-07-22,20,13:00,5.9956,17.1381,23.1337,43.25,0.250133,40.0,60.0,0.0
2024-07-22,21,13:15,7.1179,16.0793,23.1972,43.25,0.250819,40.0,60.0,0.0
2024-07-22,22,13:30,6.1091,3.2115,9.3206,43.25,0.100779,40.0,60.0,0.0
2024-07-22,23,13:45,5.6324,9.5021,15.1345,43.25,0.163642,0.0,100.0,0.0
2024-07-22,24,14:00,5.8458,17.0147,22.8605,19.41,0.110931,0.0,100.0,0.0
2024-07-22,25,14:15,5.1816,17.1381,22.3197,19.41,0.108306,0.0,100.0,0.0
2024-07-22,26,14:30,6.7301,16.0793,22.8094,19.41,0.110683,0.0,100.0,0.0
2024-07-22,27,14:45,3.9878,3.2115,7.1993,19.41,0.034935,0.0,100.0,0.0
2024-07-22,28,15:00,1.8638,9.5021,11.3659,20.38,0.057909,60.0,140.0,0.0
2024-07-22,29,15:15,6.7293,17.0147,23.744,20.38,0.120975,60.0,140.0,0.0
2024-07-22,30,15:30,5.9956,17.1381,23.1337,20.38,0.117866,60.0,140.0,0.0
2024-07-22,31,15:45,7.1179,16.0793,23.1972,20.38,0.11819,60.0,140.0,0.0
2024-07-22,32,16:00,6.1091,3.2115,9.3206,48.46,0.112919,60.0,140.0,0.0
2024-07-22,33,16:15,5.6324,9.5021,15.1345,48.46,0.183355,20.0,180.0,0.0
2024-07-22,34,16:30,5.8458,17.0147,22.8605,48.46,0.276955,20.0,180.0,0.0
2024-07-22,35,16:45,5.1816,17.1381,22.3197,48.46,0.270403,20.0,180.0,0.0
2024-07-22,36,17:00,6.7301,16.0793,22.8094,63.69,0.363182,20.0,180.0,0.0
2024-07-22,37,17:15,3.9878,3.2115,7.1993,63.69,0.114631,20.0,180.0,0.0
2024-07-22,38,17:30,0.0,0.0,0.0,63.69,0.0,120.0,220.0,0.0
2024-07-22,39,17:45,0.0,0.0,0.0,63.69,0.0,120.0,220.0,0.0
2024-07-22,40,18:00,0.0,0.0,0.0,81.15,0.0,120.0,220.0,0.0
2024-07-22,41,18:15,0.0,0.0,0.0,81.15,0.0,120.0,220.0,0.0
2024-07-22,42,18:30,0.0,0.0,0.0,81.15,0.0,120.0,220.0,0.0
2024-07-22,43,18:45,0.0,0.0,0.0,81.15,0.0,120.0,220.0,0.0
2024-07-22,44,19:00,0.0,0.0,0.0,99.04,0.0,120.0,220.0,0.0
2024-07-22,45,19:15,0.0,0.0,0.0,99.04,0.0,120.0,220.0,0.0
2024-07-22,46,19:30,0.0,0.0,0.0,99.04,0.0,120.0,220.0,0.0
2024-07-22,47,19:45,0.0,0.0,0.0,99.04,0.0,120.0,220.0,0.0
2024-07-22,48,20:00,0.0,0.0,0.0,186.24,0.0,120.0,220.0,0.0
2024-07-22,49,20:15,0.0,0.0,0.0,186.24,0.0,120.0,220.0,0.0
2024-07-22,50,20:30,0.0,0.0,0.0,186.24,0.0,120.0,220.0,0.0
2024-07-22,51,20:45,0.0,0.0,0.0,186.24,0.0,120.0,220.0,0.0
2024-07-22,52,21:00,0.0,0.0,0.0,172.04,0.0,120.0,220.0,0.0
2024-07-22,53,21:15,0.0,0.0,0.0,172.04,0.0,120.0,220.0,0.0
2024-07-22,54,21:30,0.0,0.0,0.0,172.04,0.0,120.0,220.0,0.0
2024-07-22,55,21:45,0.0,0.0,0.0,172.04,0.0,120.0,40.0,180.0
2024-07-23,0,08:00,0.0,0.0,0.0,115.21,0.0,120.0,40.0,0.0
2024-07-23,1,08:15,0.0,0.0,0.0,115.21,0.0,120.0,40.0,0.0
2024-07-23,2,08:30,0.0,0.0,0.0,115.21,0.0,120.0,40.0,0.0
2024-07-23,3,08:45,0.0,0.0,0.0,115.21,0.0,120.0,40.0,0.0
2024-07-23,4,09:00,0.0,0.0,0.0,87.29,0.0,120.0,40.0,0.0
2024-07-23,5,09:15,0.0,0.0,0.0,87.29,0.0,120.0,40.0,0.0
2024-07-23,6,09:30,0.0,0.0,0.0,87.29,0.0,120.0,40.0,0.0
2024-07-23,7,09:45,0.0,0.0,0.0,87.29,0.0,120.0,40.0,0.0
2024-07-23,8,10:00,0.0,9.5021,9.5021,68.87,0.163602,80.0,40.0,0.0
2024-07-23,9,10:15,0.0,17.0147,17.0147,68.87,0.29295,80.0,40.0,0.0
2024-07-23,10,10:30,0.0,17.1381,17.1381,68.87,0.295075,80.0,40.0,0.0
2024-07-23,11,10:45,0.0,16.0793,16.0793,68.87,0.276845,80.0,40.0,0.0
2024-07-23,12,11:00,0.0,3.2115,3.2115,61.37,0.049272,80.0,40.0,0.0
2024-07-23,13,11:15,1.8638,9.5021,11.3659,61.37,0.174382,40.0,80.0,0.0
2024-07-23,14,11:30,6.7293,17.0147,23.744,61.37,0.364292,40.0,80.0,0.0
2024-07-23,15,11:45,5.9956,17.1381,23.1337,61.37,0.354928,40.0,80.0,0.0
2024-07-23,16,12:00,7.1179,16.0793,23.1972,43.42,0.251805,40.0,80.0,0.0
2024-07-23,17,12:15,6.1091,3.2115,9.3206,43.42,0.101175,40.0,80.0,0.0
2024-07-23,18,12:30,5.6324,9.5021,15.1345,43.42,0.164285,0.0,120.0,0.0
2024-07-23,19,12:45,5.8458,17.0147,22.8605,43.42,0.248151,0.0,120.0,0.0
2024-07-23,20,13:00,5.1816,17.1381,22.3197,38.29,0.213655,0.0,120.0,0.0
2024-07-23,21,13:15,6.7301,16.0793,22.8094,38.29,0.218343,0.0,120.0,0.0
2024-07-23,22,13:30,3.9878,3.2115,7.1993,38.29,0.068915,0.0,120.0,0.0
2024-07-23,23,13:45,1.8638,9.5021,11.3659,38.29,0.1088,60.0,160.0,0.0
2024-07-23,24,14:00,6.7293,17.0147,23.744,36.01,0.213755,60.0,160.0,0.0
2024-07-23,25,14:15,5.9956,17.1381,23.1337,36.01,0.208261,60.0,160.0,0.0
2024-07-23,26,14:30,7.1179,16.0793,23.1972,36.01,0.208833,60.0,160.0,0.0
2024-07-23,27,14:45,6.1091,3.2115,9.3206,36.01,0.083908,60.0,160.0,0.0
2024-07-23,28,15:00,5.6324,9.5021,15.1345,41.96,0.158761,20.0,40.0,160.0
2024-07-23,29,15:15,5.8458,17.0147,22.8605,41.96,0.239807,20.0,40.0,0.0
2024-07-23,30,15:30,5.1816,17.1381,22.3197,41.96,0.234133,20.0,40.0,0.0
2024-07-23,31,15:45,6.7301,16.0793,22.8094,41.96,0.23927,20.0,40.0,0.0
2024-07-23,32,16:00,3.9878,3.2115,7.1993,64.86,0.116736,20.0,40.0,0.0
2024-07-23,33,16:15,0.0,9.5021,9.5021,64.86,0.154076,80.0,80.0,0.0
2024-07-23,34,16:30,0.0,17.0147,17.0147,64.86,0.275893,80.0,80.0,0.0
2024-07-23,35,16:45,0.0,17.1381,17.1381,64.86,0.277894,80.0,80.0,0.0
2024-07-23,36,17:00,0.0,16.0793,16.0793,79.53,0.319696,80.0,80.0,0.0
2024-07-23,37,17:15,0.0,3.2115,3.2115,79.53,0.063852,80.0,80.0,0.0
2024-07-23,38,17:30,0.0,0.0,0.0,79.53,0.0,80.0,120.0,0.0
2024-07-23,39,17:45,0.0,0.0,0.0,79.53,0.0,80.0,120.0,0.0
2024-07-23,40,18:00,0.0,0.0,0.0,79.92,0.0,80.0,120.0,0.0
2024-07-23,41,18:15,0.0,0.0,0.0,79.92,0.0,80.0,120.0,0.0
2024-07-23,42,18:30,0.0,0.0,0.0,79.92,0.0,80.0,120.0,0.0
2024-07-23,43,18:45,0.0,0.0,0.0,79.92,0.0,80.0,120.0,0.0
2024-07-23,44,19:00,0.0,0.0,0.0,96.03,0.0,80.0,120.0,0.0
2024-07-23,45,19:15,0.0,0.0,0.0,96.03,0.0,80.0,120.0,0.0
2024-07-23,46,19:30,0.0,0.0,0.0,96.03,0.0,80.0,120.0,0.0
2024-07-23,47,19:45,0.0,0.0,0.0,96.03,0.0,80.0,120.0,0.0
2024-07-23,48,20:00,0.0,0.0,0.0,118.52,0.0,80.0,120.0,0.0
2024-07-23,49,20:15,0.0,0.0,0.0,118.52,0.0,80.0,120.0,0.0
2024-07-23,50,20:30,0.0,0.0,0.0,118.52,0.0,80.0,120.0,0.0
2024-07-23,51,20:45,0.0,0.0,0.0,118.52,0.0,80.0,120.0,0.0
2024-07-23,52,21:00,0.0,0.0,0.0,102.01,0.0,80.0,120.0,0.0
2024-07-23,53,21:15,0.0,0.0,0.0,102.01,0.0,80.0,120.0,0.0
2024-07-23,54,21:30,0.0,0.0,0.0,102.01,0.0,80.0,120.0,0.0
2024-07-23,55,21:45,0.0,0.0,0.0,102.01,0.0,80.0,30.0,90.0
2024-07-24,0,08:00,0.0,0.0,0.0,99.19,0.0,80.0,30.0,0.0
2024-07-24,1,08:15,0.0,0.0,0.0,99.19,0.0,80.0,30.0,0.0
2024-07-24,2,08:30,0.0,0.0,0.0,99.19,0.0,80.0,30.0,0.0
2024-07-24,3,08:45,0.0,0.0,0.0,99.19,0.0,80.0,30.0,0.0
2024-07-24,4,09:00,0.0,0.0,0.0,72.91,0.0,80.0,30.0,0.0
2024-07-24,5,09:15,0.0,0.0,0.0,72.91,0.0,80.0,30.0,0.0
2024-07-24,6,09:30,0.0,0.0,0.0,72.91,0.0,80.0,30.0,0.0
2024-07-24,7,09:45,0.0,0.0,0.0,72.91,0.0,80.0,30.0,0.0
2024-07-24,8,10:00,0.0,0.0,0.0,54.9,0.0,80.0,30.0,0.0
2024-07-24,9,10:15,0.0,0.0,0.0,54.9,0.0,80.0,30.0,0.0
2024-07-24,10,10:30,0.0,0.0,0.0,54.9,0.0,80.0,30.0,0.0
2024-07-24,11,10:45,0.0,0.0,0.0,54.9,0.0,80.0,30.0,0.0
2024-07-24,12,11:00,1.8638,9.5021,11.3659,21.19,0.060211,40.0,30.0,0.0
2024-07-24,13,11:15,6.7293,17.0147,23.744,21.19,0.125784,40.0,30.0,0.0
2024-07-24,14,11:30,5.9956,17.1381,23.1337,21.19,0.122551,40.0,30.0,0.0
2024-07-24,15,11:45,7.1179,16.0793,23.1972,21.19,0.122887,40.0,30.0,0.0
2024-07-24,16,12:00,6.1091,3.2115,9.3206,1.58,0.003682,40.0,30.0,0.0
2024-07-24,17,12:15,5.6324,9.5021,15.1345,1.58,0.005978,0.0,70.0,0.0
2024-07-24,18,12:30,5.8458,17.0147,22.8605,1.58,0.00903,0.0,70.0,0.0
2024-07-24,19,12:45,5.1816,17.1381,22.3197,1.58,0.008816,0.0,70.0,0.0
2024-07-24,20,13:00,6.7301,16.0793,22.8094,-0.15,-0.000855,0.0,70.0,0.0
2024-07-24,21,13:15,3.9878,3.2115,7.1993,-0.15,-0.00027,0.0,70.0,0.0
2024-07-24,22,13:30,1.8638,9.5021,11.3659,-0.15,-0.000426,60.0,110.0,0.0
2024-07-24,23,13:45,6.7293,17.0147,23.744,-0.15,-0.00089,60.0,110.0,0.0
2024-07-24,24,14:00,5.9956,17.1381,23.1337,-2.06,-0.011914,60.0,110.0,0.0
2024-07-24,25,14:15,7.1179,16.0793,23.1972,-2.06,-0.011947,60.0,110.0,0.0
2024-07-24,26,14:30,6.1091,3.2115,9.3206,-2.06,-0.0048,60.0,110.0,0.0
2024-07-24,27,14:45,5.6324,9.5021,15.1345,-2.06,-0.007794,20.0,150.0,0.0
2024-07-24,28,15:00,5.8458,17.0147,22.8605,-1.96,-0.011202,20.0,40.0,110.0
2024-07-24,29,15:15,5.1816,17.1381,22.3197,-1.96,-0.010937,20.0,40.0,0.0
2024-07-24,30,15:30,6.7301,16.0793,22.8094,-1.96,-0.011177,20.0,40.0,0.0
2024-07-24,31,15:45,3.9878,3.2115,7.1993,-1.96,-0.003528,20.0,40.0,0.0
2024-07-24,32,16:00,0.0,9.5021,9.5021,2.21,0.00525,80.0,80.0,0.0
2024-07-24,33,16:15,0.0,17.0147,17.0147,2.21,0.009401,80.0,80.0,0.0
2024-07-24,34,16:30,0.0,17.1381,17.1381,2.21,0.009469,80.0,80.0,0.0
2024-07-24,35,16:45,0.0,16.0793,16.0793,2.21,0.008884,80.0,80.0,0.0
2024-07-24,36,17:00,0.0,3.2115,3.2115,39.27,0.031529,80.0,80.0,0.0
2024-07-24,37,17:15,0.0,0.0,0.0,39.27,0.0,80.0,120.0,0.0
2024-07-24,38,17:30,0.0,0.0,0.0,39.27,0.0,80.0,120.0,0.0
2024-07-24,39,17:45,0.0,0.0,0.0,39.27,0.0,80.0,120.0,0.0
2024-07-24,40,18:00,0.0,0.0,0.0,69.34,0.0,80.0,120.0,0.0
2024-07-24,41,18:15,0.0,0.0,0.0,69.34,0.0,80.0,120.0,0.0
2024-07-24,42,18:30,0.0,0.0,0.0,69.34,0.0,80.0,120.0,0.0
2024-07-24,43,18:45,0.0,0.0,0.0,69.34,0.0,80.0,120.0,0.0
2024-07-24,44,19:00,0.0,0.0,0.0,95.9,0.0,80.0,120.0,0.0
2024-07-24,45,19:15,0.0,0.0,0.0,95.9,0.0,80.0,120.0,0.0
2024-07-24,46,19:30,0.0,0.0,0.0,95.9,0.0,80.0,120.0,0.0
2024-07-24,47,19:45,0.0,0.0,0.0,95.9,0.0,80.0,120.0,0.0
2024-07-24,48,20:00,0.0,0.0,0.0,109.93,0.0,80.0,120.0,0.0
2024-07-24,49,20:15,0.0,0.0,0.0,109.93,0.0,80.0,120.0,0.0
2024-07-24,50,20:30,0.0,0.0,0.0,109.93,0.0,80.0,120.0,0.0
2024-07-24,51,20:45,0.0,0.0,0.0,109.93,0.0,80.0,120.0,0.0
2024-07-24,52,21:00,0.0,0.0,0.0,121.82,0.0,80.0,120.0,0.0
2024-07-24,53,21:15,0.0,0.0,0.0,121.82,0.0,80.0,120.0,0.0
2024-07-24,54,21:30,0.0,0.0,0.0,121.82,0.0,80.0,120.0,0.0
2024-07-24,55,21:45,0.0,0.0,0.0,121.82,0.0,80.0,120.0,0.0
2024-07-25,0,08:00,0.0,0.0,0.0,90.98,0.0,80.0,120.0,0.0
2024-07-25,1,08:15,0.0,0.0,0.0,90.98,0.0,80.0,120.0,0.0
2024-07-25,2,08:30,0.0,0.0,0.0,90.98,0.0,80.0,120.0,0.0
2024-07-25,3,08:45,0.0,0.0,0.0,90.98,0.0,80.0,120.0,0.0
2024-07-25,4,09:00,0.0,0.0,0.0,71.98,0.0,80.0,120.0,0.0
2024-07-25,5,09:15,0.0,0.0,0.0,71.98,0.0,80.0,120.0,0.0
2024-07-25,6,09:30,1.8638,0.0,1.8638,71.98,0.03354,80.0,120.0,0.0
2024-07-25,7,09:45,6.7293,9.5021,16.2314,71.98,0.292084,40.0,120.0,0.0
2024-07-25,8,10:00,5.9956,17.0147,23.0103,55.08,0.316851,40.0,120.0,0.0
2024-07-25,9,10:15,7.1179,17.1381,24.256,55.08,0.334005,40.0,120.0,0.0
2024-07-25,10,10:30,6.1091,16.0793,22.1884,55.08,0.305534,40.0,120.0,0.0
2024-07-25,11,10:45,5.6324,3.2115,8.8439,55.08,0.121781,40.0,120.0,0.0
2024-07-25,12,11:00,5.8458,9.5021,15.3479,36.95,0.141776,0.0,160.0,0.0
2024-07-25,13,11:15,5.1816,17.0147,22.1962,36.95,0.205038,0.0,160.0,0.0
2024-07-25,14,11:30,6.7301,17.1381,23.8682,36.95,0.220482,0.0,160.0,0.0
2024-07-25,15,11:45,3.9878,16.0793,20.0671,36.95,0.18537,0.0,160.0,0.0
2024-07-25,16,12:00,1.8638,3.2115,5.0753,24.31,0.030845,100.0,160.0,0.0
2024-07-25,17,12:15,6.7293,9.5021,16.2314,24.31,0.098646,60.0,200.0,0.0
2024-07-25,18,12:30,5.9956,17.0147,23.0103,24.31,0.139845,60.0,200.0,0.0
2024-07-25,19,12:45,7.1179,17.1381,24.256,24.31,0.147416,60.0,200.0,0.0
2024-07-25,20,13:00,6.1091,16.0793,22.1884,17.36,0.096297,60.0,200.0,0.0
2024-07-25,21,13:15,5.6324,3.2115,8.8439,17.36,0.038383,60.0,200.0,0.0
2024-07-25,22,13:30,5.8458,9.5021,15.3479,17.36,0.06661,20.0,240.0,0.0
2024-07-25,23,13:45,5.1816,17.0147,22.1962,17.36,0.096332,20.0,240.0,0.0
2024-07-25,24,14:00,6.7301,17.1381,23.8682,13.27,0.079183,20.0,240.0,0.0
2024-07-25,25,14:15,3.9878,16.0793,20.0671,13.27,0.066573,20.0,240.0,0.0
2024-07-25,26,14:30,1.8638,3.2115,5.0753,13.27,0.016837,120.0,240.0,0.0
2024-07-25,27,14:45,6.7293,9.5021,16.2314,13.27,0.053848,80.0,280.0,0.0
2024-07-25,28,15:00,5.9956,17.0147,23.0103,26.2,0.150717,80.0,140.0,140.0
2024-07-25,29,15:15,7.1179,17.1381,24.256,26.2,0.158877,80.0,140.0,0.0
2024-07-25,30,15:30,6.1091,16.0793,22.1884,26.2,0.145334,80.0,140.0,0.0
2024-07-25,31,15:45,5.6324,3.2115,8.8439,26.2,0.057928,80.0,140.0,0.0
2024-07-25,32,16:00,5.8458,9.5021,15.3479,53.8,0.206429,40.0,180.0,0.0
2024-07-25,33,16:15,5.1816,17.0147,22.1962,53.8,0.29854,40.0,180.0,0.0
2024-07-25,34,16:30,6.7301,17.1381,23.8682,53.8,0.321027,40.0,180.0,0.0
2024-07-25,35,16:45,3.9878,16.0793,20.0671,53.8,0.269902,40.0,180.0,0.0
2024-07-25,36,17:00,0.0,3.2115,3.2115,80.0,0.06423,140.0,180.0,0.0
2024-07-25,37,17:15,0.0,0.0,0.0,80.0,0.0,140.0,220.0,0.0
2024-07-25,38,17:30,0.0,0.0,0.0,80.0,0.0,140.0,220.0,0.0
2024-07-25,39,17:45,0.0,0.0,0.0,80.0,0.0,140.0,220.0,0.0
2024-07-25,40,18:00,0.0,0.0,0.0,97.0,0.0,140.0,220.0,0.0
2024-07-25,41,18:15,0.0,0.0,0.0,97.0,0.0,140.0,220.0,0.0
2024-07-25,42,18:30,0.0,0.0,0.0,97.0,0.0,140.0,220.0,0.0
2024-07-25,43,18:45,0.0,0.0,0.0,97.0,0.0,140.0,220.0,0.0
2024-07-25,44,19:00,0.0,0.0,0.0,126.93,0.0,140.0,220.0,0.0
2024-07-25,45,19:15,0.0,0.0,0.0,126.93,0.0,140.0,220.0,0.0
2024-07-25,46,19:30,0.0,0.0,0.0,126.93,0.0,140.0,220.0,0.0
2024-07-25,47,19:45,0.0,0.0,0.0,126.93,0.0,140.0,220.0,0.0
2024-07-25,48,20:00,0.0,0.0,0.0,155.72,0.0,140.0,220.0,0.0
2024-07-25,49,20:15,0.0,0.0,0.0,155.72,0.0,140.0,220.0,0.0
2024-07-25,50,20:30,0.0,0.0,0.0,155.72,0.0,140.0,220.0,0.0
2024-07-25,51,20:45,0.0,0.0,0.0,155.72,0.0,140.0,220.0,0.0
2024-07-25,52,21:00,0.0,0.0,0.0,131.61,0.0,140.0,220.0,0.0
2024-07-25,53,21:15,0.0,0.0,0.0,131.61,0.0,140.0,220.0,0.0
2024-07-25,54,21:30,0.0,0.0,0.0,131.61,0.0,140.0,220.0,0.0
2024-07-25,55,21:45,0.0,0.0,0.0,131.61,0.0,140.0,90.0,130.0
2024-07-26,0,08:00,0.0,0.0,0.0,104.1,0.0,140.0,90.0,0.0
2024-07-26,1,08:15,0.0,0.0,0.0,104.1,0.0,140.0,90.0,0.0
2024-07-26,2,08:30,0.0,0.0,0.0,104.1,0.0,140.0,90.0,0.0
2024-07-26,3,08:45,0.0,0.0,0.0,104.1,0.0,140.0,90.0,0.0
2024-07-26,4,09:00,0.0,0.0,0.0,96.83,0.0,140.0,90.0,0.0
2024-07-26,5,09:15,0.0,0.0,0.0,96.83,0.0,140.0,90.0,0.0
2024-07-26,6,09:30,0.0,0.0,0.0,96.83,0.0,140.0,90.0,0.0
2024-07-26,7,09:45,0.0,0.0,0.0,96.83,0.0,140.0,90.0,0.0
2024-07-26,8,10:00,0.0,0.0,0.0,90.53,0.0,140.0,90.0,0.0
2024-07-26,9,10:15,0.0,0.0,0.0,90.53,0.0,140.0,90.0,0.0
2024-07-26,10,10:30,0.0,0.0,0.0,90.53,0.0,140.0,90.0,0.0
2024-07-26,11,10:45,0.0,0.0,0.0,90.53,0.0,140.0,90.0,0.0
2024-07-26,12,11:00,0.0,0.0,0.0,81.35,0.0,140.0,90.0,0.0
2024-07-26,13,11:15,0.0,0.0,0.0,81.35,0.0,140.0,90.0,0.0
2024-07-26,14,11:30,0.0,0.0,0.0,81.35,0.0,140.0,90.0,0.0
2024-07-26,15,11:45,0.0,0.0,0.0,81.35,0.0,140.0,90.0,0.0
2024-07-26,16,12:00,0.0,0.0,0.0,70.0,0.0,140.0,90.0,0.0
2024-07-26,17,12:15,0.0,0.0,0.0,70.0,0.0,140.0,90.0,0.0
2024-07-26,18,12:30,0.0,0.0,0.0,70.0,0.0,140.0,90.0,0.0
2024-07-26,19,12:45,0.0,9.5021,9.5021,70.0,0.166287,100.0,90.0,0.0
2024-07-26,20,13:00,0.0,17.0147,17.0147,63.12,0.268492,100.0,90.0,0.0
2024-07-26,21,13:15,0.0,17.1381,17.1381,63.12,0.270439,100.0,90.0,0.0
2024-07-26,22,13:30,0.0,16.0793,16.0793,63.12,0.253731,100.0,90.0,0.0
2024-07-26,23,13:45,0.0,3.2115,3.2115,63.12,0.050677,100.0,90.0,0.0
2024-07-26,24,14:00,0.0,9.5021,9.5021,60.19,0.142983,60.0,130.0,0.0
2024-07-26,25,14:15,0.0,17.0147,17.0147,60.19,0.256028,60.0,130.0,0.0
2024-07-26,26,14:30,0.0,17.1381,17.1381,60.19,0.257885,60.0,130.0,0.0
2024-07-26,27,14:45,0.0,16.0793,16.0793,60.19,0.241953,60.0,130.0,0.0
2024-07-26,28,15:00,0.0,3.2115,3.2115,68.14,0.054708,60.0,130.0,0.0
2024-07-26,29,15:15,0.0,0.0,0.0,68.14,0.0,60.0,170.0,0.0
2024-07-26,30,15:30,0.0,0.0,0.0,68.14,0.0,60.0,170.0,0.0
2024-07-26,31,15:45,0.0,0.0,0.0,68.14,0.0,60.0,170.0,0.0
2024-07-26,32,16:00,0.0,0.0,0.0,72.84,0.0,60.0,170.0,0.0
2024-07-26,33,16:15,0.0,0.0,0.0,72.84,0.0,60.0,170.0,0.0
2024-07-26,34,16:30,0.0,0.0,0.0,72.84,0.0,60.0,170.0,0.0
2024-07-26,35,16:45,0.0,0.0,0.0,72.84,0.0,60.0,170.0,0.0
2024-07-26,36,17:00,0.0,0.0,0.0,88.52,0.0,60.0,170.0,0.0
2024-07-26,37,17:15,0.0,0.0,0.0,88.52,0.0,60.0,170.0,0.0
2024-07-26,38,17:30,0.0,0.0,0.0,88.52,0.0,60.0,170.0,0.0
2024-07-26,39,17:45,0.0,0.0,0.0,88.52,0.0,60.0,170.0,0.0
2024-07-26,40,18:00,0.0,0.0,0.0,94.34,0.0,60.0,170.0,0.0
2024-07-26,41,18:15,0.0,0.0,0.0,94.34,0.0,60.0,170.0,0.0
2024-07-26,42,18:30,0.0,0.0,0.0,94.34,0.0,60.0,170.0,0.0
2024-07-26,43,18:45,0.0,0.0,0.0,94.34,0.0,60.0,170.0,0.0
2024-07-26,44,19:00,0.0,0.0,0.0,107.79,0.0,60.0,170.0,0.0
2024-07-26,45,19:15,0.0,0.0,0.0,107.79,0.0,60.0,170.0,0.0
2024-07-26,46,19:30,0.0,0.0,0.0,107.79,0.0,60.0,170.0,0.0
2024-07-26,47,19:45,0.0,0.0,0.0,107.79,0.0,60.0,170.0,0.0
2024-07-26,48,20:00,0.0,0.0,0.0,143.25,0.0,60.0,170.0,0.0
2024-07-26,49,20:15,0.0,0.0,0.0,143.25,0.0,60.0,170.0,0.0
2024-07-26,50,20:30,0.0,0.0,0.0,143.25,0.0,60.0,170.0,0.0
2024-07-26,51,20:45,0.0,0.0,0.0,143.25,0.0,60.0,170.0,0.0
2024-07-26,52,21:00,0.0,0.0,0.0,139.0,0.0,60.0,170.0,0.0
2024-07-26,53,21:15,0.0,0.0,0.0,139.0,0.0,60.0,170.0,0.0
2024-07-26,54,21:30,0.0,0.0,0.0,139.0,0.0,60.0,170.0,0.0
2024-07-26,55,21:45,0.0,0.0,0.0,139.0,0.0,60.0,20.0,150.0
2024-07-29,0,08:00,0.0,0.0,0.0,98.46,0.0,60.0,20.0,0.0
2024-07-29,1,08:15,0.0,0.0,0.0,98.46,0.0,60.0,20.0,0.0
2024-07-29,2,08:30,0.0,0.0,0.0,98.46,0.0,60.0,20.0,0.0
2024-07-29,3,08:45,0.0,0.0,0.0,98.46,0.0,60.0,20.0,0.0
2024-07-29,4,09:00,0.0,0.0,0.0,63.66,0.0,60.0,20.0,0.0
2024-07-29,5,09:15,0.0,0.0,0.0,63.66,0.0,60.0,20.0,0.0
2024-07-29,6,09:30,0.0,0.0,0.0,63.66,0.0,60.0,20.0,0.0
2024-07-29,7,09:45,0.0,0.0,0.0,63.66,0.0,60.0,20.0,0.0
2024-07-29,8,10:00,1.8638,0.0,1.8638,10.58,0.00493,60.0,20.0,0.0
2024-07-29,9,10:15,6.7293,0.0,6.7293,10.58,0.017799,60.0,20.0,0.0
2024-07-29,10,10:30,5.9956,0.0,5.9956,10.58,0.015858,60.0,20.0,0.0
2024-07-29,11,10:45,7.1179,0.0,7.1179,10.58,0.018827,60.0,20.0,0.0
2024-07-29,12,11:00,6.1091,0.0,6.1091,-0.16,-0.000244,60.0,20.0,0.0
2024-07-29,13,11:15,5.6324,9.5021,15.1345,-0.16,-0.000605,20.0,20.0,0.0
2024-07-29,14,11:30,5.8458,17.0147,22.8605,-0.16,-0.000914,20.0,20.0,0.0
2024-07-29,15,11:45,5.1816,17.1381,22.3197,-0.16,-0.000893,20.0,20.0,0.0
2024-07-29,16,12:00,6.7301,16.0793,22.8094,-0.19,-0.001083,20.0,20.0,0.0
2024-07-29,17,12:15,3.9878,3.2115,7.1993,-0.19,-0.000342,20.0,20.0,0.0
2024-07-29,18,12:30,0.0,9.5021,9.5021,-0.19,-0.000451,80.0,60.0,0.0
2024-07-29,19,12:45,1.8638,17.0147,18.8785,-0.19,-0.000897,80.0,60.0,0.0
2024-07-29,20,13:00,6.7293,17.1381,23.8674,-1.7,-0.010144,80.0,60.0,0.0
2024-07-29,21,13:15,5.9956,16.0793,22.0749,-1.7,-0.009382,80.0,60.0,0.0
2024-07-29,22,13:30,7.1179,3.2115,10.3294,-1.7,-0.00439,80.0,60.0,0.0
2024-07-29,23,13:45,6.1091,9.5021,15.6112,-1.7,-0.006635,40.0,100.0,0.0
2024-07-29,24,14:00,5.6324,17.0147,22.6471,-0.98,-0.005549,40.0,100.0,0.0
2024-07-29,25,14:15,5.8458,17.1381,22.9839,-0.98,-0.005631,40.0,100.0,0.0
2024-07-29,26,14:30,5.1816,16.0793,21.2609,-0.98,-0.005209,40.0,100.0,0.0
2024-07-29,27,14:45,6.7301,3.2115,9.9416,-0.98,-0.002436,40.0,100.0,0.0
2024-07-29,28,15:00,3.9878,9.5021,13.4899,-0.07,-0.000236,0.0,140.0,0.0
2024-07-29,29,15:15,0.0,17.0147,17.0147,-0.07,-0.000298,100.0,140.0,0.0
2024-07-29,30,15:30,0.0,17.1381,17.1381,-0.07,-0.0003,100.0,140.0,0.0
2024-07-29,31,15:45,0.0,16.0793,16.0793,-0.07,-0.000281,100.0,140.0,0.0
2024-07-29,32,16:00,0.0,3.2115,3.2115,13.74,0.011031,100.0,140.0,0.0
2024-07-29,33,16:15,0.0,0.0,0.0,13.74,0.0,100.0,180.0,0.0
2024-07-29,34,16:30,0.0,0.0,0.0,13.74,0.0,100.0,180.0,0.0
2024-07-29,35,16:45,0.0,0.0,0.0,13.74,0.0,100.0,180.0,0.0
2024-07-29,36,17:00,0.0,0.0,0.0,64.48,0.0,100.0,180.0,0.0
2024-07-29,37,17:15,0.0,0.0,0.0,64.48,0.0,100.0,180.0,0.0
2024-07-29,38,17:30,0.0,0.0,0.0,64.48,0.0,100.0,180.0,0.0
2024-07-29,39,17:45,0.0,0.0,0.0,64.48,0.0,100.0,180.0,0.0
2024-07-29,40,18:00,0.0,0.0,0.0,96.91,0.0,100.0,180.0,0.0
2024-07-29,41,18:15,0.0,0.0,0.0,96.91,0.0,100.0,180.0,0.0
2024-07-29,42,18:30,0.0,0.0,0.0,96.91,0.0,100.0,180.0,0.0
2024-07-29,43,18:45,0.0,0.0,0.0,96.91,0.0,100.0,180.0,0.0
2024-07-29,44,19:00,0.0,0.0,0.0,123.24,0.0,100.0,180.0,0.0
2024-07-29,45,19:15,0.0,0.0,0.0,123.24,0.0,100.0,180.0,0.0
2024-07-29,46,19:30,0.0,0.0,0.0,123.24,0.0,100.0,180.0,0.0
2024-07-29,47,19:45,0.0,0.0,0.0,123.24,0.0,100.0,180.0,0.0
2024-07-29,48,20:00,0.0,0.0,0.0,178.07,0.0,100.0,180.0,0.0
2024-07-29,49,20:15,0.0,0.0,0.0,178.07,0.0,100.0,180.0,0.0
2024-07-29,50,20:30,0.0,0.0,0.0,178.07,0.0,100.0,180.0,0.0
2024-07-29,51,20:45,0.0,0.0,0.0,178.07,0.0,100.0,180.0,0.0
2024-07-29,52,21:00,0.0,0.0,0.0,132.72,0.0,100.0,180.0,0.0
2024-07-29,53,21:15,0.0,0.0,0.0,132.72,0.0,100.0,180.0,0.0
2024-07-29,54,21:30,0.0,0.0,0.0,132.72,0.0,100.0,180.0,0.0
2024-07-29,55,21:45,0.0,0.0,0.0,132.72,0.0,100.0,90.0,90.0
2024-07-30,0,08:00,0.0,0.0,0.0,99.65,0.0,100.0,90.0,0.0
2024-07-30,1,08:15,0.0,0.0,0.0,99.65,0.0,100.0,90.0,0.0
2024-07-30,2,08:30,0.0,0.0,0.0,99.65,0.0,100.0,90.0,0.0
2024-07-30,3,08:45,0.0,0.0,0.0,99.65,0.0,100.0,90.0,0.0
2024-07-30,4,09:00,0.0,0.0,0.0,67.78,0.0,100.0,90.0,0.0
2024-07-30,5,09:15,0.0,0.0,0.0,67.78,0.0,100.0,90.0,0.0
2024-07-30,6,09:30,0.0,0.0,0.0,67.78,0.0,100.0,90.0,0.0
2024-07-30,7,09:45,1.8638,9.5021,11.3659,67.78,0.192596,60.0,90.0,0.0
2024-07-30,8,10:00,6.7293,17.0147,23.744,37.52,0.222718,60.0,90.0,0.0
2024-07-30,9,10:15,5.9956,17.1381,23.1337,37.52,0.216994,60.0,90.0,0.0
2024-07-30,10,10:30,7.1179,16.0793,23.1972,37.52,0.217589,60.0,90.0,0.0
2024-07-30,11,10:45,6.1091,3.2115,9.3206,37.52,0.087427,60.0,90.0,0.0
2024-07-30,12,11:00,5.6324,9.5021,15.1345,7.84,0.029664,20.0,130.0,0.0
2024-07-30,13,11:15,5.8458,17.0147,22.8605,7.84,0.044807,20.0,130.0,0.0
2024-07-30,14,11:30,5.1816,17.1381,22.3197,7.84,0.043747,20.0,130.0,0.0
2024-07-30,15,11:45,6.7301,16.0793,22.8094,7.84,0.044706,20.0,130.0,0.0
2024-07-30,16,12:00,3.9878,3.2115,7.1993,1.09,0.001962,20.0,130.0,0.0
2024-07-30,17,12:15,1.8638,9.5021,11.3659,1.09,0.003097,80.0,170.0,0.0
2024-07-30,18,12:30,6.7293,17.0147,23.744,1.09,0.00647,80.0,170.0,0.0
2024-07-30,19,12:45,5.9956,17.1381,23.1337,1.09,0.006304,80.0,170.0,0.0
2024-07-30,20,13:00,7.1179,16.0793,23.1972,-0.04,-0.000232,80.0,170.0,0.0
2024-07-30,21,13:15,6.1091,3.2115,9.3206,-0.04,-9.3e-05,80.0,170.0,0.0
2024-07-30,22,13:30,5.6324,9.5021,15.1345,-0.04,-0.000151,40.0,210.0,0.0
2024-07-30,23,13:45,5.8458,17.0147,22.8605,-0.04,-0.000229,40.0,210.0,0.0
2024-07-30,24,14:00,5.1816,17.1381,22.3197,-0.06,-0.000335,40.0,210.0,0.0
2024-07-30,25,14:15,6.7301,16.0793,22.8094,-0.06,-0.000342,40.0,210.0,0.0
2024-07-30,26,14:30,3.9878,3.2115,7.1993,-0.06,-0.000108,40.0,210.0,0.0
2024-07-30,27,14:45,1.8638,9.5021,11.3659,-0.06,-0.00017,100.0,250.0,0.0
2024-07-30,28,15:00,6.7293,17.0147,23.744,13.25,0.078652,100.0,250.0,0.0
2024-07-30,29,15:15,5.9956,17.1381,23.1337,13.25,0.07663,100.0,250.0,0.0
2024-07-30,30,15:30,7.1179,16.0793,23.1972,13.25,0.076841,100.0,250.0,0.0
2024-07-30,31,15:45,6.1091,3.2115,9.3206,13.25,0.030874,100.0,250.0,0.0
2024-07-30,32,16:00,5.6324,9.5021,15.1345,40.68,0.153918,60.0,290.0,0.0
2024-07-30,33,16:15,5.8458,17.0147,22.8605,40.68,0.232491,60.0,290.0,0.0
2024-07-30,34,16:30,5.1816,17.1381,22.3197,40.68,0.226991,60.0,290.0,0.0
2024-07-30,35,16:45,6.7301,16.0793,22.8094,40.68,0.231971,60.0,290.0,0.0
2024-07-30,36,17:00,3.9878,3.2115,7.1993,78.1,0.140566,60.0,290.0,0.0
2024-07-30,37,17:15,0.0,0.0,0.0,78.1,0.0,160.0,330.0,0.0
2024-07-30,38,17:30,0.0,0.0,0.0,78.1,0.0,160.0,330.0,0.0
2024-07-30,39,17:45,0.0,0.0,0.0,78.1,0.0,160.0,330.0,0.0
2024-07-30,40,18:00,0.0,0.0,0.0,103.4,0.0,160.0,330.0,0.0
2024-07-30,41,18:15,0.0,0.0,0.0,103.4,0.0,160.0,330.0,0.0
2024-07-30,42,18:30,0.0,0.0,0.0,103.4,0.0,160.0,330.0,0.0
2024-07-30,43,18:45,0.0,0.0,0.0,103.4,0.0,160.0,330.0,0.0
2024-07-30,44,19:00,0.0,0.0,0.0,129.44,0.0,160.0,330.0,0.0
2024-07-30,45,19:15,0.0,0.0,0.0,129.44,0.0,160.0,330.0,0.0
2024-07-30,46,19:30,0.0,0.0,0.0,129.44,0.0,160.0,330.0,0.0
2024-07-30,47,19:45,0.0,0.0,0.0,129.44,0.0,160.0,330.0,0.0
2024-07-30,48,20:00,0.0,0.0,0.0,177.13,0.0,160.0,330.0,0.0
2024-07-30,49,20:15,0.0,0.0,0.0,177.13,0.0,160.0,330.0,0.0
2024-07-30,50,20:30,0.0,0.0,0.0,177.13,0.0,160.0,330.0,0.0
2024-07-30,51,20:45,0.0,0.0,0.0,177.13,0.0,160.0,330.0,0.0
2024-07-30,52,21:00,0.0,0.0,0.0,147.67,0.0,160.0,330.0,0.0
2024-07-30,53,21:15,0.0,0.0,0.0,147.67,0.0,160.0,330.0,0.0
2024-07-30,54,21:30,0.0,0.0,0.0,147.67,0.0,160.0,330.0,0.0
2024-07-30,55,21:45,0.0,0.0,0.0,147.67,0.0,160.0,130.0,200.0
2024-07-31,0,08:00,0.0,0.0,0.0,95.26,0.0,160.0,130.0,0.0
2024-07-31,1,08:15,0.0,0.0,0.0,95.26,0.0,160.0,130.0,0.0
2024-07-31,2,08:30,0.0,0.0,0.0,95.26,0.0,160.0,130.0,0.0
2024-07-31,3,08:45,0.0,0.0,0.0,95.26,0.0,160.0,130.0,0.0
2024-07-31,4,09:00,0.0,0.0,0.0,79.02,0.0,160.0,130.0,0.0
2024-07-31,5,09:15,0.0,0.0,0.0,79.02,0.0,160.0,130.0,0.0
2024-07-31,6,09:30,0.0,0.0,0.0,79.02,0.0,160.0,130.0,0.0
2024-07-31,7,09:45,1.8638,9.5021,11.3659,79.02,0.224534,120.0,130.0,0.0
2024-07-31,8,10:00,6.7293,17.0147,23.744,55.89,0.331762,120.0,130.0,0.0
2024-07-31,9,10:15,5.9956,17.1381,23.1337,55.89,0.323235,120.0,130.0,0.0
2024-07-31,10,10:30,7.1179,16.0793,23.1972,55.89,0.324123,120.0,130.0,0.0
2024-07-31,11,10:45,6.1091,3.2115,9.3206,55.89,0.130232,120.0,130.0,0.0
2024-07-31,12,11:00,5.6324,9.5021,15.1345,33.46,0.1266,80.0,170.0,0.0
2024-07-31,13,11:15,5.8458,17.0147,22.8605,33.46,0.191228,80.0,170.0,0.0
2024-07-31,14,11:30,5.1816,17.1381,22.3197,33.46,0.186704,80.0,170.0,0.0
2024-07-31,15,11:45,6.7301,16.0793,22.8094,33.46,0.1908,80.0,170.0,0.0
2024-07-31,16,12:00,3.9878,3.2115,7.1993,21.75,0.039146,80.0,170.0,0.0
2024-07-31,17,12:15,1.8638,9.5021,11.3659,21.75,0.061802,140.0,210.0,0.0
2024-07-31,18,12:30,6.7293,17.0147,23.744,21.75,0.129108,140.0,210.0,0.0
2024-07-31,19,12:45,5.9956,17.1381,23.1337,21.75,0.125789,140.0,210.0,0.0
2024-07-31,20,13:00,7.1179,16.0793,23.1972,11.36,0.06588,140.0,210.0,0.0
2024-07-31,21,13:15,6.1091,3.2115,9.3206,11.36,0.02647,140.0,210.0,0.0
2024-07-31,22,13:30,5.6324,9.5021,15.1345,11.36,0.042982,100.0,250.0,0.0
2024-07-31,23,13:45,5.8458,17.0147,22.8605,11.36,0.064924,100.0,250.0,0.0
2024-07-31,24,14:00,5.1816,17.1381,22.3197,17.53,0.097816,100.0,250.0,0.0
2024-07-31,25,14:15,6.7301,16.0793,22.8094,17.53,0.099962,100.0,250.0,0.0
2024-07-31,26,14:30,3.9878,3.2115,7.1993,17.53,0.031551,100.0,250.0,0.0
2024-07-31,27,14:45,1.8638,9.5021,11.3659,17.53,0.049811,160.0,290.0,0.0
2024-07-31,28,15:00,6.7293,17.0147,23.744,31.74,0.188408,160.0,150.0,140.0
2024-07-31,29,15:15,5.9956,17.1381,23.1337,31.74,0.183566,160.0,150.0,0.0
2024-07-31,30,15:30,7.1179,16.0793,23.1972,31.74,0.18407,160.0,150.0,0.0
2024-07-31,31,15:45,6.1091,3.2115,9.3206,31.74,0.073959,160.0,150.0,0.0
2024-07-31,32,16:00,5.6324,9.5021,15.1345,46.09,0.174388,120.0,190.0,0.0
2024-07-31,33,16:15,5.8458,17.0147,22.8605,46.09,0.26341,120.0,190.0,0.0
2024-07-31,34,16:30,5.1816,17.1381,22.3197,46.09,0.257178,120.0,190.0,0.0
2024-07-31,35,16:45,6.7301,16.0793,22.8094,46.09,0.262821,120.0,190.0,0.0
2024-07-31,36,17:00,3.9878,3.2115,7.1993,75.85,0.136516,120.0,190.0,0.0
2024-07-31,37,17:15,0.0,0.0,0.0,75.85,0.0,220.0,230.0,0.0
2024-07-31,38,17:30,0.0,0.0,0.0,75.85,0.0,220.0,230.0,0.0
2024-07-31,39,17:45,0.0,0.0,0.0,75.85,0.0,220.0,230.0,0.0
2024-07-31,40,18:00,0.0,0.0,0.0,99.16,0.0,220.0,230.0,0.0
2024-07-31,41,18:15,0.0,0.0,0.0,99.16,0.0,220.0,230.0,0.0
2024-07-31,42,18:30,0.0,0.0,0.0,99.16,0.0,220.0,230.0,0.0
2024-07-31,43,18:45,0.0,0.0,0.0,99.16,0.0,220.0,230.0,0.0
2024-07-31,44,19:00,0.0,0.0,0.0,115.39,0.0,220.0,230.0,0.0
2024-07-31,45,19:15,0.0,0.0,0.0,115.39,0.0,220.0,230.0,0.0
2024-07-31,46,19:30,0.0,0.0,0.0,115.39,0.0,220.0,230.0,0.0
2024-07-31,47,19:45,0.0,0.0,0.0,115.39,0.0,220.0,230.0,0.0
2024-07-31,48,20:00,0.0,0.0,0.0,136.15,0.0,220.0,230.0,0.0
2024-07-31,49,20:15,0.0,0.0,0.0,136.15,0.0,220.0,230.0,0.0
2024-07-31,50,20:30,0.0,0.0,0.0,136.15,0.0,220.0,230.0,0.0
2024-07-31,51,20:45,0.0,0.0,0.0,136.15,0.0,220.0,230.0,0.0
2024-07-31,52,21:00,0.0,0.0,0.0,116.19,0.0,220.0,230.0,0.0
2024-07-31,53,21:15,0.0,0.0,0.0,116.19,0.0,220.0,230.0,0.0
2024-07-31,54,21:30,0.0,0.0,0.0,116.19,0.0,220.0,230.0,0.0
2024-07-31,55,21:45,0.0,0.0,0.0,116.19,0.0,220.0,60.0,170.0
2024-08-01,0,08:00,0.0,0.0,0.0,105.95,0.0,220.0,60.0,0.0
2024-08-01,1,08:15,0.0,0.0,0.0,105.95,0.0,220.0,60.0,0.0
2024-08-01,2,08:30,0.0,0.0,0.0,105.95,0.0,220.0,60.0,0.0
2024-08-01,3,08:45,0.0,0.0,0.0,105.95,0.0,220.0,60.0,0.0
2024-08-01,4,09:00,0.0,0.0,0.0,90.1,0.0,220.0,60.0,0.0
2024-08-01,5,09:15,0.0,0.0,0.0,90.1,0.0,220.0,60.0,0.0
2024-08-01,6,09:30,0.0,0.0,0.0,90.1,0.0,220.0,60.0,0.0
2024-08-01,7,09:45,0.0,0.0,0.0,90.1,0.0,220.0,60.0,0.0
2024-08-01,8,10:00,0.0,0.0,0.0,76.95,0.0,220.0,60.0,0.0
2024-08-01,9,10:15,0.0,0.0,0.0,76.95,0.0,220.0,60.0,0.0
2024-08-01,10,10:30,0.0,9.5021,9.5021,76.95,0.182797,180.0,60.0,0.0
2024-08-01,11,10:45,0.0,17.0147,17.0147,76.95,0.32732,180.0,60.0,0.0
2024-08-01,12,11:00,0.0,17.1381,17.1381,67.64,0.289805,180.0,60.0,0.0
2024-08-01,13,11:15,0.0,16.0793,16.0793,67.64,0.271901,180.0,60.0,0.0
2024-08-01,14,11:30,0.0,3.2115,3.2115,67.64,0.054306,180.0,60.0,0.0
2024-08-01,15,11:45,0.0,9.5021,9.5021,67.64,0.16068,140.0,100.0,0.0
2024-08-01,16,12:00,1.3266,17.0147,18.3413,64.03,0.293599,140.0,100.0,0.0
2024-08-01,17,12:15,4.184,17.1381,21.3221,64.03,0.341313,140.0,100.0,0.0
2024-08-01,18,12:30,5.1593,16.0793,21.2386,64.03,0.339977,140.0,100.0,0.0
2024-08-01,19,12:45,4.2588,3.2115,7.4703,64.03,0.119581,140.0,100.0,0.0
2024-08-01,20,13:00,5.404,9.5021,14.9061,60.38,0.225008,100.0,140.0,0.0
2024-08-01,21,13:15,4.491,17.0147,21.5057,60.38,0.324629,100.0,140.0,0.0
2024-08-01,22,13:30,5.1252,17.1381,22.2633,60.38,0.336064,100.0,140.0,0.0
2024-08-01,23,13:45,3.0543,16.0793,19.1336,60.38,0.288822,100.0,140.0,0.0
2024-08-01,24,14:00,5.093,3.2115,8.3045,62.39,0.129529,100.0,140.0,0.0
2024-08-01,25,14:15,3.6006,9.5021,13.1027,62.39,0.20437,60.0,180.0,0.0
2024-08-01,26,14:30,4.9802,17.0147,21.9949,62.39,0.343066,60.0,180.0,0.0
2024-08-01,27,14:45,4.3843,17.1381,21.5224,62.39,0.335696,60.0,180.0,0.0
2024-08-01,28,15:00,1.5369,16.0793,17.6162,71.22,0.313656,60.0,40.0,140.0
2024-08-01,29,15:15,0.0,3.2115,3.2115,71.22,0.057181,160.0,40.0,0.0
2024-08-01,30,15:30,0.0,9.5021,9.5021,71.22,0.169185,120.0,80.0,0.0
2024-08-01,31,15:45,0.0,17.0147,17.0147,71.22,0.302946,120.0,80.0,0.0
2024-08-01,32,16:00,0.0,17.1381,17.1381,77.39,0.331579,120.0,80.0,0.0
2024-08-01,33,16:15,0.0,16.0793,16.0793,77.39,0.311094,120.0,80.0,0.0
2024-08-01,34,16:30,0.0,3.2115,3.2115,77.39,0.062134,120.0,80.0,0.0
2024-08-01,35,16:45,0.0,0.0,0.0,77.39,0.0,120.0,120.0,0.0
2024-08-01,36,17:00,0.0,0.0,0.0,95.16,0.0,120.0,120.0,0.0
2024-08-01,37,17:15,0.0,0.0,0.0,95.16,0.0,120.0,120.0,0.0
2024-08-01,38,17:30,0.0,0.0,0.0,95.16,0.0,120.0,120.0,0.0
2024-08-01,39,17:45,0.0,0.0,0.0,95.16,0.0,120.0,120.0,0.0
2024-08-01,40,18:00,0.0,0.0,0.0,102.83,0.0,120.0,120.0,0.0
2024-08-01,41,18:15,0.0,0.0,0.0,102.83,0.0,120.0,120.0,0.0
2024-08-01,42,18:30,0.0,0.0,0.0,102.83,0.0,120.0,120.0,0.0
2024-08-01,43,18:45,0.0,0.0,0.0,102.83,0.0,120.0,120.0,0.0
2024-08-01,44,19:00,0.0,0.0,0.0,112.5,0.0,120.0,120.0,0.0
2024-08-01,45,19:15,0.0,0.0,0.0,112.5,0.0,120.0,120.0,0.0
2024-08-01,46,19:30,0.0,0.0,0.0,112.5,0.0,120.0,120.0,0.0
2024-08-01,47,19:45,0.0,0.0,0.0,112.5,0.0,120.0,120.0,0.0
2024-08-01,48,20:00,0.0,0.0,0.0,138.07,0.0,120.0,120.0,0.0
2024-08-01,49,20:15,0.0,0.0,0.0,138.07,0.0,120.0,120.0,0.0
2024-08-01,50,20:30,0.0,0.0,0.0,138.07,0.0,120.0,120.0,0.0
2024-08-01,51,20:45,0.0,0.0,0.0,138.07,0.0,120.0,120.0,0.0
2024-08-01,52,21:00,0.0,0.0,0.0,124.03,0.0,120.0,120.0,0.0
2024-08-01,53,21:15,0.0,0.0,0.0,124.03,0.0,120.0,120.0,0.0
2024-08-01,54,21:30,0.0,0.0,0.0,124.03,0.0,120.0,120.0,0.0
2024-08-01,55,21:45,0.0,0.0,0.0,124.03,0.0,120.0,20.0,100.0
2024-08-02,0,08:00,0.0,0.0,0.0,113.19,0.0,120.0,20.0,0.0
2024-08-02,1,08:15,0.0,0.0,0.0,113.19,0.0,120.0,20.0,0.0
2024-08-02,2,08:30,0.0,0.0,0.0,113.19,0.0,120.0,20.0,0.0
2024-08-02,3,08:45,0.0,0.0,0.0,113.19,0.0,120.0,20.0,0.0
2024-08-02,4,09:00,0.0,0.0,0.0,104.42,0.0,120.0,20.0,0.0
2024-08-02,5,09:15,0.0,0.0,0.0,104.42,0.0,120.0,20.0,0.0
2024-08-02,6,09:30,0.0,0.0,0.0,104.42,0.0,120.0,20.0,0.0
2024-08-02,7,09:45,0.0,0.0,0.0,104.42,0.0,120.0,20.0,0.0
2024-08-02,8,10:00,0.0,0.0,0.0,91.68,0.0,120.0,20.0,0.0
2024-08-02,9,10:15,0.0,0.0,0.0,91.68,0.0,120.0,20.0,0.0
2024-08-02,10,10:30,0.0,0.0,0.0,91.68,0.0,120.0,20.0,0.0
2024-08-02,11,10:45,0.0,0.0,0.0,91.68,0.0,120.0,20.0,0.0
2024-08-02,12,11:00,0.0,0.0,0.0,77.69,0.0,120.0,20.0,0.0
2024-08-02,13,11:15,0.0,0.0,0.0,77.69,0.0,120.0,20.0,0.0
2024-08-02,14,11:30,0.0,0.0,0.0,77.69,0.0,120.0,20.0,0.0
2024-08-02,15,11:45,0.0,0.0,0.0,77.69,0.0,120.0,20.0,0.0
2024-08-02,16,12:00,0.0,0.0,0.0,73.58,0.0,120.0,20.0,0.0
2024-08-02,17,12:15,0.0,0.0,0.0,73.58,0.0,120.0,20.0,0.0
2024-08-02,18,12:30,0.0,0.0,0.0,73.58,0.0,120.0,20.0,0.0
2024-08-02,19,12:45,0.0,9.5021,9.5021,73.58,0.174791,80.0,20.0,0.0
2024-08-02,20,13:00,1.3266,17.0147,18.3413,61.94,0.284015,80.0,20.0,0.0
2024-08-02,21,13:15,4.184,17.1381,21.3221,61.94,0.330172,80.0,20.0,0.0
2024-08-02,22,13:30,5.1593,16.0793,21.2386,61.94,0.32888,80.0,20.0,0.0
2024-08-02,23,13:45,4.2588,3.2115,7.4703,61.94,0.115678,80.0,20.0,0.0
2024-08-02,24,14:00,5.404,9.5021,14.9061,53.44,0.199146,40.0,60.0,0.0
2024-08-02,25,14:15,4.491,17.0147,21.5057,53.44,0.287316,40.0,60.0,0.0
2024-08-02,26,14:30,5.1252,17.1381,22.2633,53.44,0.297437,40.0,60.0,0.0
2024-08-02,27,14:45,3.0543,16.0793,19.1336,53.44,0.255625,40.0,60.0,0.0
2024-08-02,28,15:00,5.093,3.2115,8.3045,50.58,0.10501,40.0,60.0,0.0
2024-08-02,29,15:15,3.6006,9.5021,13.1027,50.58,0.165684,0.0,100.0,0.0
2024-08-02,30,15:30,4.9802,17.0147,21.9949,50.58,0.278126,0.0,100.0,0.0
2024-08-02,31,15:45,4.3843,17.1381,21.5224,50.58,0.272151,0.0,100.0,0.0
2024-08-02,32,16:00,1.5369,16.0793,17.6162,65.42,0.288112,0.0,100.0,0.0
2024-08-02,33,16:15,0.0,3.2115,3.2115,65.42,0.052524,100.0,100.0,0.0
2024-08-02,34,16:30,0.0,0.0,0.0,65.42,0.0,100.0,140.0,0.0
2024-08-02,35,16:45,0.0,0.0,0.0,65.42,0.0,100.0,140.0,0.0
2024-08-02,36,17:00,0.0,0.0,0.0,77.69,0.0,100.0,140.0,0.0
2024-08-02,37,17:15,0.0,0.0,0.0,77.69,0.0,100.0,140.0,0.0
2024-08-02,38,17:30,0.0,0.0,0.0,77.69,0.0,100.0,140.0,0.0
2024-08-02,39,17:45,0.0,0.0,0.0,77.69,0.0,100.0,140.0,0.0
2024-08-02,40,18:00,0.0,0.0,0.0,102.22,0.0,100.0,140.0,0.0
2024-08-02,41,18:15,0.0,0.0,0.0,102.22,0.0,100.0,140.0,0.0
2024-08-02,42,18:30,0.0,0.0,0.0,102.22,0.0,100.0,140.0,0.0
2024-08-02,43,18:45,0.0,0.0,0.0,102.22,0.0,100.0,140.0,0.0
2024-08-02,44,19:00,0.0,0.0,0.0,128.49,0.0,100.0,140.0,0.0
2024-08-02,45,19:15,0.0,0.0,0.0,128.49,0.0,100.0,140.0,0.0
2024-08-02,46,19:30,0.0,0.0,0.0,128.49,0.0,100.0,140.0,0.0
2024-08-02,47,19:45,0.0,0.0,0.0,128.49,0.0,100.0,140.0,0.0
2024-08-02,48,20:00,0.0,0.0,0.0,146.19,0.0,100.0,140.0,0.0
2024-08-02,49,20:15,0.0,0.0,0.0,146.19,0.0,100.0,140.0,0.0
2024-08-02,50,20:30,0.0,0.0,0.0,146.19,0.0,100.0,140.0,0.0
2024-08-02,51,20:45,0.0,0.0,0.0,146.19,0.0,100.0,140.0,0.0
2024-08-02,52,21:00,0.0,0.0,0.0,121.66,0.0,100.0,140.0,0.0
2024-08-02,53,21:15,0.0,0.0,0.0,121.66,0.0,100.0,140.0,0.0
2024-08-02,54,21:30,0.0,0.0,0.0,121.66,0.0,100.0,140.0,0.0
2024-08-02,55,21:45,0.0,0.0,0.0,121.66,0.0,100.0,30.0,110.0
2024-08-05,0,08:00,0.0,0.0,0.0,113.97,0.0,100.0,30.0,0.0
2024-08-05,1,08:15,0.0,0.0,0.0,113.97,0.0,100.0,30.0,0.0
2024-08-05,2,08:30,0.0,0.0,0.0,113.97,0.0,100.0,30.0,0.0
2024-08-05,3,08:45,0.0,0.0,0.0,113.97,0.0,100.0,30.0,0.0
2024-08-05,4,09:00,0.0,0.0,0.0,102.83,0.0,100.0,30.0,0.0
2024-08-05,5,09:15,0.0,0.0,0.0,102.83,0.0,100.0,30.0,0.0
2024-08-05,6,09:30,0.0,0.0,0.0,102.83,0.0,100.0,30.0,0.0
2024-08-05,7,09:45,0.0,0.0,0.0,102.83,0.0,100.0,30.0,0.0
2024-08-05,8,10:00,0.0,0.0,0.0,74.5,0.0,100.0,30.0,0.0
2024-08-05,9,10:15,0.0,0.0,0.0,74.5,0.0,100.0,30.0,0.0
2024-08-05,10,10:30,0.0,0.0,0.0,74.5,0.0,100.0,30.0,0.0
2024-08-05,11,10:45,0.0,0.0,0.0,74.5,0.0,100.0,30.0,0.0
2024-08-05,12,11:00,0.0,0.0,0.0,64.3,0.0,100.0,30.0,0.0
2024-08-05,13,11:15,0.0,0.0,0.0,64.3,0.0,100.0,30.0,0.0
2024-08-05,14,11:30,0.0,0.0,0.0,64.3,0.0,100.0,30.0,0.0
2024-08-05,15,11:45,0.0,0.0,0.0,64.3,0.0,100.0,30.0,0.0
2024-08-05,16,12:00,0.0,0.0,0.0,57.12,0.0,100.0,30.0,0.0
2024-08-05,17,12:15,0.0,0.0,0.0,57.12,0.0,100.0,30.0,0.0
2024-08-05,18,12:30,0.0,0.0,0.0,57.12,0.0,100.0,30.0,0.0
2024-08-05,19,12:45,1.8638,9.5021,11.3659,57.12,0.162306,60.0,30.0,0.0
2024-08-05,20,13:00,6.7293,17.0147,23.744,42.05,0.249608,60.0,30.0,0.0
2024-08-05,21,13:15,5.9956,17.1381,23.1337,42.05,0.243193,60.0,30.0,0.0
2024-08-05,22,13:30,7.1179,16.0793,23.1972,42.05,0.24386,60.0,30.0,0.0
2024-08-05,23,13:45,6.1091,3.2115,9.3206,42.05,0.097982,60.0,30.0,0.0
2024-08-05,24,14:00,5.6324,9.5021,15.1345,36.35,0.137535,20.0,70.0,0.0
2024-08-05,25,14:15,5.8458,17.0147,22.8605,36.35,0.207745,20.0,70.0,0.0
2024-08-05,26,14:30,5.1816,17.1381,22.3197,36.35,0.20283,20.0,70.0,0.0
2024-08-05,27,14:45,6.7301,16.0793,22.8094,36.35,0.20728,20.0,70.0,0.0
2024-08-05,28,15:00,3.9878,3.2115,7.1993,51.43,0.092565,20.0,70.0,0.0
2024-08-05,29,15:15,0.0,0.0,0.0,51.43,0.0,120.0,110.0,0.0
2024-08-05,30,15:30,0.0,0.0,0.0,51.43,0.0,120.0,110.0,0.0
2024-08-05,31,15:45,0.0,0.0,0.0,51.43,0.0,120.0,110.0,0.0
2024-08-05,32,16:00,0.0,0.0,0.0,70.1,0.0,120.0,110.0,0.0
2024-08-05,33,16:15,0.0,0.0,0.0,70.1,0.0,120.0,110.0,0.0
2024-08-05,34,16:30,0.0,0.0,0.0,70.1,0.0,120.0,110.0,0.0
2024-08-05,35,16:45,0.0,0.0,0.0,70.1,0.0,120.0,110.0,0.0
2024-08-05,36,17:00,0.0,0.0,0.0,85.4,0.0,120.0,110.0,0.0
2024-08-05,37,17:15,0.0,0.0,0.0,85.4,0.0,120.0,110.0,0.0
2024-08-05,38,17:30,0.0,0.0,0.0,85.4,0.0,120.0,110.0,0.0
2024-08-05,39,17:45,0.0,0.0,0.0,85.4,0.0,120.0,110.0,0.0
2024-08-05,40,18:00,0.0,0.0,0.0,108.97,0.0,120.0,110.0,0.0
2024-08-05,41,18:15,0.0,0.0,0.0,108.97,0.0,120.0,110.0,0.0
2024-08-05,42,18:30,0.0,0.0,0.0,108.97,0.0,120.0,110.0,0.0
2024-08-05,43,18:45,0.0,0.0,0.0,108.97,0.0,120.0,110.0,0.0
2024-08-05,44,19:00,0.0,0.0,0.0,152.76,0.0,120.0,110.0,0.0
2024-08-05,45,19:15,0.0,0.0,0.0,152.76,0.0,120.0,110.0,0.0
2024-08-05,46,19:30,0.0,0.0,0.0,152.76,0.0,120.0,110.0,0.0
2024-08-05,47,19:45,0.0,0.0,0.0,152.76,0.0,120.0,110.0,0.0
2024-08-05,48,20:00,0.0,0.0,0.0,250.01,0.0,120.0,110.0,0.0
2024-08-05,49,20:15,0.0,0.0,0.0,250.01,0.0,120.0,110.0,0.0
2024-08-05,50,20:30,0.0,0.0,0.0,250.01,0.0,120.0,110.0,0.0
2024-08-05,51,20:45,0.0,0.0,0.0,250.01,0.0,120.0,110.0,0.0
2024-08-05,52,21:00,0.0,0.0,0.0,170.93,0.0,120.0,110.0,0.0
2024-08-05,53,21:15,0.0,0.0,0.0,170.93,0.0,120.0,110.0,0.0
2024-08-05,54,21:30,0.0,0.0,0.0,170.93,0.0,120.0,110.0,0.0
2024-08-05,55,21:45,0.0,0.0,0.0,170.93,0.0,120.0,0.0,110.0
2024-08-06,0,08:00,0.0,0.0,0.0,85.29,0.0,120.0,0.0,0.0
2024-08-06,1,08:15,0.0,0.0,0.0,85.29,0.0,120.0,0.0,0.0
2024-08-06,2,08:30,0.0,0.0,0.0,85.29,0.0,120.0,0.0,0.0
2024-08-06,3,08:45,0.0,0.0,0.0,85.29,0.0,120.0,0.0,0.0
2024-08-06,4,09:00,0.0,0.0,0.0,74.51,0.0,120.0,0.0,0.0
2024-08-06,5,09:15,0.0,0.0,0.0,74.51,0.0,120.0,0.0,0.0
2024-08-06,6,09:30,0.0,0.0,0.0,74.51,0.0,120.0,0.0,0.0
2024-08-06,7,09:45,1.8638,9.5021,11.3659,74.51,0.211719,80.0,0.0,0.0
2024-08-06,8,10:00,6.7293,17.0147,23.744,36.04,0.213933,80.0,0.0,0.0
2024-08-06,9,10:15,5.9956,17.1381,23.1337,36.04,0.208434,80.0,0.0,0.0
2024-08-06,10,10:30,7.1179,16.0793,23.1972,36.04,0.209007,80.0,0.0,0.0
2024-08-06,11,10:45,6.1091,3.2115,9.3206,36.04,0.083978,80.0,0.0,0.0
2024-08-06,12,11:00,5.6324,9.5021,15.1345,21.43,0.081083,40.0,40.0,0.0
2024-08-06,13,11:15,5.8458,17.0147,22.8605,21.43,0.122475,40.0,40.0,0.0
2024-08-06,14,11:30,5.1816,17.1381,22.3197,21.43,0.119578,40.0,40.0,0.0
2024-08-06,15,11:45,6.7301,16.0793,22.8094,21.43,0.122201,40.0,40.0,0.0
2024-08-06,16,12:00,3.9878,3.2115,7.1993,15.86,0.028545,40.0,40.0,0.0
2024-08-06,17,12:15,1.8638,9.5021,11.3659,15.86,0.045066,100.0,80.0,0.0
2024-08-06,18,12:30,6.7293,17.0147,23.744,15.86,0.094145,100.0,80.0,0.0
2024-08-06,19,12:45,5.9956,17.1381,23.1337,15.86,0.091725,100.0,80.0,0.0
2024-08-06,20,13:00,7.1179,16.0793,23.1972,2.95,0.017108,100.0,80.0,0.0
2024-08-06,21,13:15,6.1091,3.2115,9.3206,2.95,0.006874,100.0,80.0,0.0
2024-08-06,22,13:30,5.6324,9.5021,15.1345,2.95,0.011162,60.0,120.0,0.0
2024-08-06,23,13:45,5.8458,17.0147,22.8605,2.95,0.01686,60.0,120.0,0.0
2024-08-06,24,14:00,5.1816,17.1381,22.3197,4.79,0.026728,60.0,120.0,0.0
2024-08-06,25,14:15,6.7301,16.0793,22.8094,4.79,0.027314,60.0,120.0,0.0
2024-08-06,26,14:30,3.9878,3.2115,7.1993,4.79,0.008621,60.0,120.0,0.0
2024-08-06,27,14:45,1.8638,9.5021,11.3659,4.79,0.013611,120.0,160.0,0.0
2024-08-06,28,15:00,6.7293,17.0147,23.744,19.44,0.115396,120.0,20.0,140.0
2024-08-06,29,15:15,5.9956,17.1381,23.1337,19.44,0.11243,120.0,20.0,0.0
2024-08-06,30,15:30,7.1179,16.0793,23.1972,19.44,0.112738,120.0,20.0,0.0
2024-08-06,31,15:45,6.1091,3.2115,9.3206,19.44,0.045298,120.0,20.0,0.0
2024-08-06,32,16:00,5.6324,9.5021,15.1345,39.71,0.150248,80.0,60.0,0.0
2024-08-06,33,16:15,5.8458,17.0147,22.8605,39.71,0.226947,80.0,60.0,0.0
2024-08-06,34,16:30,5.1816,17.1381,22.3197,39.71,0.221578,80.0,60.0,0.0
2024-08-06,35,16:45,6.7301,16.0793,22.8094,39.71,0.22644,80.0,60.0,0.0
2024-08-06,36,17:00,3.9878,3.2115,7.1993,82.19,0.147927,80.0,60.0,0.0
2024-08-06,37,17:15,0.0,0.0,0.0,82.19,0.0,180.0,100.0,0.0
2024-08-06,38,17:30,0.0,0.0,0.0,82.19,0.0,180.0,100.0,0.0
2024-08-06,39,17:45,0.0,0.0,0.0,82.19,0.0,180.0,100.0,0.0
2024-08-06,40,18:00,0.0,0.0,0.0,106.29,0.0,180.0,100.0,0.0
2024-08-06,41,18:15,0.0,0.0,0.0,106.29,0.0,180.0,100.0,0.0
2024-08-06,42,18:30,0.0,0.0,0.0,106.29,0.0,180.0,100.0,0.0
2024-08-06,43,18:45,0.0,0.0,0.0,106.29,0.0,180.0,100.0,0.0
2024-08-06,44,19:00,0.0,0.0,0.0,174.58,0.0,180.0,100.0,0.0
2024-08-06,45,19:15,0.0,0.0,0.0,174.58,0.0,180.0,100.0,0.0
2024-08-06,46,19:30,0.0,0.0,0.0,174.58,0.0,180.0,100.0,0.0
2024-08-06,47,19:45,0.0,0.0,0.0,174.58,0.0,180.0,100.0,0.0
2024-08-06,48,20:00,0.0,0.0,0.0,230.85,0.0,180.0,100.0,0.0
2024-08-06,49,20:15,0.0,0.0,0.0,230.85,0.0,180.0,100.0,0.0
2024-08-06,50,20:30,0.0,0.0,0.0,230.85,0.0,180.0,100.0,0.0
2024-08-06,51,20:45,0.0,0.0,0.0,230.85,0.0,180.0,100.0,0.0
2024-08-06,52,21:00,0.0,0.0,0.0,170.45,0.0,180.0,100.0,0.0
2024-08-06,53,21:15,0.0,0.0,0.0,170.45,0.0,180.0,100.0,0.0
2024-08-06,54,21:30,0.0,0.0,0.0,170.45,0.0,180.0,100.0,0.0
2024-08-06,55,21:45,0.0,0.0,0.0,170.45,0.0,180.0,100.0,0.0
2024-08-07,0,08:00,0.0,0.0,0.0,109.06,0.0,180.0,100.0,0.0
2024-08-07,1,08:15,0.0,0.0,0.0,109.06,0.0,180.0,100.0,0.0
2024-08-07,2,08:30,0.0,0.0,0.0,109.06,0.0,180.0,100.0,0.0
2024-08-07,3,08:45,0.0,0.0,0.0,109.06,0.0,180.0,100.0,0.0
2024-08-07,4,09:00,0.0,0.0,0.0,88.91,0.0,180.0,100.0,0.0
2024-08-07,5,09:15,0.0,0.0,0.0,88.91,0.0,180.0,100.0,0.0
2024-08-07,6,09:30,0.0,0.0,0.0,88.91,0.0,180.0,100.0,0.0
2024-08-07,7,09:45,0.0,0.0,0.0,88.91,0.0,180.0,100.0,0.0
2024-08-07,8,10:00,0.0,0.0,0.0,73.56,0.0,180.0,100.0,0.0
2024-08-07,9,10:15,0.0,9.5021,9.5021,73.56,0.174743,140.0,100.0,0.0
2024-08-07,10,10:30,0.0,17.0147,17.0147,73.56,0.3129,140.0,100.0,0.0
2024-08-07,11,10:45,0.0,17.1381,17.1381,73.56,0.31517,140.0,100.0,0.0
2024-08-07,12,11:00,0.0,16.0793,16.0793,62.49,0.251199,140.0,100.0,0.0
2024-08-07,13,11:15,0.0,3.2115,3.2115,62.49,0.050171,140.0,100.0,0.0
2024-08-07,14,11:30,0.0,9.5021,9.5021,62.49,0.148446,100.0,140.0,0.0
2024-08-07,15,11:45,1.8638,17.0147,18.8785,62.49,0.29493,100.0,140.0,0.0
2024-08-07,16,12:00,6.7293,17.1381,23.8674,42.14,0.251443,100.0,140.0,0.0
2024-08-07,17,12:15,5.9956,16.0793,22.0749,42.14,0.232559,100.0,140.0,0.0
2024-08-07,18,12:30,7.1179,3.2115,10.3294,42.14,0.10882,100.0,140.0,0.0
2024-08-07,19,12:45,6.1091,9.5021,15.6112,42.14,0.164464,60.0,180.0,0.0
2024-08-07,20,13:00,5.6324,17.0147,22.6471,35.05,0.198445,60.0,180.0,0.0
2024-08-07,21,13:15,5.8458,17.1381,22.9839,35.05,0.201396,60.0,180.0,0.0
2024-08-07,22,13:30,5.1816,16.0793,21.2609,35.05,0.186298,60.0,180.0,0.0
2024-08-07,23,13:45,6.7301,3.2115,9.9416,35.05,0.087113,60.0,180.0,0.0
2024-08-07,24,14:00,3.9878,9.5021,13.4899,51.19,0.172637,20.0,220.0,0.0
2024-08-07,25,14:15,0.0,17.0147,17.0147,51.19,0.217745,120.0,220.0,0.0
2024-08-07,26,14:30,0.0,17.1381,17.1381,51.19,0.219325,120.0,220.0,0.0
2024-08-07,27,14:45,0.0,16.0793,16.0793,51.19,0.205775,120.0,220.0,0.0
2024-08-07,28,15:00,0.0,3.2115,3.2115,69.28,0.055623,120.0,90.0,130.0
2024-08-07,29,15:15,0.0,9.5021,9.5021,69.28,0.164576,80.0,130.0,0.0
2024-08-07,30,15:30,0.0,17.0147,17.0147,69.28,0.294694,80.0,130.0,0.0
2024-08-07,31,15:45,0.0,17.1381,17.1381,69.28,0.296832,80.0,130.0,0.0
2024-08-07,32,16:00,0.0,16.0793,16.0793,85.74,0.344659,80.0,130.0,0.0
2024-08-07,33,16:15,0.0,3.2115,3.2115,85.74,0.068838,80.0,130.0,0.0
2024-08-07,34,16:30,0.0,0.0,0.0,85.74,0.0,80.0,170.0,0.0
2024-08-07,35,16:45,0.0,0.0,0.0,85.74,0.0,80.0,170.0,0.0
2024-08-07,36,17:00,0.0,0.0,0.0,105.2,0.0,80.0,170.0,0.0
2024-08-07,37,17:15,0.0,0.0,0.0,105.2,0.0,80.0,170.0,0.0
2024-08-07,38,17:30,0.0,0.0,0.0,105.2,0.0,80.0,170.0,0.0
2024-08-07,39,17:45,0.0,0.0,0.0,105.2,0.0,80.0,170.0,0.0
2024-08-07,40,18:00,0.0,0.0,0.0,106.41,0.0,80.0,170.0,0.0
2024-08-07,41,18:15,0.0,0.0,0.0,106.41,0.0,80.0,170.0,0.0
2024-08-07,42,18:30,0.0,0.0,0.0,106.41,0.0,80.0,170.0,0.0
2024-08-07,43,18:45,0.0,0.0,0.0,106.41,0.0,80.0,170.0,0.0
2024-08-07,44,19:00,0.0,0.0,0.0,119.75,0.0,80.0,170.0,0.0
2024-08-07,45,19:15,0.0,0.0,0.0,119.75,0.0,80.0,170.0,0.0
2024-08-07,46,19:30,0.0,0.0,0.0,119.75,0.0,80.0,170.0,0.0
2024-08-07,47,19:45,0.0,0.0,0.0,119.75,0.0,80.0,170.0,0.0
2024-08-07,48,20:00,0.0,0.0,0.0,149.28,0.0,80.0,170.0,0.0
2024-08-07,49,20:15,0.0,0.0,0.0,149.28,0.0,80.0,170.0,0.0
2024-08-07,50,20:30,0.0,0.0,0.0,149.28,0.0,80.0,170.0,0.0
2024-08-07,51,20:45,0.0,0.0,0.0,149.28,0.0,80.0,170.0,0.0
2024-08-07,52,21:00,0.0,0.0,0.0,134.25,0.0,80.0,170.0,0.0
2024-08-07,53,21:15,0.0,0.0,0.0,134.25,0.0,80.0,170.0,0.0
2024-08-07,54,21:30,0.0,0.0,0.0,134.25,0.0,80.0,170.0,0.0
2024-08-07,55,21:45,0.0,0.0,0.0,134.25,0.0,80.0,60.0,110.0
2024-08-08,0,08:00,0.0,0.0,0.0,114.41,0.0,80.0,60.0,0.0
2024-08-08,1,08:15,0.0,0.0,0.0,114.41,0.0,80.0,60.0,0.0
2024-08-08,2,08:30,0.0,0.0,0.0,114.41,0.0,80.0,60.0,0.0
2024-08-08,3,08:45,0.0,0.0,0.0,114.41,0.0,80.0,60.0,0.0
2024-08-08,4,09:00,0.0,0.0,0.0,106.84,0.0,80.0,60.0,0.0
2024-08-08,5,09:15,0.0,0.0,0.0,106.84,0.0,80.0,60.0,0.0
2024-08-08,6,09:30,0.0,0.0,0.0,106.84,0.0,80.0,60.0,0.0
2024-08-08,7,09:45,0.0,0.0,0.0,106.84,0.0,80.0,60.0,0.0
2024-08-08,8,10:00,0.0,0.0,0.0,86.1,0.0,80.0,60.0,0.0
2024-08-08,9,10:15,0.0,0.0,0.0,86.1,0.0,80.0,60.0,0.0
2024-08-08,10,10:30,0.0,0.0,0.0,86.1,0.0,80.0,60.0,0.0
2024-08-08,11,10:45,0.0,0.0,0.0,86.1,0.0,80.0,60.0,0.0
2024-08-08,12,11:00,0.0,0.0,0.0,71.6,0.0,80.0,60.0,0.0
2024-08-08,13,11:15,1.8638,9.5021,11.3659,71.6,0.20345,40.0,60.0,0.0
2024-08-08,14,11:30,6.7293,17.0147,23.744,71.6,0.425017,40.0,60.0,0.0
2024-08-08,15,11:45,5.9956,17.1381,23.1337,71.6,0.414093,40.0,60.0,0.0
2024-08-08,16,12:00,7.1179,16.0793,23.1972,57.09,0.331082,40.0,60.0,0.0
2024-08-08,17,12:15,6.1091,3.2115,9.3206,57.09,0.133028,40.0,60.0,0.0
2024-08-08,18,12:30,5.6324,9.5021,15.1345,57.09,0.216008,0.0,100.0,0.0
2024-08-08,19,12:45,5.8458,17.0147,22.8605,57.09,0.326276,0.0,100.0,0.0
2024-08-08,20,13:00,5.1816,17.1381,22.3197,40.49,0.225931,0.0,100.0,0.0
2024-08-08,21,13:15,6.7301,16.0793,22.8094,40.49,0.230888,0.0,100.0,0.0
2024-08-08,22,13:30,3.9878,3.2115,7.1993,40.49,0.072875,0.0,100.0,0.0
2024-08-08,23,13:45,0.0,9.5021,9.5021,40.49,0.096185,60.0,140.0,0.0
2024-08-08,24,14:00,0.0,17.0147,17.0147,32.18,0.136883,60.0,140.0,0.0
2024-08-08,25,14:15,0.0,17.1381,17.1381,32.18,0.137876,60.0,140.0,0.0
2024-08-08,26,14:30,0.0,16.0793,16.0793,32.18,0.129358,60.0,140.0,0.0
2024-08-08,27,14:45,0.0,3.2115,3.2115,32.18,0.025836,60.0,140.0,0.0
2024-08-08,28,15:00,0.0,0.0,0.0,40.24,0.0,60.0,10.0,170.0
2024-08-08,29,15:15,0.0,0.0,0.0,40.24,0.0,60.0,10.0,0.0
2024-08-08,30,15:30,0.0,0.0,0.0,40.24,0.0,60.0,10.0,0.0
2024-08-08,31,15:45,0.0,0.0,0.0,40.24,0.0,60.0,10.0,0.0
2024-08-08,32,16:00,0.0,0.0,0.0,57.81,0.0,60.0,10.0,0.0
2024-08-08,33,16:15,0.0,0.0,0.0,57.81,0.0,60.0,10.0,0.0
2024-08-08,34,16:30,0.0,0.0,0.0,57.81,0.0,60.0,10.0,0.0
2024-08-08,35,16:45,0.0,0.0,0.0,57.81,0.0,60.0,10.0,0.0
2024-08-08,36,17:00,0.0,0.0,0.0,80.52,0.0,60.0,10.0,0.0
2024-08-08,37,17:15,0.0,0.0,0.0,80.52,0.0,60.0,10.0,0.0
2024-08-08,38,17:30,0.0,0.0,0.0,80.52,0.0,60.0,10.0,0.0
2024-08-08,39,17:45,0.0,0.0,0.0,80.52,0.0,60.0,10.0,0.0
2024-08-08,40,18:00,0.0,0.0,0.0,101.92,0.0,60.0,10.0,0.0
2024-08-08,41,18:15,0.0,0.0,0.0,101.92,0.0,60.0,10.0,0.0
2024-08-08,42,18:30,0.0,0.0,0.0,101.92,0.0,60.0,10.0,0.0
2024-08-08,43,18:45,0.0,0.0,0.0,101.92,0.0,60.0,10.0,0.0
2024-08-08,44,19:00,0.0,0.0,0.0,138.49,0.0,60.0,10.0,0.0
2024-08-08,45,19:15,0.0,0.0,0.0,138.49,0.0,60.0,10.0,0.0
2024-08-08,46,19:30,0.0,0.0,0.0,138.49,0.0,60.0,10.0,0.0
2024-08-08,47,19:45,0.0,0.0,0.0,138.49,0.0,60.0,10.0,0.0
2024-08-08,48,20:00,0.0,0.0,0.0,197.31,0.0,60.0,10.0,0.0
2024-08-08,49,20:15,0.0,0.0,0.0,197.31,0.0,60.0,10.0,0.0
2024-08-08,50,20:30,0.0,0.0,0.0,197.31,0.0,60.0,10.0,0.0
2024-08-08,51,20:45,0.0,0.0,0.0,197.31,0.0,60.0,10.0,0.0
2024-08-08,52,21:00,0.0,0.0,0.0,135.0,0.0,60.0,10.0,0.0
2024-08-08,53,21:15,0.0,0.0,0.0,135.0,0.0,60.0,10.0,0.0
2024-08-08,54,21:30,0.0,0.0,0.0,135.0,0.0,60.0,10.0,0.0
2024-08-08,55,21:45,0.0,0.0,0.0,135.0,0.0,60.0,10.0,0.0
2024-08-09,0,08:00,0.0,0.0,0.0,59.4,0.0,60.0,10.0,0.0
2024-08-09,1,08:15,0.0,0.0,0.0,59.4,0.0,60.0,10.0,0.0
2024-08-09,2,08:30,1.8638,0.0,1.8638,59.4,0.027678,60.0,10.0,0.0
2024-08-09,3,08:45,6.7293,0.0,6.7293,59.4,0.09993,60.0,10.0,0.0
2024-08-09,4,09:00,5.9956,0.0,5.9956,31.31,0.04693,60.0,10.0,0.0
2024-08-09,5,09:15,7.1179,0.0,7.1179,31.31,0.055715,60.0,10.0,0.0
2024-08-09,6,09:30,6.1091,0.0,6.1091,31.31,0.047819,60.0,10.0,0.0
2024-08-09,7,09:45,5.6324,9.5021,15.1345,31.31,0.118466,20.0,10.0,0.0
2024-08-09,8,10:00,5.8458,17.0147,22.8605,8.98,0.051322,20.0,10.0,0.0
2024-08-09,9,10:15,5.1816,17.1381,22.3197,8.98,0.050108,20.0,10.0,0.0
2024-08-09,10,10:30,6.7301,16.0793,22.8094,8.98,0.051207,20.0,10.0,0.0
2024-08-09,11,10:45,3.9878,3.2115,7.1993,8.98,0.016162,20.0,10.0,0.0
2024-08-09,12,11:00,0.0,9.5021,9.5021,0.6,0.001425,80.0,50.0,0.0
2024-08-09,13,11:15,0.0,17.0147,17.0147,0.6,0.002552,80.0,50.0,0.0
2024-08-09,14,11:30,0.0,17.1381,17.1381,0.6,0.002571,80.0,50.0,0.0
2024-08-09,15,11:45,0.0,16.0793,16.0793,0.6,0.002412,80.0,50.0,0.0
2024-08-09,16,12:00,1.8638,3.2115,5.0753,-0.03,-3.8e-05,80.0,50.0,0.0
2024-08-09,17,12:15,6.7293,9.5021,16.2314,-0.03,-0.000122,40.0,90.0,0.0
2024-08-09,18,12:30,5.9956,17.0147,23.0103,-0.03,-0.000173,40.0,90.0,0.0
2024-08-09,19,12:45,7.1179,17.1381,24.256,-0.03,-0.000182,40.0,90.0,0.0
2024-08-09,20,13:00,6.1091,16.0793,22.1884,-0.16,-0.000888,40.0,90.0,0.0
2024-08-09,21,13:15,5.6324,3.2115,8.8439,-0.16,-0.000354,40.0,90.0,0.0
2024-08-09,22,13:30,5.8458,9.5021,15.3479,-0.16,-0.000614,0.0,130.0,0.0
2024-08-09,23,13:45,5.1816,17.0147,22.1962,-0.16,-0.000888,0.0,130.0,0.0
2024-08-09,24,14:00,6.7301,17.1381,23.8682,-0.8,-0.004774,0.0,130.0,0.0
2024-08-09,25,14:15,3.9878,16.0793,20.0671,-0.8,-0.004013,0.0,130.0,0.0
2024-08-09,26,14:30,1.8638,3.2115,5.0753,-0.8,-0.001015,100.0,130.0,0.0
2024-08-09,27,14:45,6.7293,9.5021,16.2314,-0.8,-0.003246,60.0,170.0,0.0
2024-08-09,28,15:00,5.9956,17.0147,23.0103,-0.11,-0.000633,60.0,40.0,130.0
2024-08-09,29,15:15,7.1179,17.1381,24.256,-0.11,-0.000667,60.0,40.0,0.0
2024-08-09,30,15:30,6.1091,16.0793,22.1884,-0.11,-0.00061,60.0,40.0,0.0
2024-08-09,31,15:45,5.6324,3.2115,8.8439,-0.11,-0.000243,60.0,40.0,0.0
2024-08-09,32,16:00,5.8458,9.5021,15.3479,-0.01,-3.8e-05,20.0,80.0,0.0
2024-08-09,33,16:15,5.1816,17.0147,22.1962,-0.01,-5.5e-05,20.0,80.0,0.0
2024-08-09,34,16:30,6.7301,17.1381,23.8682,-0.01,-6e-05,20.0,80.0,0.0
2024-08-09,35,16:45,3.9878,16.0793,20.0671,-0.01,-5e-05,20.0,80.0,0.0
2024-08-09,36,17:00,0.0,3.2115,3.2115,2.55,0.002047,120.0,80.0,0.0
2024-08-09,37,17:15,0.0,9.5021,9.5021,2.55,0.006058,80.0,120.0,0.0
2024-08-09,38,17:30,0.0,17.0147,17.0147,2.55,0.010847,80.0,120.0,0.0
2024-08-09,39,17:45,0.0,17.1381,17.1381,2.55,0.010926,80.0,120.0,0.0
2024-08-09,40,18:00,0.0,16.0793,16.0793,41.78,0.167948,80.0,120.0,0.0
2024-08-09,41,18:15,0.0,3.2115,3.2115,41.78,0.033544,80.0,120.0,0.0
2024-08-09,42,18:30,0.0,0.0,0.0,41.78,0.0,80.0,160.0,0.0
2024-08-09,43,18:45,0.0,0.0,0.0,41.78,0.0,80.0,160.0,0.0
2024-08-09,44,19:00,0.0,0.0,0.0,81.04,0.0,80.0,160.0,0.0
2024-08-09,45,19:15,0.0,0.0,0.0,81.04,0.0,80.0,160.0,0.0
2024-08-09,46,19:30,0.0,0.0,0.0,81.04,0.0,80.0,160.0,0.0
2024-08-09,47,19:45,0.0,0.0,0.0,81.04,0.0,80.0,160.0,0.0
2024-08-09,48,20:00,0.0,0.0,0.0,124.97,0.0,80.0,160.0,0.0
2024-08-09,49,20:15,0.0,0.0,0.0,124.97,0.0,80.0,160.0,0.0
2024-08-09,50,20:30,0.0,0.0,0.0,124.97,0.0,80.0,160.0,0.0
2024-08-09,51,20:45,0.0,0.0,0.0,124.97,0.0,80.0,160.0,0.0
2024-08-09,52,21:00,0.0,0.0,0.0,118.05,0.0,80.0,160.0,0.0
2024-08-09,53,21:15,0.0,0.0,0.0,118.05,0.0,80.0,160.0,0.0
2024-08-09,54,21:30,0.0,0.0,0.0,118.05,0.0,80.0,160.0,0.0
2024-08-09,55,21:45,0.0,0.0,0.0,118.05,0.0,80.0,30.0,130.0
2024-08-12,0,08:00,0.0,0.0,0.0,115.25,0.0,80.0,30.0,0.0
2024-08-12,1,08:15,0.0,0.0,0.0,115.25,0.0,80.0,30.0,0.0
2024-08-12,2,08:30,0.0,0.0,0.0,115.25,0.0,80.0,30.0,0.0
2024-08-12,3,08:45,0.0,0.0,0.0,115.25,0.0,80.0,30.0,0.0
2024-08-12,4,09:00,0.0,0.0,0.0,69.9,0.0,80.0,30.0,0.0
2024-08-12,5,09:15,0.0,0.0,0.0,69.9,0.0,80.0,30.0,0.0
2024-08-12,6,09:30,0.0,0.0,0.0,69.9,0.0,80.0,30.0,0.0
2024-08-12,7,09:45,0.0,0.0,0.0,69.9,0.0,80.0,30.0,0.0
2024-08-12,8,10:00,0.0,0.0,0.0,40.12,0.0,80.0,30.0,0.0
2024-08-12,9,10:15,1.8638,9.5021,11.3659,40.12,0.114,40.0,30.0,0.0
2024-08-12,10,10:30,6.7293,17.0147,23.744,40.12,0.238152,40.0,30.0,0.0
2024-08-12,11,10:45,5.9956,17.1381,23.1337,40.12,0.232031,40.0,30.0,0.0
2024-08-12,12,11:00,7.1179,16.0793,23.1972,16.04,0.093021,40.0,30.0,0.0
2024-08-12,13,11:15,6.1091,3.2115,9.3206,16.04,0.037375,40.0,30.0,0.0
2024-08-12,14,11:30,5.6324,9.5021,15.1345,16.04,0.06069,0.0,70.0,0.0
2024-08-12,15,11:45,5.8458,17.0147,22.8605,16.04,0.091671,0.0,70.0,0.0
2024-08-12,16,12:00,5.1816,17.1381,22.3197,10.06,0.056134,0.0,70.0,0.0
2024-08-12,17,12:15,6.7301,16.0793,22.8094,10.06,0.057366,0.0,70.0,0.0
2024-08-12,18,12:30,3.9878,3.2115,7.1993,10.06,0.018106,0.0,70.0,0.0
2024-08-12,19,12:45,1.8638,9.5021,11.3659,10.06,0.028585,60.0,110.0,0.0
2024-08-12,20,13:00,6.7293,17.0147,23.744,6.98,0.041433,60.0,110.0,0.0
2024-08-12,21,13:15,5.9956,17.1381,23.1337,6.98,0.040368,60.0,110.0,0.0
2024-08-12,22,13:30,7.1179,16.0793,23.1972,6.98,0.040479,60.0,110.0,0.0
2024-08-12,23,13:45,6.1091,3.2115,9.3206,6.98,0.016264,60.0,110.0,0.0
2024-08-12,24,14:00,5.6324,9.5021,15.1345,13.8,0.052214,20.0,150.0,0.0
2024-08-12,25,14:15,5.8458,17.0147,22.8605,13.8,0.078869,20.0,150.0,0.0
2024-08-12,26,14:30,5.1816,17.1381,22.3197,13.8,0.077003,20.0,150.0,0.0
2024-08-12,27,14:45,6.7301,16.0793,22.8094,13.8,0.078692,20.0,150.0,0.0
2024-08-12,28,15:00,3.9878,3.2115,7.1993,27.87,0.050161,20.0,50.0,100.0
2024-08-12,29,15:15,0.0,9.5021,9.5021,27.87,0.066206,80.0,90.0,0.0
2024-08-12,30,15:30,0.0,17.0147,17.0147,27.87,0.11855,80.0,90.0,0.0
2024-08-12,31,15:45,0.0,17.1381,17.1381,27.87,0.11941,80.0,90.0,0.0
2024-08-12,32,16:00,0.0,16.0793,16.0793,48.65,0.195564,80.0,90.0,0.0
2024-08-12,33,16:15,0.0,3.2115,3.2115,48.65,0.03906,80.0,90.0,0.0
2024-08-12,34,16:30,0.0,0.0,0.0,48.65,0.0,80.0,130.0,0.0
2024-08-12,35,16:45,0.0,0.0,0.0,48.65,0.0,80.0,130.0,0.0
2024-08-12,36,17:00,0.0,0.0,0.0,89.29,0.0,80.0,130.0,0.0
2024-08-12,37,17:15,0.0,0.0,0.0,89.29,0.0,80.0,130.0,0.0
2024-08-12,38,17:30,0.0,0.0,0.0,89.29,0.0,80.0,130.0,0.0
2024-08-12,39,17:45,0.0,0.0,0.0,89.29,0.0,80.0,130.0,0.0
2024-08-12,40,18:00,0.0,0.0,0.0,122.78,0.0,80.0,130.0,0.0
2024-08-12,41,18:15,0.0,0.0,0.0,122.78,0.0,80.0,130.0,0.0
2024-08-12,42,18:30,0.0,0.0,0.0,122.78,0.0,80.0,130.0,0.0
2024-08-12,43,18:45,0.0,0.0,0.0,122.78,0.0,80.0,130.0,0.0
2024-08-12,44,19:00,0.0,0.0,0.0,206.02,0.0,80.0,130.0,0.0
2024-08-12,45,19:15,0.0,0.0,0.0,206.02,0.0,80.0,130.0,0.0
2024-08-12,46,19:30,0.0,0.0,0.0,206.02,0.0,80.0,130.0,0.0
2024-08-12,47,19:45,0.0,0.0,0.0,206.02,0.0,80.0,130.0,0.0
2024-08-12,48,20:00,0.0,0.0,0.0,224.84,0.0,80.0,130.0,0.0
2024-08-12,49,20:15,0.0,0.0,0.0,224.84,0.0,80.0,130.0,0.0
2024-08-12,50,20:30,0.0,0.0,0.0,224.84,0.0,80.0,130.0,0.0
2024-08-12,51,20:45,0.0,0.0,0.0,224.84,0.0,80.0,130.0,0.0
2024-08-12,52,21:00,0.0,0.0,0.0,128.34,0.0,80.0,130.0,0.0
2024-08-12,53,21:15,0.0,0.0,0.0,128.34,0.0,80.0,130.0,0.0
2024-08-12,54,21:30,0.0,0.0,0.0,128.34,0.0,80.0,130.0,0.0
2024-08-12,55,21:45,0.0,0.0,0.0,128.34,0.0,80.0,130.0,0.0
2024-08-13,0,08:00,0.0,0.0,0.0,117.89,0.0,80.0,130.0,0.0
2024-08-13,1,08:15,0.0,0.0,0.0,117.89,0.0,80.0,130.0,0.0
2024-08-13,2,08:30,0.0,0.0,0.0,117.89,0.0,80.0,130.0,0.0
2024-08-13,3,08:45,0.0,0.0,0.0,117.89,0.0,80.0,130.0,0.0
2024-08-13,4,09:00,0.0,0.0,0.0,87.81,0.0,80.0,130.0,0.0
2024-08-13,5,09:15,0.0,0.0,0.0,87.81,0.0,80.0,130.0,0.0
2024-08-13,6,09:30,0.0,0.0,0.0,87.81,0.0,80.0,130.0,0.0
2024-08-13,7,09:45,0.0,0.0,0.0,87.81,0.0,80.0,130.0,0.0
2024-08-13,8,10:00,0.0,0.0,0.0,66.67,0.0,80.0,130.0,0.0
2024-08-13,9,10:15,0.0,0.0,0.0,66.67,0.0,80.0,130.0,0.0
2024-08-13,10,10:30,0.0,0.0,0.0,66.67,0.0,80.0,130.0,0.0
2024-08-13,11,10:45,0.0,0.0,0.0,66.67,0.0,80.0,130.0,0.0
2024-08-13,12,11:00,0.0,0.0,0.0,55.94,0.0,80.0,130.0,0.0
2024-08-13,13,11:15,0.0,0.0,0.0,55.94,0.0,80.0,130.0,0.0
2024-08-13,14,11:30,0.0,0.0,0.0,55.94,0.0,80.0,130.0,0.0
2024-08-13,15,11:45,1.8638,9.5021,11.3659,55.94,0.158953,40.0,130.0,0.0
2024-08-13,16,12:00,6.7293,17.0147,23.744,43.01,0.255307,40.0,130.0,0.0
2024-08-13,17,12:15,5.9956,17.1381,23.1337,43.01,0.248745,40.0,130.0,0.0
2024-08-13,18,12:30,7.1179,16.0793,23.1972,43.01,0.249428,40.0,130.0,0.0
2024-08-13,19,12:45,6.1091,3.2115,9.3206,43.01,0.100219,40.0,130.0,0.0
2024-08-13,20,13:00,5.6324,9.5021,15.1345,40.37,0.152745,0.0,170.0,0.0
2024-08-13,21,13:15,5.8458,17.0147,22.8605,40.37,0.230719,0.0,170.0,0.0
2024-08-13,22,13:30,5.1816,17.1381,22.3197,40.37,0.225261,0.0,170.0,0.0
2024-08-13,23,13:45,6.7301,16.0793,22.8094,40.37,0.230204,0.0,170.0,0.0
2024-08-13,24,14:00,3.9878,3.2115,7.1993,47.96,0.086319,0.0,170.0,0.0
2024-08-13,25,14:15,0.0,9.5021,9.5021,47.96,0.11393,60.0,210.0,0.0
2024-08-13,26,14:30,0.0,17.0147,17.0147,47.96,0.204006,60.0,210.0,0.0
2024-08-13,27,14:45,0.0,17.1381,17.1381,47.96,0.205486,60.0,210.0,0.0
2024-08-13,28,15:00,0.0,16.0793,16.0793,64.15,0.257871,60.0,60.0,150.0
2024-08-13,29,15:15,0.0,3.2115,3.2115,64.15,0.051504,60.0,60.0,0.0
2024-08-13,30,15:30,0.0,0.0,0.0,64.15,0.0,60.0,100.0,0.0
2024-08-13,31,15:45,0.0,0.0,0.0,64.15,0.0,60.0,100.0,0.0
2024-08-13,32,16:00,0.0,0.0,0.0,86.0,0.0,60.0,100.0,0.0
2024-08-13,33,16:15,0.0,0.0,0.0,86.0,0.0,60.0,100.0,0.0
2024-08-13,34,16:30,0.0,0.0,0.0,86.0,0.0,60.0,100.0,0.0
2024-08-13,35,16:45,0.0,0.0,0.0,86.0,0.0,60.0,100.0,0.0
2024-08-13,36,17:00,0.0,0.0,0.0,105.0,0.0,60.0,100.0,0.0
2024-08-13,37,17:15,0.0,0.0,0.0,105.0,0.0,60.0,100.0,0.0
2024-08-13,38,17:30,0.0,0.0,0.0,105.0,0.0,60.0,100.0,0.0
2024-08-13,39,17:45,0.0,0.0,0.0,105.0,0.0,60.0,100.0,0.0
2024-08-13,40,18:00,0.0,0.0,0.0,121.04,0.0,60.0,100.0,0.0
2024-08-13,41,18:15,0.0,0.0,0.0,121.04,0.0,60.0,100.0,0.0
2024-08-13,42,18:30,0.0,0.0,0.0,121.04,0.0,60.0,100.0,0.0
2024-08-13,43,18:45,0.0,0.0,0.0,121.04,0.0,60.0,100.0,0.0
2024-08-13,44,19:00,0.0,0.0,0.0,202.72,0.0,60.0,100.0,0.0
2024-08-13,45,19:15,0.0,0.0,0.0,202.72,0.0,60.0,100.0,0.0
2024-08-13,46,19:30,0.0,0.0,0.0,202.72,0.0,60.0,100.0,0.0
2024-08-13,47,19:45,0.0,0.0,0.0,202.72,0.0,60.0,100.0,0.0
2024-08-13,48,20:00,0.0,0.0,0.0,205.35,0.0,60.0,100.0,0.0
2024-08-13,49,20:15,0.0,0.0,0.0,205.35,0.0,60.0,100.0,0.0
2024-08-13,50,20:30,0.0,0.0,0.0,205.35,0.0,60.0,100.0,0.0
2024-08-13,51,20:45,0.0,0.0,0.0,205.35,0.0,60.0,100.0,0.0
2024-08-13,52,21:00,0.0,0.0,0.0,128.9,0.0,60.0,100.0,0.0
2024-08-13,53,21:15,0.0,0.0,0.0,128.9,0.0,60.0,100.0,0.0
2024-08-13,54,21:30,0.0,0.0,0.0,128.9,0.0,60.0,100.0,0.0
2024-08-13,55,21:45,0.0,0.0,0.0,128.9,0.0,60.0,100.0,0.0
2024-08-14,0,08:00,0.0,0.0,0.0,120.96,0.0,60.0,100.0,0.0
2024-08-14,1,08:15,0.0,0.0,0.0,120.96,0.0,60.0,100.0,0.0
2024-08-14,2,08:30,0.0,0.0,0.0,120.96,0.0,60.0,100.0,0.0
2024-08-14,3,08:45,0.0,0.0,0.0,120.96,0.0,60.0,100.0,0.0
2024-08-14,4,09:00,0.0,0.0,0.0,108.79,0.0,60.0,100.0,0.0
2024-08-14,5,09:15,0.0,0.0,0.0,108.79,0.0,60.0,100.0,0.0
2024-08-14,6,09:30,0.0,0.0,0.0,108.79,0.0,60.0,100.0,0.0
2024-08-14,7,09:45,0.0,0.0,0.0,108.79,0.0,60.0,100.0,0.0
2024-08-14,8,10:00,0.0,0.0,0.0,83.08,0.0,60.0,100.0,0.0
2024-08-14,9,10:15,0.0,0.0,0.0,83.08,0.0,60.0,100.0,0.0
2024-08-14,10,10:30,0.0,0.0,0.0,83.08,0.0,60.0,100.0,0.0
2024-08-14,11,10:45,0.0,0.0,0.0,83.08,0.0,60.0,100.0,0.0
2024-08-14,12,11:00,0.0,0.0,0.0,77.24,0.0,60.0,100.0,0.0
2024-08-14,13,11:15,0.0,0.0,0.0,77.24,0.0,60.0,100.0,0.0
2024-08-14,14,11:30,0.0,0.0,0.0,77.24,0.0,60.0,100.0,0.0
2024-08-14,15,11:45,0.0,0.0,0.0,77.24,0.0,60.0,100.0,0.0
2024-08-14,16,12:00,0.0,0.0,0.0,72.85,0.0,60.0,100.0,0.0
2024-08-14,17,12:15,0.0,0.0,0.0,72.85,0.0,60.0,100.0,0.0
2024-08-14,18,12:30,0.0,0.0,0.0,72.85,0.0,60.0,100.0,0.0
2024-08-14,19,12:45,0.0,0.0,0.0,72.85,0.0,60.0,100.0,0.0
2024-08-14,20,13:00,0.0,0.0,0.0,75.38,0.0,60.0,100.0,0.0
2024-08-14,21,13:15,0.0,0.0,0.0,75.38,0.0,60.0,100.0,0.0
2024-08-14,22,13:30,0.0,0.0,0.0,75.38,0.0,60.0,100.0,0.0
2024-08-14,23,13:45,0.0,0.0,0.0,75.38,0.0,60.0,100.0,0.0
2024-08-14,24,14:00,0.0,0.0,0.0,74.71,0.0,60.0,100.0,0.0
2024-08-14,25,14:15,0.0,0.0,0.0,74.71,0.0,60.0,100.0,0.0
2024-08-14,26,14:30,0.0,0.0,0.0,74.71,0.0,60.0,100.0,0.0
2024-08-14,27,14:45,0.0,0.0,0.0,74.71,0.0,60.0,100.0,0.0
2024-08-14,28,15:00,0.0,0.0,0.0,81.74,0.0,60.0,100.0,0.0
2024-08-14,29,15:15,0.0,0.0,0.0,81.74,0.0,60.0,100.0,0.0
2024-08-14,30,15:30,0.0,0.0,0.0,81.74,0.0,60.0,100.0,0.0
2024-08-14,31,15:45,0.0,0.0,0.0,81.74,0.0,60.0,100.0,0.0
2024-08-14,32,16:00,0.0,0.0,0.0,94.36,0.0,60.0,100.0,0.0
2024-08-14,33,16:15,0.0,0.0,0.0,94.36,0.0,60.0,100.0,0.0
2024-08-14,34,16:30,0.0,0.0,0.0,94.36,0.0,60.0,100.0,0.0
2024-08-14,35,16:45,0.0,0.0,0.0,94.36,0.0,60.0,100.0,0.0
2024-08-14,36,17:00,0.0,0.0,0.0,105.59,0.0,60.0,100.0,0.0
2024-08-14,37,17:15,0.0,0.0,0.0,105.59,0.0,60.0,100.0,0.0
2024-08-14,38,17:30,0.0,0.0,0.0,105.59,0.0,60.0,100.0,0.0
2024-08-14,39,17:45,0.0,0.0,0.0,105.59,0.0,60.0,100.0,0.0
2024-08-14,40,18:00,0.0,0.0,0.0,111.48,0.0,60.0,100.0,0.0
2024-08-14,41,18:15,0.0,0.0,0.0,111.48,0.0,60.0,100.0,0.0
2024-08-14,42,18:30,0.0,0.0,0.0,111.48,0.0,60.0,100.0,0.0
2024-08-14,43,18:45,0.0,0.0,0.0,111.48,0.0,60.0,100.0,0.0
2024-08-14,44,19:00,0.0,0.0,0.0,161.41,0.0,60.0,100.0,0.0
2024-08-14,45,19:15,0.0,0.0,0.0,161.41,0.0,60.0,100.0,0.0
2024-08-14,46,19:30,0.0,0.0,0.0,161.41,0.0,60.0,100.0,0.0
2024-08-14,47,19:45,0.0,0.0,0.0,161.41,0.0,60.0,100.0,0.0
2024-08-14,48,20:00,0.0,0.0,0.0,218.92,0.0,60.0,100.0,0.0
2024-08-14,49,20:15,0.0,0.0,0.0,218.92,0.0,60.0,100.0,0.0
2024-08-14,50,20:30,0.0,0.0,0.0,218.92,0.0,60.0,100.0,0.0
2024-08-14,51,20:45,0.0,0.0,0.0,218.92,0.0,60.0,100.0,0.0
2024-08-14,52,21:00,0.0,0.0,0.0,148.7,0.0,60.0,100.0,0.0
2024-08-14,53,21:15,0.0,0.0,0.0,148.7,0.0,60.0,100.0,0.0
2024-08-14,54,21:30,0.0,0.0,0.0,148.7,0.0,60.0,100.0,0.0
2024-08-14,55,21:45,0.0,0.0,0.0,148.7,0.0,60.0,10.0,90.0
2024-08-15,0,08:00,0.0,0.0,0.0,114.97,0.0,60.0,10.0,0.0
2024-08-15,1,08:15,0.0,0.0,0.0,114.97,0.0,60.0,10.0,0.0
2024-08-15,2,08:30,0.0,0.0,0.0,114.97,0.0,60.0,10.0,0.0
2024-08-15,3,08:45,0.0,0.0,0.0,114.97,0.0,60.0,10.0,0.0
2024-08-15,4,09:00,1.8638,0.0,1.8638,91.12,0.042458,60.0,10.0,0.0
2024-08-15,5,09:15,6.7293,0.0,6.7293,91.12,0.153293,60.0,10.0,0.0
2024-08-15,6,09:30,5.9956,0.0,5.9956,91.12,0.136579,60.0,10.0,0.0
2024-08-15,7,09:45,7.1179,0.0,7.1179,91.12,0.162146,60.0,10.0,0.0
2024-08-15,8,10:00,6.1091,0.0,6.1091,59.1,0.090262,60.0,10.0,0.0
2024-08-15,9,10:15,5.6324,9.5021,15.1345,59.1,0.223613,20.0,10.0,0.0
2024-08-15,10,10:30,5.8458,17.0147,22.8605,59.1,0.337764,20.0,10.0,0.0
2024-08-15,11,10:45,5.1816,17.1381,22.3197,59.1,0.329773,20.0,10.0,0.0
2024-08-15,12,11:00,6.7301,16.0793,22.8094,19.94,0.113705,20.0,10.0,0.0
2024-08-15,13,11:15,3.9878,3.2115,7.1993,19.94,0.035888,20.0,10.0,0.0
2024-08-15,14,11:30,1.8638,9.5021,11.3659,19.94,0.056659,80.0,50.0,0.0
2024-08-15,15,11:45,6.7293,17.0147,23.744,19.94,0.118364,80.0,50.0,0.0
2024-08-15,16,12:00,5.9956,17.1381,23.1337,9.86,0.057025,80.0,50.0,0.0
2024-08-15,17,12:15,7.1179,16.0793,23.1972,9.86,0.057181,80.0,50.0,0.0
2024-08-15,18,12:30,6.1091,3.2115,9.3206,9.86,0.022975,80.0,50.0,0.0
2024-08-15,19,12:45,5.6324,9.5021,15.1345,9.86,0.037307,40.0,90.0,0.0
2024-08-15,20,13:00,5.8458,17.0147,22.8605,0.01,5.7e-05,40.0,90.0,0.0
2024-08-15,21,13:15,5.1816,17.1381,22.3197,0.01,5.6e-05,40.0,90.0,0.0
2024-08-15,22,13:30,6.7301,16.0793,22.8094,0.01,5.7e-05,40.0,90.0,0.0
2024-08-15,23,13:45,3.9878,3.2115,7.1993,0.01,1.8e-05,40.0,90.0,0.0
2024-08-15,24,14:00,1.8638,9.5021,11.3659,-0.04,-0.000114,100.0,130.0,0.0
2024-08-15,25,14:15,6.7293,17.0147,23.744,-0.04,-0.000237,100.0,130.0,0.0
2024-08-15,26,14:30,5.9956,17.1381,23.1337,-0.04,-0.000231,100.0,130.0,0.0
2024-08-15,27,14:45,7.1179,16.0793,23.1972,-0.04,-0.000232,100.0,130.0,0.0
2024-08-15,28,15:00,6.1091,3.2115,9.3206,4.25,0.009903,100.0,30.0,100.0
2024-08-15,29,15:15,5.6324,9.5021,15.1345,4.25,0.01608,60.0,70.0,0.0
2024-08-15,30,15:30,5.8458,17.0147,22.8605,4.25,0.024289,60.0,70.0,0.0
2024-08-15,31,15:45,5.1816,17.1381,22.3197,4.25,0.023715,60.0,70.0,0.0
2024-08-15,32,16:00,6.7301,16.0793,22.8094,33.41,0.190515,60.0,70.0,0.0
2024-08-15,33,16:15,3.9878,3.2115,7.1993,33.41,0.060132,60.0,70.0,0.0
2024-08-15,34,16:30,0.0,9.5021,9.5021,33.41,0.079366,120.0,110.0,0.0
2024-08-15,35,16:45,0.0,17.0147,17.0147,33.41,0.142115,120.0,110.0,0.0
2024-08-15,36,17:00,0.0,17.1381,17.1381,77.26,0.331022,120.0,110.0,0.0
2024-08-15,37,17:15,0.0,16.0793,16.0793,77.26,0.310571,120.0,110.0,0.0
2024-08-15,38,17:30,0.0,3.2115,3.2115,77.26,0.06203,120.0,110.0,0.0
2024-08-15,39,17:45,0.0,0.0,0.0,77.26,0.0,120.0,150.0,0.0
2024-08-15,40,18:00,0.0,0.0,0.0,119.93,0.0,120.0,150.0,0.0
2024-08-15,41,18:15,0.0,0.0,0.0,119.93,0.0,120.0,150.0,0.0
2024-08-15,42,18:30,0.0,0.0,0.0,119.93,0.0,120.0,150.0,0.0
2024-08-15,43,18:45,0.0,0.0,0.0,119.93,0.0,120.0,150.0,0.0
2024-08-15,44,19:00,0.0,0.0,0.0,142.51,0.0,120.0,150.0,0.0
2024-08-15,45,19:15,0.0,0.0,0.0,142.51,0.0,120.0,150.0,0.0
2024-08-15,46,19:30,0.0,0.0,0.0,142.51,0.0,120.0,150.0,0.0
2024-08-15,47,19:45,0.0,0.0,0.0,142.51,0.0,120.0,150.0,0.0
2024-08-15,48,20:00,0.0,0.0,0.0,160.3,0.0,120.0,150.0,0.0
2024-08-15,49,20:15,0.0,0.0,0.0,160.3,0.0,120.0,150.0,0.0
2024-08-15,50,20:30,0.0,0.0,0.0,160.3,0.0,120.0,150.0,0.0
2024-08-15,51,20:45,0.0,0.0,0.0,160.3,0.0,120.0,150.0,0.0
2024-08-15,52,21:00,0.0,0.0,0.0,140.84,0.0,120.0,150.0,0.0
2024-08-15,53,21:15,0.0,0.0,0.0,140.84,0.0,120.0,150.0,0.0
2024-08-15,54,21:30,0.0,0.0,0.0,140.84,0.0,120.0,150.0,0.0
2024-08-15,55,21:45,0.0,0.0,0.0,140.84,0.0,120.0,150.0,0.0
2024-08-16,0,08:00,0.0,0.0,0.0,124.83,0.0,120.0,150.0,0.0
2024-08-16,1,08:15,0.0,0.0,0.0,124.83,0.0,120.0,150.0,0.0
2024-08-16,2,08:30,0.0,0.0,0.0,124.83,0.0,120.0,150.0,0.0
2024-08-16,3,08:45,0.0,0.0,0.0,124.83,0.0,120.0,150.0,0.0
2024-08-16,4,09:00,0.0,0.0,0.0,100.95,0.0,120.0,150.0,0.0
2024-08-16,5,09:15,0.0,0.0,0.0,100.95,0.0,120.0,150.0,0.0
2024-08-16,6,09:30,0.0,0.0,0.0,100.95,0.0,120.0,150.0,0.0
2024-08-16,7,09:45,0.0,0.0,0.0,100.95,0.0,120.0,150.0,0.0
2024-08-16,8,10:00,0.0,9.5021,9.5021,76.15,0.180896,80.0,150.0,0.0
2024-08-16,9,10:15,0.0,17.0147,17.0147,76.15,0.323917,80.0,150.0,0.0
2024-08-16,10,10:30,0.0,17.1381,17.1381,76.15,0.326266,80.0,150.0,0.0
2024-08-16,11,10:45,0.0,16.0793,16.0793,76.15,0.306109,80.0,150.0,0.0
2024-08-16,12,11:00,1.8638,3.2115,5.0753,59.83,0.075914,80.0,150.0,0.0
2024-08-16,13,11:15,6.7293,9.5021,16.2314,59.83,0.242781,40.0,190.0,0.0
2024-08-16,14,11:30,5.9956,17.0147,23.0103,59.83,0.344176,40.0,190.0,0.0
2024-08-16,15,11:45,7.1179,17.1381,24.256,59.83,0.362809,40.0,190.0,0.0
2024-08-16,16,12:00,6.1091,16.0793,22.1884,50.68,0.281126,40.0,190.0,0.0
2024-08-16,17,12:15,5.6324,3.2115,8.8439,50.68,0.112053,40.0,190.0,0.0
2024-08-16,18,12:30,5.8458,9.5021,15.3479,50.68,0.194458,0.0,230.0,0.0
2024-08-16,19,12:45,5.1816,17.0147,22.1962,50.68,0.281226,0.0,230.0,0.0
2024-08-16,20,13:00,6.7301,17.1381,23.8682,49.93,0.297935,0.0,230.0,0.0
2024-08-16,21,13:15,3.9878,16.0793,20.0671,49.93,0.250487,0.0,230.0,0.0
2024-08-16,22,13:30,1.8638,3.2115,5.0753,49.93,0.063353,100.0,230.0,0.0
2024-08-16,23,13:45,6.7293,9.5021,16.2314,49.93,0.202608,60.0,270.0,0.0
2024-08-16,24,14:00,5.9956,17.0147,23.0103,47.57,0.27365,60.0,270.0,0.0
2024-08-16,25,14:15,7.1179,17.1381,24.256,47.57,0.288464,60.0,270.0,0.0
2024-08-16,26,14:30,6.1091,16.0793,22.1884,47.57,0.263875,60.0,270.0,0.0
2024-08-16,27,14:45,5.6324,3.2115,8.8439,47.57,0.105176,60.0,270.0,0.0
2024-08-16,28,15:00,5.8458,9.5021,15.3479,55.16,0.211648,20.0,150.0,160.0
2024-08-16,29,15:15,5.1816,17.0147,22.1962,55.16,0.306086,20.0,150.0,0.0
2024-08-16,30,15:30,6.7301,17.1381,23.8682,55.16,0.329142,20.0,150.0,0.0
2024-08-16,31,15:45,3.9878,16.0793,20.0671,55.16,0.276725,20.0,150.0,0.0
2024-08-16,32,16:00,0.0,3.2115,3.2115,82.67,0.066373,120.0,150.0,0.0
2024-08-16,33,16:15,0.0,0.0,0.0,82.67,0.0,120.0,190.0,0.0
2024-08-16,34,16:30,0.0,0.0,0.0,82.67,0.0,120.0,190.0,0.0
2024-08-16,35,16:45,0.0,0.0,0.0,82.67,0.0,120.0,190.0,0.0
2024-08-16,36,17:00,0.0,0.0,0.0,103.76,0.0,120.0,190.0,0.0
2024-08-16,37,17:15,0.0,0.0,0.0,103.76,0.0,120.0,190.0,0.0
2024-08-16,38,17:30,0.0,0.0,0.0,103.76,0.0,120.0,190.0,0.0
2024-08-16,39,17:45,0.0,0.0,0.0,103.76,0.0,120.0,190.0,0.0
2024-08-16,40,18:00,0.0,0.0,0.0,134.92,0.0,120.0,190.0,0.0
2024-08-16,41,18:15,0.0,0.0,0.0,134.92,0.0,120.0,190.0,0.0
2024-08-16,42,18:30,0.0,0.0,0.0,134.92,0.0,120.0,190.0,0.0
2024-08-16,43,18:45,0.0,0.0,0.0,134.92,0.0,120.0,190.0,0.0
2024-08-16,44,19:00,0.0,0.0,0.0,230.52,0.0,120.0,190.0,0.0
2024-08-16,45,19:15,0.0,0.0,0.0,230.52,0.0,120.0,190.0,0.0
2024-08-16,46,19:30,0.0,0.0,0.0,230.52,0.0,120.0,190.0,0.0
2024-08-16,47,19:45,0.0,0.0,0.0,230.52,0.0,120.0,190.0,0.0
2024-08-16,48,20:00,0.0,0.0,0.0,243.12,0.0,120.0,190.0,0.0
2024-08-16,49,20:15,0.0,0.0,0.0,243.12,0.0,120.0,190.0,0.0
2024-08-16,50,20:30,0.0,0.0,0.0,243.12,0.0,120.0,190.0,0.0
2024-08-16,51,20:45,0.0,0.0,0.0,243.12,0.0,120.0,190.0,0.0
2024-08-16,52,21:00,0.0,0.0,0.0,171.83,0.0,120.0,190.0,0.0
2024-08-16,53,21:15,0.0,0.0,0.0,171.83,0.0,120.0,190.0,0.0
2024-08-16,54,21:30,0.0,0.0,0.0,171.83,0.0,120.0,190.0,0.0
2024-08-16,55,21:45,0.0,0.0,0.0,171.83,0.0,120.0,20.0,170.0
2024-08-19,0,08:00,0.0,0.0,0.0,129.6,0.0,120.0,20.0,0.0
2024-08-19,1,08:15,0.0,0.0,0.0,129.6,0.0,120.0,20.0,0.0
2024-08-19,2,08:30,0.0,0.0,0.0,129.6,0.0,120.0,20.0,0.0
2024-08-19,3,08:45,0.0,0.0,0.0,129.6,0.0,120.0,20.0,0.0
2024-08-19,4,09:00,0.0,0.0,0.0,112.58,0.0,120.0,20.0,0.0
2024-08-19,5,09:15,0.0,0.0,0.0,112.58,0.0,120.0,20.0,0.0
2024-08-19,6,09:30,0.0,0.0,0.0,112.58,0.0,120.0,20.0,0.0
2024-08-19,7,09:45,0.0,0.0,0.0,112.58,0.0,120.0,20.0,0.0
2024-08-19,8,10:00,0.0,0.0,0.0,96.9,0.0,120.0,20.0,0.0
2024-08-19,9,10:15,0.0,0.0,0.0,96.9,0.0,120.0,20.0,0.0
2024-08-19,10,10:30,0.0,0.0,0.0,96.9,0.0,120.0,20.0,0.0
2024-08-19,11,10:45,0.0,0.0,0.0,96.9,0.0,120.0,20.0,0.0
2024-08-19,12,11:00,0.0,0.0,0.0,89.74,0.0,120.0,20.0,0.0
2024-08-19,13,11:15,0.0,9.5021,9.5021,89.74,0.213179,80.0,20.0,0.0
2024-08-19,14,11:30,0.0,17.0147,17.0147,89.74,0.381724,80.0,20.0,0.0
2024-08-19,15,11:45,0.0,17.1381,17.1381,89.74,0.384493,80.0,20.0,0.0
2024-08-19,16,12:00,0.0,16.0793,16.0793,84.38,0.339192,80.0,20.0,0.0
2024-08-19,17,12:15,0.0,3.2115,3.2115,84.38,0.067746,80.0,20.0,0.0
2024-08-19,18,12:30,0.0,9.5021,9.5021,84.38,0.200447,40.0,60.0,0.0
2024-08-19,19,12:45,0.0,17.0147,17.0147,84.38,0.358925,40.0,60.0,0.0
2024-08-19,20,13:00,0.0,17.1381,17.1381,78.87,0.33792,40.0,60.0,0.0
2024-08-19,21,13:15,0.0,16.0793,16.0793,78.87,0.317043,40.0,60.0,0.0
2024-08-19,22,13:30,0.0,3.2115,3.2115,78.87,0.063322,40.0,60.0,0.0
2024-08-19,23,13:45,0.0,9.5021,9.5021,78.87,0.187358,0.0,100.0,0.0
2024-08-19,24,14:00,0.0,17.0147,17.0147,80.21,0.341187,0.0,100.0,0.0
2024-08-19,25,14:15,0.0,17.1381,17.1381,80.21,0.343662,0.0,100.0,0.0
2024-08-19,26,14:30,0.0,16.0793,16.0793,80.21,0.32243,0.0,100.0,0.0
2024-08-19,27,14:45,0.0,3.2115,3.2115,80.21,0.064398,0.0,100.0,0.0
2024-08-19,28,15:00,0.0,0.0,0.0,79.9,0.0,0.0,20.0,120.0
2024-08-19,29,15:15,0.0,0.0,0.0,79.9,0.0,0.0,20.0,0.0
2024-08-19,30,15:30,0.0,0.0,0.0,79.9,0.0,0.0,20.0,0.0
2024-08-19,31,15:45,0.0,0.0,0.0,79.9,0.0,0.0,20.0,0.0
2024-08-19,32,16:00,0.0,0.0,0.0,84.05,0.0,0.0,20.0,0.0
2024-08-19,33,16:15,0.0,0.0,0.0,84.05,0.0,0.0,20.0,0.0
2024-08-19,34,16:30,0.0,0.0,0.0,84.05,0.0,0.0,20.0,0.0
2024-08-19,35,16:45,0.0,0.0,0.0,84.05,0.0,0.0,20.0,0.0
2024-08-19,36,17:00,0.0,0.0,0.0,100.7,0.0,0.0,20.0,0.0
2024-08-19,37,17:15,0.0,0.0,0.0,100.7,0.0,0.0,20.0,0.0
2024-08-19,38,17:30,0.0,0.0,0.0,100.7,0.0,0.0,20.0,0.0
2024-08-19,39,17:45,0.0,0.0,0.0,100.7,0.0,0.0,20.0,0.0
2024-08-19,40,18:00,0.0,0.0,0.0,113.97,0.0,0.0,20.0,0.0
2024-08-19,41,18:15,0.0,0.0,0.0,113.97,0.0,0.0,20.0,0.0
2024-08-19,42,18:30,0.0,0.0,0.0,113.97,0.0,0.0,20.0,0.0
2024-08-19,43,18:45,0.0,0.0,0.0,113.97,0.0,0.0,20.0,0.0
2024-08-19,44,19:00,0.0,0.0,0.0,200.0,0.0,0.0,20.0,0.0
2024-08-19,45,19:15,0.0,0.0,0.0,200.0,0.0,0.0,20.0,0.0
2024-08-19,46,19:30,0.0,0.0,0.0,200.0,0.0,0.0,20.0,0.0
2024-08-19,47,19:45,0.0,0.0,0.0,200.0,0.0,0.0,20.0,0.0
2024-08-19,48,20:00,0.0,0.0,0.0,203.83,0.0,0.0,20.0,0.0
2024-08-19,49,20:15,0.0,0.0,0.0,203.83,0.0,0.0,20.0,0.0
2024-08-19,50,20:30,0.0,0.0,0.0,203.83,0.0,0.0,20.0,0.0
2024-08-19,51,20:45,0.0,0.0,0.0,203.83,0.0,0.0,20.0,0.0
2024-08-19,52,21:00,0.0,0.0,0.0,140.11,0.0,0.0,20.0,0.0
2024-08-19,53,21:15,0.0,0.0,0.0,140.11,0.0,0.0,20.0,0.0
2024-08-19,54,21:30,0.0,0.0,0.0,140.11,0.0,0.0,20.0,0.0
2024-08-19,55,21:45,0.0,0.0,0.0,140.11,0.0,0.0,20.0,0.0
2024-08-20,0,08:00,0.0,0.0,0.0,122.97,0.0,0.0,20.0,0.0
2024-08-20,1,08:15,0.0,0.0,0.0,122.97,0.0,0.0,20.0,0.0
2024-08-20,2,08:30,0.0,0.0,0.0,122.97,0.0,0.0,20.0,0.0
2024-08-20,3,08:45,0.0,0.0,0.0,122.97,0.0,0.0,20.0,0.0
2024-08-20,4,09:00,0.0,0.0,0.0,103.09,0.0,0.0,20.0,0.0
2024-08-20,5,09:15,0.0,0.0,0.0,103.09,0.0,0.0,20.0,0.0
2024-08-20,6,09:30,0.0,0.0,0.0,103.09,0.0,0.0,20.0,0.0
2024-08-20,7,09:45,0.0,0.0,0.0,103.09,0.0,0.0,20.0,0.0
2024-08-20,8,10:00,1.8638,0.0,1.8638,75.01,0.034952,0.0,20.0,0.0
2024-08-20,9,10:15,6.7293,0.0,6.7293,75.01,0.126191,0.0,20.0,0.0
2024-08-20,10,10:30,5.9956,0.0,5.9956,75.01,0.112432,0.0,20.0,0.0
2024-08-20,11,10:45,7.1179,0.0,7.1179,75.01,0.133478,0.0,20.0,0.0
2024-08-20,12,11:00,6.1091,0.0,6.1091,50.13,0.076562,0.0,20.0,0.0
2024-08-20,13,11:15,5.6324,0.0,5.6324,50.13,0.070589,0.0,20.0,0.0
2024-08-20,14,11:30,5.8458,0.0,5.8458,50.13,0.073263,0.0,20.0,0.0
2024-08-20,15,11:45,5.1816,0.0,5.1816,50.13,0.064938,0.0,20.0,0.0
2024-08-20,16,12:00,6.7301,0.0,6.7301,37.69,0.063414,0.0,20.0,0.0
2024-08-20,17,12:15,3.9878,0.0,3.9878,37.69,0.037575,0.0,20.0,0.0
2024-08-20,18,12:30,1.8638,9.5021,11.3659,37.69,0.107096,60.0,20.0,0.0
2024-08-20,19,12:45,6.7293,17.0147,23.744,37.69,0.223727,60.0,20.0,0.0
2024-08-20,20,13:00,5.9956,17.1381,23.1337,18.22,0.105374,60.0,20.0,0.0
2024-08-20,21,13:15,7.1179,16.0793,23.1972,18.22,0.105663,60.0,20.0,0.0
2024-08-20,22,13:30,6.1091,3.2115,9.3206,18.22,0.042455,60.0,20.0,0.0
2024-08-20,23,13:45,5.6324,9.5021,15.1345,18.22,0.068938,20.0,60.0,0.0
2024-08-20,24,14:00,5.8458,17.0147,22.8605,20.36,0.11636,20.0,60.0,0.0
2024-08-20,25,14:15,5.1816,17.1381,22.3197,20.36,0.113607,20.0,60.0,0.0
2024-08-20,26,14:30,6.7301,16.0793,22.8094,20.36,0.1161,20.0,60.0,0.0
2024-08-20,27,14:45,3.9878,3.2115,7.1993,20.36,0.036644,20.0,60.0,0.0
2024-08-20,28,15:00,0.0,9.5021,9.5021,48.9,0.116163,80.0,100.0,0.0
2024-08-20,29,15:15,0.0,17.0147,17.0147,48.9,0.208004,80.0,100.0,0.0
2024-08-20,30,15:30,0.0,17.1381,17.1381,48.9,0.209513,80.0,100.0,0.0
2024-08-20,31,15:45,0.0,16.0793,16.0793,48.9,0.196569,80.0,100.0,0.0
2024-08-20,32,16:00,0.0,3.2115,3.2115,82.15,0.065956,80.0,100.0,0.0
2024-08-20,33,16:15,0.0,0.0,0.0,82.15,0.0,80.0,140.0,0.0
2024-08-20,34,16:30,0.0,0.0,0.0,82.15,0.0,80.0,140.0,0.0
2024-08-20,35,16:45,0.0,0.0,0.0,82.15,0.0,80.0,140.0,0.0
2024-08-20,36,17:00,0.0,0.0,0.0,104.5,0.0,80.0,140.0,0.0
2024-08-20,37,17:15,0.0,0.0,0.0,104.5,0.0,80.0,140.0,0.0
2024-08-20,38,17:30,0.0,0.0,0.0,104.5,0.0,80.0,140.0,0.0
2024-08-20,39,17:45,0.0,0.0,0.0,104.5,0.0,80.0,140.0,0.0
2024-08-20,40,18:00,0.0,0.0,0.0,118.07,0.0,80.0,140.0,0.0
2024-08-20,41,18:15,0.0,0.0,0.0,118.07,0.0,80.0,140.0,0.0
2024-08-20,42,18:30,0.0,0.0,0.0,118.07,0.0,80.0,140.0,0.0
2024-08-20,43,18:45,0.0,0.0,0.0,118.07,0.0,80.0,140.0,0.0
2024-08-20,44,19:00,0.0,0.0,0.0,158.81,0.0,80.0,140.0,0.0
2024-08-20,45,19:15,0.0,0.0,0.0,158.81,0.0,80.0,140.0,0.0
2024-08-20,46,19:30,0.0,0.0,0.0,158.81,0.0,80.0,140.0,0.0
2024-08-20,47,19:45,0.0,0.0,0.0,158.81,0.0,80.0,140.0,0.0
2024-08-20,48,20:00,0.0,0.0,0.0,154.71,0.0,80.0,140.0,0.0
2024-08-20,49,20:15,0.0,0.0,0.0,154.71,0.0,80.0,140.0,0.0
2024-08-20,50,20:30,0.0,0.0,0.0,154.71,0.0,80.0,140.0,0.0
2024-08-20,51,20:45,0.0,0.0,0.0,154.71,0.0,80.0,140.0,0.0
2024-08-20,52,21:00,0.0,0.0,0.0,120.89,0.0,80.0,140.0,0.0
2024-08-20,53,21:15,0.0,0.0,0.0,120.89,0.0,80.0,140.0,0.0
2024-08-20,54,21:30,0.0,0.0,0.0,120.89,0.0,80.0,140.0,0.0
2024-08-20,55,21:45,0.0,0.0,0.0,120.89,0.0,80.0,10.0,130.0
2024-08-21,0,08:00,0.0,0.0,0.0,87.38,0.0,80.0,10.0,0.0
2024-08-21,1,08:15,0.0,0.0,0.0,87.38,0.0,80.0,10.0,0.0
2024-08-21,2,08:30,0.0,0.0,0.0,87.38,0.0,80.0,10.0,0.0
2024-08-21,3,08:45,0.0,0.0,0.0,87.38,0.0,80.0,10.0,0.0
2024-08-21,4,09:00,0.0,0.0,0.0,53.16,0.0,80.0,10.0,0.0
2024-08-21,5,09:15,0.0,0.0,0.0,53.16,0.0,80.0,10.0,0.0
2024-08-21,6,09:30,0.0,0.0,0.0,53.16,0.0,80.0,10.0,0.0
2024-08-21,7,09:45,0.0,0.0,0.0,53.16,0.0,80.0,10.0,0.0
2024-08-21,8,10:00,0.0,0.0,0.0,0.16,0.0,80.0,10.0,0.0
2024-08-21,9,10:15,1.8638,9.5021,11.3659,0.16,0.000455,40.0,10.0,0.0
2024-08-21,10,10:30,6.7293,17.0147,23.744,0.16,0.00095,40.0,10.0,0.0
2024-08-21,11,10:45,5.9956,17.1381,23.1337,0.16,0.000925,40.0,10.0,0.0
2024-08-21,12,11:00,7.1179,16.0793,23.1972,-4.95,-0.028707,40.0,10.0,0.0
2024-08-21,13,11:15,6.1091,3.2115,9.3206,-4.95,-0.011534,40.0,10.0,0.0
2024-08-21,14,11:30,5.6324,9.5021,15.1345,-4.95,-0.018729,0.0,50.0,0.0
2024-08-21,15,11:45,5.8458,17.0147,22.8605,-4.95,-0.02829,0.0,50.0,0.0
2024-08-21,16,12:00,5.1816,17.1381,22.3197,-13.01,-0.072595,0.0,50.0,0.0
2024-08-21,17,12:15,6.7301,16.0793,22.8094,-13.01,-0.074188,0.0,50.0,0.0
2024-08-21,18,12:30,3.9878,3.2115,7.1993,-13.01,-0.023416,0.0,50.0,0.0
2024-08-21,19,12:45,1.8638,9.5021,11.3659,-13.01,-0.036968,60.0,90.0,0.0
2024-08-21,20,13:00,6.7293,17.0147,23.744,-20.32,-0.120619,60.0,90.0,0.0
2024-08-21,21,13:15,5.9956,17.1381,23.1337,-20.32,-0.117519,60.0,90.0,0.0
2024-08-21,22,13:30,7.1179,16.0793,23.1972,-20.32,-0.117842,60.0,90.0,0.0
2024-08-21,23,13:45,6.1091,3.2115,9.3206,-20.32,-0.047348,60.0,90.0,0.0
2024-08-21,24,14:00,5.6324,9.5021,15.1345,-21.28,-0.080516,20.0,130.0,0.0
2024-08-21,25,14:15,5.8458,17.0147,22.8605,-21.28,-0.121618,20.0,130.0,0.0
2024-08-21,26,14:30,5.1816,17.1381,22.3197,-21.28,-0.118741,20.0,130.0,0.0
2024-08-21,27,14:45,6.7301,16.0793,22.8094,-21.28,-0.121346,20.0,130.0,0.0
2024-08-21,28,15:00,3.9878,3.2115,7.1993,-16.05,-0.028887,20.0,50.0,80.0
2024-08-21,29,15:15,1.8638,9.5021,11.3659,-16.05,-0.045606,80.0,90.0,0.0
2024-08-21,30,15:30,6.7293,17.0147,23.744,-16.05,-0.095273,80.0,90.0,0.0
2024-08-21,31,15:45,5.9956,17.1381,23.1337,-16.05,-0.092824,80.0,90.0,0.0
2024-08-21,32,16:00,7.1179,16.0793,23.1972,-12.64,-0.073303,80.0,90.0,0.0
2024-08-21,33,16:15,6.1091,3.2115,9.3206,-12.64,-0.029453,80.0,90.0,0.0
2024-08-21,34,16:30,5.6324,9.5021,15.1345,-12.64,-0.047825,40.0,130.0,0.0
2024-08-21,35,16:45,5.8458,17.0147,22.8605,-12.64,-0.072239,40.0,130.0,0.0
2024-08-21,36,17:00,5.1816,17.1381,22.3197,2.01,0.011216,40.0,130.0,0.0
2024-08-21,37,17:15,6.7301,16.0793,22.8094,2.01,0.011462,40.0,130.0,0.0
2024-08-21,38,17:30,3.9878,3.2115,7.1993,2.01,0.003618,40.0,130.0,0.0
2024-08-21,39,17:45,0.0,0.0,0.0,2.01,0.0,140.0,170.0,0.0
2024-08-21,40,18:00,0.0,0.0,0.0,67.26,0.0,140.0,170.0,0.0
2024-08-21,41,18:15,0.0,0.0,0.0,67.26,0.0,140.0,170.0,0.0
2024-08-21,42,18:30,0.0,0.0,0.0,67.26,0.0,140.0,170.0,0.0
2024-08-21,43,18:45,0.0,0.0,0.0,67.26,0.0,140.0,170.0,0.0
2024-08-21,44,19:00,0.0,0.0,0.0,101.89,0.0,140.0,170.0,0.0
2024-08-21,45,19:15,0.0,0.0,0.0,101.89,0.0,140.0,170.0,0.0
2024-08-21,46,19:30,0.0,0.0,0.0,101.89,0.0,140.0,170.0,0.0
2024-08-21,47,19:45,0.0,0.0,0.0,101.89,0.0,140.0,170.0,0.0
2024-08-21,48,20:00,0.0,0.0,0.0,140.35,0.0,140.0,170.0,0.0
2024-08-21,49,20:15,0.0,0.0,0.0,140.35,0.0,140.0,170.0,0.0
2024-08-21,50,20:30,0.0,0.0,0.0,140.35,0.0,140.0,170.0,0.0
2024-08-21,51,20:45,0.0,0.0,0.0,140.35,0.0,140.0,170.0,0.0
2024-08-21,52,21:00,0.0,0.0,0.0,130.96,0.0,140.0,170.0,0.0
2024-08-21,53,21:15,0.0,0.0,0.0,130.96,0.0,140.0,170.0,0.0
2024-08-21,54,21:30,0.0,0.0,0.0,130.96,0.0,140.0,170.0,0.0
2024-08-21,55,21:45,0.0,0.0,0.0,130.96,0.0,140.0,0.0,170.0
2024-08-22,0,08:00,0.0,0.0,0.0,113.05,0.0,140.0,0.0,0.0
2024-08-22,1,08:15,0.0,0.0,0.0,113.05,0.0,140.0,0.0,0.0
2024-08-22,2,08:30,0.0,0.0,0.0,113.05,0.0,140.0,0.0,0.0
2024-08-22,3,08:45,0.0,0.0,0.0,113.05,0.0,140.0,0.0,0.0
2024-08-22,4,09:00,0.0,0.0,0.0,73.1,0.0,140.0,0.0,0.0
2024-08-22,5,09:15,0.0,0.0,0.0,73.1,0.0,140.0,0.0,0.0
2024-08-22,6,09:30,0.0,0.0,0.0,73.1,0.0,140.0,0.0,0.0
2024-08-22,7,09:45,0.0,0.0,0.0,73.1,0.0,140.0,0.0,0.0
2024-08-22,8,10:00,0.0,0.0,0.0,14.8,0.0,140.0,0.0,0.0
2024-08-22,9,10:15,0.0,0.0,0.0,14.8,0.0,140.0,0.0,0.0
2024-08-22,10,10:30,0.0,0.0,0.0,14.8,0.0,140.0,0.0,0.0
2024-08-22,11,10:45,0.0,0.0,0.0,14.8,0.0,140.0,0.0,0.0
2024-08-22,12,11:00,0.0,9.5021,9.5021,0.0,0.0,100.0,0.0,0.0
2024-08-22,13,11:15,0.0,17.0147,17.0147,0.0,0.0,100.0,0.0,0.0
2024-08-22,14,11:30,0.0,17.1381,17.1381,0.0,0.0,100.0,0.0,0.0
2024-08-22,15,11:45,1.8638,16.0793,17.9431,0.0,0.0,100.0,0.0,0.0
2024-08-22,16,12:00,6.7293,3.2115,9.9408,-0.38,-0.000944,100.0,0.0,0.0
2024-08-22,17,12:15,5.9956,9.5021,15.4977,-0.38,-0.001472,60.0,40.0,0.0
2024-08-22,18,12:30,7.1179,17.0147,24.1326,-0.38,-0.002293,60.0,40.0,0.0
2024-08-22,19,12:45,6.1091,17.1381,23.2472,-0.38,-0.002208,60.0,40.0,0.0
2024-08-22,20,13:00,5.6324,16.0793,21.7117,-2.56,-0.013896,60.0,40.0,0.0
2024-08-22,21,13:15,5.8458,3.2115,9.0573,-2.56,-0.005797,60.0,40.0,0.0
2024-08-22,22,13:30,5.1816,9.5021,14.6837,-2.56,-0.009398,20.0,80.0,0.0
2024-08-22,23,13:45,6.7301,17.0147,23.7448,-2.56,-0.015197,20.0,80.0,0.0
2024-08-22,24,14:00,3.9878,17.1381,21.1259,-1.51,-0.007975,20.0,80.0,0.0
2024-08-22,25,14:15,1.8638,16.0793,17.9431,-1.51,-0.006774,120.0,80.0,0.0
2024-08-22,26,14:30,6.7293,3.2115,9.9408,-1.51,-0.003753,120.0,80.0,0.0
2024-08-22,27,14:45,5.9956,9.5021,15.4977,-1.51,-0.00585,80.0,120.0,0.0
2024-08-22,28,15:00,7.1179,17.0147,24.1326,-4.35,-0.026244,80.0,120.0,0.0
2024-08-22,29,15:15,6.1091,17.1381,23.2472,-4.35,-0.025281,80.0,120.0,0.0
2024-08-22,30,15:30,5.6324,16.0793,21.7117,-4.35,-0.023612,80.0,120.0,0.0
2024-08-22,31,15:45,5.8458,3.2115,9.0573,-4.35,-0.00985,80.0,120.0,0.0
2024-08-22,32,16:00,5.1816,9.5021,14.6837,-0.09,-0.00033,40.0,160.0,0.0
2024-08-22,33,16:15,6.7301,17.0147,23.7448,-0.09,-0.000534,40.0,160.0,0.0
2024-08-22,34,16:30,3.9878,17.1381,21.1259,-0.09,-0.000475,40.0,160.0,0.0
2024-08-22,35,16:45,0.0,16.0793,16.0793,-0.09,-0.000362,140.0,160.0,0.0
2024-08-22,36,17:00,0.0,3.2115,3.2115,24.89,0.019983,140.0,160.0,0.0
2024-08-22,37,17:15,0.0,0.0,0.0,24.89,0.0,140.0,200.0,0.0
2024-08-22,38,17:30,0.0,0.0,0.0,24.89,0.0,140.0,200.0,0.0
2024-08-22,39,17:45,0.0,0.0,0.0,24.89,0.0,140.0,200.0,0.0
2024-08-22,40,18:00,0.0,0.0,0.0,89.46,0.0,140.0,200.0,0.0
2024-08-22,41,18:15,0.0,0.0,0.0,89.46,0.0,140.0,200.0,0.0
2024-08-22,42,18:30,0.0,0.0,0.0,89.46,0.0,140.0,200.0,0.0
2024-08-22,43,18:45,0.0,0.0,0.0,89.46,0.0,140.0,200.0,0.0
2024-08-22,44,19:00,0.0,0.0,0.0,112.74,0.0,140.0,200.0,0.0
2024-08-22,45,19:15,0.0,0.0,0.0,112.74,0.0,140.0,200.0,0.0
2024-08-22,46,19:30,0.0,0.0,0.0,112.74,0.0,140.0,200.0,0.0
2024-08-22,47,19:45,0.0,0.0,0.0,112.74,0.0,140.0,200.0,0.0
2024-08-22,48,20:00,0.0,0.0,0.0,111.5,0.0,140.0,200.0,0.0
2024-08-22,49,20:15,0.0,0.0,0.0,111.5,0.0,140.0,200.0,0.0
2024-08-22,50,20:30,0.0,0.0,0.0,111.5,0.0,140.0,200.0,0.0
2024-08-22,51,20:45,0.0,0.0,0.0,111.5,0.0,140.0,200.0,0.0
2024-08-22,52,21:00,0.0,0.0,0.0,109.99,0.0,140.0,200.0,0.0
2024-08-22,53,21:15,0.0,0.0,0.0,109.99,0.0,140.0,200.0,0.0
2024-08-22,54,21:30,0.0,0.0,0.0,109.99,0.0,140.0,200.0,0.0
2024-08-22,55,21:45,0.0,0.0,0.0,109.99,0.0,140.0,10.0,190.0
2024-08-23,0,08:00,0.0,0.0,0.0,43.64,0.0,140.0,10.0,0.0
2024-08-23,1,08:15,0.0,0.0,0.0,43.64,0.0,140.0,10.0,0.0
2024-08-23,2,08:30,0.0,0.0,0.0,43.64,0.0,140.0,10.0,0.0
2024-08-23,3,08:45,0.0,0.0,0.0,43.64,0.0,140.0,10.0,0.0
2024-08-23,4,09:00,0.0,0.0,0.0,4.06,0.0,140.0,10.0,0.0
2024-08-23,5,09:15,0.0,9.5021,9.5021,4.06,0.009645,100.0,10.0,0.0
2024-08-23,6,09:30,0.0,17.0147,17.0147,4.06,0.01727,100.0,10.0,0.0
2024-08-23,7,09:45,0.0,17.1381,17.1381,4.06,0.017395,100.0,10.0,0.0
2024-08-23,8,10:00,0.0,16.0793,16.0793,-0.01,-4e-05,100.0,10.0,0.0
2024-08-23,9,10:15,1.8638,3.2115,5.0753,-0.01,-1.3e-05,100.0,10.0,0.0
2024-08-23,10,10:30,6.7293,9.5021,16.2314,-0.01,-4.1e-05,60.0,50.0,0.0
2024-08-23,11,10:45,5.9956,17.0147,23.0103,-0.01,-5.8e-05,60.0,50.0,0.0
2024-08-23,12,11:00,7.1179,17.1381,24.256,-3.97,-0.024074,60.0,50.0,0.0
2024-08-23,13,11:15,6.1091,16.0793,22.1884,-3.97,-0.022022,60.0,50.0,0.0
2024-08-23,14,11:30,5.6324,3.2115,8.8439,-3.97,-0.008778,60.0,50.0,0.0
2024-08-23,15,11:45,5.8458,9.5021,15.3479,-3.97,-0.015233,20.0,90.0,0.0
2024-08-23,16,12:00,5.1816,17.0147,22.1962,-9.54,-0.052938,20.0,90.0,0.0
2024-08-23,17,12:15,6.7301,17.1381,23.8682,-9.54,-0.056926,20.0,90.0,0.0
2024-08-23,18,12:30,3.9878,16.0793,20.0671,-9.54,-0.04786,20.0,90.0,0.0
2024-08-23,19,12:45,1.8638,3.2115,5.0753,-9.54,-0.012105,120.0,90.0,0.0
2024-08-23,20,13:00,6.7293,9.5021,16.2314,-15.32,-0.062166,80.0,130.0,0.0
2024-08-23,21,13:15,5.9956,17.0147,23.0103,-15.32,-0.088129,80.0,130.0,0.0
2024-08-23,22,13:30,7.1179,17.1381,24.256,-15.32,-0.0929,80.0,130.0,0.0
2024-08-23,23,13:45,6.1091,16.0793,22.1884,-15.32,-0.084981,80.0,130.0,0.0
2024-08-23,24,14:00,5.6324,3.2115,8.8439,-16.55,-0.036592,80.0,130.0,0.0
2024-08-23,25,14:15,5.8458,9.5021,15.3479,-16.55,-0.063502,40.0,170.0,0.0
2024-08-23,26,14:30,5.1816,17.0147,22.1962,-16.55,-0.091837,40.0,170.0,0.0
2024-08-23,27,14:45,6.7301,17.1381,23.8682,-16.55,-0.098755,40.0,170.0,0.0
2024-08-23,28,15:00,3.9878,16.0793,20.0671,-10.15,-0.05092,40.0,70.0,100.0
2024-08-23,29,15:15,1.8638,3.2115,5.0753,-10.15,-0.012879,140.0,70.0,0.0
2024-08-23,30,15:30,6.7293,9.5021,16.2314,-10.15,-0.041187,100.0,110.0,0.0
2024-08-23,31,15:45,5.9956,17.0147,23.0103,-10.15,-0.058389,100.0,110.0,0.0
2024-08-23,32,16:00,7.1179,17.1381,24.256,-9.18,-0.055667,100.0,110.0,0.0
2024-08-23,33,16:15,6.1091,16.0793,22.1884,-9.18,-0.050922,100.0,110.0,0.0
2024-08-23,34,16:30,5.6324,3.2115,8.8439,-9.18,-0.020297,100.0,110.0,0.0
2024-08-23,35,16:45,5.8458,9.5021,15.3479,-9.18,-0.035223,60.0,150.0,0.0
2024-08-23,36,17:00,5.1816,17.0147,22.1962,-0.03,-0.000166,60.0,150.0,0.0
2024-08-23,37,17:15,6.7301,17.1381,23.8682,-0.03,-0.000179,60.0,150.0,0.0
2024-08-23,38,17:30,3.9878,16.0793,20.0671,-0.03,-0.000151,60.0,150.0,0.0
2024-08-23,39,17:45,0.0,3.2115,3.2115,-0.03,-2.4e-05,160.0,150.0,0.0
2024-08-23,40,18:00,0.0,0.0,0.0,50.2,0.0,160.0,190.0,0.0
2024-08-23,41,18:15,0.0,0.0,0.0,50.2,0.0,160.0,190.0,0.0
2024-08-23,42,18:30,0.0,0.0,0.0,50.2,0.0,160.0,190.0,0.0
2024-08-23,43,18:45,0.0,0.0,0.0,50.2,0.0,160.0,190.0,0.0
2024-08-23,44,19:00,0.0,0.0,0.0,99.53,0.0,160.0,190.0,0.0
2024-08-23,45,19:15,0.0,0.0,0.0,99.53,0.0,160.0,190.0,0.0
2024-08-23,46,19:30,0.0,0.0,0.0,99.53,0.0,160.0,190.0,0.0
2024-08-23,47,19:45,0.0,0.0,0.0,99.53,0.0,160.0,190.0,0.0
2024-08-23,48,20:00,0.0,0.0,0.0,118.57,0.0,160.0,190.0,0.0
2024-08-23,49,20:15,0.0,0.0,0.0,118.57,0.0,160.0,190.0,0.0
2024-08-23,50,20:30,0.0,0.0,0.0,118.57,0.0,160.0,190.0,0.0
2024-08-23,51,20:45,0.0,0.0,0.0,118.57,0.0,160.0,190.0,0.0
2024-08-23,52,21:00,0.0,0.0,0.0,123.15,0.0,160.0,190.0,0.0
2024-08-23,53,21:15,0.0,0.0,0.0,123.15,0.0,160.0,190.0,0.0
2024-08-23,54,21:30,0.0,0.0,0.0,123.15,0.0,160.0,190.0,0.0
2024-08-23,55,21:45,0.0,0.0,0.0,123.15,0.0,160.0,50.0,140.0
2024-08-26,0,08:00,0.0,0.0,0.0,130.97,0.0,160.0,50.0,0.0
2024-08-26,1,08:15,0.0,0.0,0.0,130.97,0.0,160.0,50.0,0.0
2024-08-26,2,08:30,0.0,0.0,0.0,130.97,0.0,160.0,50.0,0.0
2024-08-26,3,08:45,0.0,0.0,0.0,130.97,0.0,160.0,50.0,0.0
2024-08-26,4,09:00,0.0,0.0,0.0,98.93,0.0,160.0,50.0,0.0
2024-08-26,5,09:15,0.0,0.0,0.0,98.93,0.0,160.0,50.0,0.0
2024-08-26,6,09:30,0.0,0.0,0.0,98.93,0.0,160.0,50.0,0.0
2024-08-26,7,09:45,0.0,0.0,0.0,98.93,0.0,160.0,50.0,0.0
2024-08-26,8,10:00,0.0,0.0,0.0,77.0,0.0,160.0,50.0,0.0
2024-08-26,9,10:15,0.0,0.0,0.0,77.0,0.0,160.0,50.0,0.0
2024-08-26,10,10:30,0.0,0.0,0.0,77.0,0.0,160.0,50.0,0.0
2024-08-26,11,10:45,0.0,0.0,0.0,77.0,0.0,160.0,50.0,0.0
2024-08-26,12,11:00,0.0,0.0,0.0,65.31,0.0,160.0,50.0,0.0
2024-08-26,13,11:15,0.0,0.0,0.0,65.31,0.0,160.0,50.0,0.0
2024-08-26,14,11:30,0.0,0.0,0.0,65.31,0.0,160.0,50.0,0.0
2024-08-26,15,11:45,1.8638,9.5021,11.3659,65.31,0.185577,120.0,50.0,0.0
2024-08-26,16,12:00,6.7293,17.0147,23.744,23.07,0.136943,120.0,50.0,0.0
2024-08-26,17,12:15,5.9956,17.1381,23.1337,23.07,0.133423,120.0,50.0,0.0
2024-08-26,18,12:30,7.1179,16.0793,23.1972,23.07,0.13379,120.0,50.0,0.0
2024-08-26,19,12:45,6.1091,3.2115,9.3206,23.07,0.053756,120.0,50.0,0.0
2024-08-26,20,13:00,5.6324,9.5021,15.1345,17.55,0.066403,80.0,90.0,0.0
2024-08-26,21,13:15,5.8458,17.0147,22.8605,17.55,0.1003,80.0,90.0,0.0
2024-08-26,22,13:30,5.1816,17.1381,22.3197,17.55,0.097928,80.0,90.0,0.0
2024-08-26,23,13:45,6.7301,16.0793,22.8094,17.55,0.100076,80.0,90.0,0.0
2024-08-26,24,14:00,3.9878,3.2115,7.1993,42.88,0.077176,80.0,90.0,0.0
2024-08-26,25,14:15,0.0,9.5021,9.5021,42.88,0.101862,140.0,130.0,0.0
2024-08-26,26,14:30,0.0,17.0147,17.0147,42.88,0.182397,140.0,130.0,0.0
2024-08-26,27,14:45,0.0,17.1381,17.1381,42.88,0.18372,140.0,130.0,0.0
2024-08-26,28,15:00,0.0,16.0793,16.0793,71.05,0.285608,140.0,130.0,0.0
2024-08-26,29,15:15,0.0,3.2115,3.2115,71.05,0.057044,140.0,130.0,0.0
2024-08-26,30,15:30,0.0,0.0,0.0,71.05,0.0,140.0,170.0,0.0
2024-08-26,31,15:45,0.0,0.0,0.0,71.05,0.0,140.0,170.0,0.0
2024-08-26,32,16:00,0.0,0.0,0.0,88.0,0.0,140.0,170.0,0.0
2024-08-26,33,16:15,0.0,0.0,0.0,88.0,0.0,140.0,170.0,0.0
2024-08-26,34,16:30,0.0,0.0,0.0,88.0,0.0,140.0,170.0,0.0
2024-08-26,35,16:45,0.0,0.0,0.0,88.0,0.0,140.0,170.0,0.0
2024-08-26,36,17:00,0.0,0.0,0.0,99.47,0.0,140.0,170.0,0.0
2024-08-26,37,17:15,0.0,0.0,0.0,99.47,0.0,140.0,170.0,0.0
2024-08-26,38,17:30,0.0,0.0,0.0,99.47,0.0,140.0,170.0,0.0
2024-08-26,39,17:45,0.0,0.0,0.0,99.47,0.0,140.0,170.0,0.0
2024-08-26,40,18:00,0.0,0.0,0.0,116.82,0.0,140.0,170.0,0.0
2024-08-26,41,18:15,0.0,0.0,0.0,116.82,0.0,140.0,170.0,0.0
2024-08-26,42,18:30,0.0,0.0,0.0,116.82,0.0,140.0,170.0,0.0
2024-08-26,43,18:45,0.0,0.0,0.0,116.82,0.0,140.0,170.0,0.0
2024-08-26,44,19:00,0.0,0.0,0.0,190.31,0.0,140.0,170.0,0.0
2024-08-26,45,19:15,0.0,0.0,0.0,190.31,0.0,140.0,170.0,0.0
2024-08-26,46,19:30,0.0,0.0,0.0,190.31,0.0,140.0,170.0,0.0
2024-08-26,47,19:45,0.0,0.0,0.0,190.31,0.0,140.0,170.0,0.0
2024-08-26,48,20:00,0.0,0.0,0.0,231.06,0.0,140.0,170.0,0.0
2024-08-26,49,20:15,0.0,0.0,0.0,231.06,0.0,140.0,170.0,0.0
2024-08-26,50,20:30,0.0,0.0,0.0,231.06,0.0,140.0,170.0,0.0
2024-08-26,51,20:45,0.0,0.0,0.0,231.06,0.0,140.0,170.0,0.0
2024-08-26,52,21:00,0.0,0.0,0.0,143.82,0.0,140.0,170.0,0.0
2024-08-26,53,21:15,0.0,0.0,0.0,143.82,0.0,140.0,170.0,0.0
2024-08-26,54,21:30,0.0,0.0,0.0,143.82,0.0,140.0,170.0,0.0
2024-08-26,55,21:45,0.0,0.0,0.0,143.82,0.0,140.0,40.0,130.0
2024-08-27,0,08:00,0.0,0.0,0.0,116.01,0.0,140.0,40.0,0.0
2024-08-27,1,08:15,0.0,0.0,0.0,116.01,0.0,140.0,40.0,0.0
2024-08-27,2,08:30,0.0,0.0,0.0,116.01,0.0,140.0,40.0,0.0
2024-08-27,3,08:45,0.0,0.0,0.0,116.01,0.0,140.0,40.0,0.0
2024-08-27,4,09:00,0.0,0.0,0.0,89.94,0.0,140.0,40.0,0.0
2024-08-27,5,09:15,0.0,0.0,0.0,89.94,0.0,140.0,40.0,0.0
2024-08-27,6,09:30,0.0,0.0,0.0,89.94,0.0,140.0,40.0,0.0
2024-08-27,7,09:45,0.0,0.0,0.0,89.94,0.0,140.0,40.0,0.0
2024-08-27,8,10:00,0.0,0.0,0.0,73.72,0.0,140.0,40.0,0.0
2024-08-27,9,10:15,0.0,0.0,0.0,73.72,0.0,140.0,40.0,0.0
2024-08-27,10,10:30,0.0,0.0,0.0,73.72,0.0,140.0,40.0,0.0
2024-08-27,11,10:45,0.0,9.5021,9.5021,73.72,0.175124,100.0,40.0,0.0
2024-08-27,12,11:00,1.8638,17.0147,18.8785,29.13,0.137483,100.0,40.0,0.0
2024-08-27,13,11:15,6.7293,17.1381,23.8674,29.13,0.173814,100.0,40.0,0.0
2024-08-27,14,11:30,5.9956,16.0793,22.0749,29.13,0.16076,100.0,40.0,0.0
2024-08-27,15,11:45,7.1179,3.2115,10.3294,29.13,0.075224,100.0,40.0,0.0
2024-08-27,16,12:00,6.1091,9.5021,15.6112,5.07,0.019787,60.0,80.0,0.0
2024-08-27,17,12:15,5.6324,17.0147,22.6471,5.07,0.028705,60.0,80.0,0.0
2024-08-27,18,12:30,5.8458,17.1381,22.9839,5.07,0.029132,60.0,80.0,0.0
2024-08-27,19,12:45,5.1816,16.0793,21.2609,5.07,0.026948,60.0,80.0,0.0
2024-08-27,20,13:00,6.7301,3.2115,9.9416,1.18,0.002933,60.0,80.0,0.0
2024-08-27,21,13:15,3.9878,9.5021,13.4899,1.18,0.00398,20.0,120.0,0.0
2024-08-27,22,13:30,1.8638,17.0147,18.8785,1.18,0.005569,120.0,120.0,0.0
2024-08-27,23,13:45,6.7293,17.1381,23.8674,1.18,0.007041,120.0,120.0,0.0
2024-08-27,24,14:00,5.9956,16.0793,22.0749,2.33,0.012859,120.0,120.0,0.0
2024-08-27,25,14:15,7.1179,3.2115,10.3294,2.33,0.006017,120.0,120.0,0.0
2024-08-27,26,14:30,6.1091,9.5021,15.6112,2.33,0.009094,80.0,160.0,0.0
2024-08-27,27,14:45,5.6324,17.0147,22.6471,2.33,0.013192,80.0,160.0,0.0
2024-08-27,28,15:00,5.8458,17.1381,22.9839,23.45,0.134743,80.0,70.0,90.0
2024-08-27,29,15:15,5.1816,16.0793,21.2609,23.45,0.124642,80.0,70.0,0.0
2024-08-27,30,15:30,6.7301,3.2115,9.9416,23.45,0.058283,80.0,70.0,0.0
2024-08-27,31,15:45,3.9878,9.5021,13.4899,23.45,0.079084,40.0,110.0,0.0
2024-08-27,32,16:00,0.0,17.0147,17.0147,52.5,0.223318,140.0,110.0,0.0
2024-08-27,33,16:15,0.0,17.1381,17.1381,52.5,0.224937,140.0,110.0,0.0
2024-08-27,34,16:30,0.0,16.0793,16.0793,52.5,0.211041,140.0,110.0,0.0
2024-08-27,35,16:45,0.0,3.2115,3.2115,52.5,0.042151,140.0,110.0,0.0
2024-08-27,36,17:00,0.0,0.0,0.0,88.71,0.0,140.0,150.0,0.0
2024-08-27,37,17:15,0.0,0.0,0.0,88.71,0.0,140.0,150.0,0.0
2024-08-27,38,17:30,0.0,0.0,0.0,88.71,0.0,140.0,150.0,0.0
2024-08-27,39,17:45,0.0,0.0,0.0,88.71,0.0,140.0,150.0,0.0
2024-08-27,40,18:00,0.0,0.0,0.0,116.06,0.0,140.0,150.0,0.0
2024-08-27,41,18:15,0.0,0.0,0.0,116.06,0.0,140.0,150.0,0.0
2024-08-27,42,18:30,0.0,0.0,0.0,116.06,0.0,140.0,150.0,0.0
2024-08-27,43,18:45,0.0,0.0,0.0,116.06,0.0,140.0,150.0,0.0
2024-08-27,44,19:00,0.0,0.0,0.0,232.25,0.0,140.0,150.0,0.0
2024-08-27,45,19:15,0.0,0.0,0.0,232.25,0.0,140.0,150.0,0.0
2024-08-27,46,19:30,0.0,0.0,0.0,232.25,0.0,140.0,150.0,0.0
2024-08-27,47,19:45,0.0,0.0,0.0,232.25,0.0,140.0,150.0,0.0
2024-08-27,48,20:00,0.0,0.0,0.0,217.92,0.0,140.0,150.0,0.0
2024-08-27,49,20:15,0.0,0.0,0.0,217.92,0.0,140.0,150.0,0.0
2024-08-27,50,20:30,0.0,0.0,0.0,217.92,0.0,140.0,150.0,0.0
2024-08-27,51,20:45,0.0,0.0,0.0,217.92,0.0,140.0,150.0,0.0
2024-08-27,52,21:00,0.0,0.0,0.0,120.52,0.0,140.0,150.0,0.0
2024-08-27,53,21:15,0.0,0.0,0.0,120.52,0.0,140.0,150.0,0.0
2024-08-27,54,21:30,0.0,0.0,0.0,120.52,0.0,140.0,150.0,0.0
2024-08-27,55,21:45,0.0,0.0,0.0,120.52,0.0,140.0,0.0,150.0
2024-08-28,0,08:00,0.0,0.0,0.0,121.0,0.0,140.0,0.0,0.0
2024-08-28,1,08:15,0.0,0.0,0.0,121.0,0.0,140.0,0.0,0.0
2024-08-28,2,08:30,0.0,0.0,0.0,121.0,0.0,140.0,0.0,0.0
2024-08-28,3,08:45,0.0,0.0,0.0,121.0,0.0,140.0,0.0,0.0
2024-08-28,4,09:00,0.0,0.0,0.0,105.4,0.0,140.0,0.0,0.0
2024-08-28,5,09:15,0.0,0.0,0.0,105.4,0.0,140.0,0.0,0.0
2024-08-28,6,09:30,0.0,0.0,0.0,105.4,0.0,140.0,0.0,0.0
2024-08-28,7,09:45,0.0,0.0,0.0,105.4,0.0,140.0,0.0,0.0
2024-08-28,8,10:00,0.0,0.0,0.0,87.56,0.0,140.0,0.0,0.0
2024-08-28,9,10:15,0.0,0.0,0.0,87.56,0.0,140.0,0.0,0.0
2024-08-28,10,10:30,0.0,0.0,0.0,87.56,0.0,140.0,0.0,0.0
2024-08-28,11,10:45,0.0,0.0,0.0,87.56,0.0,140.0,0.0,0.0
2024-08-28,12,11:00,0.0,0.0,0.0,68.78,0.0,140.0,0.0,0.0
2024-08-28,13,11:15,0.0,9.5021,9.5021,68.78,0.163388,100.0,0.0,0.0
2024-08-28,14,11:30,0.0,17.0147,17.0147,68.78,0.292567,100.0,0.0,0.0
2024-08-28,15,11:45,0.0,17.1381,17.1381,68.78,0.29469,100.0,0.0,0.0
2024-08-28,16,12:00,0.0,16.0793,16.0793,35.14,0.141256,100.0,0.0,0.0
2024-08-28,17,12:15,0.0,3.2115,3.2115,35.14,0.028213,100.0,0.0,0.0
2024-08-28,18,12:30,1.8638,9.5021,11.3659,35.14,0.09985,60.0,40.0,0.0
2024-08-28,19,12:45,6.7293,17.0147,23.744,35.14,0.208591,60.0,40.0,0.0
2024-08-28,20,13:00,5.9956,17.1381,23.1337,10.4,0.060148,60.0,40.0,0.0
2024-08-28,21,13:15,7.1179,16.0793,23.1972,10.4,0.060313,60.0,40.0,0.0
2024-08-28,22,13:30,6.1091,3.2115,9.3206,10.4,0.024233,60.0,40.0,0.0
2024-08-28,23,13:45,5.6324,9.5021,15.1345,10.4,0.03935,20.0,80.0,0.0
2024-08-28,24,14:00,5.8458,17.0147,22.8605,8.17,0.046693,20.0,80.0,0.0
2024-08-28,25,14:15,5.1816,17.1381,22.3197,8.17,0.045588,20.0,80.0,0.0
2024-08-28,26,14:30,6.7301,16.0793,22.8094,8.17,0.046588,20.0,80.0,0.0
2024-08-28,27,14:45,3.9878,3.2115,7.1993,8.17,0.014705,20.0,80.0,0.0
2024-08-28,28,15:00,0.0,9.5021,9.5021,54.84,0.130274,80.0,10.0,110.0
2024-08-28,29,15:15,0.0,17.0147,17.0147,54.84,0.233271,80.0,10.0,0.0
2024-08-28,30,15:30,0.0,17.1381,17.1381,54.84,0.234963,80.0,10.0,0.0
2024-08-28,31,15:45,0.0,16.0793,16.0793,54.84,0.220447,80.0,10.0,0.0
2024-08-28,32,16:00,0.0,3.2115,3.2115,78.56,0.063074,80.0,10.0,0.0
2024-08-28,33,16:15,0.0,0.0,0.0,78.56,0.0,80.0,50.0,0.0
2024-08-28,34,16:30,0.0,0.0,0.0,78.56,0.0,80.0,50.0,0.0
2024-08-28,35,16:45,0.0,0.0,0.0,78.56,0.0,80.0,50.0,0.0
2024-08-28,36,17:00,0.0,0.0,0.0,92.37,0.0,80.0,50.0,0.0
2024-08-28,37,17:15,0.0,0.0,0.0,92.37,0.0,80.0,50.0,0.0
2024-08-28,38,17:30,0.0,0.0,0.0,92.37,0.0,80.0,50.0,0.0
2024-08-28,39,17:45,0.0,0.0,0.0,92.37,0.0,80.0,50.0,0.0
2024-08-28,40,18:00,0.0,0.0,0.0,111.57,0.0,80.0,50.0,0.0
2024-08-28,41,18:15,0.0,0.0,0.0,111.57,0.0,80.0,50.0,0.0
2024-08-28,42,18:30,0.0,0.0,0.0,111.57,0.0,80.0,50.0,0.0
2024-08-28,43,18:45,0.0,0.0,0.0,111.57,0.0,80.0,50.0,0.0
2024-08-28,44,19:00,0.0,0.0,0.0,201.91,0.0,80.0,50.0,0.0
2024-08-28,45,19:15,0.0,0.0,0.0,201.91,0.0,80.0,50.0,0.0
2024-08-28,46,19:30,0.0,0.0,0.0,201.91,0.0,80.0,50.0,0.0
2024-08-28,47,19:45,0.0,0.0,0.0,201.91,0.0,80.0,50.0,0.0
2024-08-28,48,20:00,0.0,0.0,0.0,204.03,0.0,80.0,50.0,0.0
2024-08-28,49,20:15,0.0,0.0,0.0,204.03,0.0,80.0,50.0,0.0
2024-08-28,50,20:30,0.0,0.0,0.0,204.03,0.0,80.0,50.0,0.0
2024-08-28,51,20:45,0.0,0.0,0.0,204.03,0.0,80.0,50.0,0.0
2024-08-28,52,21:00,0.0,0.0,0.0,124.84,0.0,80.0,50.0,0.0
2024-08-28,53,21:15,0.0,0.0,0.0,124.84,0.0,80.0,50.0,0.0
2024-08-28,54,21:30,0.0,0.0,0.0,124.84,0.0,80.0,50.0,0.0
2024-08-28,55,21:45,0.0,0.0,0.0,124.84,0.0,80.0,50.0,0.0
2024-08-29,0,08:00,0.0,0.0,0.0,126.24,0.0,80.0,50.0,0.0
2024-08-29,1,08:15,0.0,0.0,0.0,126.24,0.0,80.0,50.0,0.0
2024-08-29,2,08:30,0.0,0.0,0.0,126.24,0.0,80.0,50.0,0.0
2024-08-29,3,08:45,0.0,0.0,0.0,126.24,0.0,80.0,50.0,0.0
2024-08-29,4,09:00,0.0,0.0,0.0,108.71,0.0,80.0,50.0,0.0
2024-08-29,5,09:15,0.0,0.0,0.0,108.71,0.0,80.0,50.0,0.0
2024-08-29,6,09:30,0.0,0.0,0.0,108.71,0.0,80.0,50.0,0.0
2024-08-29,7,09:45,0.0,0.0,0.0,108.71,0.0,80.0,50.0,0.0
2024-08-29,8,10:00,0.0,0.0,0.0,92.19,0.0,80.0,50.0,0.0
2024-08-29,9,10:15,0.0,0.0,0.0,92.19,0.0,80.0,50.0,0.0
2024-08-29,10,10:30,0.0,0.0,0.0,92.19,0.0,80.0,50.0,0.0
2024-08-29,11,10:45,0.0,0.0,0.0,92.19,0.0,80.0,50.0,0.0
2024-08-29,12,11:00,1.8638,0.0,1.8638,84.4,0.039327,80.0,50.0,0.0
2024-08-29,13,11:15,6.7293,0.0,6.7293,84.4,0.141988,80.0,50.0,0.0
2024-08-29,14,11:30,5.9956,9.5021,15.4977,84.4,0.327001,40.0,50.0,0.0
2024-08-29,15,11:45,7.1179,17.0147,24.1326,84.4,0.509197,40.0,50.0,0.0
2024-08-29,16,12:00,6.1091,17.1381,23.2472,65.78,0.3823,40.0,50.0,0.0
2024-08-29,17,12:15,5.6324,16.0793,21.7117,65.78,0.357049,40.0,50.0,0.0
2024-08-29,18,12:30,5.8458,3.2115,9.0573,65.78,0.148947,40.0,50.0,0.0
2024-08-29,19,12:45,5.1816,9.5021,14.6837,65.78,0.241473,0.0,90.0,0.0
2024-08-29,20,13:00,6.7301,17.0147,23.7448,45.25,0.268613,0.0,90.0,0.0
2024-08-29,21,13:15,3.9878,17.1381,21.1259,45.25,0.238987,0.0,90.0,0.0
2024-08-29,22,13:30,1.8638,16.0793,17.9431,45.25,0.202982,100.0,90.0,0.0
2024-08-29,23,13:45,6.7293,3.2115,9.9408,45.25,0.112455,100.0,90.0,0.0
2024-08-29,24,14:00,5.9956,9.5021,15.4977,51.32,0.198835,60.0,130.0,0.0
2024-08-29,25,14:15,7.1179,17.0147,24.1326,51.32,0.309621,60.0,130.0,0.0
2024-08-29,26,14:30,6.1091,17.1381,23.2472,51.32,0.298261,60.0,130.0,0.0
2024-08-29,27,14:45,5.6324,16.0793,21.7117,51.32,0.278561,60.0,130.0,0.0
2024-08-29,28,15:00,5.8458,3.2115,9.0573,79.45,0.179901,60.0,0.0,130.0
2024-08-29,29,15:15,5.1816,9.5021,14.6837,79.45,0.291654,20.0,40.0,0.0
2024-08-29,30,15:30,6.7301,17.0147,23.7448,79.45,0.471631,20.0,40.0,0.0
2024-08-29,31,15:45,3.9878,17.1381,21.1259,79.45,0.419613,20.0,40.0,0.0
2024-08-29,32,16:00,0.0,16.0793,16.0793,90.15,0.362387,120.0,40.0,0.0
2024-08-29,33,16:15,0.0,3.2115,3.2115,90.15,0.072379,120.0,40.0,0.0
2024-08-29,34,16:30,0.0,0.0,0.0,90.15,0.0,120.0,80.0,0.0
2024-08-29,35,16:45,0.0,0.0,0.0,90.15,0.0,120.0,80.0,0.0
2024-08-29,36,17:00,0.0,0.0,0.0,105.38,0.0,120.0,80.0,0.0
2024-08-29,37,17:15,0.0,0.0,0.0,105.38,0.0,120.0,80.0,0.0
2024-08-29,38,17:30,0.0,0.0,0.0,105.38,0.0,120.0,80.0,0.0
2024-08-29,39,17:45,0.0,0.0,0.0,105.38,0.0,120.0,80.0,0.0
2024-08-29,40,18:00,0.0,0.0,0.0,123.51,0.0,120.0,80.0,0.0
2024-08-29,41,18:15,0.0,0.0,0.0,123.51,0.0,120.0,80.0,0.0
2024-08-29,42,18:30,0.0,0.0,0.0,123.51,0.0,120.0,80.0,0.0
2024-08-29,43,18:45,0.0,0.0,0.0,123.51,0.0,120.0,80.0,0.0
2024-08-29,44,19:00,0.0,0.0,0.0,227.49,0.0,120.0,80.0,0.0
2024-08-29,45,19:15,0.0,0.0,0.0,227.49,0.0,120.0,80.0,0.0
2024-08-29,46,19:30,0.0,0.0,0.0,227.49,0.0,120.0,80.0,0.0
2024-08-29,47,19:45,0.0,0.0,0.0,227.49,0.0,120.0,80.0,0.0
2024-08-29,48,20:00,0.0,0.0,0.0,289.27,0.0,120.0,80.0,0.0
2024-08-29,49,20:15,0.0,0.0,0.0,289.27,0.0,120.0,80.0,0.0
2024-08-29,50,20:30,0.0,0.0,0.0,289.27,0.0,120.0,80.0,0.0
2024-08-29,51,20:45,0.0,0.0,0.0,289.27,0.0,120.0,80.0,0.0
2024-08-29,52,21:00,0.0,0.0,0.0,169.09,0.0,120.0,80.0,0.0
2024-08-29,53,21:15,0.0,0.0,0.0,169.09,0.0,120.0,80.0,0.0
2024-08-29,54,21:30,0.0,0.0,0.0,169.09,0.0,120.0,80.0,0.0
2024-08-29,55,21:45,0.0,0.0,0.0,169.09,0.0,120.0,80.0,0.0
2024-08-30,0,08:00,0.0,0.0,0.0,133.55,0.0,120.0,80.0,0.0
2024-08-30,1,08:15,0.0,0.0,0.0,133.55,0.0,120.0,80.0,0.0
2024-08-30,2,08:30,0.0,0.0,0.0,133.55,0.0,120.0,80.0,0.0
2024-08-30,3,08:45,0.0,0.0,0.0,133.55,0.0,120.0,80.0,0.0
2024-08-30,4,09:00,0.0,0.0,0.0,113.7,0.0,120.0,80.0,0.0
2024-08-30,5,09:15,0.0,0.0,0.0,113.7,0.0,120.0,80.0,0.0
2024-08-30,6,09:30,0.0,0.0,0.0,113.7,0.0,120.0,80.0,0.0
2024-08-30,7,09:45,0.0,0.0,0.0,113.7,0.0,120.0,80.0,0.0
2024-08-30,8,10:00,0.0,9.5021,9.5021,98.24,0.233371,80.0,80.0,0.0
2024-08-30,9,10:15,0.0,17.0147,17.0147,98.24,0.41788,80.0,80.0,0.0
2024-08-30,10,10:30,1.3266,17.1381,18.4647,98.24,0.453494,80.0,80.0,0.0
2024-08-30,11,10:45,4.184,16.0793,20.2632,98.24,0.497665,80.0,80.0,0.0
2024-08-30,12,11:00,5.1593,3.2115,8.3708,89.95,0.188239,80.0,80.0,0.0
2024-08-30,13,11:15,4.2588,9.5021,13.7609,89.95,0.309449,40.0,120.0,0.0
2024-08-30,14,11:30,5.404,17.0147,22.4187,89.95,0.50414,40.0,120.0,0.0
2024-08-30,15,11:45,4.491,17.1381,21.6291,89.95,0.486385,40.0,120.0,0.0
2024-08-30,16,12:00,5.1252,16.0793,21.2045,86.13,0.456585,40.0,120.0,0.0
2024-08-30,17,12:15,3.0543,3.2115,6.2658,86.13,0.134919,40.0,120.0,0.0
2024-08-30,18,12:30,5.093,9.5021,14.5951,86.13,0.314269,0.0,160.0,0.0
2024-08-30,19,12:45,3.6006,17.0147,20.6153,86.13,0.443899,0.0,160.0,0.0
2024-08-30,20,13:00,4.9802,17.1381,22.1183,80.2,0.443473,0.0,160.0,0.0
2024-08-30,21,13:15,4.3843,16.0793,20.4636,80.2,0.410296,0.0,160.0,0.0
2024-08-30,22,13:30,1.5369,3.2115,4.7484,80.2,0.095205,0.0,160.0,0.0
2024-08-30,23,13:45,1.8638,9.5021,11.3659,80.2,0.227887,60.0,200.0,0.0
2024-08-30,24,14:00,6.7293,17.0147,23.744,79.08,0.469418,60.0,200.0,0.0
2024-08-30,25,14:15,5.9956,17.1381,23.1337,79.08,0.457353,60.0,200.0,0.0
2024-08-30,26,14:30,7.1179,16.0793,23.1972,79.08,0.458608,60.0,200.0,0.0
2024-08-30,27,14:45,6.1091,3.2115,9.3206,79.08,0.184267,60.0,200.0,0.0
2024-08-30,28,15:00,5.6324,9.5021,15.1345,81.98,0.310182,20.0,90.0,150.0
2024-08-30,29,15:15,5.8458,17.0147,22.8605,81.98,0.468526,20.0,90.0,0.0
2024-08-30,30,15:30,5.1816,17.1381,22.3197,81.98,0.457442,20.0,90.0,0.0
2024-08-30,31,15:45,6.7301,16.0793,22.8094,81.98,0.467478,20.0,90.0,0.0
2024-08-30,32,16:00,3.9878,3.2115,7.1993,86.35,0.155415,20.0,90.0,0.0
2024-08-30,33,16:15,0.0,9.5021,9.5021,86.35,0.205126,80.0,130.0,0.0
2024-08-30,34,16:30,0.0,17.0147,17.0147,86.35,0.367304,80.0,130.0,0.0
2024-08-30,35,16:45,0.0,17.1381,17.1381,86.35,0.369969,80.0,130.0,0.0
2024-08-30,36,17:00,0.0,16.0793,16.0793,101.96,0.409861,80.0,130.0,0.0
2024-08-30,37,17:15,0.0,3.2115,3.2115,101.96,0.081861,80.0,130.0,0.0
2024-08-30,38,17:30,0.0,0.0,0.0,101.96,0.0,80.0,170.0,0.0
2024-08-30,39,17:45,0.0,0.0,0.0,101.96,0.0,80.0,170.0,0.0
2024-08-30,40,18:00,0.0,0.0,0.0,119.99,0.0,80.0,170.0,0.0
2024-08-30,41,18:15,0.0,0.0,0.0,119.99,0.0,80.0,170.0,0.0
2024-08-30,42,18:30,0.0,0.0,0.0,119.99,0.0,80.0,170.0,0.0
2024-08-30,43,18:45,0.0,0.0,0.0,119.99,0.0,80.0,170.0,0.0
2024-08-30,44,19:00,0.0,0.0,0.0,156.11,0.0,80.0,170.0,0.0
2024-08-30,45,19:15,0.0,0.0,0.0,156.11,0.0,80.0,170.0,0.0
2024-08-30,46,19:30,0.0,0.0,0.0,156.11,0.0,80.0,170.0,0.0
2024-08-30,47,19:45,0.0,0.0,0.0,156.11,0.0,80.0,170.0,0.0
2024-08-30,48,20:00,0.0,0.0,0.0,137.29,0.0,80.0,170.0,0.0
2024-08-30,49,20:15,0.0,0.0,0.0,137.29,0.0,80.0,170.0,0.0
2024-08-30,50,20:30,0.0,0.0,0.0,137.29,0.0,80.0,170.0,0.0
2024-08-30,51,20:45,0.0,0.0,0.0,137.29,0.0,80.0,170.0,0.0
2024-08-30,52,21:00,0.0,0.0,0.0,112.71,0.0,80.0,170.0,0.0
2024-08-30,53,21:15,0.0,0.0,0.0,112.71,0.0,80.0,170.0,0.0
2024-08-30,54,21:30,0.0,0.0,0.0,112.71,0.0,80.0,170.0,0.0
2024-08-30,55,21:45,0.0,0.0,0.0,112.71,0.0,80.0,50.0,120.0
2024-09-02,0,08:00,0.0,0.0,0.0,131.94,0.0,80.0,50.0,0.0
2024-09-02,1,08:15,0.0,0.0,0.0,131.94,0.0,80.0,50.0,0.0
2024-09-02,2,08:30,0.0,0.0,0.0,131.94,0.0,80.0,50.0,0.0
2024-09-02,3,08:45,0.0,0.0,0.0,131.94,0.0,80.0,50.0,0.0
2024-09-02,4,09:00,0.0,0.0,0.0,122.64,0.0,80.0,50.0,0.0
2024-09-02,5,09:15,0.0,0.0,0.0,122.64,0.0,80.0,50.0,0.0
2024-09-02,6,09:30,0.0,0.0,0.0,122.64,0.0,80.0,50.0,0.0
2024-09-02,7,09:45,0.0,0.0,0.0,122.64,0.0,80.0,50.0,0.0
2024-09-02,8,10:00,0.0,0.0,0.0,102.83,0.0,80.0,50.0,0.0
2024-09-02,9,10:15,0.0,0.0,0.0,102.83,0.0,80.0,50.0,0.0
2024-09-02,10,10:30,1.3266,0.0,1.3266,102.83,0.034105,80.0,50.0,0.0
2024-09-02,11,10:45,4.184,0.0,4.184,102.83,0.107559,80.0,50.0,0.0
2024-09-02,12,11:00,5.1593,0.0,5.1593,90.82,0.117143,80.0,50.0,0.0
2024-09-02,13,11:15,4.2588,9.5021,13.7609,90.82,0.312442,40.0,50.0,0.0
2024-09-02,14,11:30,5.404,17.0147,22.4187,90.82,0.509017,40.0,50.0,0.0
2024-09-02,15,11:45,4.491,17.1381,21.6291,90.82,0.49109,40.0,50.0,0.0
2024-09-02,16,12:00,5.1252,16.0793,21.2045,85.05,0.45086,40.0,50.0,0.0
2024-09-02,17,12:15,3.0543,3.2115,6.2658,85.05,0.133227,40.0,50.0,0.0
2024-09-02,18,12:30,5.093,9.5021,14.5951,85.05,0.310328,0.0,90.0,0.0
2024-09-02,19,12:45,3.6006,17.0147,20.6153,85.05,0.438333,0.0,90.0,0.0
2024-09-02,20,13:00,4.9802,17.1381,22.1183,81.19,0.448947,0.0,90.0,0.0
2024-09-02,21,13:15,4.3843,16.0793,20.4636,81.19,0.41536,0.0,90.0,0.0
2024-09-02,22,13:30,1.5369,3.2115,4.7484,81.19,0.09638,0.0,90.0,0.0
2024-09-02,23,13:45,1.3266,9.5021,10.8287,81.19,0.219796,60.0,130.0,0.0
2024-09-02,24,14:00,4.184,17.0147,21.1986,83.63,0.443211,60.0,130.0,0.0
2024-09-02,25,14:15,5.1593,17.1381,22.2974,83.63,0.466184,60.0,130.0,0.0
2024-09-02,26,14:30,4.2588,16.0793,20.3381,83.63,0.425219,60.0,130.0,0.0
2024-09-02,27,14:45,5.404,3.2115,8.6155,83.63,0.180129,60.0,130.0,0.0
2024-09-02,28,15:00,4.491,0.0,4.491,88.24,0.099073,60.0,30.0,140.0
2024-09-02,29,15:15,5.1252,0.0,5.1252,88.24,0.113062,60.0,30.0,0.0
2024-09-02,30,15:30,3.0543,0.0,3.0543,88.24,0.067379,60.0,30.0,0.0
2024-09-02,31,15:45,5.093,0.0,5.093,88.24,0.112352,60.0,30.0,0.0
2024-09-02,32,16:00,3.6006,0.0,3.6006,93.63,0.084282,60.0,30.0,0.0
2024-09-02,33,16:15,4.9802,0.0,4.9802,93.63,0.116575,60.0,30.0,0.0
2024-09-02,34,16:30,4.3843,0.0,4.3843,93.63,0.102627,60.0,30.0,0.0
2024-09-02,35,16:45,1.5369,0.0,1.5369,93.63,0.035975,60.0,30.0,0.0
2024-09-02,36,17:00,0.0,0.0,0.0,112.88,0.0,160.0,30.0,0.0
2024-09-02,37,17:15,0.0,0.0,0.0,112.88,0.0,160.0,30.0,0.0
2024-09-02,38,17:30,0.0,0.0,0.0,112.88,0.0,160.0,30.0,0.0
2024-09-02,39,17:45,0.0,0.0,0.0,112.88,0.0,160.0,30.0,0.0
2024-09-02,40,18:00,0.0,0.0,0.0,137.78,0.0,160.0,30.0,0.0
2024-09-02,41,18:15,0.0,0.0,0.0,137.78,0.0,160.0,30.0,0.0
2024-09-02,42,18:30,0.0,0.0,0.0,137.78,0.0,160.0,30.0,0.0
2024-09-02,43,18:45,0.0,0.0,0.0,137.78,0.0,160.0,30.0,0.0
2024-09-02,44,19:00,0.0,0.0,0.0,255.4,0.0,160.0,30.0,0.0
2024-09-02,45,19:15,0.0,0.0,0.0,255.4,0.0,160.0,30.0,0.0
2024-09-02,46,19:30,0.0,0.0,0.0,255.4,0.0,160.0,30.0,0.0
2024-09-02,47,19:45,0.0,0.0,0.0,255.4,0.0,160.0,30.0,0.0
2024-09-02,48,20:00,0.0,0.0,0.0,212.06,0.0,160.0,30.0,0.0
2024-09-02,49,20:15,0.0,0.0,0.0,212.06,0.0,160.0,30.0,0.0
2024-09-02,50,20:30,0.0,0.0,0.0,212.06,0.0,160.0,30.0,0.0
2024-09-02,51,20:45,0.0,0.0,0.0,212.06,0.0,160.0,30.0,0.0
2024-09-02,52,21:00,0.0,0.0,0.0,131.9,0.0,160.0,30.0,0.0
2024-09-02,53,21:15,0.0,0.0,0.0,131.9,0.0,160.0,30.0,0.0
2024-09-02,54,21:30,0.0,0.0,0.0,131.9,0.0,160.0,30.0,0.0
2024-09-02,55,21:45,0.0,0.0,0.0,131.9,0.0,160.0,30.0,0.0
2024-09-03,0,08:00,0.0,0.0,0.0,133.95,0.0,160.0,30.0,0.0
2024-09-03,1,08:15,0.0,0.0,0.0,133.95,0.0,160.0,30.0,0.0
2024-09-03,2,08:30,0.0,0.0,0.0,133.95,0.0,160.0,30.0,0.0
2024-09-03,3,08:45,0.0,0.0,0.0,133.95,0.0,160.0,30.0,0.0
2024-09-03,4,09:00,0.0,0.0,0.0,115.98,0.0,160.0,30.0,0.0
2024-09-03,5,09:15,0.0,0.0,0.0,115.98,0.0,160.0,30.0,0.0
2024-09-03,6,09:30,0.0,0.0,0.0,115.98,0.0,160.0,30.0,0.0
2024-09-03,7,09:45,0.0,0.0,0.0,115.98,0.0,160.0,30.0,0.0
2024-09-03,8,10:00,0.0,0.0,0.0,98.88,0.0,160.0,30.0,0.0
2024-09-03,9,10:15,0.0,0.0,0.0,98.88,0.0,160.0,30.0,0.0
2024-09-03,10,10:30,0.0,0.0,0.0,98.88,0.0,160.0,30.0,0.0
2024-09-03,11,10:45,0.0,0.0,0.0,98.88,0.0,160.0,30.0,0.0
2024-09-03,12,11:00,0.0,0.0,0.0,90.02,0.0,160.0,30.0,0.0
2024-09-03,13,11:15,0.0,9.5021,9.5021,90.02,0.213845,120.0,30.0,0.0
2024-09-03,14,11:30,0.0,17.0147,17.0147,90.02,0.382915,120.0,30.0,0.0
2024-09-03,15,11:45,0.0,17.1381,17.1381,90.02,0.385693,120.0,30.0,0.0
2024-09-03,16,12:00,1.3266,16.0793,17.4059,84.8,0.369005,120.0,30.0,0.0
2024-09-03,17,12:15,4.184,3.2115,7.3955,84.8,0.156784,120.0,30.0,0.0
2024-09-03,18,12:30,5.1593,9.5021,14.6614,84.8,0.310823,80.0,70.0,0.0
2024-09-03,19,12:45,4.2588,17.0147,21.2735,84.8,0.450998,80.0,70.0,0.0
2024-09-03,20,13:00,5.404,17.1381,22.5421,82.69,0.466002,80.0,70.0,0.0
2024-09-03,21,13:15,4.491,16.0793,20.5703,82.69,0.42524,80.0,70.0,0.0
2024-09-03,22,13:30,5.1252,3.2115,8.3367,82.69,0.17234,80.0,70.0,0.0
2024-09-03,23,13:45,3.0543,9.5021,12.5564,82.69,0.259573,40.0,110.0,0.0
2024-09-03,24,14:00,5.093,17.0147,22.1077,84.13,0.46498,40.0,110.0,0.0
2024-09-03,25,14:15,3.6006,17.1381,20.7387,84.13,0.436187,40.0,110.0,0.0
2024-09-03,26,14:30,4.9802,16.0793,21.0595,84.13,0.442934,40.0,110.0,0.0
2024-09-03,27,14:45,4.3843,3.2115,7.5958,84.13,0.159759,40.0,110.0,0.0
2024-09-03,28,15:00,1.5369,9.5021,11.039,86.67,0.239187,0.0,0.0,150.0
2024-09-03,29,15:15,0.0,17.0147,17.0147,86.67,0.368665,100.0,0.0,0.0
2024-09-03,30,15:30,0.0,17.1381,17.1381,86.67,0.37134,100.0,0.0,0.0
2024-09-03,31,15:45,0.0,16.0793,16.0793,86.67,0.348398,100.0,0.0,0.0
2024-09-03,32,16:00,0.0,3.2115,3.2115,91.21,0.07323,100.0,0.0,0.0
2024-09-03,33,16:15,0.0,0.0,0.0,91.21,0.0,100.0,40.0,0.0
2024-09-03,34,16:30,0.0,0.0,0.0,91.21,0.0,100.0,40.0,0.0
2024-09-03,35,16:45,0.0,0.0,0.0,91.21,0.0,100.0,40.0,0.0
2024-09-03,36,17:00,0.0,0.0,0.0,123.93,0.0,100.0,40.0,0.0
2024-09-03,37,17:15,0.0,0.0,0.0,123.93,0.0,100.0,40.0,0.0
2024-09-03,38,17:30,0.0,0.0,0.0,123.93,0.0,100.0,40.0,0.0
2024-09-03,39,17:45,0.0,0.0,0.0,123.93,0.0,100.0,40.0,0.0
2024-09-03,40,18:00,0.0,0.0,0.0,300.01,0.0,100.0,40.0,0.0
2024-09-03,41,18:15,0.0,0.0,0.0,300.01,0.0,100.0,40.0,0.0
2024-09-03,42,18:30,0.0,0.0,0.0,300.01,0.0,100.0,40.0,0.0
2024-09-03,43,18:45,0.0,0.0,0.0,300.01,0.0,100.0,40.0,0.0
2024-09-03,44,19:00,0.0,0.0,0.0,656.37,0.0,100.0,40.0,0.0
2024-09-03,45,19:15,0.0,0.0,0.0,656.37,0.0,100.0,40.0,0.0
2024-09-03,46,19:30,0.0,0.0,0.0,656.37,0.0,100.0,40.0,0.0
2024-09-03,47,19:45,0.0,0.0,0.0,656.37,0.0,100.0,40.0,0.0
2024-09-03,48,20:00,0.0,0.0,0.0,520.32,0.0,100.0,40.0,0.0
2024-09-03,49,20:15,0.0,0.0,0.0,520.32,0.0,100.0,40.0,0.0
2024-09-03,50,20:30,0.0,0.0,0.0,520.32,0.0,100.0,40.0,0.0
2024-09-03,51,20:45,0.0,0.0,0.0,520.32,0.0,100.0,40.0,0.0
2024-09-03,52,21:00,0.0,0.0,0.0,216.97,0.0,100.0,40.0,0.0
2024-09-03,53,21:15,0.0,0.0,0.0,216.97,0.0,100.0,40.0,0.0
2024-09-03,54,21:30,0.0,0.0,0.0,216.97,0.0,100.0,40.0,0.0
2024-09-03,55,21:45,0.0,0.0,0.0,216.97,0.0,100.0,40.0,0.0
2024-09-04,0,08:00,0.0,0.0,0.0,155.89,0.0,100.0,40.0,0.0
2024-09-04,1,08:15,0.0,0.0,0.0,155.89,0.0,100.0,40.0,0.0
2024-09-04,2,08:30,0.0,0.0,0.0,155.89,0.0,100.0,40.0,0.0
2024-09-04,3,08:45,0.0,0.0,0.0,155.89,0.0,100.0,40.0,0.0
2024-09-04,4,09:00,0.0,0.0,0.0,125.29,0.0,100.0,40.0,0.0
2024-09-04,5,09:15,0.0,0.0,0.0,125.29,0.0,100.0,40.0,0.0
2024-09-04,6,09:30,0.0,0.0,0.0,125.29,0.0,100.0,40.0,0.0
2024-09-04,7,09:45,0.0,0.0,0.0,125.29,0.0,100.0,40.0,0.0
2024-09-04,8,10:00,0.0,0.0,0.0,107.21,0.0,100.0,40.0,0.0
2024-09-04,9,10:15,0.0,0.0,0.0,107.21,0.0,100.0,40.0,0.0
2024-09-04,10,10:30,0.0,0.0,0.0,107.21,0.0,100.0,40.0,0.0
2024-09-04,11,10:45,0.0,0.0,0.0,107.21,0.0,100.0,40.0,0.0
2024-09-04,12,11:00,0.0,0.0,0.0,96.06,0.0,100.0,40.0,0.0
2024-09-04,13,11:15,0.0,0.0,0.0,96.06,0.0,100.0,40.0,0.0
2024-09-04,14,11:30,0.0,0.0,0.0,96.06,0.0,100.0,40.0,0.0
2024-09-04,15,11:45,0.0,0.0,0.0,96.06,0.0,100.0,40.0,0.0
2024-09-04,16,12:00,1.3266,0.0,1.3266,92.0,0.030513,100.0,40.0,0.0
2024-09-04,17,12:15,4.184,0.0,4.184,92.0,0.096231,100.0,40.0,0.0
2024-09-04,18,12:30,5.1593,9.5021,14.6614,92.0,0.337213,60.0,40.0,0.0
2024-09-04,19,12:45,4.2588,17.0147,21.2735,92.0,0.489291,60.0,40.0,0.0
2024-09-04,20,13:00,5.404,17.1381,22.5421,90.49,0.509959,60.0,40.0,0.0
2024-09-04,21,13:15,4.491,16.0793,20.5703,90.49,0.465352,60.0,40.0,0.0
2024-09-04,22,13:30,5.1252,3.2115,8.3367,90.49,0.188596,60.0,40.0,0.0
2024-09-04,23,13:45,3.0543,9.5021,12.5564,90.49,0.284058,20.0,80.0,0.0
2024-09-04,24,14:00,5.093,17.0147,22.1077,89.2,0.493001,20.0,80.0,0.0
2024-09-04,25,14:15,3.6006,17.1381,20.7387,89.2,0.462474,20.0,80.0,0.0
2024-09-04,26,14:30,4.9802,16.0793,21.0595,89.2,0.469627,20.0,80.0,0.0
2024-09-04,27,14:45,4.3843,3.2115,7.5958,89.2,0.169387,20.0,80.0,0.0
2024-09-04,28,15:00,1.5369,0.0,1.5369,92.72,0.035625,20.0,0.0,120.0
2024-09-04,29,15:15,0.0,0.0,0.0,92.72,0.0,120.0,0.0,0.0
2024-09-04,30,15:30,0.0,0.0,0.0,92.72,0.0,120.0,0.0,0.0
2024-09-04,31,15:45,0.0,0.0,0.0,92.72,0.0,120.0,0.0,0.0
2024-09-04,32,16:00,0.0,0.0,0.0,101.85,0.0,120.0,0.0,0.0
2024-09-04,33,16:15,0.0,0.0,0.0,101.85,0.0,120.0,0.0,0.0
2024-09-04,34,16:30,0.0,0.0,0.0,101.85,0.0,120.0,0.0,0.0
2024-09-04,35,16:45,0.0,0.0,0.0,101.85,0.0,120.0,0.0,0.0
2024-09-04,36,17:00,0.0,0.0,0.0,123.97,0.0,120.0,0.0,0.0
2024-09-04,37,17:15,0.0,0.0,0.0,123.97,0.0,120.0,0.0,0.0
2024-09-04,38,17:30,0.0,0.0,0.0,123.97,0.0,120.0,0.0,0.0
2024-09-04,39,17:45,0.0,0.0,0.0,123.97,0.0,120.0,0.0,0.0
2024-09-04,40,18:00,0.0,0.0,0.0,155.7,0.0,120.0,0.0,0.0
2024-09-04,41,18:15,0.0,0.0,0.0,155.7,0.0,120.0,0.0,0.0
2024-09-04,42,18:30,0.0,0.0,0.0,155.7,0.0,120.0,0.0,0.0
2024-09-04,43,18:45,0.0,0.0,0.0,155.7,0.0,120.0,0.0,0.0
2024-09-04,44,19:00,0.0,0.0,0.0,320.07,0.0,120.0,0.0,0.0
2024-09-04,45,19:15,0.0,0.0,0.0,320.07,0.0,120.0,0.0,0.0
2024-09-04,46,19:30,0.0,0.0,0.0,320.07,0.0,120.0,0.0,0.0
2024-09-04,47,19:45,0.0,0.0,0.0,320.07,0.0,120.0,0.0,0.0
2024-09-04,48,20:00,0.0,0.0,0.0,189.23,0.0,120.0,0.0,0.0
2024-09-04,49,20:15,0.0,0.0,0.0,189.23,0.0,120.0,0.0,0.0
2024-09-04,50,20:30,0.0,0.0,0.0,189.23,0.0,120.0,0.0,0.0
2024-09-04,51,20:45,0.0,0.0,0.0,189.23,0.0,120.0,0.0,0.0
2024-09-04,52,21:00,0.0,0.0,0.0,130.42,0.0,120.0,0.0,0.0
2024-09-04,53,21:15,0.0,0.0,0.0,130.42,0.0,120.0,0.0,0.0
2024-09-04,54,21:30,0.0,0.0,0.0,130.42,0.0,120.0,0.0,0.0
2024-09-04,55,21:45,0.0,0.0,0.0,130.42,0.0,120.0,0.0,0.0
2024-09-05,0,08:00,0.0,0.0,0.0,119.04,0.0,120.0,0.0,0.0
2024-09-05,1,08:15,0.0,0.0,0.0,119.04,0.0,120.0,0.0,0.0
2024-09-05,2,08:30,0.0,0.0,0.0,119.04,0.0,120.0,0.0,0.0
2024-09-05,3,08:45,0.0,0.0,0.0,119.04,0.0,120.0,0.0,0.0
2024-09-05,4,09:00,0.0,0.0,0.0,97.68,0.0,120.0,0.0,0.0
2024-09-05,5,09:15,0.0,0.0,0.0,97.68,0.0,120.0,0.0,0.0
2024-09-05,6,09:30,0.0,0.0,0.0,97.68,0.0,120.0,0.0,0.0
2024-09-05,7,09:45,0.0,9.5021,9.5021,97.68,0.232041,80.0,0.0,0.0
2024-09-05,8,10:00,0.0,17.0147,17.0147,71.04,0.302181,80.0,0.0,0.0
2024-09-05,9,10:15,0.0,17.1381,17.1381,71.04,0.304373,80.0,0.0,0.0
2024-09-05,10,10:30,0.0,16.0793,16.0793,71.04,0.285568,80.0,0.0,0.0
2024-09-05,11,10:45,1.8638,3.2115,5.0753,71.04,0.090138,80.0,0.0,0.0
2024-09-05,12,11:00,6.7293,9.5021,16.2314,0.11,0.000446,40.0,40.0,0.0
2024-09-05,13,11:15,5.9956,17.0147,23.0103,0.11,0.000633,40.0,40.0,0.0
2024-09-05,14,11:30,7.1179,17.1381,24.256,0.11,0.000667,40.0,40.0,0.0
2024-09-05,15,11:45,6.1091,16.0793,22.1884,0.11,0.00061,40.0,40.0,0.0
2024-09-05,16,12:00,5.6324,3.2115,8.8439,-3.05,-0.006743,40.0,40.0,0.0
2024-09-05,17,12:15,5.8458,9.5021,15.3479,-3.05,-0.011703,0.0,80.0,0.0
2024-09-05,18,12:30,5.1816,17.0147,22.1962,-3.05,-0.016925,0.0,80.0,0.0
2024-09-05,19,12:45,6.7301,17.1381,23.8682,-3.05,-0.018199,0.0,80.0,0.0
2024-09-05,20,13:00,3.9878,16.0793,20.0671,-11.7,-0.058696,0.0,80.0,0.0
2024-09-05,21,13:15,1.8638,3.2115,5.0753,-11.7,-0.014845,100.0,80.0,0.0
2024-09-05,22,13:30,6.7293,9.5021,16.2314,-11.7,-0.047477,60.0,120.0,0.0
2024-09-05,23,13:45,5.9956,17.0147,23.0103,-11.7,-0.067305,60.0,120.0,0.0
2024-09-05,24,14:00,7.1179,17.1381,24.256,-19.68,-0.119339,60.0,120.0,0.0
2024-09-05,25,14:15,6.1091,16.0793,22.1884,-19.68,-0.109167,60.0,120.0,0.0
2024-09-05,26,14:30,5.6324,3.2115,8.8439,-19.68,-0.043512,60.0,120.0,0.0
2024-09-05,27,14:45,5.8458,9.5021,15.3479,-19.68,-0.075512,20.0,160.0,0.0
2024-09-05,28,15:00,5.1816,17.0147,22.1962,-7.02,-0.038954,20.0,70.0,90.0
2024-09-05,29,15:15,6.7301,17.1381,23.8682,-7.02,-0.041889,20.0,70.0,0.0
2024-09-05,30,15:30,3.9878,16.0793,20.0671,-7.02,-0.035218,20.0,70.0,0.0
2024-09-05,31,15:45,1.8638,3.2115,5.0753,-7.02,-0.008907,120.0,70.0,0.0
2024-09-05,32,16:00,6.7293,9.5021,16.2314,-0.01,-4.1e-05,80.0,110.0,0.0
2024-09-05,33,16:15,5.9956,17.0147,23.0103,-0.01,-5.8e-05,80.0,110.0,0.0
2024-09-05,34,16:30,7.1179,17.1381,24.256,-0.01,-6.1e-05,80.0,110.0,0.0
2024-09-05,35,16:45,6.1091,16.0793,22.1884,-0.01,-5.5e-05,80.0,110.0,0.0
2024-09-05,36,17:00,5.6324,3.2115,8.8439,36.13,0.079883,80.0,110.0,0.0
2024-09-05,37,17:15,5.8458,9.5021,15.3479,36.13,0.13863,40.0,150.0,0.0
2024-09-05,38,17:30,5.1816,17.0147,22.1962,36.13,0.200488,40.0,150.0,0.0
2024-09-05,39,17:45,6.7301,17.1381,23.8682,36.13,0.215589,40.0,150.0,0.0
2024-09-05,40,18:00,3.9878,16.0793,20.0671,84.95,0.426175,40.0,150.0,0.0
2024-09-05,41,18:15,0.0,3.2115,3.2115,84.95,0.068204,140.0,150.0,0.0
2024-09-05,42,18:30,0.0,0.0,0.0,84.95,0.0,140.0,190.0,0.0
2024-09-05,43,18:45,0.0,0.0,0.0,84.95,0.0,140.0,190.0,0.0
2024-09-05,44,19:00,0.0,0.0,0.0,99.74,0.0,140.0,190.0,0.0
2024-09-05,45,19:15,0.0,0.0,0.0,99.74,0.0,140.0,190.0,0.0
2024-09-05,46,19:30,0.0,0.0,0.0,99.74,0.0,140.0,190.0,0.0
2024-09-05,47,19:45,0.0,0.0,0.0,99.74,0.0,140.0,190.0,0.0
2024-09-05,48,20:00,0.0,0.0,0.0,92.93,0.0,140.0,190.0,0.0
2024-09-05,49,20:15,0.0,0.0,0.0,92.93,0.0,140.0,190.0,0.0
2024-09-05,50,20:30,0.0,0.0,0.0,92.93,0.0,140.0,190.0,0.0
2024-09-05,51,20:45,0.0,9.5021,9.5021,92.93,0.220757,100.0,190.0,0.0
2024-09-05,52,21:00,0.0,17.0147,17.0147,80.1,0.340719,100.0,190.0,0.0
2024-09-05,53,21:15,0.0,17.1381,17.1381,80.1,0.34319,100.0,190.0,0.0
2024-09-05,54,21:30,0.0,16.0793,16.0793,80.1,0.321988,100.0,190.0,0.0
2024-09-05,55,21:45,0.0,3.2115,3.2115,80.1,0.06431,100.0,20.0,170.0
2024-09-06,0,08:00,0.0,0.0,0.0,120.37,0.0,100.0,60.0,0.0
2024-09-06,1,08:15,0.0,0.0,0.0,120.37,0.0,100.0,60.0,0.0
2024-09-06,2,08:30,0.0,0.0,0.0,120.37,0.0,100.0,60.0,0.0
2024-09-06,3,08:45,0.0,0.0,0.0,120.37,0.0,100.0,60.0,0.0
2024-09-06,4,09:00,1.8638,9.5021,11.3659,100.09,0.284404,60.0,60.0,0.0
2024-09-06,5,09:15,6.7293,17.0147,23.744,100.09,0.594133,60.0,60.0,0.0
2024-09-06,6,09:30,5.9956,17.1381,23.1337,100.09,0.578863,60.0,60.0,0.0
2024-09-06,7,09:45,7.1179,16.0793,23.1972,100.09,0.580451,60.0,60.0,0.0
2024-09-06,8,10:00,6.1091,3.2115,9.3206,80.0,0.186411,60.0,60.0,0.0
2024-09-06,9,10:15,5.6324,9.5021,15.1345,80.0,0.302691,20.0,100.0,0.0
2024-09-06,10,10:30,5.8458,17.0147,22.8605,80.0,0.45721,20.0,100.0,0.0
2024-09-06,11,10:45,5.1816,17.1381,22.3197,80.0,0.446393,20.0,100.0,0.0
2024-09-06,12,11:00,6.7301,16.0793,22.8094,59.51,0.339347,20.0,100.0,0.0
2024-09-06,13,11:15,3.9878,3.2115,7.1993,59.51,0.107107,20.0,100.0,0.0
2024-09-06,14,11:30,1.8638,9.5021,11.3659,59.51,0.169097,80.0,140.0,0.0
2024-09-06,15,11:45,6.7293,17.0147,23.744,59.51,0.353251,80.0,140.0,0.0
2024-09-06,16,12:00,5.9956,17.1381,23.1337,31.54,0.182409,80.0,140.0,0.0
2024-09-06,17,12:15,7.1179,16.0793,23.1972,31.54,0.18291,80.0,140.0,0.0
2024-09-06,18,12:30,6.1091,3.2115,9.3206,31.54,0.073493,80.0,140.0,0.0
2024-09-06,19,12:45,5.6324,9.5021,15.1345,31.54,0.119336,40.0,180.0,0.0
2024-09-06,20,13:00,5.8458,17.0147,22.8605,12.48,0.071325,40.0,180.0,0.0
2024-09-06,21,13:15,5.1816,17.1381,22.3197,12.48,0.069637,40.0,180.0,0.0
2024-09-06,22,13:30,6.7301,16.0793,22.8094,12.48,0.071165,40.0,180.0,0.0
2024-09-06,23,13:45,3.9878,3.2115,7.1993,12.48,0.022462,40.0,180.0,0.0
2024-09-06,24,14:00,1.8638,9.5021,11.3659,14.53,0.041287,100.0,220.0,0.0
2024-09-06,25,14:15,6.7293,17.0147,23.744,14.53,0.08625,100.0,220.0,0.0
2024-09-06,26,14:30,5.9956,17.1381,23.1337,14.53,0.084033,100.0,220.0,0.0
2024-09-06,27,14:45,7.1179,16.0793,23.1972,14.53,0.084264,100.0,220.0,0.0
2024-09-06,28,15:00,6.1091,3.2115,9.3206,30.06,0.070044,100.0,70.0,150.0
2024-09-06,29,15:15,5.6324,9.5021,15.1345,30.06,0.113736,60.0,110.0,0.0
2024-09-06,30,15:30,5.8458,17.0147,22.8605,30.06,0.171797,60.0,110.0,0.0
2024-09-06,31,15:45,5.1816,17.1381,22.3197,30.06,0.167732,60.0,110.0,0.0
2024-09-06,32,16:00,6.7301,16.0793,22.8094,71.18,0.405893,60.0,110.0,0.0
2024-09-06,33,16:15,3.9878,3.2115,7.1993,71.18,0.128111,60.0,110.0,0.0
2024-09-06,34,16:30,1.8638,9.5021,11.3659,71.18,0.202257,120.0,150.0,0.0
2024-09-06,35,16:45,6.7293,17.0147,23.744,71.18,0.422524,120.0,150.0,0.0
2024-09-06,36,17:00,5.9956,17.1381,23.1337,87.56,0.506396,120.0,150.0,0.0
2024-09-06,37,17:15,7.1179,16.0793,23.1972,87.56,0.507786,120.0,150.0,0.0
2024-09-06,38,17:30,6.1091,3.2115,9.3206,87.56,0.204027,120.0,150.0,0.0
2024-09-06,39,17:45,5.6324,9.5021,15.1345,87.56,0.331295,80.0,190.0,0.0
2024-09-06,40,18:00,5.8458,17.0147,22.8605,100.27,0.573055,80.0,190.0,0.0
2024-09-06,41,18:15,5.1816,17.1381,22.3197,100.27,0.559498,80.0,190.0,0.0
2024-09-06,42,18:30,6.7301,16.0793,22.8094,100.27,0.571774,80.0,190.0,0.0
2024-09-06,43,18:45,3.9878,3.2115,7.1993,100.27,0.180468,80.0,190.0,0.0
2024-09-06,44,19:00,0.0,0.0,0.0,129.0,0.0,180.0,230.0,0.0
2024-09-06,45,19:15,0.0,0.0,0.0,129.0,0.0,180.0,230.0,0.0
2024-09-06,46,19:30,0.0,0.0,0.0,129.0,0.0,180.0,230.0,0.0
2024-09-06,47,19:45,0.0,0.0,0.0,129.0,0.0,180.0,230.0,0.0
2024-09-06,48,20:00,0.0,0.0,0.0,136.49,0.0,180.0,230.0,0.0
2024-09-06,49,20:15,0.0,0.0,0.0,136.49,0.0,180.0,230.0,0.0
2024-09-06,50,20:30,0.0,0.0,0.0,136.49,0.0,180.0,230.0,0.0
2024-09-06,51,20:45,0.0,9.5021,9.5021,136.49,0.324235,140.0,230.0,0.0
2024-09-06,52,21:00,0.0,17.0147,17.0147,99.76,0.424346,140.0,230.0,0.0
2024-09-06,53,21:15,0.0,17.1381,17.1381,99.76,0.427424,140.0,230.0,0.0
2024-09-06,54,21:30,0.0,16.0793,16.0793,99.76,0.401017,140.0,230.0,0.0
2024-09-06,55,21:45,0.0,3.2115,3.2115,99.76,0.080094,140.0,50.0,180.0
2024-09-09,0,08:00,0.0,0.0,0.0,159.57,0.0,140.0,90.0,0.0
2024-09-09,1,08:15,0.0,0.0,0.0,159.57,0.0,140.0,90.0,0.0
2024-09-09,2,08:30,0.0,0.0,0.0,159.57,0.0,140.0,90.0,0.0
2024-09-09,3,08:45,0.0,0.0,0.0,159.57,0.0,140.0,90.0,0.0
2024-09-09,4,09:00,0.0,0.0,0.0,129.68,0.0,140.0,90.0,0.0
2024-09-09,5,09:15,0.0,0.0,0.0,129.68,0.0,140.0,90.0,0.0
2024-09-09,6,09:30,0.0,0.0,0.0,129.68,0.0,140.0,90.0,0.0
2024-09-09,7,09:45,0.0,0.0,0.0,129.68,0.0,140.0,90.0,0.0
2024-09-09,8,10:00,0.0,0.0,0.0,110.87,0.0,140.0,90.0,0.0
2024-09-09,9,10:15,0.0,0.0,0.0,110.87,0.0,140.0,90.0,0.0
2024-09-09,10,10:30,0.0,0.0,0.0,110.87,0.0,140.0,90.0,0.0
2024-09-09,11,10:45,0.0,0.0,0.0,110.87,0.0,140.0,90.0,0.0
2024-09-09,12,11:00,0.0,9.5021,9.5021,100.74,0.23931,100.0,90.0,0.0
2024-09-09,13,11:15,0.0,17.0147,17.0147,100.74,0.428515,100.0,90.0,0.0
2024-09-09,14,11:30,1.3266,17.1381,18.4647,100.74,0.465034,100.0,90.0,0.0
2024-09-09,15,11:45,4.184,16.0793,20.2632,100.74,0.51033,100.0,90.0,0.0
2024-09-09,16,12:00,5.1593,3.2115,8.3708,94.98,0.198765,100.0,90.0,0.0
2024-09-09,17,12:15,4.2588,9.5021,13.7609,94.98,0.326753,60.0,130.0,0.0
2024-09-09,18,12:30,5.404,17.0147,22.4187,94.98,0.532332,60.0,130.0,0.0
2024-09-09,19,12:45,4.491,17.1381,21.6291,94.98,0.513584,60.0,130.0,0.0
2024-09-09,20,13:00,5.1252,16.0793,21.2045,89.17,0.472701,60.0,130.0,0.0
2024-09-09,21,13:15,3.0543,3.2115,6.2658,89.17,0.139681,60.0,130.0,0.0
2024-09-09,22,13:30,5.093,9.5021,14.5951,89.17,0.325361,20.0,170.0,0.0
2024-09-09,23,13:45,3.6006,17.0147,20.6153,89.17,0.459567,20.0,170.0,0.0
2024-09-09,24,14:00,4.9802,17.1381,22.1183,82.06,0.453758,20.0,170.0,0.0
2024-09-09,25,14:15,4.3843,16.0793,20.4636,82.06,0.419811,20.0,170.0,0.0
2024-09-09,26,14:30,1.5369,3.2115,4.7484,82.06,0.097413,20.0,170.0,0.0
2024-09-09,27,14:45,1.3266,9.5021,10.8287,82.06,0.222151,80.0,210.0,0.0
2024-09-09,28,15:00,4.184,17.0147,21.1986,83.98,0.445065,80.0,30.0,180.0
2024-09-09,29,15:15,5.1593,17.1381,22.2974,83.98,0.468135,80.0,30.0,0.0
2024-09-09,30,15:30,4.2588,16.0793,20.3381,83.98,0.426999,80.0,30.0,0.0
2024-09-09,31,15:45,5.404,3.2115,8.6155,83.98,0.180883,80.0,30.0,0.0
2024-09-09,32,16:00,4.491,9.5021,13.9931,78.68,0.275245,40.0,70.0,0.0
2024-09-09,33,16:15,5.1252,17.0147,22.1399,78.68,0.435491,40.0,70.0,0.0
2024-09-09,34,16:30,3.0543,17.1381,20.1924,78.68,0.397185,40.0,70.0,0.0
2024-09-09,35,16:45,5.093,16.0793,21.1723,78.68,0.416459,40.0,70.0,0.0
2024-09-09,36,17:00,3.6006,3.2115,6.8121,92.8,0.158041,40.0,70.0,0.0
2024-09-09,37,17:15,4.9802,9.5021,14.4823,92.8,0.33599,0.0,110.0,0.0
2024-09-09,38,17:30,4.3843,17.0147,21.399,92.8,0.496457,0.0,110.0,0.0
2024-09-09,39,17:45,1.5369,17.1381,18.675,92.8,0.43326,0.0,110.0,0.0
2024-09-09,40,18:00,0.0,16.0793,16.0793,113.15,0.454843,100.0,110.0,0.0
2024-09-09,41,18:15,0.0,3.2115,3.2115,113.15,0.090845,100.0,110.0,0.0
2024-09-09,42,18:30,0.0,0.0,0.0,113.15,0.0,100.0,150.0,0.0
2024-09-09,43,18:45,0.0,0.0,0.0,113.15,0.0,100.0,150.0,0.0
2024-09-09,44,19:00,0.0,0.0,0.0,114.56,0.0,100.0,150.0,0.0
2024-09-09,45,19:15,0.0,0.0,0.0,114.56,0.0,100.0,150.0,0.0
2024-09-09,46,19:30,0.0,0.0,0.0,114.56,0.0,100.0,150.0,0.0
2024-09-09,47,19:45,0.0,0.0,0.0,114.56,0.0,100.0,150.0,0.0
2024-09-09,48,20:00,0.0,0.0,0.0,111.53,0.0,100.0,150.0,0.0
2024-09-09,49,20:15,0.0,0.0,0.0,111.53,0.0,100.0,150.0,0.0
2024-09-09,50,20:30,0.0,0.0,0.0,111.53,0.0,100.0,150.0,0.0
2024-09-09,51,20:45,0.0,0.0,0.0,111.53,0.0,100.0,150.0,0.0
2024-09-09,52,21:00,0.0,0.0,0.0,96.02,0.0,100.0,150.0,0.0
2024-09-09,53,21:15,0.0,0.0,0.0,96.02,0.0,100.0,150.0,0.0
2024-09-09,54,21:30,0.0,0.0,0.0,96.02,0.0,100.0,150.0,0.0
2024-09-09,55,21:45,0.0,0.0,0.0,96.02,0.0,100.0,10.0,140.0
2024-09-10,0,08:00,0.0,0.0,0.0,114.94,0.0,100.0,10.0,0.0
2024-09-10,1,08:15,0.0,0.0,0.0,114.94,0.0,100.0,10.0,0.0
2024-09-10,2,08:30,0.0,0.0,0.0,114.94,0.0,100.0,10.0,0.0
2024-09-10,3,08:45,0.0,0.0,0.0,114.94,0.0,100.0,10.0,0.0
2024-09-10,4,09:00,0.0,0.0,0.0,100.0,0.0,100.0,10.0,0.0
2024-09-10,5,09:15,0.0,0.0,0.0,100.0,0.0,100.0,10.0,0.0
2024-09-10,6,09:30,0.0,0.0,0.0,100.0,0.0,100.0,10.0,0.0
2024-09-10,7,09:45,1.8638,9.5021,11.3659,100.0,0.284148,60.0,10.0,0.0
2024-09-10,8,10:00,6.7293,17.0147,23.744,59.92,0.355684,60.0,10.0,0.0
2024-09-10,9,10:15,5.9956,17.1381,23.1337,59.92,0.346543,60.0,10.0,0.0
2024-09-10,10,10:30,7.1179,16.0793,23.1972,59.92,0.347494,60.0,10.0,0.0
2024-09-10,11,10:45,6.1091,3.2115,9.3206,59.92,0.139622,60.0,10.0,0.0
2024-09-10,12,11:00,5.6324,9.5021,15.1345,9.52,0.03602,20.0,50.0,0.0
2024-09-10,13,11:15,5.8458,17.0147,22.8605,9.52,0.054408,20.0,50.0,0.0
2024-09-10,14,11:30,5.1816,17.1381,22.3197,9.52,0.053121,20.0,50.0,0.0
2024-09-10,15,11:45,6.7301,16.0793,22.8094,9.52,0.054286,20.0,50.0,0.0
2024-09-10,16,12:00,3.9878,3.2115,7.1993,0.04,7.2e-05,20.0,50.0,0.0
2024-09-10,17,12:15,1.8638,9.5021,11.3659,0.04,0.000114,80.0,90.0,0.0
2024-09-10,18,12:30,6.7293,17.0147,23.744,0.04,0.000237,80.0,90.0,0.0
2024-09-10,19,12:45,5.9956,17.1381,23.1337,0.04,0.000231,80.0,90.0,0.0
2024-09-10,20,13:00,7.1179,16.0793,23.1972,-0.07,-0.000406,80.0,90.0,0.0
2024-09-10,21,13:15,6.1091,3.2115,9.3206,-0.07,-0.000163,80.0,90.0,0.0
2024-09-10,22,13:30,5.6324,9.5021,15.1345,-0.07,-0.000265,40.0,130.0,0.0
2024-09-10,23,13:45,5.8458,17.0147,22.8605,-0.07,-0.0004,40.0,130.0,0.0
2024-09-10,24,14:00,5.1816,17.1381,22.3197,-0.16,-0.000893,40.0,130.0,0.0
2024-09-10,25,14:15,6.7301,16.0793,22.8094,-0.16,-0.000912,40.0,130.0,0.0
2024-09-10,26,14:30,3.9878,3.2115,7.1993,-0.16,-0.000288,40.0,130.0,0.0
2024-09-10,27,14:45,1.8638,9.5021,11.3659,-0.16,-0.000455,100.0,170.0,0.0
2024-09-10,28,15:00,6.7293,17.0147,23.744,-0.04,-0.000237,100.0,20.0,150.0
2024-09-10,29,15:15,5.9956,17.1381,23.1337,-0.04,-0.000231,100.0,20.0,0.0
2024-09-10,30,15:30,7.1179,16.0793,23.1972,-0.04,-0.000232,100.0,20.0,0.0
2024-09-10,31,15:45,6.1091,3.2115,9.3206,-0.04,-9.3e-05,100.0,20.0,0.0
2024-09-10,32,16:00,5.6324,9.5021,15.1345,0.22,0.000832,60.0,60.0,0.0
2024-09-10,33,16:15,5.8458,17.0147,22.8605,0.22,0.001257,60.0,60.0,0.0
2024-09-10,34,16:30,5.1816,17.1381,22.3197,0.22,0.001228,60.0,60.0,0.0
2024-09-10,35,16:45,6.7301,16.0793,22.8094,0.22,0.001255,60.0,60.0,0.0
2024-09-10,36,17:00,3.9878,3.2115,7.1993,21.77,0.039182,60.0,60.0,0.0
2024-09-10,37,17:15,1.8638,9.5021,11.3659,21.77,0.061859,120.0,100.0,0.0
2024-09-10,38,17:30,6.7293,17.0147,23.744,21.77,0.129226,120.0,100.0,0.0
2024-09-10,39,17:45,5.9956,17.1381,23.1337,21.77,0.125905,120.0,100.0,0.0
2024-09-10,40,18:00,7.1179,16.0793,23.1972,80.4,0.466263,120.0,100.0,0.0
2024-09-10,41,18:15,6.1091,3.2115,9.3206,80.4,0.187343,120.0,100.0,0.0
2024-09-10,42,18:30,5.6324,0.0,5.6324,80.4,0.113212,120.0,140.0,0.0
2024-09-10,43,18:45,5.8458,0.0,5.8458,80.4,0.117501,120.0,140.0,0.0
2024-09-10,44,19:00,5.1816,0.0,5.1816,92.91,0.120355,120.0,140.0,0.0
2024-09-10,45,19:15,6.7301,0.0,6.7301,92.91,0.156323,120.0,140.0,0.0
2024-09-10,46,19:30,3.9878,0.0,3.9878,92.91,0.092627,120.0,140.0,0.0
2024-09-10,47,19:45,0.0,0.0,0.0,92.91,0.0,220.0,140.0,0.0
2024-09-10,48,20:00,0.0,0.0,0.0,83.25,0.0,220.0,140.0,0.0
2024-09-10,49,20:15,0.0,0.0,0.0,83.25,0.0,220.0,140.0,0.0
2024-09-10,50,20:30,0.0,0.0,0.0,83.25,0.0,220.0,140.0,0.0
2024-09-10,51,20:45,0.0,9.5021,9.5021,83.25,0.197762,180.0,140.0,0.0
2024-09-10,52,21:00,0.0,17.0147,17.0147,82.02,0.348886,180.0,140.0,0.0
2024-09-10,53,21:15,0.0,17.1381,17.1381,82.02,0.351417,180.0,140.0,0.0
2024-09-10,54,21:30,0.0,16.0793,16.0793,82.02,0.329706,180.0,140.0,0.0
2024-09-10,55,21:45,0.0,3.2115,3.2115,82.02,0.065852,180.0,40.0,100.0
2024-09-11,0,08:00,0.0,0.0,0.0,110.72,0.0,180.0,80.0,0.0
2024-09-11,1,08:15,0.0,0.0,0.0,110.72,0.0,180.0,80.0,0.0
2024-09-11,2,08:30,0.0,9.5021,9.5021,110.72,0.263018,140.0,80.0,0.0
2024-09-11,3,08:45,0.0,17.0147,17.0147,110.72,0.470966,140.0,80.0,0.0
2024-09-11,4,09:00,0.0,17.1381,17.1381,97.6,0.418169,140.0,80.0,0.0
2024-09-11,5,09:15,0.0,16.0793,16.0793,97.6,0.392334,140.0,80.0,0.0
2024-09-11,6,09:30,0.0,3.2115,3.2115,97.6,0.07836,140.0,80.0,0.0
2024-09-11,7,09:45,1.8638,9.5021,11.3659,97.6,0.277329,100.0,120.0,0.0
2024-09-11,8,10:00,6.7293,17.0147,23.744,76.81,0.455943,100.0,120.0,0.0
2024-09-11,9,10:15,5.9956,17.1381,23.1337,76.81,0.444224,100.0,120.0,0.0
2024-09-11,10,10:30,7.1179,16.0793,23.1972,76.81,0.445444,100.0,120.0,0.0
2024-09-11,11,10:45,6.1091,3.2115,9.3206,76.81,0.178978,100.0,120.0,0.0
2024-09-11,12,11:00,5.6324,9.5021,15.1345,67.51,0.255433,60.0,160.0,0.0
2024-09-11,13,11:15,5.8458,17.0147,22.8605,67.51,0.385828,60.0,160.0,0.0
2024-09-11,14,11:30,5.1816,17.1381,22.3197,67.51,0.3767,60.0,160.0,0.0
2024-09-11,15,11:45,6.7301,16.0793,22.8094,67.51,0.384965,60.0,160.0,0.0
2024-09-11,16,12:00,3.9878,3.2115,7.1993,62.45,0.112399,60.0,160.0,0.0
2024-09-11,17,12:15,1.8638,9.5021,11.3659,62.45,0.177451,120.0,200.0,0.0
2024-09-11,18,12:30,6.7293,17.0147,23.744,62.45,0.370702,120.0,200.0,0.0
2024-09-11,19,12:45,5.9956,17.1381,23.1337,62.45,0.361175,120.0,200.0,0.0
2024-09-11,20,13:00,7.1179,16.0793,23.1972,63.85,0.370285,120.0,200.0,0.0
2024-09-11,21,13:15,6.1091,3.2115,9.3206,63.85,0.148779,120.0,200.0,0.0
2024-09-11,22,13:30,5.6324,9.5021,15.1345,63.85,0.241585,80.0,240.0,0.0
2024-09-11,23,13:45,5.8458,17.0147,22.8605,63.85,0.364911,80.0,240.0,0.0
2024-09-11,24,14:00,5.1816,17.1381,22.3197,69.0,0.385014,80.0,240.0,0.0
2024-09-11,25,14:15,6.7301,16.0793,22.8094,69.0,0.393462,80.0,240.0,0.0
2024-09-11,26,14:30,3.9878,3.2115,7.1993,69.0,0.124188,80.0,240.0,0.0
2024-09-11,27,14:45,1.8638,9.5021,11.3659,69.0,0.196062,140.0,280.0,0.0
2024-09-11,28,15:00,6.7293,17.0147,23.744,69.05,0.40988,140.0,110.0,170.0
2024-09-11,29,15:15,5.9956,17.1381,23.1337,69.05,0.399345,140.0,110.0,0.0
2024-09-11,30,15:30,7.1179,16.0793,23.1972,69.05,0.400441,140.0,110.0,0.0
2024-09-11,31,15:45,6.1091,3.2115,9.3206,69.05,0.160896,140.0,110.0,0.0
2024-09-11,32,16:00,5.6324,9.5021,15.1345,76.75,0.290394,100.0,150.0,0.0
2024-09-11,33,16:15,5.8458,17.0147,22.8605,76.75,0.438636,100.0,150.0,0.0
2024-09-11,34,16:30,5.1816,17.1381,22.3197,76.75,0.428259,100.0,150.0,0.0
2024-09-11,35,16:45,6.7301,16.0793,22.8094,76.75,0.437655,100.0,150.0,0.0
2024-09-11,36,17:00,3.9878,3.2115,7.1993,101.39,0.182484,100.0,150.0,0.0
2024-09-11,37,17:15,0.0,0.0,0.0,101.39,0.0,200.0,190.0,0.0
2024-09-11,38,17:30,0.0,0.0,0.0,101.39,0.0,200.0,190.0,0.0
2024-09-11,39,17:45,0.0,0.0,0.0,101.39,0.0,200.0,190.0,0.0
2024-09-11,40,18:00,0.0,0.0,0.0,115.14,0.0,200.0,190.0,0.0
2024-09-11,41,18:15,0.0,0.0,0.0,115.14,0.0,200.0,190.0,0.0
2024-09-11,42,18:30,0.0,0.0,0.0,115.14,0.0,200.0,190.0,0.0
2024-09-11,43,18:45,0.0,0.0,0.0,115.14,0.0,200.0,190.0,0.0
2024-09-11,44,19:00,0.0,0.0,0.0,142.86,0.0,200.0,190.0,0.0
2024-09-11,45,19:15,0.0,0.0,0.0,142.86,0.0,200.0,190.0,0.0
2024-09-11,46,19:30,0.0,0.0,0.0,142.86,0.0,200.0,190.0,0.0
2024-09-11,47,19:45,0.0,0.0,0.0,142.86,0.0,200.0,190.0,0.0
2024-09-11,48,20:00,0.0,0.0,0.0,138.36,0.0,200.0,190.0,0.0
2024-09-11,49,20:15,0.0,0.0,0.0,138.36,0.0,200.0,190.0,0.0
2024-09-11,50,20:30,0.0,0.0,0.0,138.36,0.0,200.0,190.0,0.0
2024-09-11,51,20:45,0.0,0.0,0.0,138.36,0.0,200.0,190.0,0.0
2024-09-11,52,21:00,0.0,0.0,0.0,115.14,0.0,200.0,190.0,0.0
2024-09-11,53,21:15,0.0,0.0,0.0,115.14,0.0,200.0,190.0,0.0
2024-09-11,54,21:30,0.0,0.0,0.0,115.14,0.0,200.0,190.0,0.0
2024-09-11,55,21:45,0.0,0.0,0.0,115.14,0.0,200.0,80.0,110.0
2024-09-12,0,08:00,0.0,0.0,0.0,135.94,0.0,200.0,80.0,0.0
2024-09-12,1,08:15,0.0,0.0,0.0,135.94,0.0,200.0,80.0,0.0
2024-09-12,2,08:30,0.0,0.0,0.0,135.94,0.0,200.0,80.0,0.0
2024-09-12,3,08:45,0.0,0.0,0.0,135.94,0.0,200.0,80.0,0.0
2024-09-12,4,09:00,0.0,0.0,0.0,103.36,0.0,200.0,80.0,0.0
2024-09-12,5,09:15,0.0,0.0,0.0,103.36,0.0,200.0,80.0,0.0
2024-09-12,6,09:30,0.0,0.0,0.0,103.36,0.0,200.0,80.0,0.0
2024-09-12,7,09:45,0.0,9.5021,9.5021,103.36,0.245534,160.0,80.0,0.0
2024-09-12,8,10:00,1.3266,17.0147,18.3413,85.0,0.389753,160.0,80.0,0.0
2024-09-12,9,10:15,4.184,17.1381,21.3221,85.0,0.453094,160.0,80.0,0.0
2024-09-12,10,10:30,5.1593,16.0793,21.2386,85.0,0.451321,160.0,80.0,0.0
2024-09-12,11,10:45,4.2588,3.2115,7.4703,85.0,0.158744,160.0,80.0,0.0
2024-09-12,12,11:00,5.404,9.5021,14.9061,80.41,0.29965,120.0,120.0,0.0
2024-09-12,13,11:15,4.491,17.0147,21.5057,80.41,0.432319,120.0,120.0,0.0
2024-09-12,14,11:30,5.1252,17.1381,22.2633,80.41,0.447548,120.0,120.0,0.0
2024-09-12,15,11:45,3.0543,16.0793,19.1336,80.41,0.384634,120.0,120.0,0.0
2024-09-12,16,12:00,5.093,3.2115,8.3045,78.62,0.163225,120.0,120.0,0.0
2024-09-12,17,12:15,3.6006,9.5021,13.1027,78.62,0.257534,80.0,160.0,0.0
2024-09-12,18,12:30,4.9802,17.0147,21.9949,78.62,0.43231,80.0,160.0,0.0
2024-09-12,19,12:45,4.3843,17.1381,21.5224,78.62,0.423024,80.0,160.0,0.0
2024-09-12,20,13:00,1.5369,16.0793,17.6162,78.23,0.344528,80.0,160.0,0.0
2024-09-12,21,13:15,1.3266,3.2115,4.5381,78.23,0.088754,180.0,160.0,0.0
2024-09-12,22,13:30,4.184,9.5021,13.6861,78.23,0.267665,140.0,200.0,0.0
2024-09-12,23,13:45,5.1593,17.0147,22.174,78.23,0.433668,140.0,200.0,0.0
2024-09-12,24,14:00,4.2588,17.1381,21.3969,80.11,0.428527,140.0,200.0,0.0
2024-09-12,25,14:15,5.404,16.0793,21.4833,80.11,0.430257,140.0,200.0,0.0
2024-09-12,26,14:30,4.491,3.2115,7.7025,80.11,0.154263,140.0,200.0,0.0
2024-09-12,27,14:45,5.1252,9.5021,14.6273,80.11,0.292948,100.0,240.0,0.0
2024-09-12,28,15:00,3.0543,17.0147,20.069,84.93,0.426115,100.0,100.0,140.0
2024-09-12,29,15:15,5.093,17.1381,22.2311,84.93,0.472022,100.0,100.0,0.0
2024-09-12,30,15:30,3.6006,16.0793,19.6799,84.93,0.417854,100.0,100.0,0.0
2024-09-12,31,15:45,4.9802,3.2115,8.1917,84.93,0.173931,100.0,100.0,0.0
2024-09-12,32,16:00,4.3843,9.5021,13.8864,91.67,0.318242,60.0,140.0,0.0
2024-09-12,33,16:15,1.5369,17.0147,18.5516,91.67,0.425155,60.0,140.0,0.0
2024-09-12,34,16:30,0.0,17.1381,17.1381,91.67,0.392762,160.0,140.0,0.0
2024-09-12,35,16:45,0.0,16.0793,16.0793,91.67,0.368497,160.0,140.0,0.0
2024-09-12,36,17:00,0.0,3.2115,3.2115,109.74,0.088107,160.0,140.0,0.0
2024-09-12,37,17:15,0.0,0.0,0.0,109.74,0.0,160.0,180.0,0.0
2024-09-12,38,17:30,0.0,0.0,0.0,109.74,0.0,160.0,180.0,0.0
2024-09-12,39,17:45,0.0,0.0,0.0,109.74,0.0,160.0,180.0,0.0
2024-09-12,40,18:00,0.0,0.0,0.0,145.19,0.0,160.0,180.0,0.0
2024-09-12,41,18:15,0.0,0.0,0.0,145.19,0.0,160.0,180.0,0.0
2024-09-12,42,18:30,0.0,0.0,0.0,145.19,0.0,160.0,180.0,0.0
2024-09-12,43,18:45,0.0,0.0,0.0,145.19,0.0,160.0,180.0,0.0
2024-09-12,44,19:00,0.0,0.0,0.0,300.01,0.0,160.0,180.0,0.0
2024-09-12,45,19:15,0.0,0.0,0.0,300.01,0.0,160.0,180.0,0.0
2024-09-12,46,19:30,0.0,0.0,0.0,300.01,0.0,160.0,180.0,0.0
2024-09-12,47,19:45,0.0,0.0,0.0,300.01,0.0,160.0,180.0,0.0
2024-09-12,48,20:00,0.0,0.0,0.0,250.02,0.0,160.0,180.0,0.0
2024-09-12,49,20:15,0.0,0.0,0.0,250.02,0.0,160.0,180.0,0.0
2024-09-12,50,20:30,0.0,0.0,0.0,250.02,0.0,160.0,180.0,0.0
2024-09-12,51,20:45,0.0,0.0,0.0,250.02,0.0,160.0,180.0,0.0
2024-09-12,52,21:00,0.0,0.0,0.0,125.0,0.0,160.0,180.0,0.0
2024-09-12,53,21:15,0.0,0.0,0.0,125.0,0.0,160.0,180.0,0.0
2024-09-12,54,21:30,0.0,0.0,0.0,125.0,0.0,160.0,180.0,0.0
2024-09-12,55,21:45,0.0,0.0,0.0,125.0,0.0,160.0,20.0,160.0
2024-09-13,0,08:00,0.0,0.0,0.0,132.24,0.0,160.0,20.0,0.0
2024-09-13,1,08:15,0.0,0.0,0.0,132.24,0.0,160.0,20.0,0.0
2024-09-13,2,08:30,0.0,0.0,0.0,132.24,0.0,160.0,20.0,0.0
2024-09-13,3,08:45,0.0,0.0,0.0,132.24,0.0,160.0,20.0,0.0
2024-09-13,4,09:00,0.0,0.0,0.0,116.24,0.0,160.0,20.0,0.0
2024-09-13,5,09:15,0.0,0.0,0.0,116.24,0.0,160.0,20.0,0.0
2024-09-13,6,09:30,0.0,0.0,0.0,116.24,0.0,160.0,20.0,0.0
2024-09-13,7,09:45,0.0,0.0,0.0,116.24,0.0,160.0,20.0,0.0
2024-09-13,8,10:00,0.0,0.0,0.0,102.54,0.0,160.0,20.0,0.0
2024-09-13,9,10:15,0.0,0.0,0.0,102.54,0.0,160.0,20.0,0.0
2024-09-13,10,10:30,0.0,0.0,0.0,102.54,0.0,160.0,20.0,0.0
2024-09-13,11,10:45,0.0,0.0,0.0,102.54,0.0,160.0,20.0,0.0
2024-09-13,12,11:00,0.0,0.0,0.0,94.99,0.0,160.0,20.0,0.0
2024-09-13,13,11:15,0.0,9.5021,9.5021,94.99,0.225651,120.0,20.0,0.0
2024-09-13,14,11:30,0.0,17.0147,17.0147,94.99,0.404056,120.0,20.0,0.0
2024-09-13,15,11:45,0.0,17.1381,17.1381,94.99,0.406987,120.0,20.0,0.0
2024-09-13,16,12:00,0.0,16.0793,16.0793,88.55,0.355955,120.0,20.0,0.0
2024-09-13,17,12:15,0.0,3.2115,3.2115,88.55,0.071094,120.0,20.0,0.0
2024-09-13,18,12:30,0.0,9.5021,9.5021,88.55,0.210353,80.0,60.0,0.0
2024-09-13,19,12:45,1.8638,17.0147,18.8785,88.55,0.417923,80.0,60.0,0.0
2024-09-13,20,13:00,6.7293,17.1381,23.8674,77.5,0.46243,80.0,60.0,0.0
2024-09-13,21,13:15,5.9956,16.0793,22.0749,77.5,0.427701,80.0,60.0,0.0
2024-09-13,22,13:30,7.1179,3.2115,10.3294,77.5,0.200132,80.0,60.0,0.0
2024-09-13,23,13:45,6.1091,9.5021,15.6112,77.5,0.302466,40.0,100.0,0.0
2024-09-13,24,14:00,5.6324,17.0147,22.6471,66.96,0.379113,40.0,100.0,0.0
2024-09-13,25,14:15,5.8458,17.1381,22.9839,66.96,0.384751,40.0,100.0,0.0
2024-09-13,26,14:30,5.1816,16.0793,21.2609,66.96,0.355907,40.0,100.0,0.0
2024-09-13,27,14:45,6.7301,3.2115,9.9416,66.96,0.166422,40.0,100.0,0.0
2024-09-13,28,15:00,3.9878,9.5021,13.4899,72.2,0.243493,0.0,0.0,140.0
2024-09-13,29,15:15,1.3266,17.0147,18.3413,72.2,0.331061,100.0,0.0,0.0
2024-09-13,30,15:30,4.184,17.1381,21.3221,72.2,0.384863,100.0,0.0,0.0
2024-09-13,31,15:45,5.1593,16.0793,21.2386,72.2,0.383357,100.0,0.0,0.0
2024-09-13,32,16:00,4.2588,3.2115,7.4703,74.3,0.138761,100.0,-0.0,0.0
2024-09-13,33,16:15,5.404,9.5021,14.9061,74.3,0.276881,60.0,40.0,0.0
2024-09-13,34,16:30,4.491,17.0147,21.5057,74.3,0.399469,60.0,40.0,0.0
2024-09-13,35,16:45,5.1252,17.1381,22.2633,74.3,0.41354,60.0,40.0,0.0
2024-09-13,36,17:00,3.0543,16.0793,19.1336,79.85,0.381955,60.0,40.0,0.0
2024-09-13,37,17:15,5.093,3.2115,8.3045,79.85,0.165778,60.0,40.0,0.0
2024-09-13,38,17:30,3.6006,9.5021,13.1027,79.85,0.261563,20.0,80.0,0.0
2024-09-13,39,17:45,4.9802,17.0147,21.9949,79.85,0.439073,20.0,80.0,0.0
2024-09-13,40,18:00,4.3843,17.1381,21.5224,96.47,0.519067,20.0,80.0,0.0
2024-09-13,41,18:15,1.5369,16.0793,17.6162,96.47,0.424858,20.0,80.0,0.0
2024-09-13,42,18:30,0.0,3.2115,3.2115,96.47,0.077453,120.0,80.0,0.0
2024-09-13,43,18:45,1.3266,0.0,1.3266,96.47,0.031995,120.0,120.0,0.0
2024-09-13,44,19:00,4.184,0.0,4.184,100.0,0.104599,120.0,120.0,0.0
2024-09-13,45,19:15,5.1593,9.5021,14.6614,100.0,0.366536,80.0,120.0,0.0
2024-09-13,46,19:30,4.2588,17.0147,21.2735,100.0,0.531838,80.0,120.0,0.0
2024-09-13,47,19:45,5.404,17.1381,22.5421,100.0,0.563553,80.0,120.0,0.0
2024-09-13,48,20:00,4.491,16.0793,20.5703,94.25,0.484688,80.0,120.0,0.0
2024-09-13,49,20:15,5.1252,3.2115,8.3367,94.25,0.196433,80.0,120.0,0.0
2024-09-13,50,20:30,3.0543,9.5021,12.5564,94.25,0.295861,40.0,160.0,0.0
2024-09-13,51,20:45,5.093,17.0147,22.1077,94.25,0.520912,40.0,160.0,0.0
2024-09-13,52,21:00,3.6006,17.1381,20.7387,84.57,0.438469,40.0,160.0,0.0
2024-09-13,53,21:15,4.9802,16.0793,21.0595,84.57,0.445251,40.0,160.0,0.0
2024-09-13,54,21:30,4.3843,3.2115,7.5958,84.57,0.160595,40.0,160.0,0.0
2024-09-13,55,21:45,1.5369,0.0,1.5369,84.57,0.032494,40.0,30.0,170.0
2024-09-16,0,08:00,0.0,0.0,0.0,146.06,0.0,140.0,30.0,0.0
2024-09-16,1,08:15,0.0,0.0,0.0,146.06,0.0,140.0,30.0,0.0
2024-09-16,2,08:30,0.0,0.0,0.0,146.06,0.0,140.0,30.0,0.0
2024-09-16,3,08:45,0.0,0.0,0.0,146.06,0.0,140.0,30.0,0.0
2024-09-16,4,09:00,0.0,0.0,0.0,126.4,0.0,140.0,30.0,0.0
2024-09-16,5,09:15,0.0,0.0,0.0,126.4,0.0,140.0,30.0,0.0
2024-09-16,6,09:30,0.0,0.0,0.0,126.4,0.0,140.0,30.0,0.0
2024-09-16,7,09:45,0.0,0.0,0.0,126.4,0.0,140.0,30.0,0.0
2024-09-16,8,10:00,0.0,0.0,0.0,112.63,0.0,140.0,30.0,0.0
2024-09-16,9,10:15,0.0,0.0,0.0,112.63,0.0,140.0,30.0,0.0
2024-09-16,10,10:30,0.0,0.0,0.0,112.63,0.0,140.0,30.0,0.0
2024-09-16,11,10:45,0.0,0.0,0.0,112.63,0.0,140.0,30.0,0.0
2024-09-16,12,11:00,0.0,0.0,0.0,105.02,0.0,140.0,30.0,0.0
2024-09-16,13,11:15,0.0,0.0,0.0,105.02,0.0,140.0,30.0,0.0
2024-09-16,14,11:30,0.0,0.0,0.0,105.02,0.0,140.0,30.0,0.0
2024-09-16,15,11:45,1.3266,0.0,1.3266,105.02,0.034831,140.0,30.0,0.0
2024-09-16,16,12:00,4.184,9.5021,13.6861,96.02,0.328534,100.0,30.0,0.0
2024-09-16,17,12:15,5.1593,17.0147,22.174,96.02,0.532287,100.0,30.0,0.0
2024-09-16,18,12:30,4.2588,17.1381,21.3969,96.02,0.513633,100.0,30.0,0.0
2024-09-16,19,12:45,5.404,16.0793,21.4833,96.02,0.515707,100.0,30.0,0.0
2024-09-16,20,13:00,4.491,3.2115,7.7025,86.89,0.167318,100.0,30.0,0.0
2024-09-16,21,13:15,5.1252,9.5021,14.6273,86.89,0.317741,60.0,70.0,0.0
2024-09-16,22,13:30,3.0543,17.0147,20.069,86.89,0.435949,60.0,70.0,0.0
2024-09-16,23,13:45,5.093,17.1381,22.2311,86.89,0.482915,60.0,70.0,0.0
2024-09-16,24,14:00,3.6006,16.0793,19.6799,80.86,0.39783,60.0,70.0,0.0
2024-09-16,25,14:15,4.9802,3.2115,8.1917,80.86,0.165596,60.0,70.0,0.0
2024-09-16,26,14:30,4.3843,9.5021,13.8864,80.86,0.280714,20.0,110.0,0.0
2024-09-16,27,14:45,1.5369,17.0147,18.5516,80.86,0.37502,20.0,110.0,0.0
2024-09-16,28,15:00,1.3266,17.1381,18.4647,75.37,0.347922,120.0,0.0,110.0
2024-09-16,29,15:15,4.184,16.0793,20.2632,75.37,0.38181,120.0,0.0,0.0
2024-09-16,30,15:30,5.1593,3.2115,8.3708,75.37,0.157727,120.0,0.0,0.0
2024-09-16,31,15:45,4.2588,9.5021,13.7609,75.37,0.25929,80.0,40.0,0.0
2024-09-16,32,16:00,5.404,17.0147,22.4187,76.3,0.427637,80.0,40.0,0.0
2024-09-16,33,16:15,4.491,17.1381,21.6291,76.3,0.412576,80.0,40.0,0.0
2024-09-16,34,16:30,5.1252,16.0793,21.2045,76.3,0.404475,80.0,40.0,0.0
2024-09-16,35,16:45,3.0543,3.2115,6.2658,76.3,0.119521,80.0,40.0,0.0
2024-09-16,36,17:00,5.093,9.5021,14.5951,86.98,0.31737,40.0,80.0,0.0
2024-09-16,37,17:15,3.6006,17.0147,20.6153,86.98,0.44828,40.0,80.0,0.0
2024-09-16,38,17:30,4.9802,17.1381,22.1183,86.98,0.480963,40.0,80.0,0.0
2024-09-16,39,17:45,4.3843,16.0793,20.4636,86.98,0.444982,40.0,80.0,0.0
2024-09-16,40,18:00,1.5369,3.2115,4.7484,107.87,0.128052,40.0,80.0,0.0
2024-09-16,41,18:15,0.0,0.0,0.0,107.87,0.0,140.0,120.0,0.0
2024-09-16,42,18:30,0.0,0.0,0.0,107.87,0.0,140.0,120.0,0.0
2024-09-16,43,18:45,0.0,0.0,0.0,107.87,0.0,140.0,120.0,0.0
2024-09-16,44,19:00,0.0,0.0,0.0,112.57,0.0,140.0,120.0,0.0
2024-09-16,45,19:15,0.0,0.0,0.0,112.57,0.0,140.0,120.0,0.0
2024-09-16,46,19:30,0.0,0.0,0.0,112.57,0.0,140.0,120.0,0.0
2024-09-16,47,19:45,0.0,0.0,0.0,112.57,0.0,140.0,120.0,0.0
2024-09-16,48,20:00,0.0,0.0,0.0,109.01,0.0,140.0,120.0,0.0
2024-09-16,49,20:15,0.0,0.0,0.0,109.01,0.0,140.0,120.0,0.0
2024-09-16,50,20:30,0.0,0.0,0.0,109.01,0.0,140.0,120.0,0.0
2024-09-16,51,20:45,0.0,9.5021,9.5021,109.01,0.258956,100.0,120.0,0.0
2024-09-16,52,21:00,0.0,17.0147,17.0147,90.1,0.383256,100.0,120.0,0.0
2024-09-16,53,21:15,0.0,17.1381,17.1381,90.1,0.386036,100.0,120.0,0.0
2024-09-16,54,21:30,0.0,16.0793,16.0793,90.1,0.362186,100.0,120.0,0.0
2024-09-16,55,21:45,0.0,3.2115,3.2115,90.1,0.072339,100.0,0.0,120.0
2024-09-17,0,08:00,0.0,0.0,0.0,137.52,0.0,100.0,40.0,0.0
2024-09-17,1,08:15,0.0,0.0,0.0,137.52,0.0,100.0,40.0,0.0
2024-09-17,2,08:30,0.0,0.0,0.0,137.52,0.0,100.0,40.0,0.0
2024-09-17,3,08:45,0.0,0.0,0.0,137.52,0.0,100.0,40.0,0.0
2024-09-17,4,09:00,0.0,0.0,0.0,108.91,0.0,100.0,40.0,0.0
2024-09-17,5,09:15,0.0,0.0,0.0,108.91,0.0,100.0,40.0,0.0
2024-09-17,6,09:30,0.0,0.0,0.0,108.91,0.0,100.0,40.0,0.0
2024-09-17,7,09:45,0.0,0.0,0.0,108.91,0.0,100.0,40.0,0.0
2024-09-17,8,10:00,0.0,0.0,0.0,96.52,0.0,100.0,40.0,0.0
2024-09-17,9,10:15,0.0,0.0,0.0,96.52,0.0,100.0,40.0,0.0
2024-09-17,10,10:30,0.0,0.0,0.0,96.52,0.0,100.0,40.0,0.0
2024-09-17,11,10:45,0.0,0.0,0.0,96.52,0.0,100.0,40.0,0.0
2024-09-17,12,11:00,0.0,0.0,0.0,82.39,0.0,100.0,40.0,0.0
2024-09-17,13,11:15,1.8638,9.5021,11.3659,82.39,0.23411,60.0,40.0,0.0
2024-09-17,14,11:30,6.7293,17.0147,23.744,82.39,0.489066,60.0,40.0,0.0
2024-09-17,15,11:45,5.9956,17.1381,23.1337,82.39,0.476496,60.0,40.0,0.0
2024-09-17,16,12:00,7.1179,16.0793,23.1972,59.81,0.346856,60.0,40.0,0.0
2024-09-17,17,12:15,6.1091,3.2115,9.3206,59.81,0.139366,60.0,40.0,0.0
2024-09-17,18,12:30,5.6324,9.5021,15.1345,59.81,0.226299,20.0,80.0,0.0
2024-09-17,19,12:45,5.8458,17.0147,22.8605,59.81,0.341821,20.0,80.0,0.0
2024-09-17,20,13:00,5.1816,17.1381,22.3197,41.77,0.233073,20.0,80.0,0.0
2024-09-17,21,13:15,6.7301,16.0793,22.8094,41.77,0.238187,20.0,80.0,0.0
2024-09-17,22,13:30,3.9878,3.2115,7.1993,41.77,0.075179,20.0,80.0,0.0
2024-09-17,23,13:45,0.0,9.5021,9.5021,41.77,0.099226,80.0,120.0,0.0
2024-09-17,24,14:00,0.0,17.0147,17.0147,25.64,0.109064,80.0,120.0,0.0
2024-09-17,25,14:15,0.0,17.1381,17.1381,25.64,0.109855,80.0,120.0,0.0
2024-09-17,26,14:30,0.0,16.0793,16.0793,25.64,0.103068,80.0,120.0,0.0
2024-09-17,27,14:45,0.0,3.2115,3.2115,25.64,0.020586,80.0,120.0,0.0
2024-09-17,28,15:00,0.0,0.0,0.0,44.44,0.0,80.0,30.0,130.0
2024-09-17,29,15:15,0.0,0.0,0.0,44.44,0.0,80.0,30.0,0.0
2024-09-17,30,15:30,0.0,0.0,0.0,44.44,0.0,80.0,30.0,0.0
2024-09-17,31,15:45,0.0,0.0,0.0,44.44,0.0,80.0,30.0,0.0
2024-09-17,32,16:00,0.0,0.0,0.0,74.29,0.0,80.0,30.0,0.0
2024-09-17,33,16:15,0.0,0.0,0.0,74.29,0.0,80.0,30.0,0.0
2024-09-17,34,16:30,0.0,0.0,0.0,74.29,0.0,80.0,30.0,0.0
2024-09-17,35,16:45,0.0,0.0,0.0,74.29,0.0,80.0,30.0,0.0
2024-09-17,36,17:00,0.0,0.0,0.0,93.5,0.0,80.0,30.0,0.0
2024-09-17,37,17:15,0.0,0.0,0.0,93.5,0.0,80.0,30.0,0.0
2024-09-17,38,17:30,0.0,0.0,0.0,93.5,0.0,80.0,30.0,0.0
2024-09-17,39,17:45,0.0,0.0,0.0,93.5,0.0,80.0,30.0,0.0
2024-09-17,40,18:00,0.0,0.0,0.0,112.99,0.0,80.0,30.0,0.0
2024-09-17,41,18:15,0.0,0.0,0.0,112.99,0.0,80.0,30.0,0.0
2024-09-17,42,18:30,0.0,0.0,0.0,112.99,0.0,80.0,30.0,0.0
2024-09-17,43,18:45,0.0,0.0,0.0,112.99,0.0,80.0,30.0,0.0
2024-09-17,44,19:00,0.0,0.0,0.0,132.53,0.0,80.0,30.0,0.0
2024-09-17,45,19:15,0.0,0.0,0.0,132.53,0.0,80.0,30.0,0.0
2024-09-17,46,19:30,0.0,0.0,0.0,132.53,0.0,80.0,30.0,0.0
2024-09-17,47,19:45,0.0,0.0,0.0,132.53,0.0,80.0,30.0,0.0
2024-09-17,48,20:00,0.0,0.0,0.0,111.24,0.0,80.0,30.0,0.0
2024-09-17,49,20:15,0.0,0.0,0.0,111.24,0.0,80.0,30.0,0.0
2024-09-17,50,20:30,0.0,0.0,0.0,111.24,0.0,80.0,30.0,0.0
2024-09-17,51,20:45,0.0,0.0,0.0,111.24,0.0,80.0,30.0,0.0
2024-09-17,52,21:00,0.0,0.0,0.0,96.12,0.0,80.0,30.0,0.0
2024-09-17,53,21:15,0.0,0.0,0.0,96.12,0.0,80.0,30.0,0.0
2024-09-17,54,21:30,0.0,0.0,0.0,96.12,0.0,80.0,30.0,0.0
2024-09-17,55,21:45,0.0,0.0,0.0,96.12,0.0,80.0,30.0,0.0
2024-09-18,0,08:00,0.0,0.0,0.0,133.07,0.0,80.0,30.0,0.0
2024-09-18,1,08:15,0.0,0.0,0.0,133.07,0.0,80.0,30.0,0.0
2024-09-18,2,08:30,0.0,0.0,0.0,133.07,0.0,80.0,30.0,0.0
2024-09-18,3,08:45,0.0,0.0,0.0,133.07,0.0,80.0,30.0,0.0
2024-09-18,4,09:00,0.0,0.0,0.0,102.44,0.0,80.0,30.0,0.0
2024-09-18,5,09:15,0.0,0.0,0.0,102.44,0.0,80.0,30.0,0.0
2024-09-18,6,09:30,0.0,0.0,0.0,102.44,0.0,80.0,30.0,0.0
2024-09-18,7,09:45,0.0,0.0,0.0,102.44,0.0,80.0,30.0,0.0
2024-09-18,8,10:00,0.0,0.0,0.0,79.0,0.0,80.0,30.0,0.0
2024-09-18,9,10:15,0.0,0.0,0.0,79.0,0.0,80.0,30.0,0.0
2024-09-18,10,10:30,0.0,0.0,0.0,79.0,0.0,80.0,30.0,0.0
2024-09-18,11,10:45,0.0,0.0,0.0,79.0,0.0,80.0,30.0,0.0
2024-09-18,12,11:00,0.0,0.0,0.0,55.32,0.0,80.0,30.0,0.0
2024-09-18,13,11:15,0.0,0.0,0.0,55.32,0.0,80.0,30.0,0.0
2024-09-18,14,11:30,0.0,0.0,0.0,55.32,0.0,80.0,30.0,0.0
2024-09-18,15,11:45,1.8638,9.5021,11.3659,55.32,0.157191,40.0,30.0,0.0
2024-09-18,16,12:00,6.7293,17.0147,23.744,5.49,0.032589,40.0,30.0,0.0
2024-09-18,17,12:15,5.9956,17.1381,23.1337,5.49,0.031751,40.0,30.0,0.0
2024-09-18,18,12:30,7.1179,16.0793,23.1972,5.49,0.031838,40.0,30.0,0.0
2024-09-18,19,12:45,6.1091,3.2115,9.3206,5.49,0.012792,40.0,30.0,0.0
2024-09-18,20,13:00,5.6324,9.5021,15.1345,0.0,0.0,0.0,70.0,0.0
2024-09-18,21,13:15,5.8458,17.0147,22.8605,0.0,0.0,0.0,70.0,0.0
2024-09-18,22,13:30,5.1816,17.1381,22.3197,0.0,0.0,0.0,70.0,0.0
2024-09-18,23,13:45,6.7301,16.0793,22.8094,0.0,0.0,0.0,70.0,0.0
2024-09-18,24,14:00,3.9878,3.2115,7.1993,-0.09,-0.000162,0.0,70.0,0.0
2024-09-18,25,14:15,1.8638,9.5021,11.3659,-0.09,-0.000256,60.0,110.0,0.0
2024-09-18,26,14:30,6.7293,17.0147,23.744,-0.09,-0.000534,60.0,110.0,0.0
2024-09-18,27,14:45,5.9956,17.1381,23.1337,-0.09,-0.000521,60.0,110.0,0.0
2024-09-18,28,15:00,7.1179,16.0793,23.1972,1.04,0.006031,60.0,10.0,100.0
2024-09-18,29,15:15,6.1091,3.2115,9.3206,1.04,0.002423,60.0,10.0,0.0
2024-09-18,30,15:30,5.6324,9.5021,15.1345,1.04,0.003935,20.0,50.0,0.0
2024-09-18,31,15:45,5.8458,17.0147,22.8605,1.04,0.005944,20.0,50.0,0.0
2024-09-18,32,16:00,5.1816,17.1381,22.3197,40.05,0.223476,20.0,50.0,0.0
2024-09-18,33,16:15,6.7301,16.0793,22.8094,40.05,0.228379,20.0,50.0,0.0
2024-09-18,34,16:30,3.9878,3.2115,7.1993,40.05,0.072083,20.0,50.0,0.0
2024-09-18,35,16:45,0.0,0.0,0.0,40.05,0.0,120.0,90.0,0.0
2024-09-18,36,17:00,0.0,0.0,0.0,87.52,0.0,120.0,90.0,0.0
2024-09-18,37,17:15,0.0,0.0,0.0,87.52,0.0,120.0,90.0,0.0
2024-09-18,38,17:30,0.0,0.0,0.0,87.52,0.0,120.0,90.0,0.0
2024-09-18,39,17:45,0.0,0.0,0.0,87.52,0.0,120.0,90.0,0.0
2024-09-18,40,18:00,0.0,0.0,0.0,113.91,0.0,120.0,90.0,0.0
2024-09-18,41,18:15,0.0,0.0,0.0,113.91,0.0,120.0,90.0,0.0
2024-09-18,42,18:30,0.0,0.0,0.0,113.91,0.0,120.0,90.0,0.0
2024-09-18,43,18:45,0.0,0.0,0.0,113.91,0.0,120.0,90.0,0.0
2024-09-18,44,19:00,0.0,0.0,0.0,129.92,0.0,120.0,90.0,0.0
2024-09-18,45,19:15,0.0,0.0,0.0,129.92,0.0,120.0,90.0,0.0
2024-09-18,46,19:30,0.0,0.0,0.0,129.92,0.0,120.0,90.0,0.0
2024-09-18,47,19:45,0.0,0.0,0.0,129.92,0.0,120.0,90.0,0.0
2024-09-18,48,20:00,0.0,0.0,0.0,108.2,0.0,120.0,90.0,0.0
2024-09-18,49,20:15,0.0,0.0,0.0,108.2,0.0,120.0,90.0,0.0
2024-09-18,50,20:30,0.0,0.0,0.0,108.2,0.0,120.0,90.0,0.0
2024-09-18,51,20:45,0.0,0.0,0.0,108.2,0.0,120.0,90.0,0.0
2024-09-18,52,21:00,0.0,0.0,0.0,93.25,0.0,120.0,90.0,0.0
2024-09-18,53,21:15,0.0,0.0,0.0,93.25,0.0,120.0,90.0,0.0
2024-09-18,54,21:30,0.0,0.0,0.0,93.25,0.0,120.0,90.0,0.0
2024-09-18,55,21:45,0.0,0.0,0.0,93.25,0.0,120.0,0.0,90.0
2024-09-19,0,08:00,0.0,0.0,0.0,124.12,0.0,120.0,0.0,0.0
2024-09-19,1,08:15,0.0,0.0,0.0,124.12,0.0,120.0,0.0,0.0
2024-09-19,2,08:30,0.0,0.0,0.0,124.12,0.0,120.0,0.0,0.0
2024-09-19,3,08:45,0.0,0.0,0.0,124.12,0.0,120.0,0.0,0.0
2024-09-19,4,09:00,0.0,0.0,0.0,97.64,0.0,120.0,0.0,0.0
2024-09-19,5,09:15,0.0,0.0,0.0,97.64,0.0,120.0,0.0,0.0
2024-09-19,6,09:30,0.0,0.0,0.0,97.64,0.0,120.0,0.0,0.0
2024-09-19,7,09:45,0.0,0.0,0.0,97.64,0.0,120.0,0.0,0.0
2024-09-19,8,10:00,0.0,0.0,0.0,74.81,0.0,120.0,0.0,0.0
2024-09-19,9,10:15,0.0,0.0,0.0,74.81,0.0,120.0,0.0,0.0
2024-09-19,10,10:30,0.0,9.5021,9.5021,74.81,0.177713,80.0,0.0,0.0
2024-09-19,11,10:45,0.0,17.0147,17.0147,74.81,0.318217,80.0,0.0,0.0
2024-09-19,12,11:00,0.0,17.1381,17.1381,50.41,0.215983,80.0,0.0,0.0
2024-09-19,13,11:15,1.8638,16.0793,17.9431,50.41,0.226128,80.0,0.0,0.0
2024-09-19,14,11:30,6.7293,3.2115,9.9408,50.41,0.125279,80.0,0.0,0.0
2024-09-19,15,11:45,5.9956,9.5021,15.4977,50.41,0.19531,40.0,40.0,0.0
2024-09-19,16,12:00,7.1179,17.0147,24.1326,4.97,0.029985,40.0,40.0,0.0
2024-09-19,17,12:15,6.1091,17.1381,23.2472,4.97,0.028885,40.0,40.0,0.0
2024-09-19,18,12:30,5.6324,16.0793,21.7117,4.97,0.026977,40.0,40.0,0.0
2024-09-19,19,12:45,5.8458,3.2115,9.0573,4.97,0.011254,40.0,40.0,0.0
2024-09-19,20,13:00,5.1816,9.5021,14.6837,-0.06,-0.00022,0.0,80.0,0.0
2024-09-19,21,13:15,6.7301,17.0147,23.7448,-0.06,-0.000356,0.0,80.0,0.0
2024-09-19,22,13:30,3.9878,17.1381,21.1259,-0.06,-0.000317,0.0,80.0,0.0
2024-09-19,23,13:45,1.8638,16.0793,17.9431,-0.06,-0.000269,100.0,80.0,0.0
2024-09-19,24,14:00,6.7293,3.2115,9.9408,-0.09,-0.000224,100.0,80.0,0.0
2024-09-19,25,14:15,5.9956,9.5021,15.4977,-0.09,-0.000349,60.0,120.0,0.0
2024-09-19,26,14:30,7.1179,17.0147,24.1326,-0.09,-0.000543,60.0,120.0,0.0
2024-09-19,27,14:45,6.1091,17.1381,23.2472,-0.09,-0.000523,60.0,120.0,0.0
2024-09-19,28,15:00,5.6324,16.0793,21.7117,10.91,0.059219,60.0,120.0,0.0
2024-09-19,29,15:15,5.8458,3.2115,9.0573,10.91,0.024704,60.0,120.0,0.0
2024-09-19,30,15:30,5.1816,9.5021,14.6837,10.91,0.04005,20.0,160.0,0.0
2024-09-19,31,15:45,6.7301,17.0147,23.7448,10.91,0.064764,20.0,160.0,0.0
2024-09-19,32,16:00,3.9878,17.1381,21.1259,58.55,0.30923,20.0,160.0,0.0
2024-09-19,33,16:15,0.0,16.0793,16.0793,58.55,0.23536,120.0,160.0,0.0
2024-09-19,34,16:30,0.0,3.2115,3.2115,58.55,0.047008,120.0,160.0,0.0
2024-09-19,35,16:45,0.0,0.0,0.0,58.55,0.0,120.0,200.0,0.0
2024-09-19,36,17:00,0.0,0.0,0.0,91.05,0.0,120.0,200.0,0.0
2024-09-19,37,17:15,0.0,0.0,0.0,91.05,0.0,120.0,200.0,0.0
2024-09-19,38,17:30,0.0,0.0,0.0,91.05,0.0,120.0,200.0,0.0
2024-09-19,39,17:45,0.0,0.0,0.0,91.05,0.0,120.0,200.0,0.0
2024-09-19,40,18:00,0.0,0.0,0.0,114.53,0.0,120.0,200.0,0.0
2024-09-19,41,18:15,0.0,0.0,0.0,114.53,0.0,120.0,200.0,0.0
2024-09-19,42,18:30,0.0,0.0,0.0,114.53,0.0,120.0,200.0,0.0
2024-09-19,43,18:45,0.0,0.0,0.0,114.53,0.0,120.0,200.0,0.0
2024-09-19,44,19:00,0.0,0.0,0.0,134.3,0.0,120.0,200.0,0.0
2024-09-19,45,19:15,0.0,0.0,0.0,134.3,0.0,120.0,200.0,0.0
2024-09-19,46,19:30,0.0,0.0,0.0,134.3,0.0,120.0,200.0,0.0
2024-09-19,47,19:45,0.0,0.0,0.0,134.3,0.0,120.0,200.0,0.0
2024-09-19,48,20:00,0.0,0.0,0.0,113.5,0.0,120.0,200.0,0.0
2024-09-19,49,20:15,0.0,0.0,0.0,113.5,0.0,120.0,200.0,0.0
2024-09-19,50,20:30,0.0,0.0,0.0,113.5,0.0,120.0,200.0,0.0
2024-09-19,51,20:45,0.0,0.0,0.0,113.5,0.0,120.0,200.0,0.0
2024-09-19,52,21:00,0.0,0.0,0.0,91.1,0.0,120.0,200.0,0.0
2024-09-19,53,21:15,0.0,0.0,0.0,91.1,0.0,120.0,200.0,0.0
2024-09-19,54,21:30,0.0,0.0,0.0,91.1,0.0,120.0,200.0,0.0
2024-09-19,55,21:45,0.0,0.0,0.0,91.1,0.0,120.0,20.0,180.0
2024-09-20,0,08:00,0.0,0.0,0.0,108.6,0.0,120.0,20.0,0.0
2024-09-20,1,08:15,0.0,0.0,0.0,108.6,0.0,120.0,20.0,0.0
2024-09-20,2,08:30,0.0,0.0,0.0,108.6,0.0,120.0,20.0,0.0
2024-09-20,3,08:45,0.0,0.0,0.0,108.6,0.0,120.0,20.0,0.0
2024-09-20,4,09:00,0.0,0.0,0.0,88.92,0.0,120.0,20.0,0.0
2024-09-20,5,09:15,0.0,0.0,0.0,88.92,0.0,120.0,20.0,0.0
2024-09-20,6,09:30,0.0,0.0,0.0,88.92,0.0,120.0,20.0,0.0
2024-09-20,7,09:45,1.8638,9.5021,11.3659,88.92,0.252665,80.0,20.0,0.0
2024-09-20,8,10:00,6.7293,17.0147,23.744,62.05,0.368328,80.0,20.0,0.0
2024-09-20,9,10:15,5.9956,17.1381,23.1337,62.05,0.358861,80.0,20.0,0.0
2024-09-20,10,10:30,7.1179,16.0793,23.1972,62.05,0.359846,80.0,20.0,0.0
2024-09-20,11,10:45,6.1091,3.2115,9.3206,62.05,0.144585,80.0,20.0,0.0
2024-09-20,12,11:00,5.6324,9.5021,15.1345,24.69,0.093418,40.0,60.0,0.0
2024-09-20,13,11:15,5.8458,17.0147,22.8605,24.69,0.141106,40.0,60.0,0.0
2024-09-20,14,11:30,5.1816,17.1381,22.3197,24.69,0.137768,40.0,60.0,0.0
2024-09-20,15,11:45,6.7301,16.0793,22.8094,24.69,0.140791,40.0,60.0,0.0
2024-09-20,16,12:00,3.9878,3.2115,7.1993,8.24,0.014831,40.0,60.0,0.0
2024-09-20,17,12:15,1.8638,9.5021,11.3659,8.24,0.023414,100.0,100.0,0.0
2024-09-20,18,12:30,6.7293,17.0147,23.744,8.24,0.048913,100.0,100.0,0.0
2024-09-20,19,12:45,5.9956,17.1381,23.1337,8.24,0.047655,100.0,100.0,0.0
2024-09-20,20,13:00,7.1179,16.0793,23.1972,-0.01,-5.8e-05,100.0,100.0,0.0
2024-09-20,21,13:15,6.1091,3.2115,9.3206,-0.01,-2.3e-05,100.0,100.0,0.0
2024-09-20,22,13:30,5.6324,9.5021,15.1345,-0.01,-3.8e-05,60.0,140.0,0.0
2024-09-20,23,13:45,5.8458,17.0147,22.8605,-0.01,-5.7e-05,60.0,140.0,0.0
2024-09-20,24,14:00,5.1816,17.1381,22.3197,0.07,0.000391,60.0,140.0,0.0
2024-09-20,25,14:15,6.7301,16.0793,22.8094,0.07,0.000399,60.0,140.0,0.0
2024-09-20,26,14:30,3.9878,3.2115,7.1993,0.07,0.000126,60.0,140.0,0.0
2024-09-20,27,14:45,1.8638,9.5021,11.3659,0.07,0.000199,120.0,180.0,0.0
2024-09-20,28,15:00,6.7293,17.0147,23.744,7.56,0.044876,120.0,70.0,110.0
2024-09-20,29,15:15,5.9956,17.1381,23.1337,7.56,0.043723,120.0,70.0,0.0
2024-09-20,30,15:30,7.1179,16.0793,23.1972,7.56,0.043843,120.0,70.0,0.0
2024-09-20,31,15:45,6.1091,3.2115,9.3206,7.56,0.017616,120.0,70.0,0.0
2024-09-20,32,16:00,5.6324,9.5021,15.1345,43.68,0.165269,80.0,110.0,0.0
2024-09-20,33,16:15,5.8458,17.0147,22.8605,43.68,0.249637,80.0,110.0,0.0
2024-09-20,34,16:30,5.1816,17.1381,22.3197,43.68,0.243731,80.0,110.0,0.0
2024-09-20,35,16:45,6.7301,16.0793,22.8094,43.68,0.249078,80.0,110.0,0.0
2024-09-20,36,17:00,3.9878,3.2115,7.1993,84.12,0.151401,80.0,110.0,0.0
2024-09-20,37,17:15,0.0,9.5021,9.5021,84.12,0.199829,140.0,150.0,0.0
2024-09-20,38,17:30,0.0,17.0147,17.0147,84.12,0.357819,140.0,150.0,0.0
2024-09-20,39,17:45,0.0,17.1381,17.1381,84.12,0.360414,140.0,150.0,0.0
2024-09-20,40,18:00,0.0,16.0793,16.0793,106.01,0.426141,140.0,150.0,0.0
2024-09-20,41,18:15,0.0,3.2115,3.2115,106.01,0.085112,140.0,150.0,0.0
2024-09-20,42,18:30,0.0,0.0,0.0,106.01,0.0,140.0,190.0,0.0
2024-09-20,43,18:45,0.0,0.0,0.0,106.01,0.0,140.0,190.0,0.0
2024-09-20,44,19:00,0.0,0.0,0.0,145.72,0.0,140.0,190.0,0.0
2024-09-20,45,19:15,0.0,0.0,0.0,145.72,0.0,140.0,190.0,0.0
2024-09-20,46,19:30,0.0,0.0,0.0,145.72,0.0,140.0,190.0,0.0
2024-09-20,47,19:45,0.0,0.0,0.0,145.72,0.0,140.0,190.0,0.0
2024-09-20,48,20:00,0.0,0.0,0.0,108.84,0.0,140.0,190.0,0.0
2024-09-20,49,20:15,0.0,0.0,0.0,108.84,0.0,140.0,190.0,0.0
2024-09-20,50,20:30,0.0,0.0,0.0,108.84,0.0,140.0,190.0,0.0
2024-09-20,51,20:45,0.0,0.0,0.0,108.84,0.0,140.0,190.0,0.0
2024-09-20,52,21:00,0.0,0.0,0.0,91.07,0.0,140.0,190.0,0.0
2024-09-20,53,21:15,0.0,0.0,0.0,91.07,0.0,140.0,190.0,0.0
2024-09-20,54,21:30,0.0,0.0,0.0,91.07,0.0,140.0,190.0,0.0
2024-09-20,55,21:45,0.0,0.0,0.0,91.07,0.0,140.0,20.0,170.0
2024-09-23,0,08:00,0.0,0.0,0.0,151.33,0.0,140.0,20.0,0.0
2024-09-23,1,08:15,0.0,0.0,0.0,151.33,0.0,140.0,20.0,0.0
2024-09-23,2,08:30,0.0,0.0,0.0,151.33,0.0,140.0,20.0,0.0
2024-09-23,3,08:45,0.0,0.0,0.0,151.33,0.0,140.0,20.0,0.0
2024-09-23,4,09:00,0.0,0.0,0.0,109.99,0.0,140.0,20.0,0.0
2024-09-23,5,09:15,0.0,0.0,0.0,109.99,0.0,140.0,20.0,0.0
2024-09-23,6,09:30,0.0,0.0,0.0,109.99,0.0,140.0,20.0,0.0
2024-09-23,7,09:45,0.0,0.0,0.0,109.99,0.0,140.0,20.0,0.0
2024-09-23,8,10:00,0.0,0.0,0.0,94.66,0.0,140.0,20.0,0.0
2024-09-23,9,10:15,0.0,0.0,0.0,94.66,0.0,140.0,20.0,0.0
2024-09-23,10,10:30,0.0,0.0,0.0,94.66,0.0,140.0,20.0,0.0
2024-09-23,11,10:45,0.0,0.0,0.0,94.66,0.0,140.0,20.0,0.0
2024-09-23,12,11:00,0.0,0.0,0.0,80.16,0.0,140.0,20.0,0.0
2024-09-23,13,11:15,0.0,0.0,0.0,80.16,0.0,140.0,20.0,0.0
2024-09-23,14,11:30,0.0,9.5021,9.5021,80.16,0.190422,100.0,20.0,0.0
2024-09-23,15,11:45,0.0,17.0147,17.0147,80.16,0.340974,100.0,20.0,0.0
2024-09-23,16,12:00,1.3266,17.1381,18.4647,78.94,0.364401,100.0,20.0,0.0
2024-09-23,17,12:15,4.184,16.0793,20.2632,78.94,0.399895,100.0,20.0,0.0
2024-09-23,18,12:30,5.1593,3.2115,8.3708,78.94,0.165198,100.0,20.0,0.0
2024-09-23,19,12:45,4.2588,9.5021,13.7609,78.94,0.271572,60.0,60.0,0.0
2024-09-23,20,13:00,5.404,17.0147,22.4187,76.55,0.429038,60.0,60.0,0.0
2024-09-23,21,13:15,4.491,17.1381,21.6291,76.55,0.413928,60.0,60.0,0.0
2024-09-23,22,13:30,5.1252,16.0793,21.2045,76.55,0.4058,60.0,60.0,0.0
2024-09-23,23,13:45,3.0543,3.2115,6.2658,76.55,0.119912,60.0,60.0,0.0
2024-09-23,24,14:00,5.093,9.5021,14.5951,76.77,0.280116,20.0,100.0,0.0
2024-09-23,25,14:15,3.6006,17.0147,20.6153,76.77,0.395659,20.0,100.0,0.0
2024-09-23,26,14:30,4.9802,17.1381,22.1183,76.77,0.424506,20.0,100.0,0.0
2024-09-23,27,14:45,4.3843,16.0793,20.4636,76.77,0.392748,20.0,100.0,0.0
2024-09-23,28,15:00,1.5369,3.2115,4.7484,80.98,0.096131,20.0,100.0,0.0
2024-09-23,29,15:15,0.0,0.0,0.0,80.98,0.0,120.0,140.0,0.0
2024-09-23,30,15:30,0.0,0.0,0.0,80.98,0.0,120.0,140.0,0.0
2024-09-23,31,15:45,0.0,0.0,0.0,80.98,0.0,120.0,140.0,0.0
2024-09-23,32,16:00,0.0,0.0,0.0,102.25,0.0,120.0,140.0,0.0
2024-09-23,33,16:15,0.0,0.0,0.0,102.25,0.0,120.0,140.0,0.0
2024-09-23,34,16:30,0.0,0.0,0.0,102.25,0.0,120.0,140.0,0.0
2024-09-23,35,16:45,0.0,0.0,0.0,102.25,0.0,120.0,140.0,0.0
2024-09-23,36,17:00,0.0,0.0,0.0,136.01,0.0,120.0,140.0,0.0
2024-09-23,37,17:15,0.0,0.0,0.0,136.01,0.0,120.0,140.0,0.0
2024-09-23,38,17:30,0.0,0.0,0.0,136.01,0.0,120.0,140.0,0.0
2024-09-23,39,17:45,0.0,0.0,0.0,136.01,0.0,120.0,140.0,0.0
2024-09-23,40,18:00,0.0,0.0,0.0,240.26,0.0,120.0,140.0,0.0
2024-09-23,41,18:15,0.0,0.0,0.0,240.26,0.0,120.0,140.0,0.0
2024-09-23,42,18:30,0.0,0.0,0.0,240.26,0.0,120.0,140.0,0.0
2024-09-23,43,18:45,0.0,0.0,0.0,240.26,0.0,120.0,140.0,0.0
2024-09-23,44,19:00,0.0,0.0,0.0,328.39,0.0,120.0,140.0,0.0
2024-09-23,45,19:15,0.0,0.0,0.0,328.39,0.0,120.0,140.0,0.0
2024-09-23,46,19:30,0.0,0.0,0.0,328.39,0.0,120.0,140.0,0.0
2024-09-23,47,19:45,0.0,0.0,0.0,328.39,0.0,120.0,140.0,0.0
2024-09-23,48,20:00,0.0,0.0,0.0,178.64,0.0,120.0,140.0,0.0
2024-09-23,49,20:15,0.0,0.0,0.0,178.64,0.0,120.0,140.0,0.0
2024-09-23,50,20:30,0.0,0.0,0.0,178.64,0.0,120.0,140.0,0.0
2024-09-23,51,20:45,0.0,0.0,0.0,178.64,0.0,120.0,140.0,0.0
2024-09-23,52,21:00,0.0,0.0,0.0,116.71,0.0,120.0,140.0,0.0
2024-09-23,53,21:15,0.0,0.0,0.0,116.71,0.0,120.0,140.0,0.0
2024-09-23,54,21:30,0.0,0.0,0.0,116.71,0.0,120.0,140.0,0.0
2024-09-23,55,21:45,0.0,0.0,0.0,116.71,0.0,120.0,0.0,140.0
2024-09-24,0,08:00,0.0,0.0,0.0,127.4,0.0,120.0,0.0,0.0
2024-09-24,1,08:15,0.0,0.0,0.0,127.4,0.0,120.0,0.0,0.0
2024-09-24,2,08:30,0.0,0.0,0.0,127.4,0.0,120.0,0.0,0.0
2024-09-24,3,08:45,0.0,0.0,0.0,127.4,0.0,120.0,0.0,0.0
2024-09-24,4,09:00,0.0,0.0,0.0,106.02,0.0,120.0,0.0,0.0
2024-09-24,5,09:15,0.0,0.0,0.0,106.02,0.0,120.0,0.0,0.0
2024-09-24,6,09:30,0.0,0.0,0.0,106.02,0.0,120.0,0.0,0.0
2024-09-24,7,09:45,0.0,0.0,0.0,106.02,0.0,120.0,0.0,0.0
2024-09-24,8,10:00,0.0,0.0,0.0,92.61,0.0,120.0,0.0,0.0
2024-09-24,9,10:15,0.0,0.0,0.0,92.61,0.0,120.0,0.0,0.0
2024-09-24,10,10:30,0.0,0.0,0.0,92.61,0.0,120.0,0.0,0.0
2024-09-24,11,10:45,0.0,0.0,0.0,92.61,0.0,120.0,0.0,0.0
2024-09-24,12,11:00,0.0,0.0,0.0,83.87,0.0,120.0,0.0,0.0
2024-09-24,13,11:15,0.0,0.0,0.0,83.87,0.0,120.0,0.0,0.0
2024-09-24,14,11:30,0.0,0.0,0.0,83.87,0.0,120.0,0.0,0.0
2024-09-24,15,11:45,0.0,0.0,0.0,83.87,0.0,120.0,0.0,0.0
2024-09-24,16,12:00,0.0,0.0,0.0,75.75,0.0,120.0,0.0,0.0
2024-09-24,17,12:15,0.0,0.0,0.0,75.75,0.0,120.0,0.0,0.0
2024-09-24,18,12:30,0.0,0.0,0.0,75.75,0.0,120.0,0.0,0.0
2024-09-24,19,12:45,1.3266,9.5021,10.8287,75.75,0.205069,80.0,0.0,0.0
2024-09-24,20,13:00,4.184,17.0147,21.1986,68.99,0.365624,80.0,0.0,0.0
2024-09-24,21,13:15,5.1593,17.1381,22.2974,68.99,0.384575,80.0,0.0,0.0
2024-09-24,22,13:30,4.2588,16.0793,20.3381,68.99,0.350782,80.0,0.0,0.0
2024-09-24,23,13:45,5.404,3.2115,8.6155,68.99,0.148596,80.0,0.0,0.0
2024-09-24,24,14:00,4.491,9.5021,13.9931,61.59,0.215459,40.0,40.0,0.0
2024-09-24,25,14:15,5.1252,17.0147,22.1399,61.59,0.340898,40.0,40.0,0.0
2024-09-24,26,14:30,3.0543,17.1381,20.1924,61.59,0.310913,40.0,40.0,0.0
2024-09-24,27,14:45,5.093,16.0793,21.1723,61.59,0.326,40.0,40.0,0.0
2024-09-24,28,15:00,3.6006,3.2115,6.8121,74.94,0.127625,40.0,40.0,0.0
2024-09-24,29,15:15,4.9802,9.5021,14.4823,74.94,0.271327,0.0,80.0,0.0
2024-09-24,30,15:30,4.3843,17.0147,21.399,74.94,0.400911,0.0,80.0,0.0
2024-09-24,31,15:45,1.5369,17.1381,18.675,74.94,0.349876,0.0,80.0,0.0
2024-09-24,32,16:00,0.0,16.0793,16.0793,83.27,0.33473,100.0,80.0,0.0
2024-09-24,33,16:15,0.0,3.2115,3.2115,83.27,0.066855,100.0,80.0,0.0
2024-09-24,34,16:30,0.0,0.0,0.0,83.27,0.0,100.0,120.0,0.0
2024-09-24,35,16:45,0.0,0.0,0.0,83.27,0.0,100.0,120.0,0.0
2024-09-24,36,17:00,0.0,0.0,0.0,104.04,0.0,100.0,120.0,0.0
2024-09-24,37,17:15,0.0,0.0,0.0,104.04,0.0,100.0,120.0,0.0
2024-09-24,38,17:30,0.0,0.0,0.0,104.04,0.0,100.0,120.0,0.0
2024-09-24,39,17:45,0.0,0.0,0.0,104.04,0.0,100.0,120.0,0.0
2024-09-24,40,18:00,0.0,0.0,0.0,119.05,0.0,100.0,120.0,0.0
2024-09-24,41,18:15,0.0,0.0,0.0,119.05,0.0,100.0,120.0,0.0
2024-09-24,42,18:30,0.0,0.0,0.0,119.05,0.0,100.0,120.0,0.0
2024-09-24,43,18:45,0.0,0.0,0.0,119.05,0.0,100.0,120.0,0.0
2024-09-24,44,19:00,0.0,0.0,0.0,124.13,0.0,100.0,120.0,0.0
2024-09-24,45,19:15,0.0,0.0,0.0,124.13,0.0,100.0,120.0,0.0
2024-09-24,46,19:30,0.0,0.0,0.0,124.13,0.0,100.0,120.0,0.0
2024-09-24,47,19:45,0.0,0.0,0.0,124.13,0.0,100.0,120.0,0.0
2024-09-24,48,20:00,0.0,0.0,0.0,101.7,0.0,100.0,120.0,0.0
2024-09-24,49,20:15,0.0,0.0,0.0,101.7,0.0,100.0,120.0,0.0
2024-09-24,50,20:30,0.0,0.0,0.0,101.7,0.0,100.0,120.0,0.0
2024-09-24,51,20:45,0.0,0.0,0.0,101.7,0.0,100.0,120.0,0.0
2024-09-24,52,21:00,0.0,0.0,0.0,80.44,0.0,100.0,120.0,0.0
2024-09-24,53,21:15,0.0,0.0,0.0,80.44,0.0,100.0,120.0,0.0
2024-09-24,54,21:30,0.0,0.0,0.0,80.44,0.0,100.0,120.0,0.0
2024-09-24,55,21:45,0.0,0.0,0.0,80.44,0.0,100.0,10.0,110.0
2024-09-25,0,08:00,0.0,0.0,0.0,88.15,0.0,100.0,10.0,0.0
2024-09-25,1,08:15,0.0,0.0,0.0,88.15,0.0,100.0,10.0,0.0
2024-09-25,2,08:30,0.0,0.0,0.0,88.15,0.0,100.0,10.0,0.0
2024-09-25,3,08:45,0.0,0.0,0.0,88.15,0.0,100.0,10.0,0.0
2024-09-25,4,09:00,0.0,0.0,0.0,70.32,0.0,100.0,10.0,0.0
2024-09-25,5,09:15,0.0,0.0,0.0,70.32,0.0,100.0,10.0,0.0
2024-09-25,6,09:30,0.0,0.0,0.0,70.32,0.0,100.0,10.0,0.0
2024-09-25,7,09:45,0.0,0.0,0.0,70.32,0.0,100.0,10.0,0.0
2024-09-25,8,10:00,0.0,0.0,0.0,49.46,0.0,100.0,10.0,0.0
2024-09-25,9,10:15,0.0,0.0,0.0,49.46,0.0,100.0,10.0,0.0
2024-09-25,10,10:30,0.0,0.0,0.0,49.46,0.0,100.0,10.0,0.0
2024-09-25,11,10:45,1.8638,9.5021,11.3659,49.46,0.14054,60.0,10.0,0.0
2024-09-25,12,11:00,6.7293,17.0147,23.744,25.24,0.149824,60.0,10.0,0.0
2024-09-25,13,11:15,5.9956,17.1381,23.1337,25.24,0.145974,60.0,10.0,0.0
2024-09-25,14,11:30,7.1179,16.0793,23.1972,25.24,0.146374,60.0,10.0,0.0
2024-09-25,15,11:45,6.1091,3.2115,9.3206,25.24,0.058813,60.0,10.0,0.0
2024-09-25,16,12:00,5.6324,9.5021,15.1345,19.1,0.072267,20.0,50.0,0.0
2024-09-25,17,12:15,5.8458,17.0147,22.8605,19.1,0.109159,20.0,50.0,0.0
2024-09-25,18,12:30,5.1816,17.1381,22.3197,19.1,0.106576,20.0,50.0,0.0
2024-09-25,19,12:45,6.7301,16.0793,22.8094,19.1,0.108915,20.0,50.0,0.0
2024-09-25,20,13:00,3.9878,3.2115,7.1993,18.78,0.033801,20.0,50.0,0.0
2024-09-25,21,13:15,0.0,9.5021,9.5021,18.78,0.044612,80.0,90.0,0.0
2024-09-25,22,13:30,0.0,17.0147,17.0147,18.78,0.079884,80.0,90.0,0.0
2024-09-25,23,13:45,0.0,17.1381,17.1381,18.78,0.080463,80.0,90.0,0.0
2024-09-25,24,14:00,0.0,16.0793,16.0793,55.53,0.223221,80.0,90.0,0.0
2024-09-25,25,14:15,0.0,3.2115,3.2115,55.53,0.044583,80.0,90.0,0.0
2024-09-25,26,14:30,0.0,0.0,0.0,55.53,0.0,80.0,130.0,0.0
2024-09-25,27,14:45,0.0,0.0,0.0,55.53,0.0,80.0,130.0,0.0
2024-09-25,28,15:00,0.0,0.0,0.0,72.23,0.0,80.0,130.0,0.0
2024-09-25,29,15:15,0.0,0.0,0.0,72.23,0.0,80.0,130.0,0.0
2024-09-25,30,15:30,0.0,0.0,0.0,72.23,0.0,80.0,130.0,0.0
2024-09-25,31,15:45,0.0,0.0,0.0,72.23,0.0,80.0,130.0,0.0
2024-09-25,32,16:00,0.0,0.0,0.0,89.69,0.0,80.0,130.0,0.0
2024-09-25,33,16:15,0.0,0.0,0.0,89.69,0.0,80.0,130.0,0.0
2024-09-25,34,16:30,0.0,0.0,0.0,89.69,0.0,80.0,130.0,0.0
2024-09-25,35,16:45,0.0,0.0,0.0,89.69,0.0,80.0,130.0,0.0
2024-09-25,36,17:00,0.0,0.0,0.0,107.85,0.0,80.0,130.0,0.0
2024-09-25,37,17:15,0.0,0.0,0.0,107.85,0.0,80.0,130.0,0.0
2024-09-25,38,17:30,0.0,0.0,0.0,107.85,0.0,80.0,130.0,0.0
2024-09-25,39,17:45,0.0,0.0,0.0,107.85,0.0,80.0,130.0,0.0
2024-09-25,40,18:00,0.0,0.0,0.0,156.2,0.0,80.0,130.0,0.0
2024-09-25,41,18:15,0.0,0.0,0.0,156.2,0.0,80.0,130.0,0.0
2024-09-25,42,18:30,0.0,0.0,0.0,156.2,0.0,80.0,130.0,0.0
2024-09-25,43,18:45,0.0,0.0,0.0,156.2,0.0,80.0,130.0,0.0
2024-09-25,44,19:00,0.0,0.0,0.0,195.42,0.0,80.0,130.0,0.0
2024-09-25,45,19:15,0.0,0.0,0.0,195.42,0.0,80.0,130.0,0.0
2024-09-25,46,19:30,0.0,0.0,0.0,195.42,0.0,80.0,130.0,0.0
2024-09-25,47,19:45,0.0,0.0,0.0,195.42,0.0,80.0,130.0,0.0
2024-09-25,48,20:00,0.0,0.0,0.0,131.84,0.0,80.0,130.0,0.0
2024-09-25,49,20:15,0.0,0.0,0.0,131.84,0.0,80.0,130.0,0.0
2024-09-25,50,20:30,0.0,0.0,0.0,131.84,0.0,80.0,130.0,0.0
2024-09-25,51,20:45,0.0,0.0,0.0,131.84,0.0,80.0,130.0,0.0
2024-09-25,52,21:00,0.0,0.0,0.0,96.61,0.0,80.0,130.0,0.0
2024-09-25,53,21:15,0.0,0.0,0.0,96.61,0.0,80.0,130.0,0.0
2024-09-25,54,21:30,0.0,0.0,0.0,96.61,0.0,80.0,130.0,0.0
2024-09-25,55,21:45,0.0,0.0,0.0,96.61,0.0,80.0,20.0,110.0
2024-09-26,0,08:00,0.0,0.0,0.0,83.4,0.0,80.0,20.0,0.0
2024-09-26,1,08:15,0.0,0.0,0.0,83.4,0.0,80.0,20.0,0.0
2024-09-26,2,08:30,0.0,0.0,0.0,83.4,0.0,80.0,20.0,0.0
2024-09-26,3,08:45,0.0,0.0,0.0,83.4,0.0,80.0,20.0,0.0
2024-09-26,4,09:00,0.0,0.0,0.0,67.33,0.0,80.0,20.0,0.0
2024-09-26,5,09:15,0.0,0.0,0.0,67.33,0.0,80.0,20.0,0.0
2024-09-26,6,09:30,0.0,0.0,0.0,67.33,0.0,80.0,20.0,0.0
2024-09-26,7,09:45,0.0,0.0,0.0,67.33,0.0,80.0,20.0,0.0
2024-09-26,8,10:00,0.0,0.0,0.0,49.23,0.0,80.0,20.0,0.0
2024-09-26,9,10:15,1.8638,9.5021,11.3659,49.23,0.139886,40.0,20.0,0.0
2024-09-26,10,10:30,6.7293,17.0147,23.744,49.23,0.292229,40.0,20.0,0.0
2024-09-26,11,10:45,5.9956,17.1381,23.1337,49.23,0.284718,40.0,20.0,0.0
2024-09-26,12,11:00,7.1179,16.0793,23.1972,31.62,0.183374,40.0,20.0,0.0
2024-09-26,13,11:15,6.1091,3.2115,9.3206,31.62,0.073679,40.0,20.0,0.0
2024-09-26,14,11:30,5.6324,9.5021,15.1345,31.62,0.119639,0.0,60.0,0.0
2024-09-26,15,11:45,5.8458,17.0147,22.8605,31.62,0.180712,0.0,60.0,0.0
2024-09-26,16,12:00,5.1816,17.1381,22.3197,17.0,0.094859,0.0,60.0,0.0
2024-09-26,17,12:15,6.7301,16.0793,22.8094,17.0,0.09694,0.0,60.0,0.0
2024-09-26,18,12:30,3.9878,3.2115,7.1993,17.0,0.030597,0.0,60.0,0.0
2024-09-26,19,12:45,1.8638,9.5021,11.3659,17.0,0.048305,60.0,100.0,0.0
2024-09-26,20,13:00,6.7293,17.0147,23.744,12.08,0.071707,60.0,100.0,0.0
2024-09-26,21,13:15,5.9956,17.1381,23.1337,12.08,0.069864,60.0,100.0,0.0
2024-09-26,22,13:30,7.1179,16.0793,23.1972,12.08,0.070055,60.0,100.0,0.0
2024-09-26,23,13:45,6.1091,3.2115,9.3206,12.08,0.028148,60.0,100.0,0.0
2024-09-26,24,14:00,5.6324,9.5021,15.1345,12.68,0.047976,20.0,140.0,0.0
2024-09-26,25,14:15,5.8458,17.0147,22.8605,12.68,0.072468,20.0,140.0,0.0
2024-09-26,26,14:30,5.1816,17.1381,22.3197,12.68,0.070753,20.0,140.0,0.0
2024-09-26,27,14:45,6.7301,16.0793,22.8094,12.68,0.072306,20.0,140.0,0.0
2024-09-26,28,15:00,3.9878,3.2115,7.1993,37.9,0.068213,20.0,40.0,100.0
2024-09-26,29,15:15,0.0,9.5021,9.5021,37.9,0.090032,80.0,80.0,0.0
2024-09-26,30,15:30,0.0,17.0147,17.0147,37.9,0.161214,80.0,80.0,0.0
2024-09-26,31,15:45,0.0,17.1381,17.1381,37.9,0.162383,80.0,80.0,0.0
2024-09-26,32,16:00,0.0,16.0793,16.0793,54.91,0.220728,80.0,80.0,0.0
2024-09-26,33,16:15,0.0,3.2115,3.2115,54.91,0.044086,80.0,80.0,0.0
2024-09-26,34,16:30,0.0,0.0,0.0,54.91,0.0,80.0,120.0,0.0
2024-09-26,35,16:45,0.0,0.0,0.0,54.91,0.0,80.0,120.0,0.0
2024-09-26,36,17:00,0.0,0.0,0.0,73.65,0.0,80.0,120.0,0.0
2024-09-26,37,17:15,0.0,0.0,0.0,73.65,0.0,80.0,120.0,0.0
2024-09-26,38,17:30,0.0,0.0,0.0,73.65,0.0,80.0,120.0,0.0
2024-09-26,39,17:45,0.0,0.0,0.0,73.65,0.0,80.0,120.0,0.0
2024-09-26,40,18:00,0.0,0.0,0.0,80.0,0.0,80.0,120.0,0.0
2024-09-26,41,18:15,0.0,0.0,0.0,80.0,0.0,80.0,120.0,0.0
2024-09-26,42,18:30,0.0,0.0,0.0,80.0,0.0,80.0,120.0,0.0
2024-09-26,43,18:45,0.0,0.0,0.0,80.0,0.0,80.0,120.0,0.0
2024-09-26,44,19:00,0.0,0.0,0.0,89.0,0.0,80.0,120.0,0.0
2024-09-26,45,19:15,0.0,0.0,0.0,89.0,0.0,80.0,120.0,0.0
2024-09-26,46,19:30,0.0,0.0,0.0,89.0,0.0,80.0,120.0,0.0
2024-09-26,47,19:45,0.0,0.0,0.0,89.0,0.0,80.0,120.0,0.0
2024-09-26,48,20:00,0.0,0.0,0.0,78.93,0.0,80.0,120.0,0.0
2024-09-26,49,20:15,0.0,0.0,0.0,78.93,0.0,80.0,120.0,0.0
2024-09-26,50,20:30,0.0,0.0,0.0,78.93,0.0,80.0,120.0,0.0
2024-09-26,51,20:45,0.0,0.0,0.0,78.93,0.0,80.0,120.0,0.0
2024-09-26,52,21:00,0.0,0.0,0.0,62.84,0.0,80.0,120.0,0.0
2024-09-26,53,21:15,0.0,0.0,0.0,62.84,0.0,80.0,120.0,0.0
2024-09-26,54,21:30,0.0,0.0,0.0,62.84,0.0,80.0,120.0,0.0
2024-09-26,55,21:45,0.0,0.0,0.0,62.84,0.0,80.0,10.0,110.0
2024-09-27,0,08:00,0.0,0.0,0.0,39.92,0.0,80.0,10.0,0.0
2024-09-27,1,08:15,0.0,0.0,0.0,39.92,0.0,80.0,10.0,0.0
2024-09-27,2,08:30,0.0,0.0,0.0,39.92,0.0,80.0,10.0,0.0
2024-09-27,3,08:45,1.8638,9.5021,11.3659,39.92,0.113432,40.0,10.0,0.0
2024-09-27,4,09:00,6.7293,17.0147,23.744,5.53,0.032826,40.0,10.0,0.0
2024-09-27,5,09:15,5.9956,17.1381,23.1337,5.53,0.031982,40.0,10.0,0.0
2024-09-27,6,09:30,7.1179,16.0793,23.1972,5.53,0.03207,40.0,10.0,0.0
2024-09-27,7,09:45,6.1091,3.2115,9.3206,5.53,0.012886,40.0,10.0,0.0
2024-09-27,8,10:00,5.6324,9.5021,15.1345,-0.09,-0.000341,0.0,50.0,0.0
2024-09-27,9,10:15,5.8458,17.0147,22.8605,-0.09,-0.000514,0.0,50.0,0.0
2024-09-27,10,10:30,5.1816,17.1381,22.3197,-0.09,-0.000502,0.0,50.0,0.0
2024-09-27,11,10:45,6.7301,16.0793,22.8094,-0.09,-0.000513,0.0,50.0,0.0
2024-09-27,12,11:00,3.9878,3.2115,7.1993,-3.75,-0.006749,0.0,50.0,0.0
2024-09-27,13,11:15,1.8638,9.5021,11.3659,-3.75,-0.010656,60.0,90.0,0.0
2024-09-27,14,11:30,6.7293,17.0147,23.744,-3.75,-0.02226,60.0,90.0,0.0
2024-09-27,15,11:45,5.9956,17.1381,23.1337,-3.75,-0.021688,60.0,90.0,0.0
2024-09-27,16,12:00,7.1179,16.0793,23.1972,-5.56,-0.032244,60.0,90.0,0.0
2024-09-27,17,12:15,6.1091,3.2115,9.3206,-5.56,-0.012956,60.0,90.0,0.0
2024-09-27,18,12:30,5.6324,9.5021,15.1345,-5.56,-0.021037,20.0,130.0,0.0
2024-09-27,19,12:45,5.8458,17.0147,22.8605,-5.56,-0.031776,20.0,130.0,0.0
2024-09-27,20,13:00,5.1816,17.1381,22.3197,-6.32,-0.035265,20.0,130.0,0.0
2024-09-27,21,13:15,6.7301,16.0793,22.8094,-6.32,-0.036039,20.0,130.0,0.0
2024-09-27,22,13:30,3.9878,3.2115,7.1993,-6.32,-0.011375,20.0,130.0,0.0
2024-09-27,23,13:45,1.8638,9.5021,11.3659,-6.32,-0.017958,80.0,170.0,0.0
2024-09-27,24,14:00,6.7293,17.0147,23.744,-5.05,-0.029977,80.0,170.0,0.0
2024-09-27,25,14:15,5.9956,17.1381,23.1337,-5.05,-0.029206,80.0,170.0,0.0
2024-09-27,26,14:30,7.1179,16.0793,23.1972,-5.05,-0.029286,80.0,170.0,0.0
2024-09-27,27,14:45,6.1091,3.2115,9.3206,-5.05,-0.011767,80.0,170.0,0.0
2024-09-27,28,15:00,5.6324,9.5021,15.1345,-0.11,-0.000416,40.0,60.0,150.0
2024-09-27,29,15:15,5.8458,17.0147,22.8605,-0.11,-0.000629,40.0,60.0,0.0
2024-09-27,30,15:30,5.1816,17.1381,22.3197,-0.11,-0.000614,40.0,60.0,0.0
2024-09-27,31,15:45,6.7301,16.0793,22.8094,-0.11,-0.000627,40.0,60.0,0.0
2024-09-27,32,16:00,3.9878,3.2115,7.1993,0.0,0.0,40.0,60.0,0.0
2024-09-27,33,16:15,0.0,9.5021,9.5021,0.0,0.0,100.0,100.0,0.0
2024-09-27,34,16:30,0.0,17.0147,17.0147,0.0,0.0,100.0,100.0,0.0
2024-09-27,35,16:45,0.0,17.1381,17.1381,0.0,0.0,100.0,100.0,0.0
2024-09-27,36,17:00,0.0,16.0793,16.0793,37.83,0.15207,100.0,100.0,0.0
2024-09-27,37,17:15,0.0,3.2115,3.2115,37.83,0.030373,100.0,100.0,0.0
2024-09-27,38,17:30,0.0,0.0,0.0,37.83,0.0,100.0,140.0,0.0
2024-09-27,39,17:45,0.0,0.0,0.0,37.83,0.0,100.0,140.0,0.0
2024-09-27,40,18:00,0.0,0.0,0.0,62.55,0.0,100.0,140.0,0.0
2024-09-27,41,18:15,0.0,0.0,0.0,62.55,0.0,100.0,140.0,0.0
2024-09-27,42,18:30,0.0,0.0,0.0,62.55,0.0,100.0,140.0,0.0
2024-09-27,43,18:45,0.0,0.0,0.0,62.55,0.0,100.0,140.0,0.0
2024-09-27,44,19:00,0.0,0.0,0.0,60.47,0.0,100.0,140.0,0.0
2024-09-27,45,19:15,0.0,0.0,0.0,60.47,0.0,100.0,140.0,0.0
2024-09-27,46,19:30,0.0,0.0,0.0,60.47,0.0,100.0,140.0,0.0
2024-09-27,47,19:45,0.0,0.0,0.0,60.47,0.0,100.0,140.0,0.0
2024-09-27,48,20:00,0.0,0.0,0.0,59.57,0.0,100.0,140.0,0.0
2024-09-27,49,20:15,0.0,0.0,0.0,59.57,0.0,100.0,140.0,0.0
2024-09-27,50,20:30,0.0,0.0,0.0,59.57,0.0,100.0,140.0,0.0
2024-09-27,51,20:45,0.0,0.0,0.0,59.57,0.0,100.0,140.0,0.0
2024-09-27,52,21:00,0.0,0.0,0.0,33.09,0.0,100.0,140.0,0.0
2024-09-27,53,21:15,0.0,0.0,0.0,33.09,0.0,100.0,140.0,0.0
2024-09-27,54,21:30,0.0,0.0,0.0,33.09,0.0,100.0,140.0,0.0
2024-09-27,55,21:45,0.0,0.0,0.0,33.09,0.0,100.0,10.0,130.0
2024-09-30,0,08:00,0.0,0.0,0.0,93.55,0.0,100.0,10.0,0.0
2024-09-30,1,08:15,0.0,0.0,0.0,93.55,0.0,100.0,10.0,0.0
2024-09-30,2,08:30,0.0,0.0,0.0,93.55,0.0,100.0,10.0,0.0
2024-09-30,3,08:45,0.0,0.0,0.0,93.55,0.0,100.0,10.0,0.0
2024-09-30,4,09:00,0.0,0.0,0.0,68.46,0.0,100.0,10.0,0.0
2024-09-30,5,09:15,0.0,0.0,0.0,68.46,0.0,100.0,10.0,0.0
2024-09-30,6,09:30,0.0,0.0,0.0,68.46,0.0,100.0,10.0,0.0
2024-09-30,7,09:45,1.8638,9.5021,11.3659,68.46,0.194528,60.0,10.0,0.0
2024-09-30,8,10:00,6.7293,17.0147,23.744,44.41,0.263617,60.0,10.0,0.0
2024-09-30,9,10:15,5.9956,17.1381,23.1337,44.41,0.256842,60.0,10.0,0.0
2024-09-30,10,10:30,7.1179,16.0793,23.1972,44.41,0.257547,60.0,10.0,0.0
2024-09-30,11,10:45,6.1091,3.2115,9.3206,44.41,0.103482,60.0,10.0,0.0
2024-09-30,12,11:00,5.6324,9.5021,15.1345,20.91,0.079116,20.0,50.0,0.0
2024-09-30,13,11:15,5.8458,17.0147,22.8605,20.91,0.119503,20.0,50.0,0.0
2024-09-30,14,11:30,5.1816,17.1381,22.3197,20.91,0.116676,20.0,50.0,0.0
2024-09-30,15,11:45,6.7301,16.0793,22.8094,20.91,0.119236,20.0,50.0,0.0
2024-09-30,16,12:00,3.9878,3.2115,7.1993,9.28,0.016702,20.0,50.0,0.0
2024-09-30,17,12:15,1.8638,9.5021,11.3659,9.28,0.026369,80.0,90.0,0.0
2024-09-30,18,12:30,6.7293,17.0147,23.744,9.28,0.055086,80.0,90.0,0.0
2024-09-30,19,12:45,5.9956,17.1381,23.1337,9.28,0.05367,80.0,90.0,0.0
2024-09-30,20,13:00,7.1179,16.0793,23.1972,2.06,0.011947,80.0,90.0,0.0
2024-09-30,21,13:15,6.1091,3.2115,9.3206,2.06,0.0048,80.0,90.0,0.0
2024-09-30,22,13:30,5.6324,9.5021,15.1345,2.06,0.007794,40.0,130.0,0.0
2024-09-30,23,13:45,5.8458,17.0147,22.8605,2.06,0.011773,40.0,130.0,0.0
2024-09-30,24,14:00,5.1816,17.1381,22.3197,7.63,0.042575,40.0,130.0,0.0
2024-09-30,25,14:15,6.7301,16.0793,22.8094,7.63,0.043509,40.0,130.0,0.0
2024-09-30,26,14:30,3.9878,3.2115,7.1993,7.63,0.013733,40.0,130.0,0.0
2024-09-30,27,14:45,1.8638,9.5021,11.3659,7.63,0.021681,100.0,170.0,0.0
2024-09-30,28,15:00,6.7293,17.0147,23.744,21.96,0.130354,100.0,170.0,0.0
2024-09-30,29,15:15,5.9956,17.1381,23.1337,21.96,0.127004,100.0,170.0,0.0
2024-09-30,30,15:30,7.1179,16.0793,23.1972,21.96,0.127352,100.0,170.0,0.0
2024-09-30,31,15:45,6.1091,3.2115,9.3206,21.96,0.05117,100.0,170.0,0.0
2024-09-30,32,16:00,5.6324,9.5021,15.1345,35.13,0.132919,60.0,210.0,0.0
2024-09-30,33,16:15,5.8458,17.0147,22.8605,35.13,0.200772,60.0,210.0,0.0
2024-09-30,34,16:30,5.1816,17.1381,22.3197,35.13,0.196022,60.0,210.0,0.0
2024-09-30,35,16:45,6.7301,16.0793,22.8094,35.13,0.200323,60.0,210.0,0.0
2024-09-30,36,17:00,3.9878,3.2115,7.1993,64.6,0.116268,60.0,210.0,0.0
2024-09-30,37,17:15,0.0,0.0,0.0,64.6,0.0,160.0,250.0,0.0
2024-09-30,38,17:30,0.0,0.0,0.0,64.6,0.0,160.0,250.0,0.0
2024-09-30,39,17:45,0.0,0.0,0.0,64.6,0.0,160.0,250.0,0.0
2024-09-30,40,18:00,0.0,0.0,0.0,70.36,0.0,160.0,250.0,0.0
2024-09-30,41,18:15,0.0,0.0,0.0,70.36,0.0,160.0,250.0,0.0
2024-09-30,42,18:30,0.0,0.0,0.0,70.36,0.0,160.0,250.0,0.0
2024-09-30,43,18:45,0.0,0.0,0.0,70.36,0.0,160.0,250.0,0.0
2024-09-30,44,19:00,0.0,0.0,0.0,64.24,0.0,160.0,250.0,0.0
2024-09-30,45,19:15,0.0,0.0,0.0,64.24,0.0,160.0,250.0,0.0
2024-09-30,46,19:30,0.0,9.5021,9.5021,64.24,0.152604,120.0,250.0,0.0
2024-09-30,47,19:45,0.0,17.0147,17.0147,64.24,0.273256,120.0,250.0,0.0
2024-09-30,48,20:00,0.0,17.1381,17.1381,42.35,0.18145,120.0,250.0,0.0
2024-09-30,49,20:15,0.0,16.0793,16.0793,42.35,0.170239,120.0,250.0,0.0
2024-09-30,50,20:30,0.0,3.2115,3.2115,42.35,0.034002,120.0,250.0,0.0
2024-09-30,51,20:45,0.0,9.5021,9.5021,42.35,0.100603,80.0,290.0,0.0
2024-09-30,52,21:00,0.0,17.0147,17.0147,21.93,0.093283,80.0,290.0,0.0
2024-09-30,53,21:15,0.0,17.1381,17.1381,21.93,0.09396,80.0,290.0,0.0
2024-09-30,54,21:30,0.0,16.0793,16.0793,21.93,0.088155,80.0,290.0,0.0
2024-09-30,55,21:45,0.0,3.2115,3.2115,21.93,0.017607,80.0,110.0,180.0
2024-10-01,0,08:00,0.0,0.0,0.0,114.98,0.0,80.0,150.0,0.0
2024-10-01,1,08:15,0.0,0.0,0.0,114.98,0.0,80.0,150.0,0.0
2024-10-01,2,08:30,0.0,0.0,0.0,114.98,0.0,80.0,150.0,0.0
2024-10-01,3,08:45,0.0,0.0,0.0,114.98,0.0,80.0,150.0,0.0
2024-10-01,4,09:00,0.0,0.0,0.0,100.41,0.0,80.0,150.0,0.0
2024-10-01,5,09:15,0.0,0.0,0.0,100.41,0.0,80.0,150.0,0.0
2024-10-01,6,09:30,0.0,0.0,0.0,100.41,0.0,80.0,150.0,0.0
2024-10-01,7,09:45,0.0,0.0,0.0,100.41,0.0,80.0,150.0,0.0
2024-10-01,8,10:00,0.0,0.0,0.0,76.48,0.0,80.0,150.0,0.0
2024-10-01,9,10:15,0.0,0.0,0.0,76.48,0.0,80.0,150.0,0.0
2024-10-01,10,10:30,0.0,0.0,0.0,76.48,0.0,80.0,150.0,0.0
2024-10-01,11,10:45,0.0,0.0,0.0,76.48,0.0,80.0,150.0,0.0
2024-10-01,12,11:00,0.0,0.0,0.0,68.21,0.0,80.0,150.0,0.0
2024-10-01,13,11:15,1.8638,9.5021,11.3659,68.21,0.193818,40.0,150.0,0.0
2024-10-01,14,11:30,6.7293,17.0147,23.744,68.21,0.404894,40.0,150.0,0.0
2024-10-01,15,11:45,5.9956,17.1381,23.1337,68.21,0.394487,40.0,150.0,0.0
2024-10-01,16,12:00,7.1179,16.0793,23.1972,58.6,0.339839,40.0,150.0,0.0
2024-10-01,17,12:15,6.1091,3.2115,9.3206,58.6,0.136546,40.0,150.0,0.0
2024-10-01,18,12:30,5.6324,9.5021,15.1345,58.6,0.221721,0.0,190.0,0.0
2024-10-01,19,12:45,5.8458,17.0147,22.8605,58.6,0.334906,0.0,190.0,0.0
2024-10-01,20,13:00,5.1816,17.1381,22.3197,55.66,0.310578,0.0,190.0,0.0
2024-10-01,21,13:15,6.7301,16.0793,22.8094,55.66,0.317393,0.0,190.0,0.0
2024-10-01,22,13:30,3.9878,3.2115,7.1993,55.66,0.100178,0.0,190.0,0.0
2024-10-01,23,13:45,0.0,9.5021,9.5021,55.66,0.132222,60.0,230.0,0.0
2024-10-01,24,14:00,0.0,17.0147,17.0147,56.51,0.240375,60.0,230.0,0.0
2024-10-01,25,14:15,0.0,17.1381,17.1381,56.51,0.242118,60.0,230.0,0.0
2024-10-01,26,14:30,0.0,16.0793,16.0793,56.51,0.22716,60.0,230.0,0.0
2024-10-01,27,14:45,0.0,3.2115,3.2115,56.51,0.04537,60.0,230.0,0.0
2024-10-01,28,15:00,0.0,9.5021,9.5021,62.18,0.14771,20.0,100.0,170.0
2024-10-01,29,15:15,0.0,17.0147,17.0147,62.18,0.264493,20.0,100.0,0.0
2024-10-01,30,15:30,0.0,17.1381,17.1381,62.18,0.266412,20.0,100.0,0.0
2024-10-01,31,15:45,0.0,16.0793,16.0793,62.18,0.249952,20.0,100.0,0.0
2024-10-01,32,16:00,0.0,3.2115,3.2115,98.94,0.079436,20.0,100.0,0.0
2024-10-01,33,16:15,0.0,0.0,0.0,98.94,0.0,20.0,140.0,0.0
2024-10-01,34,16:30,0.0,0.0,0.0,98.94,0.0,20.0,140.0,0.0
2024-10-01,35,16:45,0.0,0.0,0.0,98.94,0.0,20.0,140.0,0.0
2024-10-01,36,17:00,0.0,0.0,0.0,109.58,0.0,20.0,140.0,0.0
2024-10-01,37,17:15,0.0,0.0,0.0,109.58,0.0,20.0,140.0,0.0
2024-10-01,38,17:30,0.0,0.0,0.0,109.58,0.0,20.0,140.0,0.0
2024-10-01,39,17:45,0.0,0.0,0.0,109.58,0.0,20.0,140.0,0.0
2024-10-01,40,18:00,0.0,0.0,0.0,133.9,0.0,20.0,140.0,0.0
2024-10-01,41,18:15,0.0,0.0,0.0,133.9,0.0,20.0,140.0,0.0
2024-10-01,42,18:30,0.0,0.0,0.0,133.9,0.0,20.0,140.0,0.0
2024-10-01,43,18:45,0.0,0.0,0.0,133.9,0.0,20.0,140.0,0.0
2024-10-01,44,19:00,0.0,0.0,0.0,136.51,0.0,20.0,140.0,0.0
2024-10-01,45,19:15,0.0,0.0,0.0,136.51,0.0,20.0,140.0,0.0
2024-10-01,46,19:30,0.0,0.0,0.0,136.51,0.0,20.0,140.0,0.0
2024-10-01,47,19:45,0.0,0.0,0.0,136.51,0.0,20.0,140.0,0.0
2024-10-01,48,20:00,0.0,0.0,0.0,118.54,0.0,20.0,140.0,0.0
2024-10-01,49,20:15,0.0,0.0,0.0,118.54,0.0,20.0,140.0,0.0
2024-10-01,50,20:30,0.0,0.0,0.0,118.54,0.0,20.0,140.0,0.0
2024-10-01,51,20:45,0.0,0.0,0.0,118.54,0.0,20.0,140.0,0.0
2024-10-01,52,21:00,0.0,0.0,0.0,92.3,0.0,20.0,140.0,0.0
2024-10-01,53,21:15,0.0,0.0,0.0,92.3,0.0,20.0,140.0,0.0
2024-10-01,54,21:30,0.0,0.0,0.0,92.3,0.0,20.0,140.0,0.0
2024-10-01,55,21:45,0.0,0.0,0.0,92.3,0.0,20.0,140.0,0.0
2024-10-02,0,08:00,0.0,0.0,0.0,135.7,0.0,20.0,140.0,0.0
2024-10-02,1,08:15,0.0,0.0,0.0,135.7,0.0,20.0,140.0,0.0
2024-10-02,2,08:30,0.0,0.0,0.0,135.7,0.0,20.0,140.0,0.0
2024-10-02,3,08:45,0.0,0.0,0.0,135.7,0.0,20.0,140.0,0.0
2024-10-02,4,09:00,0.0,0.0,0.0,117.59,0.0,20.0,140.0,0.0
2024-10-02,5,09:15,0.0,0.0,0.0,117.59,0.0,20.0,140.0,0.0
2024-10-02,6,09:30,0.0,0.0,0.0,117.59,0.0,20.0,140.0,0.0
2024-10-02,7,09:45,0.0,0.0,0.0,117.59,0.0,20.0,140.0,0.0
2024-10-02,8,10:00,0.0,0.0,0.0,103.21,0.0,20.0,140.0,0.0
2024-10-02,9,10:15,0.0,0.0,0.0,103.21,0.0,20.0,140.0,0.0
2024-10-02,10,10:30,0.0,0.0,0.0,103.21,0.0,20.0,140.0,0.0
2024-10-02,11,10:45,1.3266,0.0,1.3266,103.21,0.034231,20.0,140.0,0.0
2024-10-02,12,11:00,4.184,0.0,4.184,96.52,0.100959,20.0,140.0,0.0
2024-10-02,13,11:15,5.1593,0.0,5.1593,96.52,0.124495,20.0,140.0,0.0
2024-10-02,14,11:30,4.2588,0.0,4.2588,96.52,0.102766,20.0,140.0,0.0
2024-10-02,15,11:45,5.404,0.0,5.404,96.52,0.130399,20.0,140.0,0.0
2024-10-02,16,12:00,4.491,0.0,4.491,90.45,0.101554,20.0,140.0,0.0
2024-10-02,17,12:15,5.1252,0.0,5.1252,90.45,0.115893,20.0,140.0,0.0
2024-10-02,18,12:30,3.0543,0.0,3.0543,90.45,0.069066,20.0,140.0,0.0
2024-10-02,19,12:45,5.093,0.0,5.093,90.45,0.115165,20.0,140.0,0.0
2024-10-02,20,13:00,3.6006,0.0,3.6006,86.44,0.07781,20.0,140.0,0.0
2024-10-02,21,13:15,4.9802,0.0,4.9802,86.44,0.107623,20.0,140.0,0.0
2024-10-02,22,13:30,4.3843,0.0,4.3843,86.44,0.094746,20.0,140.0,0.0
2024-10-02,23,13:45,1.5369,0.0,1.5369,86.44,0.033212,20.0,140.0,0.0
2024-10-02,24,14:00,1.3266,9.5021,10.8287,78.87,0.213516,80.0,140.0,0.0
2024-10-02,25,14:15,4.184,17.0147,21.1986,78.87,0.417984,80.0,140.0,0.0
2024-10-02,26,14:30,5.1593,17.1381,22.2974,78.87,0.43965,80.0,140.0,0.0
2024-10-02,27,14:45,4.2588,16.0793,20.3381,78.87,0.401017,80.0,140.0,0.0
2024-10-02,28,15:00,5.404,3.2115,8.6155,82.07,0.176769,80.0,0.0,140.0
2024-10-02,29,15:15,4.491,0.0,4.491,82.07,0.092145,80.0,40.0,0.0
2024-10-02,30,15:30,5.1252,0.0,5.1252,82.07,0.105156,80.0,40.0,0.0
2024-10-02,31,15:45,3.0543,9.5021,12.5564,82.07,0.257627,40.0,40.0,0.0
2024-10-02,32,16:00,5.093,17.0147,22.1077,81.51,0.450499,40.0,40.0,0.0
2024-10-02,33,16:15,3.6006,17.1381,20.7387,81.51,0.422604,40.0,40.0,0.0
2024-10-02,34,16:30,4.9802,16.0793,21.0595,81.51,0.42914,40.0,40.0,0.0
2024-10-02,35,16:45,4.3843,3.2115,7.5958,81.51,0.154784,40.0,40.0,0.0
2024-10-02,36,17:00,1.5369,0.0,1.5369,100.1,0.038461,40.0,80.0,0.0
2024-10-02,37,17:15,0.0,0.0,0.0,100.1,0.0,140.0,80.0,0.0
2024-10-02,38,17:30,0.0,0.0,0.0,100.1,0.0,140.0,80.0,0.0
2024-10-02,39,17:45,0.0,0.0,0.0,100.1,0.0,140.0,80.0,0.0
2024-10-02,40,18:00,0.0,0.0,0.0,117.01,0.0,140.0,80.0,0.0
2024-10-02,41,18:15,0.0,0.0,0.0,117.01,0.0,140.0,80.0,0.0
2024-10-02,42,18:30,0.0,0.0,0.0,117.01,0.0,140.0,80.0,0.0
2024-10-02,43,18:45,0.0,0.0,0.0,117.01,0.0,140.0,80.0,0.0
2024-10-02,44,19:00,0.0,0.0,0.0,130.07,0.0,140.0,80.0,0.0
2024-10-02,45,19:15,0.0,0.0,0.0,130.07,0.0,140.0,80.0,0.0
2024-10-02,46,19:30,0.0,0.0,0.0,130.07,0.0,140.0,80.0,0.0
2024-10-02,47,19:45,0.0,0.0,0.0,130.07,0.0,140.0,80.0,0.0
2024-10-02,48,20:00,0.0,0.0,0.0,114.37,0.0,140.0,80.0,0.0
2024-10-02,49,20:15,0.0,0.0,0.0,114.37,0.0,140.0,80.0,0.0
2024-10-02,50,20:30,0.0,0.0,0.0,114.37,0.0,140.0,80.0,0.0
2024-10-02,51,20:45,0.0,0.0,0.0,114.37,0.0,140.0,80.0,0.0
2024-10-02,52,21:00,0.0,0.0,0.0,96.54,0.0,140.0,80.0,0.0
2024-10-02,53,21:15,0.0,0.0,0.0,96.54,0.0,140.0,80.0,0.0
2024-10-02,54,21:30,0.0,0.0,0.0,96.54,0.0,140.0,80.0,0.0
2024-10-02,55,21:45,0.0,0.0,0.0,96.54,0.0,140.0,80.0,0.0
2024-10-04,0,08:00,0.0,0.0,0.0,141.42,0.0,140.0,80.0,0.0
2024-10-04,1,08:15,0.0,0.0,0.0,141.42,0.0,140.0,80.0,0.0
2024-10-04,2,08:30,0.0,0.0,0.0,141.42,0.0,140.0,80.0,0.0
2024-10-04,3,08:45,0.0,0.0,0.0,141.42,0.0,140.0,80.0,0.0
2024-10-04,4,09:00,0.0,0.0,0.0,116.27,0.0,140.0,80.0,0.0
2024-10-04,5,09:15,0.0,0.0,0.0,116.27,0.0,140.0,80.0,0.0
2024-10-04,6,09:30,0.0,0.0,0.0,116.27,0.0,140.0,80.0,0.0
2024-10-04,7,09:45,0.0,0.0,0.0,116.27,0.0,140.0,80.0,0.0
2024-10-04,8,10:00,0.0,0.0,0.0,100.09,0.0,140.0,80.0,0.0
2024-10-04,9,10:15,0.0,0.0,0.0,100.09,0.0,140.0,80.0,0.0
2024-10-04,10,10:30,0.0,0.0,0.0,100.09,0.0,140.0,80.0,0.0
2024-10-04,11,10:45,0.0,0.0,0.0,100.09,0.0,140.0,80.0,0.0
2024-10-04,12,11:00,0.0,0.0,0.0,85.0,0.0,140.0,80.0,0.0
2024-10-04,13,11:15,0.0,9.5021,9.5021,85.0,0.201919,100.0,80.0,0.0
2024-10-04,14,11:30,0.0,17.0147,17.0147,85.0,0.361562,100.0,80.0,0.0
2024-10-04,15,11:45,1.3266,17.1381,18.4647,85.0,0.392376,100.0,80.0,0.0
2024-10-04,16,12:00,4.184,16.0793,20.2632,75.07,0.38029,100.0,80.0,0.0
2024-10-04,17,12:15,5.1593,3.2115,8.3708,75.07,0.1571,100.0,80.0,0.0
2024-10-04,18,12:30,4.2588,9.5021,13.7609,75.07,0.258258,60.0,120.0,0.0
2024-10-04,19,12:45,5.404,17.0147,22.4187,75.07,0.420743,60.0,120.0,0.0
2024-10-04,20,13:00,4.491,17.1381,21.6291,73.49,0.397381,60.0,120.0,0.0
2024-10-04,21,13:15,5.1252,16.0793,21.2045,73.49,0.389579,60.0,120.0,0.0
2024-10-04,22,13:30,3.0543,3.2115,6.2658,73.49,0.115119,60.0,120.0,0.0
2024-10-04,23,13:45,5.093,9.5021,14.5951,73.49,0.268148,20.0,160.0,0.0
2024-10-04,24,14:00,3.6006,17.0147,20.6153,75.82,0.390763,20.0,160.0,0.0
2024-10-04,25,14:15,4.9802,17.1381,22.1183,75.82,0.419253,20.0,160.0,0.0
2024-10-04,26,14:30,4.3843,16.0793,20.4636,75.82,0.387888,20.0,160.0,0.0
2024-10-04,27,14:45,1.5369,3.2115,4.7484,75.82,0.090005,20.0,160.0,0.0
2024-10-04,28,15:00,0.0,9.5021,9.5021,79.07,0.187833,80.0,80.0,120.0
2024-10-04,29,15:15,0.0,17.0147,17.0147,79.07,0.336338,80.0,80.0,0.0
2024-10-04,30,15:30,0.0,17.1381,17.1381,79.07,0.338777,80.0,80.0,0.0
2024-10-04,31,15:45,0.0,16.0793,16.0793,79.07,0.317847,80.0,80.0,0.0
2024-10-04,32,16:00,0.0,3.2115,3.2115,89.8,0.072098,80.0,80.0,0.0
2024-10-04,33,16:15,0.0,0.0,0.0,89.8,0.0,80.0,120.0,0.0
2024-10-04,34,16:30,0.0,0.0,0.0,89.8,0.0,80.0,120.0,0.0
2024-10-04,35,16:45,0.0,0.0,0.0,89.8,0.0,80.0,120.0,0.0
2024-10-04,36,17:00,0.0,0.0,0.0,107.1,0.0,80.0,120.0,0.0
2024-10-04,37,17:15,0.0,0.0,0.0,107.1,0.0,80.0,120.0,0.0
2024-10-04,38,17:30,0.0,0.0,0.0,107.1,0.0,80.0,120.0,0.0
2024-10-04,39,17:45,0.0,0.0,0.0,107.1,0.0,80.0,120.0,0.0
2024-10-04,40,18:00,0.0,0.0,0.0,131.97,0.0,80.0,120.0,0.0
2024-10-04,41,18:15,0.0,0.0,0.0,131.97,0.0,80.0,120.0,0.0
2024-10-04,42,18:30,0.0,0.0,0.0,131.97,0.0,80.0,120.0,0.0
2024-10-04,43,18:45,0.0,0.0,0.0,131.97,0.0,80.0,120.0,0.0
2024-10-04,44,19:00,0.0,0.0,0.0,149.02,0.0,80.0,120.0,0.0
2024-10-04,45,19:15,0.0,0.0,0.0,149.02,0.0,80.0,120.0,0.0
2024-10-04,46,19:30,0.0,0.0,0.0,149.02,0.0,80.0,120.0,0.0
2024-10-04,47,19:45,0.0,0.0,0.0,149.02,0.0,80.0,120.0,0.0
2024-10-04,48,20:00,0.0,0.0,0.0,123.7,0.0,80.0,120.0,0.0
2024-10-04,49,20:15,0.0,0.0,0.0,123.7,0.0,80.0,120.0,0.0
2024-10-04,50,20:30,0.0,0.0,0.0,123.7,0.0,80.0,120.0,0.0
2024-10-04,51,20:45,0.0,0.0,0.0,123.7,0.0,80.0,120.0,0.0
2024-10-04,52,21:00,0.0,0.0,0.0,99.9,0.0,80.0,120.0,0.0
2024-10-04,53,21:15,0.0,0.0,0.0,99.9,0.0,80.0,120.0,0.0
2024-10-04,54,21:30,0.0,0.0,0.0,99.9,0.0,80.0,120.0,0.0
2024-10-04,55,21:45,0.0,0.0,0.0,99.9,0.0,80.0,20.0,100.0
2024-10-07,0,08:00,0.0,0.0,0.0,108.32,0.0,80.0,20.0,0.0
2024-10-07,1,08:15,0.0,0.0,0.0,108.32,0.0,80.0,20.0,0.0
2024-10-07,2,08:30,0.0,0.0,0.0,108.32,0.0,80.0,20.0,0.0
2024-10-07,3,08:45,0.0,0.0,0.0,108.32,0.0,80.0,20.0,0.0
2024-10-07,4,09:00,0.0,0.0,0.0,91.86,0.0,80.0,20.0,0.0
2024-10-07,5,09:15,0.0,0.0,0.0,91.86,0.0,80.0,20.0,0.0
2024-10-07,6,09:30,0.0,0.0,0.0,91.86,0.0,80.0,20.0,0.0
2024-10-07,7,09:45,0.0,0.0,0.0,91.86,0.0,80.0,20.0,0.0
2024-10-07,8,10:00,1.8638,9.5021,11.3659,66.09,0.187794,40.0,20.0,0.0
2024-10-07,9,10:15,6.7293,17.0147,23.744,66.09,0.392309,40.0,20.0,0.0
2024-10-07,10,10:30,5.9956,17.1381,23.1337,66.09,0.382226,40.0,20.0,0.0
2024-10-07,11,10:45,7.1179,16.0793,23.1972,66.09,0.383275,40.0,20.0,0.0
2024-10-07,12,11:00,6.1091,3.2115,9.3206,60.22,0.140321,40.0,20.0,0.0
2024-10-07,13,11:15,5.6324,9.5021,15.1345,60.22,0.22785,0.0,60.0,0.0
2024-10-07,14,11:30,5.8458,17.0147,22.8605,60.22,0.344165,0.0,60.0,0.0
2024-10-07,15,11:45,5.1816,17.1381,22.3197,60.22,0.336023,0.0,60.0,0.0
2024-10-07,16,12:00,6.7301,16.0793,22.8094,54.11,0.308554,0.0,60.0,0.0
2024-10-07,17,12:15,3.9878,3.2115,7.1993,54.11,0.097388,0.0,60.0,0.0
2024-10-07,18,12:30,1.8638,9.5021,11.3659,54.11,0.153753,60.0,100.0,0.0
2024-10-07,19,12:45,6.7293,17.0147,23.744,54.11,0.321196,60.0,100.0,0.0
2024-10-07,20,13:00,5.9956,17.1381,23.1337,43.29,0.250364,60.0,100.0,0.0
2024-10-07,21,13:15,7.1179,16.0793,23.1972,43.29,0.251051,60.0,100.0,0.0
2024-10-07,22,13:30,6.1091,3.2115,9.3206,43.29,0.100872,60.0,100.0,0.0
2024-10-07,23,13:45,5.6324,9.5021,15.1345,43.29,0.163794,20.0,140.0,0.0
2024-10-07,24,14:00,5.8458,17.0147,22.8605,55.0,0.314332,20.0,140.0,0.0
2024-10-07,25,14:15,5.1816,17.1381,22.3197,55.0,0.306895,20.0,140.0,0.0
2024-10-07,26,14:30,6.7301,16.0793,22.8094,55.0,0.313629,20.0,140.0,0.0
2024-10-07,27,14:45,3.9878,3.2115,7.1993,55.0,0.09899,20.0,140.0,0.0
2024-10-07,28,15:00,0.0,9.5021,9.5021,67.01,0.159184,80.0,60.0,120.0
2024-10-07,29,15:15,0.0,17.0147,17.0147,67.01,0.285038,80.0,60.0,0.0
2024-10-07,30,15:30,0.0,17.1381,17.1381,67.01,0.287106,80.0,60.0,0.0
2024-10-07,31,15:45,0.0,16.0793,16.0793,67.01,0.269368,80.0,60.0,0.0
2024-10-07,32,16:00,0.0,3.2115,3.2115,97.9,0.078601,80.0,60.0,0.0
2024-10-07,33,16:15,0.0,0.0,0.0,97.9,0.0,80.0,100.0,0.0
2024-10-07,34,16:30,0.0,0.0,0.0,97.9,0.0,80.0,100.0,0.0
2024-10-07,35,16:45,0.0,0.0,0.0,97.9,0.0,80.0,100.0,0.0
2024-10-07,36,17:00,0.0,0.0,0.0,120.71,0.0,80.0,100.0,0.0
2024-10-07,37,17:15,0.0,0.0,0.0,120.71,0.0,80.0,100.0,0.0
2024-10-07,38,17:30,0.0,0.0,0.0,120.71,0.0,80.0,100.0,0.0
2024-10-07,39,17:45,0.0,0.0,0.0,120.71,0.0,80.0,100.0,0.0
2024-10-07,40,18:00,0.0,0.0,0.0,237.65,0.0,80.0,100.0,0.0
2024-10-07,41,18:15,0.0,0.0,0.0,237.65,0.0,80.0,100.0,0.0
2024-10-07,42,18:30,0.0,0.0,0.0,237.65,0.0,80.0,100.0,0.0
2024-10-07,43,18:45,0.0,0.0,0.0,237.65,0.0,80.0,100.0,0.0
2024-10-07,44,19:00,0.0,0.0,0.0,229.53,0.0,80.0,100.0,0.0
2024-10-07,45,19:15,0.0,0.0,0.0,229.53,0.0,80.0,100.0,0.0
2024-10-07,46,19:30,0.0,0.0,0.0,229.53,0.0,80.0,100.0,0.0
2024-10-07,47,19:45,0.0,0.0,0.0,229.53,0.0,80.0,100.0,0.0
2024-10-07,48,20:00,0.0,0.0,0.0,121.98,0.0,80.0,100.0,0.0
2024-10-07,49,20:15,0.0,0.0,0.0,121.98,0.0,80.0,100.0,0.0
2024-10-07,50,20:30,0.0,0.0,0.0,121.98,0.0,80.0,100.0,0.0
2024-10-07,51,20:45,0.0,0.0,0.0,121.98,0.0,80.0,100.0,0.0
2024-10-07,52,21:00,0.0,0.0,0.0,99.93,0.0,80.0,100.0,0.0
2024-10-07,53,21:15,0.0,0.0,0.0,99.93,0.0,80.0,100.0,0.0
2024-10-07,54,21:30,0.0,0.0,0.0,99.93,0.0,80.0,100.0,0.0
2024-10-07,55,21:45,0.0,0.0,0.0,99.93,0.0,80.0,100.0,0.0
2024-10-08,0,08:00,0.0,0.0,0.0,106.24,0.0,80.0,100.0,0.0
2024-10-08,1,08:15,0.0,0.0,0.0,106.24,0.0,80.0,100.0,0.0
2024-10-08,2,08:30,0.0,0.0,0.0,106.24,0.0,80.0,100.0,0.0
2024-10-08,3,08:45,0.0,0.0,0.0,106.24,0.0,80.0,100.0,0.0
2024-10-08,4,09:00,0.0,0.0,0.0,85.0,0.0,80.0,100.0,0.0
2024-10-08,5,09:15,0.0,0.0,0.0,85.0,0.0,80.0,100.0,0.0
2024-10-08,6,09:30,0.0,0.0,0.0,85.0,0.0,80.0,100.0,0.0
2024-10-08,7,09:45,0.0,0.0,0.0,85.0,0.0,80.0,100.0,0.0
2024-10-08,8,10:00,0.0,0.0,0.0,80.33,0.0,80.0,100.0,0.0
2024-10-08,9,10:15,0.0,0.0,0.0,80.33,0.0,80.0,100.0,0.0
2024-10-08,10,10:30,0.0,0.0,0.0,80.33,0.0,80.0,100.0,0.0
2024-10-08,11,10:45,0.0,0.0,0.0,80.33,0.0,80.0,100.0,0.0
2024-10-08,12,11:00,0.0,0.0,0.0,80.5,0.0,80.0,100.0,0.0
2024-10-08,13,11:15,0.0,0.0,0.0,80.5,0.0,80.0,100.0,0.0
2024-10-08,14,11:30,0.0,0.0,0.0,80.5,0.0,80.0,100.0,0.0
2024-10-08,15,11:45,0.0,0.0,0.0,80.5,0.0,80.0,100.0,0.0
2024-10-08,16,12:00,0.0,0.0,0.0,76.0,0.0,80.0,100.0,0.0
2024-10-08,17,12:15,0.0,0.0,0.0,76.0,0.0,80.0,100.0,0.0
2024-10-08,18,12:30,0.0,0.0,0.0,76.0,0.0,80.0,100.0,0.0
2024-10-08,19,12:45,0.0,0.0,0.0,76.0,0.0,80.0,100.0,0.0
2024-10-08,20,13:00,0.0,0.0,0.0,82.53,0.0,80.0,100.0,0.0
2024-10-08,21,13:15,0.0,0.0,0.0,82.53,0.0,80.0,100.0,0.0
2024-10-08,22,13:30,0.0,0.0,0.0,82.53,0.0,80.0,100.0,0.0
2024-10-08,23,13:45,0.0,0.0,0.0,82.53,0.0,80.0,100.0,0.0
2024-10-08,24,14:00,0.0,0.0,0.0,88.39,0.0,80.0,100.0,0.0
2024-10-08,25,14:15,0.0,0.0,0.0,88.39,0.0,80.0,100.0,0.0
2024-10-08,26,14:30,0.0,0.0,0.0,88.39,0.0,80.0,100.0,0.0
2024-10-08,27,14:45,0.0,0.0,0.0,88.39,0.0,80.0,100.0,0.0
2024-10-08,28,15:00,0.0,0.0,0.0,90.08,0.0,80.0,100.0,0.0
2024-10-08,29,15:15,0.0,0.0,0.0,90.08,0.0,80.0,100.0,0.0
2024-10-08,30,15:30,0.0,0.0,0.0,90.08,0.0,80.0,100.0,0.0
2024-10-08,31,15:45,0.0,0.0,0.0,90.08,0.0,80.0,100.0,0.0
2024-10-08,32,16:00,0.0,0.0,0.0,101.19,0.0,80.0,100.0,0.0
2024-10-08,33,16:15,0.0,0.0,0.0,101.19,0.0,80.0,100.0,0.0
2024-10-08,34,16:30,0.0,0.0,0.0,101.19,0.0,80.0,100.0,0.0
2024-10-08,35,16:45,0.0,0.0,0.0,101.19,0.0,80.0,100.0,0.0
2024-10-08,36,17:00,0.0,0.0,0.0,126.34,0.0,80.0,100.0,0.0
2024-10-08,37,17:15,0.0,0.0,0.0,126.34,0.0,80.0,100.0,0.0
2024-10-08,38,17:30,0.0,0.0,0.0,126.34,0.0,80.0,100.0,0.0
2024-10-08,39,17:45,0.0,0.0,0.0,126.34,0.0,80.0,100.0,0.0
2024-10-08,40,18:00,0.0,0.0,0.0,156.77,0.0,80.0,100.0,0.0
2024-10-08,41,18:15,0.0,0.0,0.0,156.77,0.0,80.0,100.0,0.0
2024-10-08,42,18:30,0.0,0.0,0.0,156.77,0.0,80.0,100.0,0.0
2024-10-08,43,18:45,0.0,0.0,0.0,156.77,0.0,80.0,100.0,0.0
2024-10-08,44,19:00,0.0,0.0,0.0,168.2,0.0,80.0,100.0,0.0
2024-10-08,45,19:15,0.0,0.0,0.0,168.2,0.0,80.0,100.0,0.0
2024-10-08,46,19:30,0.0,0.0,0.0,168.2,0.0,80.0,100.0,0.0
2024-10-08,47,19:45,0.0,0.0,0.0,168.2,0.0,80.0,100.0,0.0
2024-10-08,48,20:00,0.0,0.0,0.0,114.41,0.0,80.0,100.0,0.0
2024-10-08,49,20:15,0.0,0.0,0.0,114.41,0.0,80.0,100.0,0.0
2024-10-08,50,20:30,0.0,0.0,0.0,114.41,0.0,80.0,100.0,0.0
2024-10-08,51,20:45,0.0,0.0,0.0,114.41,0.0,80.0,100.0,0.0
2024-10-08,52,21:00,0.0,0.0,0.0,94.9,0.0,80.0,100.0,0.0
2024-10-08,53,21:15,0.0,0.0,0.0,94.9,0.0,80.0,100.0,0.0
2024-10-08,54,21:30,0.0,0.0,0.0,94.9,0.0,80.0,100.0,0.0
2024-10-08,55,21:45,0.0,0.0,0.0,94.9,0.0,80.0,0.0,100.0
2024-10-09,0,08:00,0.0,0.0,0.0,110.98,0.0,80.0,0.0,0.0
2024-10-09,1,08:15,0.0,0.0,0.0,110.98,0.0,80.0,0.0,0.0
2024-10-09,2,08:30,0.0,0.0,0.0,110.98,0.0,80.0,0.0,0.0
2024-10-09,3,08:45,0.0,0.0,0.0,110.98,0.0,80.0,0.0,0.0
2024-10-09,4,09:00,0.0,0.0,0.0,87.0,0.0,80.0,0.0,0.0
2024-10-09,5,09:15,0.0,0.0,0.0,87.0,0.0,80.0,0.0,0.0
2024-10-09,6,09:30,0.0,0.0,0.0,87.0,0.0,80.0,0.0,0.0
2024-10-09,7,09:45,1.8638,9.5021,11.3659,87.0,0.247209,40.0,0.0,0.0
2024-10-09,8,10:00,6.7293,17.0147,23.744,72.09,0.427925,40.0,0.0,0.0
2024-10-09,9,10:15,5.9956,17.1381,23.1337,72.09,0.416927,40.0,0.0,0.0
2024-10-09,10,10:30,7.1179,16.0793,23.1972,72.09,0.418071,40.0,0.0,0.0
2024-10-09,11,10:45,6.1091,3.2115,9.3206,72.09,0.16798,40.0,0.0,0.0
2024-10-09,12,11:00,5.6324,9.5021,15.1345,59.9,0.22664,0.0,40.0,0.0
2024-10-09,13,11:15,5.8458,17.0147,22.8605,59.9,0.342336,0.0,40.0,0.0
2024-10-09,14,11:30,5.1816,17.1381,22.3197,59.9,0.334237,0.0,40.0,0.0
2024-10-09,15,11:45,6.7301,16.0793,22.8094,59.9,0.34157,0.0,40.0,0.0
2024-10-09,16,12:00,3.9878,3.2115,7.1993,59.8,0.107629,0.0,40.0,0.0
2024-10-09,17,12:15,1.8638,9.5021,11.3659,59.8,0.169921,60.0,80.0,0.0
2024-10-09,18,12:30,6.7293,17.0147,23.744,59.8,0.354972,60.0,80.0,0.0
2024-10-09,19,12:45,5.9956,17.1381,23.1337,59.8,0.345849,60.0,80.0,0.0
2024-10-09,20,13:00,7.1179,16.0793,23.1972,59.85,0.347088,60.0,80.0,0.0
2024-10-09,21,13:15,6.1091,3.2115,9.3206,59.85,0.139459,60.0,80.0,0.0
2024-10-09,22,13:30,5.6324,9.5021,15.1345,59.85,0.226451,20.0,120.0,0.0
2024-10-09,23,13:45,5.8458,17.0147,22.8605,59.85,0.34205,20.0,120.0,0.0
2024-10-09,24,14:00,5.1816,17.1381,22.3197,67.63,0.37737,20.0,120.0,0.0
2024-10-09,25,14:15,6.7301,16.0793,22.8094,67.63,0.38565,20.0,120.0,0.0
2024-10-09,26,14:30,3.9878,3.2115,7.1993,67.63,0.121722,20.0,120.0,0.0
2024-10-09,27,14:45,0.0,9.5021,9.5021,67.63,0.160657,80.0,160.0,0.0
2024-10-09,28,15:00,0.0,17.0147,17.0147,77.17,0.328256,80.0,160.0,0.0
2024-10-09,29,15:15,0.0,17.1381,17.1381,77.17,0.330637,80.0,160.0,0.0
2024-10-09,30,15:30,0.0,16.0793,16.0793,77.17,0.31021,80.0,160.0,0.0
2024-10-09,31,15:45,0.0,3.2115,3.2115,77.17,0.061958,80.0,160.0,0.0
2024-10-09,32,16:00,0.0,0.0,0.0,95.0,0.0,80.0,200.0,0.0
2024-10-09,33,16:15,0.0,0.0,0.0,95.0,0.0,80.0,200.0,0.0
2024-10-09,34,16:30,0.0,0.0,0.0,95.0,0.0,80.0,200.0,0.0
2024-10-09,35,16:45,0.0,0.0,0.0,95.0,0.0,80.0,200.0,0.0
2024-10-09,36,17:00,0.0,0.0,0.0,117.45,0.0,80.0,200.0,0.0
2024-10-09,37,17:15,0.0,0.0,0.0,117.45,0.0,80.0,200.0,0.0
2024-10-09,38,17:30,0.0,0.0,0.0,117.45,0.0,80.0,200.0,0.0
2024-10-09,39,17:45,0.0,0.0,0.0,117.45,0.0,80.0,200.0,0.0
2024-10-09,40,18:00,0.0,0.0,0.0,122.53,0.0,80.0,200.0,0.0
2024-10-09,41,18:15,0.0,0.0,0.0,122.53,0.0,80.0,200.0,0.0
2024-10-09,42,18:30,0.0,0.0,0.0,122.53,0.0,80.0,200.0,0.0
2024-10-09,43,18:45,0.0,0.0,0.0,122.53,0.0,80.0,200.0,0.0
2024-10-09,44,19:00,0.0,0.0,0.0,127.12,0.0,80.0,200.0,0.0
2024-10-09,45,19:15,0.0,0.0,0.0,127.12,0.0,80.0,200.0,0.0
2024-10-09,46,19:30,0.0,0.0,0.0,127.12,0.0,80.0,200.0,0.0
2024-10-09,47,19:45,0.0,0.0,0.0,127.12,0.0,80.0,200.0,0.0
2024-10-09,48,20:00,0.0,0.0,0.0,111.05,0.0,80.0,200.0,0.0
2024-10-09,49,20:15,0.0,0.0,0.0,111.05,0.0,80.0,200.0,0.0
2024-10-09,50,20:30,0.0,0.0,0.0,111.05,0.0,80.0,200.0,0.0
2024-10-09,51,20:45,0.0,0.0,0.0,111.05,0.0,80.0,200.0,0.0
2024-10-09,52,21:00,0.0,0.0,0.0,95.8,0.0,80.0,200.0,0.0
2024-10-09,53,21:15,0.0,0.0,0.0,95.8,0.0,80.0,200.0,0.0
2024-10-09,54,21:30,0.0,0.0,0.0,95.8,0.0,80.0,200.0,0.0
2024-10-09,55,21:45,0.0,0.0,0.0,95.8,0.0,80.0,30.0,170.0
2024-10-10,0,08:00,0.0,0.0,0.0,80.46,0.0,80.0,30.0,0.0
2024-10-10,1,08:15,0.0,0.0,0.0,80.46,0.0,80.0,30.0,0.0
2024-10-10,2,08:30,0.0,0.0,0.0,80.46,0.0,80.0,30.0,0.0
2024-10-10,3,08:45,0.0,0.0,0.0,80.46,0.0,80.0,30.0,0.0
2024-10-10,4,09:00,0.0,0.0,0.0,67.5,0.0,80.0,30.0,0.0
2024-10-10,5,09:15,1.8638,9.5021,11.3659,67.5,0.1918,40.0,30.0,0.0
2024-10-10,6,09:30,6.7293,17.0147,23.744,67.5,0.400679,40.0,30.0,0.0
2024-10-10,7,09:45,5.9956,17.1381,23.1337,67.5,0.390381,40.0,30.0,0.0
2024-10-10,8,10:00,7.1179,16.0793,23.1972,52.01,0.301621,40.0,30.0,0.0
2024-10-10,9,10:15,6.1091,3.2115,9.3206,52.01,0.121191,40.0,30.0,0.0
2024-10-10,10,10:30,5.6324,9.5021,15.1345,52.01,0.196787,0.0,70.0,0.0
2024-10-10,11,10:45,5.8458,17.0147,22.8605,52.01,0.297243,0.0,70.0,0.0
2024-10-10,12,11:00,5.1816,17.1381,22.3197,38.93,0.217226,0.0,70.0,0.0
2024-10-10,13,11:15,6.7301,16.0793,22.8094,38.93,0.221992,0.0,70.0,0.0
2024-10-10,14,11:30,3.9878,3.2115,7.1993,38.93,0.070067,0.0,70.0,0.0
2024-10-10,15,11:45,1.8638,9.5021,11.3659,38.93,0.110619,60.0,110.0,0.0
2024-10-10,16,12:00,6.7293,17.0147,23.744,21.89,0.129939,60.0,110.0,0.0
2024-10-10,17,12:15,5.9956,17.1381,23.1337,21.89,0.126599,60.0,110.0,0.0
2024-10-10,18,12:30,7.1179,16.0793,23.1972,21.89,0.126947,60.0,110.0,0.0
2024-10-10,19,12:45,6.1091,3.2115,9.3206,21.89,0.051007,60.0,110.0,0.0
2024-10-10,20,13:00,5.6324,9.5021,15.1345,15.94,0.060311,20.0,150.0,0.0
2024-10-10,21,13:15,5.8458,17.0147,22.8605,15.94,0.091099,20.0,150.0,0.0
2024-10-10,22,13:30,5.1816,17.1381,22.3197,15.94,0.088944,20.0,150.0,0.0
2024-10-10,23,13:45,6.7301,16.0793,22.8094,15.94,0.090895,20.0,150.0,0.0
2024-10-10,24,14:00,3.9878,3.2115,7.1993,20.01,0.036014,20.0,150.0,0.0
2024-10-10,25,14:15,1.8638,9.5021,11.3659,20.01,0.056858,80.0,190.0,0.0
2024-10-10,26,14:30,6.7293,17.0147,23.744,20.01,0.118779,80.0,190.0,0.0
2024-10-10,27,14:45,5.9956,17.1381,23.1337,20.01,0.115726,80.0,190.0,0.0
2024-10-10,28,15:00,7.1179,16.0793,23.1972,38.37,0.222519,80.0,30.0,160.0
2024-10-10,29,15:15,6.1091,3.2115,9.3206,38.37,0.089407,80.0,30.0,0.0
2024-10-10,30,15:30,5.6324,9.5021,15.1345,38.37,0.145178,40.0,70.0,0.0
2024-10-10,31,15:45,5.8458,17.0147,22.8605,38.37,0.219289,40.0,70.0,0.0
2024-10-10,32,16:00,5.1816,17.1381,22.3197,58.5,0.326425,40.0,70.0,0.0
2024-10-10,33,16:15,6.7301,16.0793,22.8094,58.5,0.333587,40.0,70.0,0.0
2024-10-10,34,16:30,3.9878,3.2115,7.1993,58.5,0.10529,40.0,70.0,0.0
2024-10-10,35,16:45,0.0,0.0,0.0,58.5,0.0,140.0,110.0,0.0
2024-10-10,36,17:00,0.0,0.0,0.0,85.82,0.0,140.0,110.0,0.0
2024-10-10,37,17:15,0.0,0.0,0.0,85.82,0.0,140.0,110.0,0.0
2024-10-10,38,17:30,0.0,0.0,0.0,85.82,0.0,140.0,110.0,0.0
2024-10-10,39,17:45,0.0,0.0,0.0,85.82,0.0,140.0,110.0,0.0
2024-10-10,40,18:00,0.0,0.0,0.0,96.07,0.0,140.0,110.0,0.0
2024-10-10,41,18:15,0.0,0.0,0.0,96.07,0.0,140.0,110.0,0.0
2024-10-10,42,18:30,0.0,0.0,0.0,96.07,0.0,140.0,110.0,0.0
2024-10-10,43,18:45,0.0,0.0,0.0,96.07,0.0,140.0,110.0,0.0
2024-10-10,44,19:00,0.0,0.0,0.0,119.32,0.0,140.0,110.0,0.0
2024-10-10,45,19:15,0.0,0.0,0.0,119.32,0.0,140.0,110.0,0.0
2024-10-10,46,19:30,0.0,0.0,0.0,119.32,0.0,140.0,110.0,0.0
2024-10-10,47,19:45,0.0,0.0,0.0,119.32,0.0,140.0,110.0,0.0
2024-10-10,48,20:00,0.0,0.0,0.0,101.19,0.0,140.0,110.0,0.0
2024-10-10,49,20:15,0.0,0.0,0.0,101.19,0.0,140.0,110.0,0.0
2024-10-10,50,20:30,0.0,0.0,0.0,101.19,0.0,140.0,110.0,0.0
2024-10-10,51,20:45,0.0,0.0,0.0,101.19,0.0,140.0,110.0,0.0
2024-10-10,52,21:00,0.0,0.0,0.0,90.41,0.0,140.0,110.0,0.0
2024-10-10,53,21:15,0.0,0.0,0.0,90.41,0.0,140.0,110.0,0.0
2024-10-10,54,21:30,0.0,0.0,0.0,90.41,0.0,140.0,110.0,0.0
2024-10-10,55,21:45,0.0,0.0,0.0,90.41,0.0,140.0,110.0,0.0
2024-10-11,0,08:00,0.0,0.0,0.0,155.49,0.0,140.0,110.0,0.0
2024-10-11,1,08:15,0.0,0.0,0.0,155.49,0.0,140.0,110.0,0.0
2024-10-11,2,08:30,0.0,0.0,0.0,155.49,0.0,140.0,110.0,0.0
2024-10-11,3,08:45,0.0,0.0,0.0,155.49,0.0,140.0,110.0,0.0
2024-10-11,4,09:00,0.0,0.0,0.0,110.01,0.0,140.0,110.0,0.0
2024-10-11,5,09:15,0.0,0.0,0.0,110.01,0.0,140.0,110.0,0.0
2024-10-11,6,09:30,0.0,0.0,0.0,110.01,0.0,140.0,110.0,0.0
2024-10-11,7,09:45,0.0,0.0,0.0,110.01,0.0,140.0,110.0,0.0
2024-10-11,8,10:00,0.0,0.0,0.0,90.0,0.0,140.0,110.0,0.0
2024-10-11,9,10:15,0.0,0.0,0.0,90.0,0.0,140.0,110.0,0.0
2024-10-11,10,10:30,0.0,0.0,0.0,90.0,0.0,140.0,110.0,0.0
2024-10-11,11,10:45,0.0,9.5021,9.5021,90.0,0.213797,100.0,110.0,0.0
2024-10-11,12,11:00,0.0,17.0147,17.0147,72.35,0.307753,100.0,110.0,0.0
2024-10-11,13,11:15,1.8638,17.1381,19.0019,72.35,0.343697,100.0,110.0,0.0
2024-10-11,14,11:30,6.7293,16.0793,22.8086,72.35,0.41255,100.0,110.0,0.0
2024-10-11,15,11:45,5.9956,3.2115,9.2071,72.35,0.166533,100.0,110.0,0.0
2024-10-11,16,12:00,7.1179,9.5021,16.62,61.65,0.256156,60.0,150.0,0.0
2024-10-11,17,12:15,6.1091,17.0147,23.1237,61.65,0.356395,60.0,150.0,0.0
2024-10-11,18,12:30,5.6324,17.1381,22.7705,61.65,0.350951,60.0,150.0,0.0
2024-10-11,19,12:45,5.8458,16.0793,21.9251,61.65,0.337921,60.0,150.0,0.0
2024-10-11,20,13:00,5.1816,3.2115,8.3931,57.17,0.119958,60.0,150.0,0.0
2024-10-11,21,13:15,6.7301,9.5021,16.2322,57.17,0.231999,20.0,190.0,0.0
2024-10-11,22,13:30,3.9878,17.0147,21.0025,57.17,0.300178,20.0,190.0,0.0
2024-10-11,23,13:45,1.3266,17.1381,18.4647,57.17,0.263907,120.0,190.0,0.0
2024-10-11,24,14:00,4.184,16.0793,20.2632,59.56,0.30172,120.0,190.0,0.0
2024-10-11,25,14:15,5.1593,3.2115,8.3708,59.56,0.124642,120.0,190.0,0.0
2024-10-11,26,14:30,4.2588,9.5021,13.7609,59.56,0.2049,80.0,230.0,0.0
2024-10-11,27,14:45,5.404,17.0147,22.4187,59.56,0.333814,80.0,230.0,0.0
2024-10-11,28,15:00,4.491,17.1381,21.6291,66.96,0.362072,80.0,80.0,150.0
2024-10-11,29,15:15,5.1252,16.0793,21.2045,66.96,0.354963,80.0,80.0,0.0
2024-10-11,30,15:30,3.0543,3.2115,6.2658,66.96,0.10489,80.0,80.0,0.0
2024-10-11,31,15:45,5.093,9.5021,14.5951,66.96,0.244322,40.0,120.0,0.0
2024-10-11,32,16:00,3.6006,17.0147,20.6153,73.35,0.378033,40.0,120.0,0.0
2024-10-11,33,16:15,4.9802,17.1381,22.1183,73.35,0.405595,40.0,120.0,0.0
2024-10-11,34,16:30,4.3843,16.0793,20.4636,73.35,0.375252,40.0,120.0,0.0
2024-10-11,35,16:45,1.5369,3.2115,4.7484,73.35,0.087073,40.0,120.0,0.0
2024-10-11,36,17:00,0.0,0.0,0.0,112.78,0.0,140.0,160.0,0.0
2024-10-11,37,17:15,0.0,0.0,0.0,112.78,0.0,140.0,160.0,0.0
2024-10-11,38,17:30,0.0,0.0,0.0,112.78,0.0,140.0,160.0,0.0
2024-10-11,39,17:45,0.0,0.0,0.0,112.78,0.0,140.0,160.0,0.0
2024-10-11,40,18:00,0.0,0.0,0.0,167.86,0.0,140.0,160.0,0.0
2024-10-11,41,18:15,0.0,0.0,0.0,167.86,0.0,140.0,160.0,0.0
2024-10-11,42,18:30,0.0,0.0,0.0,167.86,0.0,140.0,160.0,0.0
2024-10-11,43,18:45,0.0,0.0,0.0,167.86,0.0,140.0,160.0,0.0
2024-10-11,44,19:00,0.0,0.0,0.0,174.24,0.0,140.0,160.0,0.0
2024-10-11,45,19:15,0.0,0.0,0.0,174.24,0.0,140.0,160.0,0.0
2024-10-11,46,19:30,0.0,0.0,0.0,174.24,0.0,140.0,160.0,0.0
2024-10-11,47,19:45,0.0,0.0,0.0,174.24,0.0,140.0,160.0,0.0
2024-10-11,48,20:00,0.0,0.0,0.0,121.31,0.0,140.0,160.0,0.0
2024-10-11,49,20:15,0.0,0.0,0.0,121.31,0.0,140.0,160.0,0.0
2024-10-11,50,20:30,0.0,0.0,0.0,121.31,0.0,140.0,160.0,0.0
2024-10-11,51,20:45,0.0,0.0,0.0,121.31,0.0,140.0,160.0,0.0
2024-10-11,52,21:00,0.0,0.0,0.0,99.79,0.0,140.0,160.0,0.0
2024-10-11,53,21:15,0.0,0.0,0.0,99.79,0.0,140.0,160.0,0.0
2024-10-11,54,21:30,0.0,0.0,0.0,99.79,0.0,140.0,160.0,0.0
2024-10-11,55,21:45,0.0,0.0,0.0,99.79,0.0,140.0,0.0,160.0
2024-10-14,0,08:00,0.0,0.0,0.0,153.61,0.0,140.0,0.0,0.0
2024-10-14,1,08:15,0.0,0.0,0.0,153.61,0.0,140.0,0.0,0.0
2024-10-14,2,08:30,0.0,0.0,0.0,153.61,0.0,140.0,0.0,0.0
2024-10-14,3,08:45,0.0,0.0,0.0,153.61,0.0,140.0,0.0,0.0
2024-10-14,4,09:00,0.0,0.0,0.0,117.94,0.0,140.0,0.0,0.0
2024-10-14,5,09:15,0.0,0.0,0.0,117.94,0.0,140.0,0.0,0.0
2024-10-14,6,09:30,0.0,0.0,0.0,117.94,0.0,140.0,0.0,0.0
2024-10-14,7,09:45,0.0,0.0,0.0,117.94,0.0,140.0,0.0,0.0
2024-10-14,8,10:00,0.0,0.0,0.0,100.95,0.0,140.0,0.0,0.0
2024-10-14,9,10:15,0.0,0.0,0.0,100.95,0.0,140.0,0.0,0.0
2024-10-14,10,10:30,0.0,0.0,0.0,100.95,0.0,140.0,0.0,0.0
2024-10-14,11,10:45,0.0,0.0,0.0,100.95,0.0,140.0,0.0,0.0
2024-10-14,12,11:00,0.0,0.0,0.0,95.53,0.0,140.0,0.0,0.0
2024-10-14,13,11:15,0.0,0.0,0.0,95.53,0.0,140.0,0.0,0.0
2024-10-14,14,11:30,0.0,9.5021,9.5021,95.53,0.226934,100.0,0.0,0.0
2024-10-14,15,11:45,0.0,17.0147,17.0147,95.53,0.406353,100.0,0.0,0.0
2024-10-14,16,12:00,1.3266,17.1381,18.4647,88.36,0.407886,100.0,0.0,0.0
2024-10-14,17,12:15,4.184,16.0793,20.2632,88.36,0.447615,100.0,0.0,0.0
2024-10-14,18,12:30,5.1593,3.2115,8.3708,88.36,0.184912,100.0,0.0,0.0
2024-10-14,19,12:45,4.2588,9.5021,13.7609,88.36,0.303979,60.0,40.0,0.0
2024-10-14,20,13:00,5.404,17.0147,22.4187,82.6,0.462946,60.0,40.0,0.0
2024-10-14,21,13:15,4.491,17.1381,21.6291,82.6,0.446642,60.0,40.0,0.0
2024-10-14,22,13:30,5.1252,16.0793,21.2045,82.6,0.437872,60.0,40.0,0.0
2024-10-14,23,13:45,3.0543,3.2115,6.2658,82.6,0.129389,60.0,40.0,0.0
2024-10-14,24,14:00,5.093,9.5021,14.5951,74.16,0.270593,20.0,80.0,0.0
2024-10-14,25,14:15,3.6006,17.0147,20.6153,74.16,0.382208,20.0,80.0,0.0
2024-10-14,26,14:30,4.9802,17.1381,22.1183,74.16,0.410074,20.0,80.0,0.0
2024-10-14,27,14:45,4.3843,16.0793,20.4636,74.16,0.379396,20.0,80.0,0.0
2024-10-14,28,15:00,1.5369,3.2115,4.7484,87.08,0.103372,20.0,80.0,0.0
2024-10-14,29,15:15,0.0,9.5021,9.5021,87.08,0.206861,80.0,120.0,0.0
2024-10-14,30,15:30,0.0,17.0147,17.0147,87.08,0.370409,80.0,120.0,0.0
2024-10-14,31,15:45,0.0,17.1381,17.1381,87.08,0.373096,80.0,120.0,0.0
2024-10-14,32,16:00,0.0,16.0793,16.0793,105.79,0.425257,80.0,120.0,0.0
2024-10-14,33,16:15,0.0,3.2115,3.2115,105.79,0.084936,80.0,120.0,0.0
2024-10-14,34,16:30,0.0,0.0,0.0,105.79,0.0,80.0,160.0,0.0
2024-10-14,35,16:45,0.0,0.0,0.0,105.79,0.0,80.0,160.0,0.0
2024-10-14,36,17:00,0.0,0.0,0.0,159.59,0.0,80.0,160.0,0.0
2024-10-14,37,17:15,0.0,0.0,0.0,159.59,0.0,80.0,160.0,0.0
2024-10-14,38,17:30,0.0,0.0,0.0,159.59,0.0,80.0,160.0,0.0
2024-10-14,39,17:45,0.0,0.0,0.0,159.59,0.0,80.0,160.0,0.0
2024-10-14,40,18:00,0.0,0.0,0.0,257.1,0.0,80.0,160.0,0.0
2024-10-14,41,18:15,0.0,0.0,0.0,257.1,0.0,80.0,160.0,0.0
2024-10-14,42,18:30,0.0,0.0,0.0,257.1,0.0,80.0,160.0,0.0
2024-10-14,43,18:45,0.0,0.0,0.0,257.1,0.0,80.0,160.0,0.0
2024-10-14,44,19:00,0.0,0.0,0.0,269.74,0.0,80.0,160.0,0.0
2024-10-14,45,19:15,0.0,0.0,0.0,269.74,0.0,80.0,160.0,0.0
2024-10-14,46,19:30,0.0,0.0,0.0,269.74,0.0,80.0,160.0,0.0
2024-10-14,47,19:45,0.0,0.0,0.0,269.74,0.0,80.0,160.0,0.0
2024-10-14,48,20:00,0.0,0.0,0.0,158.0,0.0,80.0,160.0,0.0
2024-10-14,49,20:15,0.0,0.0,0.0,158.0,0.0,80.0,160.0,0.0
2024-10-14,50,20:30,0.0,0.0,0.0,158.0,0.0,80.0,160.0,0.0
2024-10-14,51,20:45,0.0,0.0,0.0,158.0,0.0,80.0,160.0,0.0
2024-10-14,52,21:00,0.0,0.0,0.0,114.12,0.0,80.0,160.0,0.0
2024-10-14,53,21:15,0.0,0.0,0.0,114.12,0.0,80.0,160.0,0.0
2024-10-14,54,21:30,0.0,0.0,0.0,114.12,0.0,80.0,160.0,0.0
2024-10-14,55,21:45,0.0,0.0,0.0,114.12,0.0,80.0,30.0,130.0
2024-10-15,0,08:00,0.0,0.0,0.0,176.61,0.0,80.0,30.0,0.0
2024-10-15,1,08:15,0.0,0.0,0.0,176.61,0.0,80.0,30.0,0.0
2024-10-15,2,08:30,0.0,0.0,0.0,176.61,0.0,80.0,30.0,0.0
2024-10-15,3,08:45,0.0,0.0,0.0,176.61,0.0,80.0,30.0,0.0
2024-10-15,4,09:00,0.0,0.0,0.0,110.54,0.0,80.0,30.0,0.0
2024-10-15,5,09:15,0.0,0.0,0.0,110.54,0.0,80.0,30.0,0.0
2024-10-15,6,09:30,0.0,0.0,0.0,110.54,0.0,80.0,30.0,0.0
2024-10-15,7,09:45,0.0,0.0,0.0,110.54,0.0,80.0,30.0,0.0
2024-10-15,8,10:00,0.0,0.0,0.0,92.75,0.0,80.0,30.0,0.0
2024-10-15,9,10:15,0.0,0.0,0.0,92.75,0.0,80.0,30.0,0.0
2024-10-15,10,10:30,0.0,0.0,0.0,92.75,0.0,80.0,30.0,0.0
2024-10-15,11,10:45,0.0,0.0,0.0,92.75,0.0,80.0,30.0,0.0
2024-10-15,12,11:00,0.0,0.0,0.0,83.05,0.0,80.0,30.0,0.0
2024-10-15,13,11:15,0.0,0.0,0.0,83.05,0.0,80.0,30.0,0.0
2024-10-15,14,11:30,0.0,0.0,0.0,83.05,0.0,80.0,30.0,0.0
2024-10-15,15,11:45,0.0,0.0,0.0,83.05,0.0,80.0,30.0,0.0
2024-10-15,16,12:00,1.3266,0.0,1.3266,78.47,0.026025,80.0,30.0,0.0
2024-10-15,17,12:15,4.184,0.0,4.184,78.47,0.082079,80.0,30.0,0.0
2024-10-15,18,12:30,5.1593,0.0,5.1593,78.47,0.101213,80.0,30.0,0.0
2024-10-15,19,12:45,4.2588,9.5021,13.7609,78.47,0.269955,40.0,30.0,0.0
2024-10-15,20,13:00,5.404,17.0147,22.4187,71.75,0.402135,40.0,30.0,0.0
2024-10-15,21,13:15,4.491,17.1381,21.6291,71.75,0.387973,40.0,30.0,0.0
2024-10-15,22,13:30,5.1252,16.0793,21.2045,71.75,0.380355,40.0,30.0,0.0
2024-10-15,23,13:45,3.0543,3.2115,6.2658,71.75,0.112393,40.0,30.0,0.0
2024-10-15,24,14:00,5.093,9.5021,14.5951,75.9,0.276942,0.0,70.0,0.0
2024-10-15,25,14:15,3.6006,17.0147,20.6153,75.9,0.391176,0.0,70.0,0.0
2024-10-15,26,14:30,4.9802,17.1381,22.1183,75.9,0.419695,0.0,70.0,0.0
2024-10-15,27,14:45,4.3843,16.0793,20.4636,75.9,0.388297,0.0,70.0,0.0
2024-10-15,28,15:00,1.5369,3.2115,4.7484,83.36,0.098956,0.0,70.0,0.0
2024-10-15,29,15:15,0.0,0.0,0.0,83.36,0.0,100.0,110.0,0.0
2024-10-15,30,15:30,0.0,0.0,0.0,83.36,0.0,100.0,110.0,0.0
2024-10-15,31,15:45,0.0,0.0,0.0,83.36,0.0,100.0,110.0,0.0
2024-10-15,32,16:00,0.0,0.0,0.0,89.03,0.0,100.0,110.0,0.0
2024-10-15,33,16:15,0.0,0.0,0.0,89.03,0.0,100.0,110.0,0.0
2024-10-15,34,16:30,0.0,0.0,0.0,89.03,0.0,100.0,110.0,0.0
2024-10-15,35,16:45,0.0,0.0,0.0,89.03,0.0,100.0,110.0,0.0
2024-10-15,36,17:00,0.0,0.0,0.0,120.69,0.0,100.0,110.0,0.0
2024-10-15,37,17:15,0.0,0.0,0.0,120.69,0.0,100.0,110.0,0.0
2024-10-15,38,17:30,0.0,0.0,0.0,120.69,0.0,100.0,110.0,0.0
2024-10-15,39,17:45,0.0,0.0,0.0,120.69,0.0,100.0,110.0,0.0
2024-10-15,40,18:00,0.0,0.0,0.0,136.79,0.0,100.0,110.0,0.0
2024-10-15,41,18:15,0.0,0.0,0.0,136.79,0.0,100.0,110.0,0.0
2024-10-15,42,18:30,0.0,0.0,0.0,136.79,0.0,100.0,110.0,0.0
2024-10-15,43,18:45,0.0,0.0,0.0,136.79,0.0,100.0,110.0,0.0
2024-10-15,44,19:00,0.0,0.0,0.0,97.31,0.0,100.0,110.0,0.0
2024-10-15,45,19:15,0.0,0.0,0.0,97.31,0.0,100.0,110.0,0.0
2024-10-15,46,19:30,0.0,0.0,0.0,97.31,0.0,100.0,110.0,0.0
2024-10-15,47,19:45,0.0,0.0,0.0,97.31,0.0,100.0,110.0,0.0
2024-10-15,48,20:00,0.0,0.0,0.0,76.26,0.0,100.0,110.0,0.0
2024-10-15,49,20:15,0.0,0.0,0.0,76.26,0.0,100.0,110.0,0.0
2024-10-15,50,20:30,0.0,9.5021,9.5021,76.26,0.181157,60.0,110.0,0.0
2024-10-15,51,20:45,0.0,17.0147,17.0147,76.26,0.324385,60.0,110.0,0.0
2024-10-15,52,21:00,0.0,17.1381,17.1381,66.65,0.285563,60.0,110.0,0.0
2024-10-15,53,21:15,0.0,16.0793,16.0793,66.65,0.267921,60.0,110.0,0.0
2024-10-15,54,21:30,0.0,3.2115,3.2115,66.65,0.053511,60.0,110.0,0.0
2024-10-15,55,21:45,0.0,0.0,0.0,66.65,0.0,60.0,30.0,120.0
2024-10-16,0,08:00,0.0,0.0,0.0,66.52,0.0,60.0,30.0,0.0
2024-10-16,1,08:15,0.0,0.0,0.0,66.52,0.0,60.0,30.0,0.0
2024-10-16,2,08:30,0.0,0.0,0.0,66.52,0.0,60.0,30.0,0.0
2024-10-16,3,08:45,1.8638,0.0,1.8638,66.52,0.030996,60.0,30.0,0.0
2024-10-16,4,09:00,6.7293,0.0,6.7293,54.29,0.091333,60.0,30.0,0.0
2024-10-16,5,09:15,5.9956,0.0,5.9956,54.29,0.081375,60.0,30.0,0.0
2024-10-16,6,09:30,7.1179,0.0,7.1179,54.29,0.096608,60.0,30.0,0.0
2024-10-16,7,09:45,6.1091,0.0,6.1091,54.29,0.082915,60.0,30.0,0.0
2024-10-16,8,10:00,5.6324,9.5021,15.1345,26.68,0.100947,20.0,30.0,0.0
2024-10-16,9,10:15,5.8458,17.0147,22.8605,26.68,0.152479,20.0,30.0,0.0
2024-10-16,10,10:30,5.1816,17.1381,22.3197,26.68,0.148872,20.0,30.0,0.0
2024-10-16,11,10:45,6.7301,16.0793,22.8094,26.68,0.152139,20.0,30.0,0.0
2024-10-16,12,11:00,3.9878,3.2115,7.1993,14.16,0.025485,20.0,30.0,0.0
2024-10-16,13,11:15,1.8638,9.5021,11.3659,14.16,0.040235,80.0,70.0,0.0
2024-10-16,14,11:30,6.7293,17.0147,23.744,14.16,0.084054,80.0,70.0,0.0
2024-10-16,15,11:45,5.9956,17.1381,23.1337,14.16,0.081893,80.0,70.0,0.0
2024-10-16,16,12:00,7.1179,16.0793,23.1972,4.09,0.023719,80.0,70.0,0.0
2024-10-16,17,12:15,6.1091,3.2115,9.3206,4.09,0.00953,80.0,70.0,0.0
2024-10-16,18,12:30,5.6324,9.5021,15.1345,4.09,0.015475,40.0,110.0,0.0
2024-10-16,19,12:45,5.8458,17.0147,22.8605,4.09,0.023375,40.0,110.0,0.0
2024-10-16,20,13:00,5.1816,17.1381,22.3197,2.04,0.011383,40.0,110.0,0.0
2024-10-16,21,13:15,6.7301,16.0793,22.8094,2.04,0.011633,40.0,110.0,0.0
2024-10-16,22,13:30,3.9878,3.2115,7.1993,2.04,0.003672,40.0,110.0,0.0
2024-10-16,23,13:45,1.8638,9.5021,11.3659,2.04,0.005797,100.0,150.0,0.0
2024-10-16,24,14:00,6.7293,17.0147,23.744,4.0,0.023744,100.0,150.0,0.0
2024-10-16,25,14:15,5.9956,17.1381,23.1337,4.0,0.023134,100.0,150.0,0.0
2024-10-16,26,14:30,7.1179,16.0793,23.1972,4.0,0.023197,100.0,150.0,0.0
2024-10-16,27,14:45,6.1091,3.2115,9.3206,4.0,0.009321,100.0,150.0,0.0
2024-10-16,28,15:00,5.6324,9.5021,15.1345,14.18,0.053652,60.0,70.0,120.0
2024-10-16,29,15:15,5.8458,17.0147,22.8605,14.18,0.08104,60.0,70.0,0.0
2024-10-16,30,15:30,5.1816,17.1381,22.3197,14.18,0.079123,60.0,70.0,0.0
2024-10-16,31,15:45,6.7301,16.0793,22.8094,14.18,0.080859,60.0,70.0,0.0
2024-10-16,32,16:00,3.9878,3.2115,7.1993,54.92,0.098846,60.0,70.0,0.0
2024-10-16,33,16:15,0.0,9.5021,9.5021,54.92,0.130464,120.0,110.0,0.0
2024-10-16,34,16:30,0.0,17.0147,17.0147,54.92,0.233611,120.0,110.0,0.0
2024-10-16,35,16:45,0.0,17.1381,17.1381,54.92,0.235306,120.0,110.0,0.0
2024-10-16,36,17:00,0.0,16.0793,16.0793,72.95,0.293246,120.0,110.0,0.0
2024-10-16,37,17:15,0.0,3.2115,3.2115,72.95,0.058569,120.0,110.0,0.0
2024-10-16,38,17:30,0.0,0.0,0.0,72.95,0.0,120.0,150.0,0.0
2024-10-16,39,17:45,0.0,0.0,0.0,72.95,0.0,120.0,150.0,0.0
2024-10-16,40,18:00,0.0,0.0,0.0,84.47,0.0,120.0,150.0,0.0
2024-10-16,41,18:15,0.0,0.0,0.0,84.47,0.0,120.0,150.0,0.0
2024-10-16,42,18:30,0.0,0.0,0.0,84.47,0.0,120.0,150.0,0.0
2024-10-16,43,18:45,0.0,0.0,0.0,84.47,0.0,120.0,150.0,0.0
2024-10-16,44,19:00,0.0,0.0,0.0,88.38,0.0,120.0,150.0,0.0
2024-10-16,45,19:15,0.0,0.0,0.0,88.38,0.0,120.0,150.0,0.0
2024-10-16,46,19:30,0.0,0.0,0.0,88.38,0.0,120.0,150.0,0.0
2024-10-16,47,19:45,0.0,0.0,0.0,88.38,0.0,120.0,150.0,0.0
2024-10-16,48,20:00,0.0,0.0,0.0,65.31,0.0,120.0,150.0,0.0
2024-10-16,49,20:15,0.0,0.0,0.0,65.31,0.0,120.0,150.0,0.0
2024-10-16,50,20:30,0.0,0.0,0.0,65.31,0.0,120.0,150.0,0.0
2024-10-16,51,20:45,0.0,9.5021,9.5021,65.31,0.155145,80.0,150.0,0.0
2024-10-16,52,21:00,0.0,17.0147,17.0147,61.86,0.263132,80.0,150.0,0.0
2024-10-16,53,21:15,0.0,17.1381,17.1381,61.86,0.265041,80.0,150.0,0.0
2024-10-16,54,21:30,0.0,16.0793,16.0793,61.86,0.248666,80.0,150.0,0.0
2024-10-16,55,21:45,0.0,3.2115,3.2115,61.86,0.049666,80.0,150.0,0.0
2024-10-17,0,08:00,0.0,0.0,0.0,92.53,0.0,80.0,190.0,0.0
2024-10-17,1,08:15,0.0,0.0,0.0,92.53,0.0,80.0,190.0,0.0
2024-10-17,2,08:30,0.0,0.0,0.0,92.53,0.0,80.0,190.0,0.0
2024-10-17,3,08:45,1.8638,9.5021,11.3659,92.53,0.262922,40.0,190.0,0.0
2024-10-17,4,09:00,6.7293,17.0147,23.744,73.76,0.437838,40.0,190.0,0.0
2024-10-17,5,09:15,5.9956,17.1381,23.1337,73.76,0.426585,40.0,190.0,0.0
2024-10-17,6,09:30,7.1179,16.0793,23.1972,73.76,0.427756,40.0,190.0,0.0
2024-10-17,7,09:45,6.1091,3.2115,9.3206,73.76,0.171871,40.0,190.0,0.0
2024-10-17,8,10:00,5.6324,9.5021,15.1345,62.22,0.235418,0.0,230.0,0.0
2024-10-17,9,10:15,5.8458,17.0147,22.8605,62.22,0.355595,0.0,230.0,0.0
2024-10-17,10,10:30,5.1816,17.1381,22.3197,62.22,0.347182,0.0,230.0,0.0
2024-10-17,11,10:45,6.7301,16.0793,22.8094,62.22,0.3548,0.0,230.0,0.0
2024-10-17,12,11:00,3.9878,3.2115,7.1993,52.02,0.093627,-0.0,230.0,0.0
2024-10-17,13,11:15,1.8638,9.5021,11.3659,52.02,0.147814,60.0,270.0,0.0
2024-10-17,14,11:30,6.7293,17.0147,23.744,52.02,0.30879,60.0,270.0,0.0
2024-10-17,15,11:45,5.9956,17.1381,23.1337,52.02,0.300854,60.0,270.0,0.0
2024-10-17,16,12:00,7.1179,16.0793,23.1972,46.54,0.269899,60.0,270.0,0.0
2024-10-17,17,12:15,6.1091,3.2115,9.3206,46.54,0.108445,60.0,270.0,0.0
2024-10-17,18,12:30,5.6324,9.5021,15.1345,46.54,0.17609,20.0,310.0,0.0
2024-10-17,19,12:45,5.8458,17.0147,22.8605,46.54,0.265982,20.0,310.0,0.0
2024-10-17,20,13:00,5.1816,17.1381,22.3197,47.52,0.265158,20.0,310.0,0.0
2024-10-17,21,13:15,6.7301,16.0793,22.8094,47.52,0.270975,20.0,310.0,0.0
2024-10-17,22,13:30,3.9878,3.2115,7.1993,47.52,0.085528,20.0,310.0,0.0
2024-10-17,23,13:45,1.8638,9.5021,11.3659,47.52,0.135027,80.0,350.0,0.0
2024-10-17,24,14:00,6.7293,17.0147,23.744,60.04,0.356397,80.0,350.0,0.0
2024-10-17,25,14:15,5.9956,17.1381,23.1337,60.04,0.347237,80.0,350.0,0.0
2024-10-17,26,14:30,7.1179,16.0793,23.1972,60.04,0.34819,80.0,350.0,0.0
2024-10-17,27,14:45,6.1091,3.2115,9.3206,60.04,0.139902,80.0,350.0,0.0
2024-10-17,28,15:00,5.6324,9.5021,15.1345,63.55,0.24045,40.0,190.0,200.0
2024-10-17,29,15:15,5.8458,17.0147,22.8605,63.55,0.363196,40.0,190.0,0.0
2024-10-17,30,15:30,5.1816,17.1381,22.3197,63.55,0.354604,40.0,190.0,0.0
2024-10-17,31,15:45,6.7301,16.0793,22.8094,63.55,0.362384,40.0,190.0,0.0
2024-10-17,32,16:00,3.9878,3.2115,7.1993,92.68,0.166807,40.0,190.0,0.0
2024-10-17,33,16:15,0.0,0.0,0.0,92.68,0.0,140.0,230.0,0.0
2024-10-17,34,16:30,0.0,0.0,0.0,92.68,0.0,140.0,230.0,0.0
2024-10-17,35,16:45,0.0,0.0,0.0,92.68,0.0,140.0,230.0,0.0
2024-10-17,36,17:00,0.0,0.0,0.0,123.6,0.0,140.0,230.0,0.0
2024-10-17,37,17:15,0.0,0.0,0.0,123.6,0.0,140.0,230.0,0.0
2024-10-17,38,17:30,0.0,0.0,0.0,123.6,0.0,140.0,230.0,0.0
2024-10-17,39,17:45,0.0,0.0,0.0,123.6,0.0,140.0,230.0,0.0
2024-10-17,40,18:00,0.0,0.0,0.0,186.21,0.0,140.0,230.0,0.0
2024-10-17,41,18:15,0.0,0.0,0.0,186.21,0.0,140.0,230.0,0.0
2024-10-17,42,18:30,0.0,0.0,0.0,186.21,0.0,140.0,230.0,0.0
2024-10-17,43,18:45,0.0,0.0,0.0,186.21,0.0,140.0,230.0,0.0
2024-10-17,44,19:00,0.0,0.0,0.0,172.19,0.0,140.0,230.0,0.0
2024-10-17,45,19:15,0.0,0.0,0.0,172.19,0.0,140.0,230.0,0.0
2024-10-17,46,19:30,0.0,0.0,0.0,172.19,0.0,140.0,230.0,0.0
2024-10-17,47,19:45,0.0,0.0,0.0,172.19,0.0,140.0,230.0,0.0
2024-10-17,48,20:00,0.0,0.0,0.0,117.5,0.0,140.0,230.0,0.0
2024-10-17,49,20:15,0.0,0.0,0.0,117.5,0.0,140.0,230.0,0.0
2024-10-17,50,20:30,0.0,0.0,0.0,117.5,0.0,140.0,230.0,0.0
2024-10-17,51,20:45,0.0,0.0,0.0,117.5,0.0,140.0,230.0,0.0
2024-10-17,52,21:00,0.0,0.0,0.0,97.81,0.0,140.0,230.0,0.0
2024-10-17,53,21:15,0.0,0.0,0.0,97.81,0.0,140.0,230.0,0.0
2024-10-17,54,21:30,0.0,0.0,0.0,97.81,0.0,140.0,230.0,0.0
2024-10-17,55,21:45,0.0,0.0,0.0,97.81,0.0,140.0,60.0,170.0
2024-10-18,0,08:00,0.0,0.0,0.0,156.24,0.0,140.0,60.0,0.0
2024-10-18,1,08:15,0.0,0.0,0.0,156.24,0.0,140.0,60.0,0.0
2024-10-18,2,08:30,0.0,0.0,0.0,156.24,0.0,140.0,60.0,0.0
2024-10-18,3,08:45,0.0,0.0,0.0,156.24,0.0,140.0,60.0,0.0
2024-10-18,4,09:00,0.0,0.0,0.0,111.0,0.0,140.0,60.0,0.0
2024-10-18,5,09:15,0.0,0.0,0.0,111.0,0.0,140.0,60.0,0.0
2024-10-18,6,09:30,0.0,0.0,0.0,111.0,0.0,140.0,60.0,0.0
2024-10-18,7,09:45,0.0,0.0,0.0,111.0,0.0,140.0,60.0,0.0
2024-10-18,8,10:00,0.0,0.0,0.0,95.76,0.0,140.0,60.0,0.0
2024-10-18,9,10:15,0.0,0.0,0.0,95.76,0.0,140.0,60.0,0.0
2024-10-18,10,10:30,0.0,0.0,0.0,95.76,0.0,140.0,60.0,0.0
2024-10-18,11,10:45,0.0,0.0,0.0,95.76,0.0,140.0,60.0,0.0
2024-10-18,12,11:00,0.0,9.5021,9.5021,85.3,0.202632,100.0,60.0,0.0
2024-10-18,13,11:15,0.0,17.0147,17.0147,85.3,0.362838,100.0,60.0,0.0
2024-10-18,14,11:30,1.3266,17.1381,18.4647,85.3,0.39376,100.0,60.0,0.0
2024-10-18,15,11:45,4.184,16.0793,20.2632,85.3,0.432114,100.0,60.0,0.0
2024-10-18,16,12:00,5.1593,3.2115,8.3708,82.96,0.173611,100.0,60.0,0.0
2024-10-18,17,12:15,4.2588,9.5021,13.7609,82.96,0.285402,60.0,100.0,0.0
2024-10-18,18,12:30,5.404,17.0147,22.4187,82.96,0.464964,60.0,100.0,0.0
2024-10-18,19,12:45,4.491,17.1381,21.6291,82.96,0.448588,60.0,100.0,0.0
2024-10-18,20,13:00,5.1252,16.0793,21.2045,80.2,0.42515,60.0,100.0,0.0
2024-10-18,21,13:15,3.0543,3.2115,6.2658,80.2,0.12563,60.0,100.0,0.0
2024-10-18,22,13:30,5.093,9.5021,14.5951,80.2,0.292632,20.0,140.0,0.0
2024-10-18,23,13:45,3.6006,17.0147,20.6153,80.2,0.413337,20.0,140.0,0.0
2024-10-18,24,14:00,4.9802,17.1381,22.1183,81.19,0.448947,20.0,140.0,0.0
2024-10-18,25,14:15,4.3843,16.0793,20.4636,81.19,0.41536,20.0,140.0,0.0
2024-10-18,26,14:30,1.5369,3.2115,4.7484,81.19,0.09638,20.0,140.0,0.0
2024-10-18,27,14:45,0.0,9.5021,9.5021,81.19,0.192869,80.0,180.0,0.0
2024-10-18,28,15:00,0.0,17.0147,17.0147,84.34,0.358754,80.0,180.0,0.0
2024-10-18,29,15:15,0.0,17.1381,17.1381,84.34,0.361357,80.0,180.0,0.0
2024-10-18,30,15:30,0.0,16.0793,16.0793,84.34,0.339032,80.0,180.0,0.0
2024-10-18,31,15:45,0.0,3.2115,3.2115,84.34,0.067714,80.0,180.0,0.0
2024-10-18,32,16:00,0.0,0.0,0.0,103.29,0.0,80.0,220.0,0.0
2024-10-18,33,16:15,0.0,0.0,0.0,103.29,0.0,80.0,220.0,0.0
2024-10-18,34,16:30,0.0,0.0,0.0,103.29,0.0,80.0,220.0,0.0
2024-10-18,35,16:45,0.0,0.0,0.0,103.29,0.0,80.0,220.0,0.0
2024-10-18,36,17:00,0.0,0.0,0.0,133.67,0.0,80.0,220.0,0.0
2024-10-18,37,17:15,0.0,0.0,0.0,133.67,0.0,80.0,220.0,0.0
2024-10-18,38,17:30,0.0,0.0,0.0,133.67,0.0,80.0,220.0,0.0
2024-10-18,39,17:45,0.0,0.0,0.0,133.67,0.0,80.0,220.0,0.0
2024-10-18,40,18:00,0.0,0.0,0.0,181.28,0.0,80.0,220.0,0.0
2024-10-18,41,18:15,0.0,0.0,0.0,181.28,0.0,80.0,220.0,0.0
2024-10-18,42,18:30,0.0,0.0,0.0,181.28,0.0,80.0,220.0,0.0
2024-10-18,43,18:45,0.0,0.0,0.0,181.28,0.0,80.0,220.0,0.0
2024-10-18,44,19:00,0.0,0.0,0.0,142.58,0.0,80.0,220.0,0.0
2024-10-18,45,19:15,0.0,0.0,0.0,142.58,0.0,80.0,220.0,0.0
2024-10-18,46,19:30,0.0,0.0,0.0,142.58,0.0,80.0,220.0,0.0
2024-10-18,47,19:45,0.0,0.0,0.0,142.58,0.0,80.0,220.0,0.0
2024-10-18,48,20:00,0.0,0.0,0.0,103.25,0.0,80.0,220.0,0.0
2024-10-18,49,20:15,0.0,0.0,0.0,103.25,0.0,80.0,220.0,0.0
2024-10-18,50,20:30,0.0,0.0,0.0,103.25,0.0,80.0,220.0,0.0
2024-10-18,51,20:45,0.0,0.0,0.0,103.25,0.0,80.0,220.0,0.0
2024-10-18,52,21:00,0.0,0.0,0.0,96.83,0.0,80.0,220.0,0.0
2024-10-18,53,21:15,0.0,0.0,0.0,96.83,0.0,80.0,220.0,0.0
2024-10-18,54,21:30,0.0,0.0,0.0,96.83,0.0,80.0,220.0,0.0
2024-10-18,55,21:45,0.0,0.0,0.0,96.83,0.0,80.0,30.0,190.0
2024-10-21,0,08:00,0.0,0.0,0.0,120.39,0.0,80.0,30.0,0.0
2024-10-21,1,08:15,0.0,0.0,0.0,120.39,0.0,80.0,30.0,0.0
2024-10-21,2,08:30,0.0,0.0,0.0,120.39,0.0,80.0,30.0,0.0
2024-10-21,3,08:45,0.0,0.0,0.0,120.39,0.0,80.0,30.0,0.0
2024-10-21,4,09:00,0.0,0.0,0.0,103.9,0.0,80.0,30.0,0.0
2024-10-21,5,09:15,0.0,0.0,0.0,103.9,0.0,80.0,30.0,0.0
2024-10-21,6,09:30,1.3266,0.0,1.3266,103.9,0.034459,80.0,30.0,0.0
2024-10-21,7,09:45,4.184,0.0,4.184,103.9,0.108679,80.0,30.0,0.0
2024-10-21,8,10:00,5.1593,0.0,5.1593,89.04,0.114847,80.0,30.0,0.0
2024-10-21,9,10:15,4.2588,9.5021,13.7609,89.04,0.306318,40.0,30.0,0.0
2024-10-21,10,10:30,5.404,17.0147,22.4187,89.04,0.49904,40.0,30.0,0.0
2024-10-21,11,10:45,4.491,17.1381,21.6291,89.04,0.481465,40.0,30.0,0.0
2024-10-21,12,11:00,5.1252,16.0793,21.2045,81.03,0.429549,40.0,30.0,0.0
2024-10-21,13,11:15,3.0543,3.2115,6.2658,81.03,0.12693,40.0,30.0,0.0
2024-10-21,14,11:30,5.093,9.5021,14.5951,81.03,0.29566,0.0,70.0,0.0
2024-10-21,15,11:45,3.6006,17.0147,20.6153,81.03,0.417615,0.0,70.0,0.0
2024-10-21,16,12:00,4.9802,17.1381,22.1183,73.19,0.40471,0.0,70.0,0.0
2024-10-21,17,12:15,4.3843,16.0793,20.4636,73.19,0.374433,0.0,70.0,0.0
2024-10-21,18,12:30,1.5369,3.2115,4.7484,73.19,0.086883,0.0,70.0,0.0
2024-10-21,19,12:45,1.3266,9.5021,10.8287,73.19,0.198139,60.0,110.0,0.0
2024-10-21,20,13:00,4.184,17.0147,21.1986,81.36,0.43118,60.0,110.0,0.0
2024-10-21,21,13:15,5.1593,17.1381,22.2974,81.36,0.45353,60.0,110.0,0.0
2024-10-21,22,13:30,4.2588,16.0793,20.3381,81.36,0.413677,60.0,110.0,0.0
2024-10-21,23,13:45,5.404,3.2115,8.6155,81.36,0.17524,60.0,110.0,0.0
2024-10-21,24,14:00,4.491,9.5021,13.9931,81.65,0.285635,20.0,150.0,0.0
2024-10-21,25,14:15,5.1252,17.0147,22.1399,81.65,0.45193,20.0,150.0,0.0
2024-10-21,26,14:30,3.0543,17.1381,20.1924,81.65,0.412178,20.0,150.0,0.0
2024-10-21,27,14:45,5.093,16.0793,21.1723,81.65,0.432179,20.0,150.0,0.0
2024-10-21,28,15:00,3.6006,3.2115,6.8121,98.59,0.167902,20.0,150.0,0.0
2024-10-21,29,15:15,4.9802,0.0,4.9802,98.59,0.12275,20.0,190.0,0.0
2024-10-21,30,15:30,4.3843,0.0,4.3843,98.59,0.108063,20.0,190.0,0.0
2024-10-21,31,15:45,1.5369,0.0,1.5369,98.59,0.03788,20.0,190.0,0.0
2024-10-21,32,16:00,0.0,0.0,0.0,123.5,0.0,120.0,190.0,0.0
2024-10-21,33,16:15,0.0,0.0,0.0,123.5,0.0,120.0,190.0,0.0
2024-10-21,34,16:30,0.0,0.0,0.0,123.5,0.0,120.0,190.0,0.0
2024-10-21,35,16:45,0.0,0.0,0.0,123.5,0.0,120.0,190.0,0.0
2024-10-21,36,17:00,0.0,0.0,0.0,131.54,0.0,120.0,190.0,0.0
2024-10-21,37,17:15,0.0,0.0,0.0,131.54,0.0,120.0,190.0,0.0
2024-10-21,38,17:30,0.0,0.0,0.0,131.54,0.0,120.0,190.0,0.0
2024-10-21,39,17:45,0.0,0.0,0.0,131.54,0.0,120.0,190.0,0.0
2024-10-21,40,18:00,0.0,0.0,0.0,222.11,0.0,120.0,190.0,0.0
2024-10-21,41,18:15,0.0,0.0,0.0,222.11,0.0,120.0,190.0,0.0
2024-10-21,42,18:30,0.0,0.0,0.0,222.11,0.0,120.0,190.0,0.0
2024-10-21,43,18:45,0.0,0.0,0.0,222.11,0.0,120.0,190.0,0.0
2024-10-21,44,19:00,0.0,0.0,0.0,190.87,0.0,120.0,190.0,0.0
2024-10-21,45,19:15,0.0,0.0,0.0,190.87,0.0,120.0,190.0,0.0
2024-10-21,46,19:30,0.0,0.0,0.0,190.87,0.0,120.0,190.0,0.0
2024-10-21,47,19:45,0.0,0.0,0.0,190.87,0.0,120.0,190.0,0.0
2024-10-21,48,20:00,0.0,0.0,0.0,128.44,0.0,120.0,190.0,0.0
2024-10-21,49,20:15,0.0,0.0,0.0,128.44,0.0,120.0,190.0,0.0
2024-10-21,50,20:30,0.0,0.0,0.0,128.44,0.0,120.0,190.0,0.0
2024-10-21,51,20:45,0.0,0.0,0.0,128.44,0.0,120.0,190.0,0.0
2024-10-21,52,21:00,0.0,0.0,0.0,102.0,0.0,120.0,190.0,0.0
2024-10-21,53,21:15,0.0,0.0,0.0,102.0,0.0,120.0,190.0,0.0
2024-10-21,54,21:30,0.0,0.0,0.0,102.0,0.0,120.0,190.0,0.0
2024-10-21,55,21:45,0.0,0.0,0.0,102.0,0.0,120.0,30.0,160.0
2024-10-22,0,08:00,0.0,0.0,0.0,170.12,0.0,120.0,30.0,0.0
2024-10-22,1,08:15,0.0,0.0,0.0,170.12,0.0,120.0,30.0,0.0
2024-10-22,2,08:30,0.0,0.0,0.0,170.12,0.0,120.0,30.0,0.0
2024-10-22,3,08:45,0.0,0.0,0.0,170.12,0.0,120.0,30.0,0.0
2024-10-22,4,09:00,0.0,0.0,0.0,113.44,0.0,120.0,30.0,0.0
2024-10-22,5,09:15,0.0,0.0,0.0,113.44,0.0,120.0,30.0,0.0
2024-10-22,6,09:30,0.0,0.0,0.0,113.44,0.0,120.0,30.0,0.0
2024-10-22,7,09:45,0.0,0.0,0.0,113.44,0.0,120.0,30.0,0.0
2024-10-22,8,10:00,0.0,0.0,0.0,99.22,0.0,120.0,30.0,0.0
2024-10-22,9,10:15,0.0,0.0,0.0,99.22,0.0,120.0,30.0,0.0
2024-10-22,10,10:30,0.0,0.0,0.0,99.22,0.0,120.0,30.0,0.0
2024-10-22,11,10:45,0.0,0.0,0.0,99.22,0.0,120.0,30.0,0.0
2024-10-22,12,11:00,1.8638,0.0,1.8638,87.75,0.040888,120.0,30.0,0.0
2024-10-22,13,11:15,6.7293,9.5021,16.2314,87.75,0.356076,80.0,30.0,0.0
2024-10-22,14,11:30,5.9956,17.0147,23.0103,87.75,0.504788,80.0,30.0,0.0
2024-10-22,15,11:45,7.1179,17.1381,24.256,87.75,0.532116,80.0,30.0,0.0
2024-10-22,16,12:00,6.1091,16.0793,22.1884,77.11,0.427736,80.0,30.0,0.0
2024-10-22,17,12:15,5.6324,3.2115,8.8439,77.11,0.170489,80.0,30.0,0.0
2024-10-22,18,12:30,5.8458,9.5021,15.3479,77.11,0.295869,40.0,70.0,0.0
2024-10-22,19,12:45,5.1816,17.0147,22.1962,77.11,0.427888,40.0,70.0,0.0
2024-10-22,20,13:00,6.7301,17.1381,23.8682,70.88,0.422944,40.0,70.0,0.0
2024-10-22,21,13:15,3.9878,16.0793,20.0671,70.88,0.355589,40.0,70.0,0.0
2024-10-22,22,13:30,1.8638,3.2115,5.0753,70.88,0.089935,140.0,70.0,0.0
2024-10-22,23,13:45,6.7293,9.5021,16.2314,70.88,0.28762,100.0,110.0,0.0
2024-10-22,24,14:00,5.9956,17.0147,23.0103,73.53,0.422986,100.0,110.0,0.0
2024-10-22,25,14:15,7.1179,17.1381,24.256,73.53,0.445886,100.0,110.0,0.0
2024-10-22,26,14:30,6.1091,16.0793,22.1884,73.53,0.407877,100.0,110.0,0.0
2024-10-22,27,14:45,5.6324,3.2115,8.8439,73.53,0.162574,100.0,110.0,0.0
2024-10-22,28,15:00,5.8458,9.5021,15.3479,87.08,0.334124,60.0,10.0,140.0
2024-10-22,29,15:15,5.1816,17.0147,22.1962,87.08,0.483212,60.0,10.0,0.0
2024-10-22,30,15:30,6.7301,17.1381,23.8682,87.08,0.519611,60.0,10.0,0.0
2024-10-22,31,15:45,3.9878,16.0793,20.0671,87.08,0.43686,60.0,10.0,0.0
2024-10-22,32,16:00,0.0,3.2115,3.2115,107.45,0.086269,160.0,10.0,0.0
2024-10-22,33,16:15,0.0,0.0,0.0,107.45,0.0,160.0,50.0,0.0
2024-10-22,34,16:30,0.0,0.0,0.0,107.45,0.0,160.0,50.0,0.0
2024-10-22,35,16:45,0.0,0.0,0.0,107.45,0.0,160.0,50.0,0.0
2024-10-22,36,17:00,0.0,0.0,0.0,109.97,0.0,160.0,50.0,0.0
2024-10-22,37,17:15,0.0,0.0,0.0,109.97,0.0,160.0,50.0,0.0
2024-10-22,38,17:30,0.0,0.0,0.0,109.97,0.0,160.0,50.0,0.0
2024-10-22,39,17:45,0.0,0.0,0.0,109.97,0.0,160.0,50.0,0.0
2024-10-22,40,18:00,0.0,0.0,0.0,140.36,0.0,160.0,50.0,0.0
2024-10-22,41,18:15,0.0,0.0,0.0,140.36,0.0,160.0,50.0,0.0
2024-10-22,42,18:30,0.0,0.0,0.0,140.36,0.0,160.0,50.0,0.0
2024-10-22,43,18:45,0.0,0.0,0.0,140.36,0.0,160.0,50.0,0.0
2024-10-22,44,19:00,0.0,0.0,0.0,157.75,0.0,160.0,50.0,0.0
2024-10-22,45,19:15,0.0,0.0,0.0,157.75,0.0,160.0,50.0,0.0
2024-10-22,46,19:30,0.0,0.0,0.0,157.75,0.0,160.0,50.0,0.0
2024-10-22,47,19:45,0.0,0.0,0.0,157.75,0.0,160.0,50.0,0.0
2024-10-22,48,20:00,0.0,0.0,0.0,114.02,0.0,160.0,50.0,0.0
2024-10-22,49,20:15,0.0,0.0,0.0,114.02,0.0,160.0,50.0,0.0
2024-10-22,50,20:30,0.0,0.0,0.0,114.02,0.0,160.0,50.0,0.0
2024-10-22,51,20:45,0.0,0.0,0.0,114.02,0.0,160.0,50.0,0.0
2024-10-22,52,21:00,0.0,0.0,0.0,99.4,0.0,160.0,50.0,0.0
2024-10-22,53,21:15,0.0,0.0,0.0,99.4,0.0,160.0,50.0,0.0
2024-10-22,54,21:30,0.0,0.0,0.0,99.4,0.0,160.0,50.0,0.0
2024-10-22,55,21:45,0.0,0.0,0.0,99.4,0.0,160.0,50.0,0.0
2024-10-23,0,08:00,0.0,0.0,0.0,183.13,0.0,160.0,50.0,0.0
2024-10-23,1,08:15,0.0,0.0,0.0,183.13,0.0,160.0,50.0,0.0
2024-10-23,2,08:30,0.0,0.0,0.0,183.13,0.0,160.0,50.0,0.0
2024-10-23,3,08:45,0.0,0.0,0.0,183.13,0.0,160.0,50.0,0.0
2024-10-23,4,09:00,0.0,0.0,0.0,128.42,0.0,160.0,50.0,0.0
2024-10-23,5,09:15,0.0,0.0,0.0,128.42,0.0,160.0,50.0,0.0
2024-10-23,6,09:30,0.0,0.0,0.0,128.42,0.0,160.0,50.0,0.0
2024-10-23,7,09:45,0.0,0.0,0.0,128.42,0.0,160.0,50.0,0.0
2024-10-23,8,10:00,0.0,0.0,0.0,104.1,0.0,160.0,50.0,0.0
2024-10-23,9,10:15,0.0,0.0,0.0,104.1,0.0,160.0,50.0,0.0
2024-10-23,10,10:30,0.0,0.0,0.0,104.1,0.0,160.0,50.0,0.0
2024-10-23,11,10:45,0.0,0.0,0.0,104.1,0.0,160.0,50.0,0.0
2024-10-23,12,11:00,0.0,0.0,0.0,93.86,0.0,160.0,50.0,0.0
2024-10-23,13,11:15,0.0,9.5021,9.5021,93.86,0.222967,120.0,50.0,0.0
2024-10-23,14,11:30,0.0,17.0147,17.0147,93.86,0.399249,120.0,50.0,0.0
2024-10-23,15,11:45,0.0,17.1381,17.1381,93.86,0.402145,120.0,50.0,0.0
2024-10-23,16,12:00,1.3266,16.0793,17.4059,85.62,0.372574,120.0,50.0,0.0
2024-10-23,17,12:15,4.184,3.2115,7.3955,85.62,0.1583,120.0,50.0,0.0
2024-10-23,18,12:30,5.1593,9.5021,14.6614,85.62,0.313828,80.0,90.0,0.0
2024-10-23,19,12:45,4.2588,17.0147,21.2735,85.62,0.45536,80.0,90.0,0.0
2024-10-23,20,13:00,5.404,17.1381,22.5421,80.99,0.456422,80.0,90.0,0.0
2024-10-23,21,13:15,4.491,16.0793,20.5703,80.99,0.416498,80.0,90.0,0.0
2024-10-23,22,13:30,5.1252,3.2115,8.3367,80.99,0.168797,80.0,90.0,0.0
2024-10-23,23,13:45,3.0543,9.5021,12.5564,80.99,0.254236,40.0,130.0,0.0
2024-10-23,24,14:00,5.093,17.0147,22.1077,78.97,0.436461,40.0,130.0,0.0
2024-10-23,25,14:15,3.6006,17.1381,20.7387,78.97,0.409434,40.0,130.0,0.0
2024-10-23,26,14:30,4.9802,16.0793,21.0595,78.97,0.415768,40.0,130.0,0.0
2024-10-23,27,14:45,4.3843,3.2115,7.5958,78.97,0.149961,40.0,130.0,0.0
2024-10-23,28,15:00,1.5369,0.0,1.5369,88.62,0.03405,40.0,30.0,140.0
2024-10-23,29,15:15,0.0,0.0,0.0,88.62,0.0,140.0,30.0,0.0
2024-10-23,30,15:30,0.0,0.0,0.0,88.62,0.0,140.0,30.0,0.0
2024-10-23,31,15:45,0.0,0.0,0.0,88.62,0.0,140.0,30.0,0.0
2024-10-23,32,16:00,0.0,0.0,0.0,101.9,0.0,140.0,30.0,0.0
2024-10-23,33,16:15,0.0,0.0,0.0,101.9,0.0,140.0,30.0,0.0
2024-10-23,34,16:30,0.0,0.0,0.0,101.9,0.0,140.0,30.0,0.0
2024-10-23,35,16:45,0.0,0.0,0.0,101.9,0.0,140.0,30.0,0.0
2024-10-23,36,17:00,0.0,0.0,0.0,147.15,0.0,140.0,30.0,0.0
2024-10-23,37,17:15,0.0,0.0,0.0,147.15,0.0,140.0,30.0,0.0
2024-10-23,38,17:30,0.0,0.0,0.0,147.15,0.0,140.0,30.0,0.0
2024-10-23,39,17:45,0.0,0.0,0.0,147.15,0.0,140.0,30.0,0.0
2024-10-23,40,18:00,0.0,0.0,0.0,218.18,0.0,140.0,30.0,0.0
2024-10-23,41,18:15,0.0,0.0,0.0,218.18,0.0,140.0,30.0,0.0
2024-10-23,42,18:30,0.0,0.0,0.0,218.18,0.0,140.0,30.0,0.0
2024-10-23,43,18:45,0.0,0.0,0.0,218.18,0.0,140.0,30.0,0.0
2024-10-23,44,19:00,0.0,0.0,0.0,177.6,0.0,140.0,30.0,0.0
2024-10-23,45,19:15,0.0,0.0,0.0,177.6,0.0,140.0,30.0,0.0
2024-10-23,46,19:30,0.0,0.0,0.0,177.6,0.0,140.0,30.0,0.0
2024-10-23,47,19:45,0.0,0.0,0.0,177.6,0.0,140.0,30.0,0.0
2024-10-23,48,20:00,0.0,0.0,0.0,111.71,0.0,140.0,30.0,0.0
2024-10-23,49,20:15,0.0,0.0,0.0,111.71,0.0,140.0,30.0,0.0
2024-10-23,50,20:30,0.0,0.0,0.0,111.71,0.0,140.0,30.0,0.0
2024-10-23,51,20:45,0.0,0.0,0.0,111.71,0.0,140.0,30.0,0.0
2024-10-23,52,21:00,0.0,0.0,0.0,101.51,0.0,140.0,30.0,0.0
2024-10-23,53,21:15,0.0,0.0,0.0,101.51,0.0,140.0,30.0,0.0
2024-10-23,54,21:30,0.0,0.0,0.0,101.51,0.0,140.0,30.0,0.0
2024-10-23,55,21:45,0.0,0.0,0.0,101.51,0.0,140.0,30.0,0.0
2024-10-24,0,08:00,0.0,0.0,0.0,171.27,0.0,140.0,30.0,0.0
2024-10-24,1,08:15,0.0,0.0,0.0,171.27,0.0,140.0,30.0,0.0
2024-10-24,2,08:30,0.0,0.0,0.0,171.27,0.0,140.0,30.0,0.0
2024-10-24,3,08:45,0.0,0.0,0.0,171.27,0.0,140.0,30.0,0.0
2024-10-24,4,09:00,0.0,0.0,0.0,117.3,0.0,140.0,30.0,0.0
2024-10-24,5,09:15,0.0,0.0,0.0,117.3,0.0,140.0,30.0,0.0
2024-10-24,6,09:30,0.0,0.0,0.0,117.3,0.0,140.0,30.0,0.0
2024-10-24,7,09:45,0.0,0.0,0.0,117.3,0.0,140.0,30.0,0.0
2024-10-24,8,10:00,0.0,0.0,0.0,101.91,0.0,140.0,30.0,0.0
2024-10-24,9,10:15,0.0,0.0,0.0,101.91,0.0,140.0,30.0,0.0
2024-10-24,10,10:30,0.0,0.0,0.0,101.91,0.0,140.0,30.0,0.0
2024-10-24,11,10:45,0.0,0.0,0.0,101.91,0.0,140.0,30.0,0.0
2024-10-24,12,11:00,0.0,0.0,0.0,93.05,0.0,140.0,30.0,0.0
2024-10-24,13,11:15,0.0,0.0,0.0,93.05,0.0,140.0,30.0,0.0
2024-10-24,14,11:30,0.0,9.5021,9.5021,93.05,0.221042,100.0,30.0,0.0
2024-10-24,15,11:45,0.0,17.0147,17.0147,93.05,0.395804,100.0,30.0,0.0
2024-10-24,16,12:00,1.3266,17.1381,18.4647,83.96,0.387575,100.0,30.0,0.0
2024-10-24,17,12:15,4.184,16.0793,20.2632,83.96,0.425326,100.0,30.0,0.0
2024-10-24,18,12:30,5.1593,3.2115,8.3708,83.96,0.175704,100.0,30.0,0.0
2024-10-24,19,12:45,4.2588,9.5021,13.7609,83.96,0.288842,60.0,70.0,0.0
2024-10-24,20,13:00,5.404,17.0147,22.4187,79.15,0.44361,60.0,70.0,0.0
2024-10-24,21,13:15,4.491,17.1381,21.6291,79.15,0.427987,60.0,70.0,0.0
2024-10-24,22,13:30,5.1252,16.0793,21.2045,79.15,0.419583,60.0,70.0,0.0
2024-10-24,23,13:45,3.0543,3.2115,6.2658,79.15,0.123985,60.0,70.0,0.0
2024-10-24,24,14:00,5.093,9.5021,14.5951,81.51,0.297412,20.0,110.0,0.0
2024-10-24,25,14:15,3.6006,17.0147,20.6153,81.51,0.420089,20.0,110.0,0.0
2024-10-24,26,14:30,4.9802,17.1381,22.1183,81.51,0.450716,20.0,110.0,0.0
2024-10-24,27,14:45,4.3843,16.0793,20.4636,81.51,0.416998,20.0,110.0,0.0
2024-10-24,28,15:00,1.5369,3.2115,4.7484,95.7,0.113605,20.0,110.0,0.0
2024-10-24,29,15:15,0.0,0.0,0.0,95.7,0.0,120.0,150.0,0.0
2024-10-24,30,15:30,0.0,0.0,0.0,95.7,0.0,120.0,150.0,0.0
2024-10-24,31,15:45,0.0,0.0,0.0,95.7,0.0,120.0,150.0,0.0
2024-10-24,32,16:00,0.0,0.0,0.0,116.17,0.0,120.0,150.0,0.0
2024-10-24,33,16:15,0.0,0.0,0.0,116.17,0.0,120.0,150.0,0.0
2024-10-24,34,16:30,0.0,0.0,0.0,116.17,0.0,120.0,150.0,0.0
2024-10-24,35,16:45,0.0,0.0,0.0,116.17,0.0,120.0,150.0,0.0
2024-10-24,36,17:00,0.0,0.0,0.0,129.9,0.0,120.0,150.0,0.0
2024-10-24,37,17:15,0.0,0.0,0.0,129.9,0.0,120.0,150.0,0.0
2024-10-24,38,17:30,0.0,0.0,0.0,129.9,0.0,120.0,150.0,0.0
2024-10-24,39,17:45,0.0,0.0,0.0,129.9,0.0,120.0,150.0,0.0
2024-10-24,40,18:00,0.0,0.0,0.0,141.53,0.0,120.0,150.0,0.0
2024-10-24,41,18:15,0.0,0.0,0.0,141.53,0.0,120.0,150.0,0.0
2024-10-24,42,18:30,0.0,0.0,0.0,141.53,0.0,120.0,150.0,0.0
2024-10-24,43,18:45,0.0,0.0,0.0,141.53,0.0,120.0,150.0,0.0
2024-10-24,44,19:00,0.0,0.0,0.0,114.19,0.0,120.0,150.0,0.0
2024-10-24,45,19:15,0.0,0.0,0.0,114.19,0.0,120.0,150.0,0.0
2024-10-24,46,19:30,0.0,0.0,0.0,114.19,0.0,120.0,150.0,0.0
2024-10-24,47,19:45,0.0,0.0,0.0,114.19,0.0,120.0,150.0,0.0
2024-10-24,48,20:00,0.0,0.0,0.0,96.61,0.0,120.0,150.0,0.0
2024-10-24,49,20:15,0.0,0.0,0.0,96.61,0.0,120.0,150.0,0.0
2024-10-24,50,20:30,0.0,0.0,0.0,96.61,0.0,120.0,150.0,0.0
2024-10-24,51,20:45,0.0,9.5021,9.5021,96.61,0.229499,80.0,150.0,0.0
2024-10-24,52,21:00,0.0,17.0147,17.0147,93.64,0.398314,80.0,150.0,0.0
2024-10-24,53,21:15,0.0,17.1381,17.1381,93.64,0.401203,80.0,150.0,0.0
2024-10-24,54,21:30,0.0,16.0793,16.0793,93.64,0.376416,80.0,150.0,0.0
2024-10-24,55,21:45,0.0,3.2115,3.2115,93.64,0.075181,80.0,-0.0,150.0
2024-10-25,0,08:00,0.0,0.0,0.0,150.59,0.0,80.0,40.0,0.0
2024-10-25,1,08:15,0.0,0.0,0.0,150.59,0.0,80.0,40.0,0.0
2024-10-25,2,08:30,0.0,0.0,0.0,150.59,0.0,80.0,40.0,0.0
2024-10-25,3,08:45,0.0,0.0,0.0,150.59,0.0,80.0,40.0,0.0
2024-10-25,4,09:00,0.0,0.0,0.0,122.43,0.0,80.0,40.0,0.0
2024-10-25,5,09:15,0.0,0.0,0.0,122.43,0.0,80.0,40.0,0.0
2024-10-25,6,09:30,0.0,0.0,0.0,122.43,0.0,80.0,40.0,0.0
2024-10-25,7,09:45,0.0,0.0,0.0,122.43,0.0,80.0,40.0,0.0
2024-10-25,8,10:00,0.0,0.0,0.0,108.15,0.0,80.0,40.0,0.0
2024-10-25,9,10:15,0.0,0.0,0.0,108.15,0.0,80.0,40.0,0.0
2024-10-25,10,10:30,0.0,0.0,0.0,108.15,0.0,80.0,40.0,0.0
2024-10-25,11,10:45,1.8638,9.5021,11.3659,108.15,0.307306,40.0,40.0,0.0
2024-10-25,12,11:00,6.7293,17.0147,23.744,93.9,0.557389,40.0,40.0,0.0
2024-10-25,13,11:15,5.9956,17.1381,23.1337,93.9,0.543063,40.0,40.0,0.0
2024-10-25,14,11:30,7.1179,16.0793,23.1972,93.9,0.544554,40.0,40.0,0.0
2024-10-25,15,11:45,6.1091,3.2115,9.3206,93.9,0.2188,40.0,40.0,0.0
2024-10-25,16,12:00,5.6324,9.5021,15.1345,81.08,0.306777,0.0,80.0,0.0
2024-10-25,17,12:15,5.8458,17.0147,22.8605,81.08,0.463382,0.0,80.0,0.0
2024-10-25,18,12:30,5.1816,17.1381,22.3197,81.08,0.45242,0.0,80.0,0.0
2024-10-25,19,12:45,6.7301,16.0793,22.8094,81.08,0.462346,0.0,80.0,0.0
2024-10-25,20,13:00,3.9878,3.2115,7.1993,78.18,0.14071,0.0,80.0,0.0
2024-10-25,21,13:15,1.8638,9.5021,11.3659,78.18,0.222147,60.0,120.0,0.0
2024-10-25,22,13:30,6.7293,17.0147,23.744,78.18,0.464076,60.0,120.0,0.0
2024-10-25,23,13:45,5.9956,17.1381,23.1337,78.18,0.452148,60.0,120.0,0.0
2024-10-25,24,14:00,7.1179,16.0793,23.1972,82.47,0.478268,60.0,120.0,0.0
2024-10-25,25,14:15,6.1091,3.2115,9.3206,82.47,0.192167,60.0,120.0,0.0
2024-10-25,26,14:30,5.6324,9.5021,15.1345,82.47,0.312036,20.0,160.0,0.0
2024-10-25,27,14:45,5.8458,17.0147,22.8605,82.47,0.471326,20.0,160.0,0.0
2024-10-25,28,15:00,5.1816,17.1381,22.3197,99.33,0.554253,20.0,30.0,130.0
2024-10-25,29,15:15,6.7301,16.0793,22.8094,99.33,0.566414,20.0,30.0,0.0
2024-10-25,30,15:30,3.9878,3.2115,7.1993,99.33,0.178776,20.0,30.0,0.0
2024-10-25,31,15:45,0.0,0.0,0.0,99.33,0.0,120.0,70.0,0.0
2024-10-25,32,16:00,0.0,0.0,0.0,118.03,0.0,120.0,70.0,0.0
2024-10-25,33,16:15,0.0,0.0,0.0,118.03,0.0,120.0,70.0,0.0
2024-10-25,34,16:30,0.0,0.0,0.0,118.03,0.0,120.0,70.0,0.0
2024-10-25,35,16:45,0.0,0.0,0.0,118.03,0.0,120.0,70.0,0.0
2024-10-25,36,17:00,0.0,0.0,0.0,158.73,0.0,120.0,70.0,0.0
2024-10-25,37,17:15,0.0,0.0,0.0,158.73,0.0,120.0,70.0,0.0
2024-10-25,38,17:30,0.0,0.0,0.0,158.73,0.0,120.0,70.0,0.0
2024-10-25,39,17:45,0.0,0.0,0.0,158.73,0.0,120.0,70.0,0.0
2024-10-25,40,18:00,0.0,0.0,0.0,227.32,0.0,120.0,70.0,0.0
2024-10-25,41,18:15,0.0,0.0,0.0,227.32,0.0,120.0,70.0,0.0
2024-10-25,42,18:30,0.0,0.0,0.0,227.32,0.0,120.0,70.0,0.0
2024-10-25,43,18:45,0.0,0.0,0.0,227.32,0.0,120.0,70.0,0.0
2024-10-25,44,19:00,0.0,0.0,0.0,184.85,0.0,120.0,70.0,0.0
2024-10-25,45,19:15,0.0,0.0,0.0,184.85,0.0,120.0,70.0,0.0
2024-10-25,46,19:30,0.0,0.0,0.0,184.85,0.0,120.0,70.0,0.0
2024-10-25,47,19:45,0.0,0.0,0.0,184.85,0.0,120.0,70.0,0.0
2024-10-25,48,20:00,0.0,0.0,0.0,123.86,0.0,120.0,70.0,0.0
2024-10-25,49,20:15,0.0,0.0,0.0,123.86,0.0,120.0,70.0,0.0
2024-10-25,50,20:30,0.0,0.0,0.0,123.86,0.0,120.0,70.0,0.0
2024-10-25,51,20:45,0.0,0.0,0.0,123.86,0.0,120.0,70.0,0.0
2024-10-25,52,21:00,0.0,0.0,0.0,116.29,0.0,120.0,70.0,0.0
2024-10-25,53,21:15,0.0,0.0,0.0,116.29,0.0,120.0,70.0,0.0
2024-10-25,54,21:30,0.0,0.0,0.0,116.29,0.0,120.0,70.0,0.0
2024-10-25,55,21:45,0.0,0.0,0.0,116.29,0.0,120.0,70.0,0.0
2024-10-28,0,08:00,0.0,0.0,0.0,127.38,0.0,120.0,70.0,0.0
2024-10-28,1,08:15,0.0,0.0,0.0,127.38,0.0,120.0,70.0,0.0
2024-10-28,2,08:30,0.0,0.0,0.0,127.38,0.0,120.0,70.0,0.0
2024-10-28,3,08:45,0.0,0.0,0.0,127.38,0.0,120.0,70.0,0.0
2024-10-28,4,09:00,1.3266,0.0,1.3266,116.18,0.038532,120.0,70.0,0.0
2024-10-28,5,09:15,4.184,0.0,4.184,116.18,0.121523,120.0,70.0,0.0
2024-10-28,6,09:30,5.1593,0.0,5.1593,116.18,0.149853,120.0,70.0,0.0
2024-10-28,7,09:45,4.2588,9.5021,13.7609,116.18,0.399686,80.0,70.0,0.0
2024-10-28,8,10:00,5.404,17.0147,22.4187,97.61,0.547072,80.0,70.0,0.0
2024-10-28,9,10:15,4.491,17.1381,21.6291,97.61,0.527805,80.0,70.0,0.0
2024-10-28,10,10:30,5.1252,16.0793,21.2045,97.61,0.517442,80.0,70.0,0.0
2024-10-28,11,10:45,3.0543,3.2115,6.2658,97.61,0.152902,80.0,70.0,0.0
2024-10-28,12,11:00,5.093,9.5021,14.5951,98.31,0.358711,40.0,110.0,0.0
2024-10-28,13,11:15,3.6006,17.0147,20.6153,98.31,0.506673,40.0,110.0,0.0
2024-10-28,14,11:30,4.9802,17.1381,22.1183,98.31,0.543613,40.0,110.0,0.0
2024-10-28,15,11:45,4.3843,16.0793,20.4636,98.31,0.502945,40.0,110.0,0.0
2024-10-28,16,12:00,1.5369,3.2115,4.7484,94.93,0.112691,40.0,110.0,0.0
2024-10-28,17,12:15,1.3266,9.5021,10.8287,94.93,0.256993,100.0,150.0,0.0
2024-10-28,18,12:30,4.184,17.0147,21.1986,94.93,0.503097,100.0,150.0,0.0
2024-10-28,19,12:45,5.1593,17.1381,22.2974,94.93,0.529174,100.0,150.0,0.0
2024-10-28,20,13:00,4.2588,16.0793,20.3381,101.33,0.515215,100.0,150.0,0.0
2024-10-28,21,13:15,5.404,3.2115,8.6155,101.33,0.218252,100.0,150.0,0.0
2024-10-28,22,13:30,4.491,9.5021,13.9931,101.33,0.354481,60.0,190.0,0.0
2024-10-28,23,13:45,5.1252,17.0147,22.1399,101.33,0.560858,60.0,190.0,0.0
2024-10-28,24,14:00,3.0543,17.1381,20.1924,113.93,0.575131,60.0,190.0,0.0
2024-10-28,25,14:15,5.093,16.0793,21.1723,113.93,0.603039,60.0,190.0,0.0
2024-10-28,26,14:30,3.6006,3.2115,6.8121,113.93,0.194026,60.0,190.0,0.0
2024-10-28,27,14:45,4.9802,0.0,4.9802,113.93,0.14185,60.0,230.0,0.0
2024-10-28,28,15:00,4.3843,0.0,4.3843,121.36,0.133021,60.0,100.0,130.0
2024-10-28,29,15:15,1.5369,0.0,1.5369,121.36,0.046629,60.0,100.0,0.0
2024-10-28,30,15:30,0.0,0.0,0.0,121.36,0.0,160.0,100.0,0.0
2024-10-28,31,15:45,0.0,0.0,0.0,121.36,0.0,160.0,100.0,0.0
2024-10-28,32,16:00,0.0,0.0,0.0,124.2,0.0,160.0,100.0,0.0
2024-10-28,33,16:15,0.0,0.0,0.0,124.2,0.0,160.0,100.0,0.0
2024-10-28,34,16:30,0.0,0.0,0.0,124.2,0.0,160.0,100.0,0.0
2024-10-28,35,16:45,0.0,0.0,0.0,124.2,0.0,160.0,100.0,0.0
2024-10-28,36,17:00,0.0,0.0,0.0,141.11,0.0,160.0,100.0,0.0
2024-10-28,37,17:15,0.0,0.0,0.0,141.11,0.0,160.0,100.0,0.0
2024-10-28,38,17:30,0.0,0.0,0.0,141.11,0.0,160.0,100.0,0.0
2024-10-28,39,17:45,0.0,0.0,0.0,141.11,0.0,160.0,100.0,0.0
2024-10-28,40,18:00,0.0,0.0,0.0,148.8,0.0,160.0,100.0,0.0
2024-10-28,41,18:15,0.0,0.0,0.0,148.8,0.0,160.0,100.0,0.0
2024-10-28,42,18:30,0.0,0.0,0.0,148.8,0.0,160.0,100.0,0.0
2024-10-28,43,18:45,0.0,0.0,0.0,148.8,0.0,160.0,100.0,0.0
2024-10-28,44,19:00,0.0,0.0,0.0,146.12,0.0,160.0,100.0,0.0
2024-10-28,45,19:15,0.0,0.0,0.0,146.12,0.0,160.0,100.0,0.0
2024-10-28,46,19:30,0.0,0.0,0.0,146.12,0.0,160.0,100.0,0.0
2024-10-28,47,19:45,0.0,0.0,0.0,146.12,0.0,160.0,100.0,0.0
2024-10-28,48,20:00,0.0,0.0,0.0,124.19,0.0,160.0,100.0,0.0
2024-10-28,49,20:15,0.0,0.0,0.0,124.19,0.0,160.0,100.0,0.0
2024-10-28,50,20:30,0.0,0.0,0.0,124.19,0.0,160.0,100.0,0.0
2024-10-28,51,20:45,0.0,9.5021,9.5021,124.19,0.295016,120.0,100.0,0.0
2024-10-28,52,21:00,0.0,17.0147,17.0147,115.59,0.491682,120.0,100.0,0.0
2024-10-28,53,21:15,0.0,17.1381,17.1381,115.59,0.495248,120.0,100.0,0.0
2024-10-28,54,21:30,0.0,16.0793,16.0793,115.59,0.464651,120.0,100.0,0.0
2024-10-28,55,21:45,0.0,3.2115,3.2115,115.59,0.092804,120.0,40.0,60.0
2024-10-29,0,08:00,0.0,0.0,0.0,151.32,0.0,120.0,80.0,0.0
2024-10-29,1,08:15,0.0,0.0,0.0,151.32,0.0,120.0,80.0,0.0
2024-10-29,2,08:30,0.0,0.0,0.0,151.32,0.0,120.0,80.0,0.0
2024-10-29,3,08:45,0.0,0.0,0.0,151.32,0.0,120.0,80.0,0.0
2024-10-29,4,09:00,0.0,0.0,0.0,129.69,0.0,120.0,80.0,0.0
2024-10-29,5,09:15,0.0,0.0,0.0,129.69,0.0,120.0,80.0,0.0
2024-10-29,6,09:30,0.0,0.0,0.0,129.69,0.0,120.0,80.0,0.0
2024-10-29,7,09:45,0.0,0.0,0.0,129.69,0.0,120.0,80.0,0.0
2024-10-29,8,10:00,0.0,0.0,0.0,120.7,0.0,120.0,80.0,0.0
2024-10-29,9,10:15,0.0,0.0,0.0,120.7,0.0,120.0,80.0,0.0
2024-10-29,10,10:30,0.0,0.0,0.0,120.7,0.0,120.0,80.0,0.0
2024-10-29,11,10:45,1.3266,9.5021,10.8287,120.7,0.326757,80.0,80.0,0.0
2024-10-29,12,11:00,4.184,17.0147,21.1986,112.97,0.598703,80.0,80.0,0.0
2024-10-29,13,11:15,5.1593,17.1381,22.2974,112.97,0.629735,80.0,80.0,0.0
2024-10-29,14,11:30,4.2588,16.0793,20.3381,112.97,0.574399,80.0,80.0,0.0
2024-10-29,15,11:45,5.404,3.2115,8.6155,112.97,0.243324,80.0,80.0,0.0
2024-10-29,16,12:00,4.491,9.5021,13.9931,105.45,0.368894,40.0,120.0,0.0
2024-10-29,17,12:15,5.1252,17.0147,22.1399,105.45,0.583662,40.0,120.0,0.0
2024-10-29,18,12:30,3.0543,17.1381,20.1924,105.45,0.532323,40.0,120.0,0.0
2024-10-29,19,12:45,5.093,16.0793,21.1723,105.45,0.558154,40.0,120.0,0.0
2024-10-29,20,13:00,3.6006,3.2115,6.8121,117.73,0.200498,40.0,120.0,0.0
2024-10-29,21,13:15,4.9802,0.0,4.9802,117.73,0.146581,40.0,160.0,0.0
2024-10-29,22,13:30,4.3843,0.0,4.3843,117.73,0.129042,40.0,160.0,0.0
2024-10-29,23,13:45,1.5369,0.0,1.5369,117.73,0.045235,40.0,160.0,0.0
2024-10-29,24,14:00,0.0,0.0,0.0,135.94,0.0,140.0,160.0,0.0
2024-10-29,25,14:15,0.0,0.0,0.0,135.94,0.0,140.0,160.0,0.0
2024-10-29,26,14:30,0.0,0.0,0.0,135.94,0.0,140.0,160.0,0.0
2024-10-29,27,14:45,0.0,0.0,0.0,135.94,0.0,140.0,160.0,0.0
2024-10-29,28,15:00,0.0,0.0,0.0,172.26,0.0,140.0,20.0,140.0
2024-10-29,29,15:15,0.0,0.0,0.0,172.26,0.0,140.0,20.0,0.0
2024-10-29,30,15:30,0.0,0.0,0.0,172.26,0.0,140.0,20.0,0.0
2024-10-29,31,15:45,0.0,0.0,0.0,172.26,0.0,140.0,20.0,0.0
2024-10-29,32,16:00,0.0,0.0,0.0,212.72,0.0,140.0,20.0,0.0
2024-10-29,33,16:15,0.0,0.0,0.0,212.72,0.0,140.0,20.0,0.0
2024-10-29,34,16:30,0.0,0.0,0.0,212.72,0.0,140.0,20.0,0.0
2024-10-29,35,16:45,0.0,0.0,0.0,212.72,0.0,140.0,20.0,0.0
2024-10-29,36,17:00,0.0,0.0,0.0,285.8,0.0,140.0,20.0,0.0
2024-10-29,37,17:15,0.0,0.0,0.0,285.8,0.0,140.0,20.0,0.0
2024-10-29,38,17:30,0.0,0.0,0.0,285.8,0.0,140.0,20.0,0.0
2024-10-29,39,17:45,0.0,0.0,0.0,285.8,0.0,140.0,20.0,0.0
2024-10-29,40,18:00,0.0,0.0,0.0,257.44,0.0,140.0,20.0,0.0
2024-10-29,41,18:15,0.0,0.0,0.0,257.44,0.0,140.0,20.0,0.0
2024-10-29,42,18:30,0.0,0.0,0.0,257.44,0.0,140.0,20.0,0.0
2024-10-29,43,18:45,0.0,0.0,0.0,257.44,0.0,140.0,20.0,0.0
2024-10-29,44,19:00,0.0,0.0,0.0,203.82,0.0,140.0,20.0,0.0
2024-10-29,45,19:15,0.0,0.0,0.0,203.82,0.0,140.0,20.0,0.0
2024-10-29,46,19:30,0.0,0.0,0.0,203.82,0.0,140.0,20.0,0.0
2024-10-29,47,19:45,0.0,0.0,0.0,203.82,0.0,140.0,20.0,0.0
2024-10-29,48,20:00,0.0,0.0,0.0,140.6,0.0,140.0,20.0,0.0
2024-10-29,49,20:15,0.0,0.0,0.0,140.6,0.0,140.0,20.0,0.0
2024-10-29,50,20:30,0.0,0.0,0.0,140.6,0.0,140.0,20.0,0.0
2024-10-29,51,20:45,0.0,0.0,0.0,140.6,0.0,140.0,20.0,0.0
2024-10-29,52,21:00,0.0,0.0,0.0,124.05,0.0,140.0,20.0,0.0
2024-10-29,53,21:15,0.0,0.0,0.0,124.05,0.0,140.0,20.0,0.0
2024-10-29,54,21:30,0.0,0.0,0.0,124.05,0.0,140.0,20.0,0.0
2024-10-29,55,21:45,0.0,0.0,0.0,124.05,0.0,140.0,20.0,0.0
2024-10-30,0,08:00,0.0,0.0,0.0,138.91,0.0,140.0,20.0,0.0
2024-10-30,1,08:15,0.0,0.0,0.0,138.91,0.0,140.0,20.0,0.0
2024-10-30,2,08:30,0.0,0.0,0.0,138.91,0.0,140.0,20.0,0.0
2024-10-30,3,08:45,0.0,0.0,0.0,138.91,0.0,140.0,20.0,0.0
2024-10-30,4,09:00,0.0,0.0,0.0,124.34,0.0,140.0,20.0,0.0
2024-10-30,5,09:15,0.0,0.0,0.0,124.34,0.0,140.0,20.0,0.0
2024-10-30,6,09:30,0.0,0.0,0.0,124.34,0.0,140.0,20.0,0.0
2024-10-30,7,09:45,0.0,0.0,0.0,124.34,0.0,140.0,20.0,0.0
2024-10-30,8,10:00,0.0,0.0,0.0,115.0,0.0,140.0,20.0,0.0
2024-10-30,9,10:15,0.0,0.0,0.0,115.0,0.0,140.0,20.0,0.0
2024-10-30,10,10:30,0.0,0.0,0.0,115.0,0.0,140.0,20.0,0.0
2024-10-30,11,10:45,0.0,9.5021,9.5021,115.0,0.273185,100.0,20.0,0.0
2024-10-30,12,11:00,1.3266,17.0147,18.3413,109.68,0.502919,100.0,20.0,0.0
2024-10-30,13,11:15,4.184,17.1381,21.3221,109.68,0.584651,100.0,20.0,0.0
2024-10-30,14,11:30,5.1593,16.0793,21.2386,109.68,0.582363,100.0,20.0,0.0
2024-10-30,15,11:45,4.2588,3.2115,7.4703,109.68,0.204836,100.0,20.0,0.0
2024-10-30,16,12:00,5.404,9.5021,14.9061,102.53,0.382081,60.0,60.0,0.0
2024-10-30,17,12:15,4.491,17.0147,21.5057,102.53,0.551245,60.0,60.0,0.0
2024-10-30,18,12:30,5.1252,17.1381,22.2633,102.53,0.570664,60.0,60.0,0.0
2024-10-30,19,12:45,3.0543,16.0793,19.1336,102.53,0.490442,60.0,60.0,0.0
2024-10-30,20,13:00,5.093,3.2115,8.3045,106.95,0.222041,60.0,60.0,0.0
2024-10-30,21,13:15,3.6006,9.5021,13.1027,106.95,0.350334,20.0,100.0,0.0
2024-10-30,22,13:30,4.9802,17.0147,21.9949,106.95,0.588089,20.0,100.0,0.0
2024-10-30,23,13:45,4.3843,17.1381,21.5224,106.95,0.575456,20.0,100.0,0.0
2024-10-30,24,14:00,1.5369,16.0793,17.6162,111.31,0.490214,20.0,100.0,0.0
2024-10-30,25,14:15,0.0,3.2115,3.2115,111.31,0.089368,120.0,100.0,0.0
2024-10-30,26,14:30,0.0,0.0,0.0,111.31,0.0,120.0,140.0,0.0
2024-10-30,27,14:45,0.0,0.0,0.0,111.31,0.0,120.0,140.0,0.0
2024-10-30,28,15:00,0.0,0.0,0.0,126.16,0.0,120.0,140.0,0.0
2024-10-30,29,15:15,0.0,0.0,0.0,126.16,0.0,120.0,140.0,0.0
2024-10-30,30,15:30,0.0,0.0,0.0,126.16,0.0,120.0,140.0,0.0
2024-10-30,31,15:45,0.0,0.0,0.0,126.16,0.0,120.0,140.0,0.0
2024-10-30,32,16:00,0.0,0.0,0.0,160.0,0.0,120.0,140.0,0.0
2024-10-30,33,16:15,0.0,0.0,0.0,160.0,0.0,120.0,140.0,0.0
2024-10-30,34,16:30,0.0,0.0,0.0,160.0,0.0,120.0,140.0,0.0
2024-10-30,35,16:45,0.0,0.0,0.0,160.0,0.0,120.0,140.0,0.0
2024-10-30,36,17:00,0.0,0.0,0.0,193.88,0.0,120.0,140.0,0.0
2024-10-30,37,17:15,0.0,0.0,0.0,193.88,0.0,120.0,140.0,0.0
2024-10-30,38,17:30,0.0,0.0,0.0,193.88,0.0,120.0,140.0,0.0
2024-10-30,39,17:45,0.0,0.0,0.0,193.88,0.0,120.0,140.0,0.0
2024-10-30,40,18:00,0.0,0.0,0.0,192.89,0.0,120.0,140.0,0.0
2024-10-30,41,18:15,0.0,0.0,0.0,192.89,0.0,120.0,140.0,0.0
2024-10-30,42,18:30,0.0,0.0,0.0,192.89,0.0,120.0,140.0,0.0
2024-10-30,43,18:45,0.0,0.0,0.0,192.89,0.0,120.0,140.0,0.0
2024-10-30,44,19:00,0.0,0.0,0.0,159.44,0.0,120.0,140.0,0.0
2024-10-30,45,19:15,0.0,0.0,0.0,159.44,0.0,120.0,140.0,0.0
2024-10-30,46,19:30,0.0,0.0,0.0,159.44,0.0,120.0,140.0,0.0
2024-10-30,47,19:45,0.0,0.0,0.0,159.44,0.0,120.0,140.0,0.0
2024-10-30,48,20:00,0.0,0.0,0.0,133.56,0.0,120.0,140.0,0.0
2024-10-30,49,20:15,0.0,0.0,0.0,133.56,0.0,120.0,140.0,0.0
2024-10-30,50,20:30,0.0,0.0,0.0,133.56,0.0,120.0,140.0,0.0
2024-10-30,51,20:45,0.0,0.0,0.0,133.56,0.0,120.0,140.0,0.0
2024-10-30,52,21:00,0.0,0.0,0.0,122.67,0.0,120.0,140.0,0.0
2024-10-30,53,21:15,0.0,0.0,0.0,122.67,0.0,120.0,140.0,0.0
2024-10-30,54,21:30,0.0,0.0,0.0,122.67,0.0,120.0,140.0,0.0
2024-10-30,55,21:45,0.0,0.0,0.0,122.67,0.0,120.0,30.0,110.0
2024-10-31,0,08:00,0.0,0.0,0.0,133.47,0.0,120.0,30.0,0.0
2024-10-31,1,08:15,0.0,0.0,0.0,133.47,0.0,120.0,30.0,0.0
2024-10-31,2,08:30,0.0,0.0,0.0,133.47,0.0,120.0,30.0,0.0
2024-10-31,3,08:45,0.0,0.0,0.0,133.47,0.0,120.0,30.0,0.0
2024-10-31,4,09:00,0.0,0.0,0.0,123.28,0.0,120.0,30.0,0.0
2024-10-31,5,09:15,0.0,0.0,0.0,123.28,0.0,120.0,30.0,0.0
2024-10-31,6,09:30,0.0,0.0,0.0,123.28,0.0,120.0,30.0,0.0
2024-10-31,7,09:45,0.0,0.0,0.0,123.28,0.0,120.0,30.0,0.0
2024-10-31,8,10:00,0.0,9.5021,9.5021,105.14,0.249763,80.0,30.0,0.0
2024-10-31,9,10:15,0.0,17.0147,17.0147,105.14,0.447231,80.0,30.0,0.0
2024-10-31,10,10:30,1.3266,17.1381,18.4647,105.14,0.485345,80.0,30.0,0.0
2024-10-31,11,10:45,4.184,16.0793,20.2632,105.14,0.532619,80.0,30.0,0.0
2024-10-31,12,11:00,5.1593,3.2115,8.3708,98.05,0.20519,80.0,30.0,0.0
2024-10-31,13,11:15,4.2588,9.5021,13.7609,98.05,0.337315,40.0,70.0,0.0
2024-10-31,14,11:30,5.404,17.0147,22.4187,98.05,0.549538,40.0,70.0,0.0
2024-10-31,15,11:45,4.491,17.1381,21.6291,98.05,0.530184,40.0,70.0,0.0
2024-10-31,16,12:00,5.1252,16.0793,21.2045,88.91,0.471322,40.0,70.0,0.0
2024-10-31,17,12:15,3.0543,3.2115,6.2658,88.91,0.139274,40.0,70.0,0.0
2024-10-31,18,12:30,5.093,9.5021,14.5951,88.91,0.324412,0.0,110.0,0.0
2024-10-31,19,12:45,3.6006,17.0147,20.6153,88.91,0.458227,0.0,110.0,0.0
2024-10-31,20,13:00,4.9802,17.1381,22.1183,92.55,0.511763,0.0,110.0,0.0
2024-10-31,21,13:15,4.3843,16.0793,20.4636,92.55,0.473477,0.0,110.0,0.0
2024-10-31,22,13:30,1.5369,3.2115,4.7484,92.55,0.109866,0.0,110.0,0.0
2024-10-31,23,13:45,0.0,9.5021,9.5021,92.55,0.219855,60.0,150.0,0.0
2024-10-31,24,14:00,0.0,17.0147,17.0147,99.38,0.42273,60.0,150.0,0.0
2024-10-31,25,14:15,0.0,17.1381,17.1381,99.38,0.425796,60.0,150.0,0.0
2024-10-31,26,14:30,0.0,16.0793,16.0793,99.38,0.39949,60.0,150.0,0.0
2024-10-31,27,14:45,0.0,3.2115,3.2115,99.38,0.079789,60.0,150.0,0.0
2024-10-31,28,15:00,0.0,0.0,0.0,111.5,0.0,60.0,10.0,180.0
2024-10-31,29,15:15,0.0,0.0,0.0,111.5,0.0,60.0,10.0,0.0
2024-10-31,30,15:30,0.0,0.0,0.0,111.5,0.0,60.0,10.0,0.0
2024-10-31,31,15:45,0.0,0.0,0.0,111.5,0.0,60.0,10.0,0.0
2024-10-31,32,16:00,0.0,0.0,0.0,123.17,0.0,60.0,10.0,0.0
2024-10-31,33,16:15,0.0,0.0,0.0,123.17,0.0,60.0,10.0,0.0
2024-10-31,34,16:30,0.0,0.0,0.0,123.17,0.0,60.0,10.0,0.0
2024-10-31,35,16:45,0.0,0.0,0.0,123.17,0.0,60.0,10.0,0.0
2024-10-31,36,17:00,0.0,0.0,0.0,129.0,0.0,60.0,10.0,0.0
2024-10-31,37,17:15,0.0,0.0,0.0,129.0,0.0,60.0,10.0,0.0
2024-10-31,38,17:30,0.0,0.0,0.0,129.0,0.0,60.0,10.0,0.0
2024-10-31,39,17:45,0.0,0.0,0.0,129.0,0.0,60.0,10.0,0.0
2024-10-31,40,18:00,0.0,0.0,0.0,128.41,0.0,60.0,10.0,0.0
2024-10-31,41,18:15,0.0,0.0,0.0,128.41,0.0,60.0,10.0,0.0
2024-10-31,42,18:30,0.0,0.0,0.0,128.41,0.0,60.0,10.0,0.0
2024-10-31,43,18:45,0.0,0.0,0.0,128.41,0.0,60.0,10.0,0.0
2024-10-31,44,19:00,0.0,0.0,0.0,117.84,0.0,60.0,10.0,0.0
2024-10-31,45,19:15,0.0,0.0,0.0,117.84,0.0,60.0,10.0,0.0
2024-10-31,46,19:30,1.8638,0.0,1.8638,117.84,0.054909,60.0,10.0,0.0
2024-10-31,47,19:45,6.7293,0.0,6.7293,117.84,0.198245,60.0,10.0,0.0
2024-10-31,48,20:00,5.9956,0.0,5.9956,105.8,0.158583,60.0,10.0,0.0
2024-10-31,49,20:15,7.1179,0.0,7.1179,105.8,0.188268,60.0,10.0,0.0
2024-10-31,50,20:30,6.1091,0.0,6.1091,105.8,0.161585,60.0,10.0,0.0
2024-10-31,51,20:45,5.6324,9.5021,15.1345,105.8,0.400309,20.0,10.0,0.0
2024-10-31,52,21:00,5.8458,17.0147,22.8605,85.34,0.487728,20.0,10.0,0.0
2024-10-31,53,21:15,5.1816,17.1381,22.3197,85.34,0.47619,20.0,10.0,0.0
2024-10-31,54,21:30,6.7301,16.0793,22.8094,85.34,0.486638,20.0,10.0,0.0
2024-10-31,55,21:45,3.9878,3.2115,7.1993,85.34,0.153597,20.0,10.0,0.0
2024-11-04,0,08:00,0.0,0.0,0.0,139.18,0.0,120.0,50.0,0.0
2024-11-04,1,08:15,0.0,0.0,0.0,139.18,0.0,120.0,50.0,0.0
2024-11-04,2,08:30,0.0,0.0,0.0,139.18,0.0,120.0,50.0,0.0
2024-11-04,3,08:45,0.0,0.0,0.0,139.18,0.0,120.0,50.0,0.0
2024-11-04,4,09:00,0.0,0.0,0.0,120.63,0.0,120.0,50.0,0.0
2024-11-04,5,09:15,0.0,0.0,0.0,120.63,0.0,120.0,50.0,0.0
2024-11-04,6,09:30,0.0,0.0,0.0,120.63,0.0,120.0,50.0,0.0
2024-11-04,7,09:45,0.0,0.0,0.0,120.63,0.0,120.0,50.0,0.0
2024-11-04,8,10:00,0.0,0.0,0.0,100.0,0.0,120.0,50.0,0.0
2024-11-04,9,10:15,0.0,0.0,0.0,100.0,0.0,120.0,50.0,0.0
2024-11-04,10,10:30,0.0,9.5021,9.5021,100.0,0.237552,80.0,50.0,0.0
2024-11-04,11,10:45,1.3266,17.0147,18.3413,100.0,0.458533,80.0,50.0,0.0
2024-11-04,12,11:00,4.184,17.1381,21.3221,97.12,0.5177,80.0,50.0,0.0
2024-11-04,13,11:15,5.1593,16.0793,21.2386,97.12,0.515674,80.0,50.0,0.0
2024-11-04,14,11:30,4.2588,3.2115,7.4703,97.12,0.18138,80.0,50.0,0.0
2024-11-04,15,11:45,5.404,9.5021,14.9061,97.12,0.361921,40.0,90.0,0.0
2024-11-04,16,12:00,4.491,17.0147,21.5057,95.16,0.511621,40.0,90.0,0.0
2024-11-04,17,12:15,5.1252,17.1381,22.2633,95.16,0.529643,40.0,90.0,0.0
2024-11-04,18,12:30,3.0543,16.0793,19.1336,95.16,0.455189,40.0,90.0,0.0
2024-11-04,19,12:45,5.093,3.2115,8.3045,95.16,0.197564,40.0,90.0,0.0
2024-11-04,20,13:00,3.6006,9.5021,13.1027,98.47,0.322557,0.0,130.0,0.0
2024-11-04,21,13:15,4.9802,17.0147,21.9949,98.47,0.54146,0.0,130.0,0.0
2024-11-04,22,13:30,4.3843,17.1381,21.5224,98.47,0.529829,0.0,130.0,0.0
2024-11-04,23,13:45,1.5369,16.0793,17.6162,98.47,0.433666,0.0,130.0,0.0
2024-11-04,24,14:00,0.0,3.2115,3.2115,103.17,0.082832,100.0,130.0,0.0
2024-11-04,25,14:15,0.0,0.0,0.0,103.17,0.0,100.0,170.0,0.0
2024-11-04,26,14:30,0.0,0.0,0.0,103.17,0.0,100.0,170.0,0.0
2024-11-04,27,14:45,0.0,0.0,0.0,103.17,0.0,100.0,170.0,0.0
2024-11-04,28,15:00,0.0,0.0,0.0,130.4,0.0,100.0,170.0,0.0
2024-11-04,29,15:15,0.0,0.0,0.0,130.4,0.0,100.0,170.0,0.0
2024-11-04,30,15:30,0.0,0.0,0.0,130.4,0.0,100.0,170.0,0.0
2024-11-04,31,15:45,0.0,0.0,0.0,130.4,0.0,100.0,170.0,0.0
2024-11-04,32,16:00,0.0,0.0,0.0,181.47,0.0,100.0,170.0,0.0
2024-11-04,33,16:15,0.0,0.0,0.0,181.47,0.0,100.0,170.0,0.0
2024-11-04,34,16:30,0.0,0.0,0.0,181.47,0.0,100.0,170.0,0.0
2024-11-04,35,16:45,0.0,0.0,0.0,181.47,0.0,100.0,170.0,0.0
2024-11-04,36,17:00,0.0,0.0,0.0,290.21,0.0,100.0,170.0,0.0
2024-11-04,37,17:15,0.0,0.0,0.0,290.21,0.0,100.0,170.0,0.0
2024-11-04,38,17:30,0.0,0.0,0.0,290.21,0.0,100.0,170.0,0.0
2024-11-04,39,17:45,0.0,0.0,0.0,290.21,0.0,100.0,170.0,0.0
2024-11-04,40,18:00,0.0,0.0,0.0,241.04,0.0,100.0,170.0,0.0
2024-11-04,41,18:15,0.0,0.0,0.0,241.04,0.0,100.0,170.0,0.0
2024-11-04,42,18:30,0.0,0.0,0.0,241.04,0.0,100.0,170.0,0.0
2024-11-04,43,18:45,0.0,0.0,0.0,241.04,0.0,100.0,170.0,0.0
2024-11-04,44,19:00,0.0,0.0,0.0,162.09,0.0,100.0,170.0,0.0
2024-11-04,45,19:15,0.0,0.0,0.0,162.09,0.0,100.0,170.0,0.0
2024-11-04,46,19:30,0.0,0.0,0.0,162.09,0.0,100.0,170.0,0.0
2024-11-04,47,19:45,0.0,0.0,0.0,162.09,0.0,100.0,170.0,0.0
2024-11-04,48,20:00,0.0,0.0,0.0,123.0,0.0,100.0,170.0,0.0
2024-11-04,49,20:15,0.0,0.0,0.0,123.0,0.0,100.0,170.0,0.0
2024-11-04,50,20:30,0.0,0.0,0.0,123.0,0.0,100.0,170.0,0.0
2024-11-04,51,20:45,0.0,0.0,0.0,123.0,0.0,100.0,170.0,0.0
2024-11-04,52,21:00,0.0,0.0,0.0,112.27,0.0,100.0,170.0,0.0
2024-11-04,53,21:15,0.0,0.0,0.0,112.27,0.0,100.0,170.0,0.0
2024-11-04,54,21:30,0.0,0.0,0.0,112.27,0.0,100.0,170.0,0.0
2024-11-04,55,21:45,0.0,0.0,0.0,112.27,0.0,100.0,50.0,120.0
2024-11-05,0,08:00,0.0,0.0,0.0,139.15,0.0,100.0,50.0,0.0
2024-11-05,1,08:15,0.0,0.0,0.0,139.15,0.0,100.0,50.0,0.0
2024-11-05,2,08:30,0.0,0.0,0.0,139.15,0.0,100.0,50.0,0.0
2024-11-05,3,08:45,0.0,0.0,0.0,139.15,0.0,100.0,50.0,0.0
2024-11-05,4,09:00,1.8638,9.5021,11.3659,118.23,0.335949,60.0,50.0,0.0
2024-11-05,5,09:15,6.7293,17.0147,23.744,118.23,0.701812,60.0,50.0,0.0
2024-11-05,6,09:30,5.9956,17.1381,23.1337,118.23,0.683774,60.0,50.0,0.0
2024-11-05,7,09:45,7.1179,16.0793,23.1972,118.23,0.68565,60.0,50.0,0.0
2024-11-05,8,10:00,6.1091,3.2115,9.3206,105.87,0.246692,60.0,50.0,0.0
2024-11-05,9,10:15,5.6324,9.5021,15.1345,105.87,0.400573,20.0,90.0,0.0
2024-11-05,10,10:30,5.8458,17.0147,22.8605,105.87,0.60506,20.0,90.0,0.0
2024-11-05,11,10:45,5.1816,17.1381,22.3197,105.87,0.590746,20.0,90.0,0.0
2024-11-05,12,11:00,6.7301,16.0793,22.8094,95.28,0.543319,20.0,90.0,0.0
2024-11-05,13,11:15,3.9878,3.2115,7.1993,95.28,0.171487,20.0,90.0,0.0
2024-11-05,14,11:30,1.3266,9.5021,10.8287,95.28,0.25794,80.0,130.0,0.0
2024-11-05,15,11:45,4.184,17.0147,21.1986,95.28,0.504952,80.0,130.0,0.0
2024-11-05,16,12:00,5.1593,17.1381,22.2974,94.92,0.529118,80.0,130.0,0.0
2024-11-05,17,12:15,4.2588,16.0793,20.3381,94.92,0.482624,80.0,130.0,0.0
2024-11-05,18,12:30,5.404,3.2115,8.6155,94.92,0.204446,80.0,130.0,0.0
2024-11-05,19,12:45,4.491,9.5021,13.9931,94.92,0.332057,40.0,170.0,0.0
2024-11-05,20,13:00,5.1252,17.0147,22.1399,99.25,0.549345,40.0,170.0,0.0
2024-11-05,21,13:15,3.0543,17.1381,20.1924,99.25,0.501025,40.0,170.0,0.0
2024-11-05,22,13:30,5.093,16.0793,21.1723,99.25,0.525337,40.0,170.0,0.0
2024-11-05,23,13:45,3.6006,3.2115,6.8121,99.25,0.169026,40.0,170.0,0.0
2024-11-05,24,14:00,4.9802,9.5021,14.4823,110.35,0.399531,0.0,210.0,0.0
2024-11-05,25,14:15,4.3843,17.0147,21.399,110.35,0.590345,0.0,210.0,0.0
2024-11-05,26,14:30,1.5369,17.1381,18.675,110.35,0.515196,0.0,210.0,0.0
2024-11-05,27,14:45,0.0,16.0793,16.0793,110.35,0.443587,100.0,210.0,0.0
2024-11-05,28,15:00,0.0,3.2115,3.2115,155.99,0.12524,100.0,110.0,100.0
2024-11-05,29,15:15,0.0,0.0,0.0,155.99,0.0,100.0,150.0,0.0
2024-11-05,30,15:30,0.0,0.0,0.0,155.99,0.0,100.0,150.0,0.0
2024-11-05,31,15:45,0.0,0.0,0.0,155.99,0.0,100.0,150.0,0.0
2024-11-05,32,16:00,0.0,0.0,0.0,331.83,0.0,100.0,150.0,0.0
2024-11-05,33,16:15,0.0,0.0,0.0,331.83,0.0,100.0,150.0,0.0
2024-11-05,34,16:30,0.0,0.0,0.0,331.83,0.0,100.0,150.0,0.0
2024-11-05,35,16:45,0.0,0.0,0.0,331.83,0.0,100.0,150.0,0.0
2024-11-05,36,17:00,0.0,0.0,0.0,505.31,0.0,100.0,150.0,0.0
2024-11-05,37,17:15,0.0,0.0,0.0,505.31,0.0,100.0,150.0,0.0
2024-11-05,38,17:30,0.0,0.0,0.0,505.31,0.0,100.0,150.0,0.0
2024-11-05,39,17:45,0.0,0.0,0.0,505.31,0.0,100.0,150.0,0.0
2024-11-05,40,18:00,0.0,0.0,0.0,468.74,0.0,100.0,150.0,0.0
2024-11-05,41,18:15,0.0,0.0,0.0,468.74,0.0,100.0,150.0,0.0
2024-11-05,42,18:30,0.0,0.0,0.0,468.74,0.0,100.0,150.0,0.0
2024-11-05,43,18:45,0.0,0.0,0.0,468.74,0.0,100.0,150.0,0.0
2024-11-05,44,19:00,0.0,0.0,0.0,341.7,0.0,100.0,150.0,0.0
2024-11-05,45,19:15,0.0,0.0,0.0,341.7,0.0,100.0,150.0,0.0
2024-11-05,46,19:30,0.0,0.0,0.0,341.7,0.0,100.0,150.0,0.0
2024-11-05,47,19:45,0.0,0.0,0.0,341.7,0.0,100.0,150.0,0.0
2024-11-05,48,20:00,0.0,0.0,0.0,172.14,0.0,100.0,150.0,0.0
2024-11-05,49,20:15,0.0,0.0,0.0,172.14,0.0,100.0,150.0,0.0
2024-11-05,50,20:30,0.0,0.0,0.0,172.14,0.0,100.0,150.0,0.0
2024-11-05,51,20:45,0.0,0.0,0.0,172.14,0.0,100.0,150.0,0.0
2024-11-05,52,21:00,0.0,0.0,0.0,130.77,0.0,100.0,150.0,0.0
2024-11-05,53,21:15,0.0,0.0,0.0,130.77,0.0,100.0,150.0,0.0
2024-11-05,54,21:30,0.0,0.0,0.0,130.77,0.0,100.0,150.0,0.0
2024-11-05,55,21:45,0.0,0.0,0.0,130.77,0.0,100.0,150.0,0.0
2024-11-06,0,08:00,0.0,0.0,0.0,240.54,0.0,100.0,150.0,0.0
2024-11-06,1,08:15,0.0,0.0,0.0,240.54,0.0,100.0,150.0,0.0
2024-11-06,2,08:30,0.0,0.0,0.0,240.54,0.0,100.0,150.0,0.0
2024-11-06,3,08:45,0.0,0.0,0.0,240.54,0.0,100.0,150.0,0.0
2024-11-06,4,09:00,0.0,0.0,0.0,144.94,0.0,100.0,150.0,0.0
2024-11-06,5,09:15,1.8638,0.0,1.8638,144.94,0.067536,100.0,150.0,0.0
2024-11-06,6,09:30,6.7293,9.5021,16.2314,144.94,0.588144,60.0,150.0,0.0
2024-11-06,7,09:45,5.9956,17.0147,23.0103,144.94,0.833777,60.0,150.0,0.0
2024-11-06,8,10:00,7.1179,17.1381,24.256,133.46,0.809301,60.0,150.0,0.0
2024-11-06,9,10:15,6.1091,16.0793,22.1884,133.46,0.740314,60.0,150.0,0.0
2024-11-06,10,10:30,5.6324,3.2115,8.8439,133.46,0.295078,60.0,150.0,0.0
2024-11-06,11,10:45,5.8458,9.5021,15.3479,133.46,0.512083,20.0,190.0,0.0
2024-11-06,12,11:00,5.1816,17.0147,22.1962,123.2,0.683644,20.0,190.0,0.0
2024-11-06,13,11:15,6.7301,17.1381,23.8682,123.2,0.73514,20.0,190.0,0.0
2024-11-06,14,11:30,3.9878,16.0793,20.0671,123.2,0.618066,20.0,190.0,0.0
2024-11-06,15,11:45,1.3266,3.2115,4.5381,123.2,0.139774,120.0,190.0,0.0
2024-11-06,16,12:00,4.184,9.5021,13.6861,123.2,0.421531,80.0,230.0,0.0
2024-11-06,17,12:15,5.1593,17.0147,22.174,123.2,0.68296,80.0,230.0,0.0
2024-11-06,18,12:30,4.2588,17.1381,21.3969,123.2,0.659026,80.0,230.0,0.0
2024-11-06,19,12:45,5.404,16.0793,21.4833,123.2,0.661686,80.0,230.0,0.0
2024-11-06,20,13:00,4.491,3.2115,7.7025,125.55,0.241763,80.0,230.0,0.0
2024-11-06,21,13:15,5.1252,9.5021,14.6273,125.55,0.459114,40.0,270.0,0.0
2024-11-06,22,13:30,3.0543,17.0147,20.069,125.55,0.629916,40.0,270.0,0.0
2024-11-06,23,13:45,5.093,17.1381,22.2311,125.55,0.697778,40.0,270.0,0.0
2024-11-06,24,14:00,3.6006,16.0793,19.6799,141.76,0.697456,40.0,270.0,0.0
2024-11-06,25,14:15,4.9802,3.2115,8.1917,141.76,0.290315,40.0,270.0,0.0
2024-11-06,26,14:30,4.3843,0.0,4.3843,141.76,0.155381,40.0,310.0,0.0
2024-11-06,27,14:45,1.5369,0.0,1.5369,141.76,0.054467,40.0,310.0,0.0
2024-11-06,28,15:00,0.0,0.0,0.0,270.09,0.0,140.0,170.0,140.0
2024-11-06,29,15:15,0.0,0.0,0.0,270.09,0.0,140.0,170.0,0.0
2024-11-06,30,15:30,0.0,0.0,0.0,270.09,0.0,140.0,170.0,0.0
2024-11-06,31,15:45,0.0,0.0,0.0,270.09,0.0,140.0,170.0,0.0
2024-11-06,32,16:00,0.0,0.0,0.0,524.25,0.0,140.0,170.0,0.0
2024-11-06,33,16:15,0.0,0.0,0.0,524.25,0.0,140.0,170.0,0.0
2024-11-06,34,16:30,0.0,0.0,0.0,524.25,0.0,140.0,170.0,0.0
2024-11-06,35,16:45,0.0,0.0,0.0,524.25,0.0,140.0,170.0,0.0
2024-11-06,36,17:00,0.0,0.0,0.0,820.11,0.0,140.0,170.0,0.0
2024-11-06,37,17:15,0.0,0.0,0.0,820.11,0.0,140.0,170.0,0.0
2024-11-06,38,17:30,0.0,0.0,0.0,820.11,0.0,140.0,170.0,0.0
2024-11-06,39,17:45,0.0,0.0,0.0,820.11,0.0,140.0,170.0,0.0
2024-11-06,40,18:00,0.0,0.0,0.0,805.08,0.0,140.0,170.0,0.0
2024-11-06,41,18:15,0.0,0.0,0.0,805.08,0.0,140.0,170.0,0.0
2024-11-06,42,18:30,0.0,0.0,0.0,805.08,0.0,140.0,170.0,0.0
2024-11-06,43,18:45,0.0,0.0,0.0,805.08,0.0,140.0,170.0,0.0
2024-11-06,44,19:00,0.0,0.0,0.0,450.0,0.0,140.0,170.0,0.0
2024-11-06,45,19:15,0.0,0.0,0.0,450.0,0.0,140.0,170.0,0.0
2024-11-06,46,19:30,0.0,0.0,0.0,450.0,0.0,140.0,170.0,0.0
2024-11-06,47,19:45,0.0,0.0,0.0,450.0,0.0,140.0,170.0,0.0
2024-11-06,48,20:00,0.0,0.0,0.0,207.35,0.0,140.0,170.0,0.0
2024-11-06,49,20:15,0.0,0.0,0.0,207.35,0.0,140.0,170.0,0.0
2024-11-06,50,20:30,0.0,0.0,0.0,207.35,0.0,140.0,170.0,0.0
2024-11-06,51,20:45,0.0,9.5021,9.5021,207.35,0.492565,100.0,170.0,0.0
2024-11-06,52,21:00,0.0,17.0147,17.0147,133.48,0.56778,100.0,170.0,0.0
2024-11-06,53,21:15,0.0,17.1381,17.1381,133.48,0.571898,100.0,170.0,0.0
2024-11-06,54,21:30,0.0,16.0793,16.0793,133.48,0.536566,100.0,170.0,0.0
2024-11-06,55,21:45,0.0,3.2115,3.2115,133.48,0.107167,100.0,10.0,160.0
2024-11-07,0,08:00,0.0,0.0,0.0,191.99,0.0,100.0,50.0,0.0
2024-11-07,1,08:15,0.0,0.0,0.0,191.99,0.0,100.0,50.0,0.0
2024-11-07,2,08:30,0.0,0.0,0.0,191.99,0.0,100.0,50.0,0.0
2024-11-07,3,08:45,0.0,0.0,0.0,191.99,0.0,100.0,50.0,0.0
2024-11-07,4,09:00,1.8638,9.5021,11.3659,152.92,0.43452,60.0,50.0,0.0
2024-11-07,5,09:15,6.7293,17.0147,23.744,152.92,0.907731,60.0,50.0,0.0
2024-11-07,6,09:30,5.9956,17.1381,23.1337,152.92,0.884401,60.0,50.0,0.0
2024-11-07,7,09:45,7.1179,16.0793,23.1972,152.92,0.886828,60.0,50.0,0.0
2024-11-07,8,10:00,6.1091,3.2115,9.3206,148.9,0.346958,60.0,50.0,0.0
2024-11-07,9,10:15,5.6324,9.5021,15.1345,148.9,0.563383,20.0,90.0,0.0
2024-11-07,10,10:30,5.8458,17.0147,22.8605,148.9,0.850982,20.0,90.0,0.0
2024-11-07,11,10:45,5.1816,17.1381,22.3197,148.9,0.83085,20.0,90.0,0.0
2024-11-07,12,11:00,6.7301,16.0793,22.8094,134.81,0.768733,20.0,90.0,0.0
2024-11-07,13,11:15,3.9878,3.2115,7.1993,134.81,0.242634,20.0,90.0,0.0
2024-11-07,14,11:30,1.3266,9.5021,10.8287,134.81,0.364955,80.0,130.0,0.0
2024-11-07,15,11:45,4.184,17.0147,21.1986,134.81,0.714447,80.0,130.0,0.0
2024-11-07,16,12:00,5.1593,17.1381,22.2974,135.06,0.752873,80.0,130.0,0.0
2024-11-07,17,12:15,4.2588,16.0793,20.3381,135.06,0.686717,80.0,130.0,0.0
2024-11-07,18,12:30,5.404,3.2115,8.6155,135.06,0.290903,80.0,130.0,0.0
2024-11-07,19,12:45,4.491,9.5021,13.9931,135.06,0.472478,40.0,170.0,0.0
2024-11-07,20,13:00,5.1252,17.0147,22.1399,132.91,0.735652,40.0,170.0,0.0
2024-11-07,21,13:15,3.0543,17.1381,20.1924,132.91,0.670944,40.0,170.0,0.0
2024-11-07,22,13:30,5.093,16.0793,21.1723,132.91,0.703502,40.0,170.0,0.0
2024-11-07,23,13:45,3.6006,3.2115,6.8121,132.91,0.22635,40.0,170.0,0.0
2024-11-07,24,14:00,4.9802,9.5021,14.4823,139.94,0.506664,0.0,210.0,0.0
2024-11-07,25,14:15,4.3843,17.0147,21.399,139.94,0.748645,0.0,210.0,0.0
2024-11-07,26,14:30,1.5369,17.1381,18.675,139.94,0.653344,0.0,210.0,0.0
2024-11-07,27,14:45,0.0,16.0793,16.0793,139.94,0.562534,100.0,210.0,0.0
2024-11-07,28,15:00,0.0,3.2115,3.2115,189.42,0.15208,100.0,70.0,140.0
2024-11-07,29,15:15,0.0,0.0,0.0,189.42,0.0,100.0,110.0,0.0
2024-11-07,30,15:30,0.0,0.0,0.0,189.42,0.0,100.0,110.0,0.0
2024-11-07,31,15:45,0.0,0.0,0.0,189.42,0.0,100.0,110.0,0.0
2024-11-07,32,16:00,0.0,0.0,0.0,261.16,0.0,100.0,110.0,0.0
2024-11-07,33,16:15,0.0,0.0,0.0,261.16,0.0,100.0,110.0,0.0
2024-11-07,34,16:30,0.0,0.0,0.0,261.16,0.0,100.0,110.0,0.0
2024-11-07,35,16:45,0.0,0.0,0.0,261.16,0.0,100.0,110.0,0.0
2024-11-07,36,17:00,0.0,0.0,0.0,408.26,0.0,100.0,110.0,0.0
2024-11-07,37,17:15,0.0,0.0,0.0,408.26,0.0,100.0,110.0,0.0
2024-11-07,38,17:30,0.0,0.0,0.0,408.26,0.0,100.0,110.0,0.0
2024-11-07,39,17:45,0.0,0.0,0.0,408.26,0.0,100.0,110.0,0.0
2024-11-07,40,18:00,0.0,0.0,0.0,296.78,0.0,100.0,110.0,0.0
2024-11-07,41,18:15,0.0,0.0,0.0,296.78,0.0,100.0,110.0,0.0
2024-11-07,42,18:30,0.0,0.0,0.0,296.78,0.0,100.0,110.0,0.0
2024-11-07,43,18:45,0.0,0.0,0.0,296.78,0.0,100.0,110.0,0.0
2024-11-07,44,19:00,0.0,0.0,0.0,175.11,0.0,100.0,110.0,0.0
2024-11-07,45,19:15,0.0,0.0,0.0,175.11,0.0,100.0,110.0,0.0
2024-11-07,46,19:30,0.0,0.0,0.0,175.11,0.0,100.0,110.0,0.0
2024-11-07,47,19:45,0.0,0.0,0.0,175.11,0.0,100.0,110.0,0.0
2024-11-07,48,20:00,0.0,0.0,0.0,129.41,0.0,100.0,110.0,0.0
2024-11-07,49,20:15,0.0,0.0,0.0,129.41,0.0,100.0,110.0,0.0
2024-11-07,50,20:30,0.0,9.5021,9.5021,129.41,0.307416,60.0,110.0,0.0
2024-11-07,51,20:45,0.0,17.0147,17.0147,129.41,0.550467,60.0,110.0,0.0
2024-11-07,52,21:00,0.0,17.1381,17.1381,113.92,0.488093,60.0,110.0,0.0
2024-11-07,53,21:15,0.0,16.0793,16.0793,113.92,0.457938,60.0,110.0,0.0
2024-11-07,54,21:30,0.0,3.2115,3.2115,113.92,0.091463,60.0,110.0,0.0
2024-11-07,55,21:45,0.0,0.0,0.0,113.92,0.0,60.0,10.0,140.0
2024-11-08,0,08:00,0.0,0.0,0.0,132.91,0.0,60.0,10.0,0.0
2024-11-08,1,08:15,0.0,0.0,0.0,132.91,0.0,60.0,10.0,0.0
2024-11-08,2,08:30,1.3266,0.0,1.3266,132.91,0.044081,60.0,10.0,0.0
2024-11-08,3,08:45,4.184,0.0,4.184,132.91,0.139023,60.0,10.0,0.0
2024-11-08,4,09:00,5.1593,0.0,5.1593,126.52,0.16319,60.0,10.0,0.0
2024-11-08,5,09:15,4.2588,0.0,4.2588,126.52,0.134707,60.0,10.0,0.0
2024-11-08,6,09:30,5.404,0.0,5.404,126.52,0.170929,60.0,10.0,0.0
2024-11-08,7,09:45,4.491,0.0,4.491,126.52,0.142052,60.0,10.0,0.0
2024-11-08,8,10:00,5.1252,0.0,5.1252,117.34,0.150347,60.0,10.0,0.0
2024-11-08,9,10:15,3.0543,0.0,3.0543,117.34,0.089599,60.0,10.0,0.0
2024-11-08,10,10:30,5.093,9.5021,14.5951,117.34,0.428147,20.0,10.0,0.0
2024-11-08,11,10:45,3.6006,17.0147,20.6153,117.34,0.60475,20.0,10.0,0.0
2024-11-08,12,11:00,4.9802,17.1381,22.1183,110.94,0.613452,20.0,10.0,0.0
2024-11-08,13,11:15,4.3843,16.0793,20.4636,110.94,0.567559,20.0,10.0,0.0
2024-11-08,14,11:30,1.5369,3.2115,4.7484,110.94,0.131696,20.0,10.0,0.0
2024-11-08,15,11:45,1.3266,9.5021,10.8287,110.94,0.300335,80.0,50.0,0.0
2024-11-08,16,12:00,4.184,17.0147,21.1986,105.59,0.559591,80.0,50.0,0.0
2024-11-08,17,12:15,5.1593,17.1381,22.2974,105.59,0.588597,80.0,50.0,0.0
2024-11-08,18,12:30,4.2588,16.0793,20.3381,105.59,0.536876,80.0,50.0,0.0
2024-11-08,19,12:45,5.404,3.2115,8.6155,105.59,0.227428,80.0,50.0,0.0
2024-11-08,20,13:00,4.491,9.5021,13.9931,106.81,0.373652,40.0,90.0,0.0
2024-11-08,21,13:15,5.1252,17.0147,22.1399,106.81,0.59119,40.0,90.0,0.0
2024-11-08,22,13:30,3.0543,17.1381,20.1924,106.81,0.539188,40.0,90.0,0.0
2024-11-08,23,13:45,5.093,16.0793,21.1723,106.81,0.565353,40.0,90.0,0.0
2024-11-08,24,14:00,3.6006,3.2115,6.8121,112.25,0.191165,40.0,90.0,0.0
2024-11-08,25,14:15,4.9802,9.5021,14.4823,112.25,0.406411,0.0,130.0,0.0
2024-11-08,26,14:30,4.3843,17.0147,21.399,112.25,0.60051,0.0,130.0,0.0
2024-11-08,27,14:45,1.5369,17.1381,18.675,112.25,0.524067,0.0,130.0,0.0
2024-11-08,28,15:00,0.0,16.0793,16.0793,123.59,0.49681,100.0,30.0,100.0
2024-11-08,29,15:15,0.0,3.2115,3.2115,123.59,0.099227,100.0,30.0,0.0
2024-11-08,30,15:30,0.0,0.0,0.0,123.59,0.0,100.0,70.0,0.0
2024-11-08,31,15:45,0.0,0.0,0.0,123.59,0.0,100.0,70.0,0.0
2024-11-08,32,16:00,0.0,0.0,0.0,129.1,0.0,100.0,70.0,0.0
2024-11-08,33,16:15,0.0,0.0,0.0,129.1,0.0,100.0,70.0,0.0
2024-11-08,34,16:30,0.0,0.0,0.0,129.1,0.0,100.0,70.0,0.0
2024-11-08,35,16:45,0.0,0.0,0.0,129.1,0.0,100.0,70.0,0.0
2024-11-08,36,17:00,0.0,0.0,0.0,128.56,0.0,100.0,70.0,0.0
2024-11-08,37,17:15,0.0,0.0,0.0,128.56,0.0,100.0,70.0,0.0
2024-11-08,38,17:30,0.0,0.0,0.0,128.56,0.0,100.0,70.0,0.0
2024-11-08,39,17:45,0.0,0.0,0.0,128.56,0.0,100.0,70.0,0.0
2024-11-08,40,18:00,0.0,0.0,0.0,132.9,0.0,100.0,70.0,0.0
2024-11-08,41,18:15,0.0,0.0,0.0,132.9,0.0,100.0,70.0,0.0
2024-11-08,42,18:30,0.0,0.0,0.0,132.9,0.0,100.0,70.0,0.0
2024-11-08,43,18:45,1.3266,0.0,1.3266,132.9,0.044078,100.0,70.0,0.0
2024-11-08,44,19:00,4.184,0.0,4.184,127.19,0.13304,100.0,70.0,0.0
2024-11-08,45,19:15,5.1593,0.0,5.1593,127.19,0.164054,100.0,70.0,0.0
2024-11-08,46,19:30,4.2588,9.5021,13.7609,127.19,0.437563,60.0,70.0,0.0
2024-11-08,47,19:45,5.404,17.0147,22.4187,127.19,0.712859,60.0,70.0,0.0
2024-11-08,48,20:00,4.491,17.1381,21.6291,115.74,0.625839,60.0,70.0,0.0
2024-11-08,49,20:15,5.1252,16.0793,21.2045,115.74,0.613551,60.0,70.0,0.0
2024-11-08,50,20:30,3.0543,3.2115,6.2658,115.74,0.181302,60.0,70.0,0.0
2024-11-08,51,20:45,5.093,9.5021,14.5951,115.74,0.422309,20.0,110.0,0.0
2024-11-08,52,21:00,3.6006,17.0147,20.6153,109.48,0.564241,20.0,110.0,0.0
2024-11-08,53,21:15,4.9802,17.1381,22.1183,109.48,0.605379,20.0,110.0,0.0
2024-11-08,54,21:30,4.3843,16.0793,20.4636,109.48,0.560089,20.0,110.0,0.0
2024-11-08,55,21:45,1.5369,3.2115,4.7484,109.48,0.129963,20.0,0.0,110.0
2024-11-11,0,08:00,0.0,0.0,0.0,135.06,0.0,120.0,40.0,0.0
2024-11-11,1,08:15,0.0,0.0,0.0,135.06,0.0,120.0,40.0,0.0
2024-11-11,2,08:30,0.0,0.0,0.0,135.06,0.0,120.0,40.0,0.0
2024-11-11,3,08:45,0.0,0.0,0.0,135.06,0.0,120.0,40.0,0.0
2024-11-11,4,09:00,0.0,0.0,0.0,132.94,0.0,120.0,40.0,0.0
2024-11-11,5,09:15,0.0,0.0,0.0,132.94,0.0,120.0,40.0,0.0
2024-11-11,6,09:30,0.0,0.0,0.0,132.94,0.0,120.0,40.0,0.0
2024-11-11,7,09:45,0.0,0.0,0.0,132.94,0.0,120.0,40.0,0.0
2024-11-11,8,10:00,1.3266,0.0,1.3266,128.5,0.042618,120.0,40.0,0.0
2024-11-11,9,10:15,4.184,0.0,4.184,128.5,0.13441,120.0,40.0,0.0
2024-11-11,10,10:30,5.1593,0.0,5.1593,128.5,0.165744,120.0,40.0,0.0
2024-11-11,11,10:45,4.2588,9.5021,13.7609,128.5,0.44207,80.0,40.0,0.0
2024-11-11,12,11:00,5.404,17.0147,22.4187,124.21,0.696157,80.0,40.0,0.0
2024-11-11,13,11:15,4.491,17.1381,21.6291,124.21,0.671639,80.0,40.0,0.0
2024-11-11,14,11:30,5.1252,16.0793,21.2045,124.21,0.658452,80.0,40.0,0.0
2024-11-11,15,11:45,3.0543,3.2115,6.2658,124.21,0.194569,80.0,40.0,0.0
2024-11-11,16,12:00,5.093,9.5021,14.5951,119.84,0.437269,40.0,80.0,0.0
2024-11-11,17,12:15,3.6006,17.0147,20.6153,119.84,0.617635,40.0,80.0,0.0
2024-11-11,18,12:30,4.9802,17.1381,22.1183,119.84,0.662665,40.0,80.0,0.0
2024-11-11,19,12:45,4.3843,16.0793,20.4636,119.84,0.61309,40.0,80.0,0.0
2024-11-11,20,13:00,1.5369,3.2115,4.7484,129.02,0.153159,40.0,80.0,0.0
2024-11-11,21,13:15,0.0,9.5021,9.5021,129.02,0.30649,100.0,120.0,0.0
2024-11-11,22,13:30,0.0,17.0147,17.0147,129.02,0.548808,100.0,120.0,0.0
2024-11-11,23,13:45,0.0,17.1381,17.1381,129.02,0.552789,100.0,120.0,0.0
2024-11-11,24,14:00,0.0,16.0793,16.0793,130.44,0.524345,100.0,120.0,0.0
2024-11-11,25,14:15,0.0,3.2115,3.2115,130.44,0.104727,100.0,120.0,0.0
2024-11-11,26,14:30,0.0,0.0,0.0,130.44,0.0,100.0,160.0,0.0
2024-11-11,27,14:45,0.0,0.0,0.0,130.44,0.0,100.0,160.0,0.0
2024-11-11,28,15:00,0.0,0.0,0.0,139.05,0.0,100.0,60.0,100.0
2024-11-11,29,15:15,0.0,0.0,0.0,139.05,0.0,100.0,60.0,0.0
2024-11-11,30,15:30,0.0,0.0,0.0,139.05,0.0,100.0,60.0,0.0
2024-11-11,31,15:45,0.0,0.0,0.0,139.05,0.0,100.0,60.0,0.0
2024-11-11,32,16:00,0.0,0.0,0.0,140.94,0.0,100.0,60.0,0.0
2024-11-11,33,16:15,0.0,0.0,0.0,140.94,0.0,100.0,60.0,0.0
2024-11-11,34,16:30,0.0,0.0,0.0,140.94,0.0,100.0,60.0,0.0
2024-11-11,35,16:45,0.0,0.0,0.0,140.94,0.0,100.0,60.0,0.0
2024-11-11,36,17:00,0.0,0.0,0.0,153.18,0.0,100.0,60.0,0.0
2024-11-11,37,17:15,0.0,0.0,0.0,153.18,0.0,100.0,60.0,0.0
2024-11-11,38,17:30,0.0,0.0,0.0,153.18,0.0,100.0,60.0,0.0
2024-11-11,39,17:45,0.0,0.0,0.0,153.18,0.0,100.0,60.0,0.0
2024-11-11,40,18:00,0.0,0.0,0.0,147.09,0.0,100.0,60.0,0.0
2024-11-11,41,18:15,0.0,0.0,0.0,147.09,0.0,100.0,60.0,0.0
2024-11-11,42,18:30,0.0,0.0,0.0,147.09,0.0,100.0,60.0,0.0
2024-11-11,43,18:45,0.0,0.0,0.0,147.09,0.0,100.0,60.0,0.0
2024-11-11,44,19:00,0.0,0.0,0.0,133.7,0.0,100.0,60.0,0.0
2024-11-11,45,19:15,0.0,0.0,0.0,133.7,0.0,100.0,60.0,0.0
2024-11-11,46,19:30,0.0,9.5021,9.5021,133.7,0.317607,60.0,60.0,0.0
2024-11-11,47,19:45,0.0,17.0147,17.0147,133.7,0.568715,60.0,60.0,0.0
2024-11-11,48,20:00,0.0,17.1381,17.1381,121.94,0.522455,60.0,60.0,0.0
2024-11-11,49,20:15,0.0,16.0793,16.0793,121.94,0.490177,60.0,60.0,0.0
2024-11-11,50,20:30,0.0,3.2115,3.2115,121.94,0.097902,60.0,60.0,0.0
2024-11-11,51,20:45,0.0,9.5021,9.5021,121.94,0.289671,20.0,100.0,0.0
2024-11-11,52,21:00,0.0,17.0147,17.0147,112.88,0.480154,20.0,100.0,0.0
2024-11-11,53,21:15,0.0,17.1381,17.1381,112.88,0.483637,20.0,100.0,0.0
2024-11-11,54,21:30,0.0,16.0793,16.0793,112.88,0.453757,20.0,100.0,0.0
2024-11-11,55,21:45,0.0,3.2115,3.2115,112.88,0.090628,20.0,100.0,0.0
2024-11-12,0,08:00,0.0,0.0,0.0,201.64,0.0,20.0,140.0,0.0
2024-11-12,1,08:15,0.0,0.0,0.0,201.64,0.0,20.0,140.0,0.0
2024-11-12,2,08:30,0.0,0.0,0.0,201.64,0.0,20.0,140.0,0.0
2024-11-12,3,08:45,0.0,0.0,0.0,201.64,0.0,20.0,140.0,0.0
2024-11-12,4,09:00,0.0,0.0,0.0,223.33,0.0,20.0,140.0,0.0
2024-11-12,5,09:15,0.0,0.0,0.0,223.33,0.0,20.0,140.0,0.0
2024-11-12,6,09:30,0.0,0.0,0.0,223.33,0.0,20.0,140.0,0.0
2024-11-12,7,09:45,0.0,0.0,0.0,223.33,0.0,20.0,140.0,0.0
2024-11-12,8,10:00,0.0,0.0,0.0,190.24,0.0,20.0,140.0,0.0
2024-11-12,9,10:15,0.0,0.0,0.0,190.24,0.0,20.0,140.0,0.0
2024-11-12,10,10:30,0.0,0.0,0.0,190.24,0.0,20.0,140.0,0.0
2024-11-12,11,10:45,0.0,0.0,0.0,190.24,0.0,20.0,140.0,0.0
2024-11-12,12,11:00,1.3266,0.0,1.3266,171.08,0.05674,20.0,140.0,0.0
2024-11-12,13,11:15,4.184,0.0,4.184,171.08,0.178948,20.0,140.0,0.0
2024-11-12,14,11:30,5.1593,0.0,5.1593,171.08,0.220665,20.0,140.0,0.0
2024-11-12,15,11:45,4.2588,0.0,4.2588,171.08,0.182151,20.0,140.0,0.0
2024-11-12,16,12:00,5.404,0.0,5.404,161.59,0.218309,20.0,140.0,0.0
2024-11-12,17,12:15,4.491,0.0,4.491,161.59,0.181427,20.0,140.0,0.0
2024-11-12,18,12:30,5.1252,0.0,5.1252,161.59,0.207045,20.0,140.0,0.0
2024-11-12,19,12:45,3.0543,0.0,3.0543,161.59,0.123388,20.0,140.0,0.0
2024-11-12,20,13:00,5.093,0.0,5.093,156.47,0.199225,20.0,140.0,0.0
2024-11-12,21,13:15,3.6006,0.0,3.6006,156.47,0.140848,20.0,140.0,0.0
2024-11-12,22,13:30,4.9802,0.0,4.9802,156.47,0.194815,20.0,140.0,0.0
2024-11-12,23,13:45,4.3843,0.0,4.3843,156.47,0.171505,20.0,140.0,0.0
2024-11-12,24,14:00,1.5369,0.0,1.5369,174.37,0.066997,20.0,140.0,0.0
2024-11-12,25,14:15,0.0,0.0,0.0,174.37,0.0,120.0,140.0,0.0
2024-11-12,26,14:30,0.0,0.0,0.0,174.37,0.0,120.0,140.0,0.0
2024-11-12,27,14:45,0.0,0.0,0.0,174.37,0.0,120.0,140.0,0.0
2024-11-12,28,15:00,0.0,0.0,0.0,218.78,0.0,120.0,140.0,0.0
2024-11-12,29,15:15,0.0,0.0,0.0,218.78,0.0,120.0,140.0,0.0
2024-11-12,30,15:30,0.0,0.0,0.0,218.78,0.0,120.0,140.0,0.0
2024-11-12,31,15:45,0.0,0.0,0.0,218.78,0.0,120.0,140.0,0.0
2024-11-12,32,16:00,0.0,0.0,0.0,272.73,0.0,120.0,140.0,0.0
2024-11-12,33,16:15,0.0,0.0,0.0,272.73,0.0,120.0,140.0,0.0
2024-11-12,34,16:30,0.0,0.0,0.0,272.73,0.0,120.0,140.0,0.0
2024-11-12,35,16:45,0.0,0.0,0.0,272.73,0.0,120.0,140.0,0.0
2024-11-12,36,17:00,0.0,0.0,0.0,317.89,0.0,120.0,140.0,0.0
2024-11-12,37,17:15,0.0,0.0,0.0,317.89,0.0,120.0,140.0,0.0
2024-11-12,38,17:30,0.0,0.0,0.0,317.89,0.0,120.0,140.0,0.0
2024-11-12,39,17:45,0.0,0.0,0.0,317.89,0.0,120.0,140.0,0.0
2024-11-12,40,18:00,0.0,0.0,0.0,225.33,0.0,120.0,140.0,0.0
2024-11-12,41,18:15,0.0,0.0,0.0,225.33,0.0,120.0,140.0,0.0
2024-11-12,42,18:30,0.0,0.0,0.0,225.33,0.0,120.0,140.0,0.0
2024-11-12,43,18:45,0.0,0.0,0.0,225.33,0.0,120.0,140.0,0.0
2024-11-12,44,19:00,0.0,0.0,0.0,171.35,0.0,120.0,140.0,0.0
2024-11-12,45,19:15,0.0,0.0,0.0,171.35,0.0,120.0,140.0,0.0
2024-11-12,46,19:30,0.0,0.0,0.0,171.35,0.0,120.0,140.0,0.0
2024-11-12,47,19:45,0.0,0.0,0.0,171.35,0.0,120.0,140.0,0.0
2024-11-12,48,20:00,0.0,0.0,0.0,149.12,0.0,120.0,140.0,0.0
2024-11-12,49,20:15,0.0,0.0,0.0,149.12,0.0,120.0,140.0,0.0
2024-11-12,50,20:30,0.0,0.0,0.0,149.12,0.0,120.0,140.0,0.0
2024-11-12,51,20:45,0.0,9.5021,9.5021,149.12,0.354238,80.0,140.0,0.0
2024-11-12,52,21:00,0.0,17.0147,17.0147,131.9,0.561059,80.0,140.0,0.0
2024-11-12,53,21:15,0.0,17.1381,17.1381,131.9,0.565129,80.0,140.0,0.0
2024-11-12,54,21:30,0.0,16.0793,16.0793,131.9,0.530214,80.0,140.0,0.0
2024-11-12,55,21:45,0.0,3.2115,3.2115,131.9,0.105899,80.0,20.0,120.0
2024-11-13,0,08:00,0.0,0.0,0.0,225.45,0.0,80.0,60.0,0.0
2024-11-13,1,08:15,0.0,0.0,0.0,225.45,0.0,80.0,60.0,0.0
2024-11-13,2,08:30,0.0,0.0,0.0,225.45,0.0,80.0,60.0,0.0
2024-11-13,3,08:45,0.0,0.0,0.0,225.45,0.0,80.0,60.0,0.0
2024-11-13,4,09:00,0.0,0.0,0.0,227.43,0.0,80.0,60.0,0.0
2024-11-13,5,09:15,0.0,0.0,0.0,227.43,0.0,80.0,60.0,0.0
2024-11-13,6,09:30,0.0,0.0,0.0,227.43,0.0,80.0,60.0,0.0
2024-11-13,7,09:45,0.0,0.0,0.0,227.43,0.0,80.0,60.0,0.0
2024-11-13,8,10:00,0.0,0.0,0.0,200.8,0.0,80.0,60.0,0.0
2024-11-13,9,10:15,0.0,0.0,0.0,200.8,0.0,80.0,60.0,0.0
2024-11-13,10,10:30,0.0,0.0,0.0,200.8,0.0,80.0,60.0,0.0
2024-11-13,11,10:45,0.0,0.0,0.0,200.8,0.0,80.0,60.0,0.0
2024-11-13,12,11:00,0.0,0.0,0.0,177.7,0.0,80.0,60.0,0.0
2024-11-13,13,11:15,0.0,0.0,0.0,177.7,0.0,80.0,60.0,0.0
2024-11-13,14,11:30,0.0,0.0,0.0,177.7,0.0,80.0,60.0,0.0
2024-11-13,15,11:45,0.0,0.0,0.0,177.7,0.0,80.0,60.0,0.0
2024-11-13,16,12:00,0.0,0.0,0.0,160.99,0.0,80.0,60.0,0.0
2024-11-13,17,12:15,0.0,0.0,0.0,160.99,0.0,80.0,60.0,0.0
2024-11-13,18,12:30,0.0,0.0,0.0,160.99,0.0,80.0,60.0,0.0
2024-11-13,19,12:45,0.0,0.0,0.0,160.99,0.0,80.0,60.0,0.0
2024-11-13,20,13:00,0.0,0.0,0.0,162.07,0.0,80.0,60.0,0.0
2024-11-13,21,13:15,0.0,0.0,0.0,162.07,0.0,80.0,60.0,0.0
2024-11-13,22,13:30,0.0,0.0,0.0,162.07,0.0,80.0,60.0,0.0
2024-11-13,23,13:45,0.0,0.0,0.0,162.07,0.0,80.0,60.0,0.0
2024-11-13,24,14:00,0.0,0.0,0.0,159.9,0.0,80.0,60.0,0.0
2024-11-13,25,14:15,0.0,0.0,0.0,159.9,0.0,80.0,60.0,0.0
2024-11-13,26,14:30,0.0,0.0,0.0,159.9,0.0,80.0,60.0,0.0
2024-11-13,27,14:45,0.0,0.0,0.0,159.9,0.0,80.0,60.0,0.0
2024-11-13,28,15:00,0.0,0.0,0.0,165.6,0.0,80.0,60.0,0.0
2024-11-13,29,15:15,0.0,0.0,0.0,165.6,0.0,80.0,60.0,0.0
2024-11-13,30,15:30,0.0,0.0,0.0,165.6,0.0,80.0,60.0,0.0
2024-11-13,31,15:45,0.0,0.0,0.0,165.6,0.0,80.0,60.0,0.0
2024-11-13,32,16:00,0.0,0.0,0.0,178.28,0.0,80.0,60.0,0.0
2024-11-13,33,16:15,0.0,0.0,0.0,178.28,0.0,80.0,60.0,0.0
2024-11-13,34,16:30,0.0,0.0,0.0,178.28,0.0,80.0,60.0,0.0
2024-11-13,35,16:45,0.0,0.0,0.0,178.28,0.0,80.0,60.0,0.0
2024-11-13,36,17:00,0.0,0.0,0.0,178.43,0.0,80.0,60.0,0.0
2024-11-13,37,17:15,0.0,0.0,0.0,178.43,0.0,80.0,60.0,0.0
2024-11-13,38,17:30,0.0,0.0,0.0,178.43,0.0,80.0,60.0,0.0
2024-11-13,39,17:45,0.0,0.0,0.0,178.43,0.0,80.0,60.0,0.0
2024-11-13,40,18:00,0.0,0.0,0.0,173.9,0.0,80.0,60.0,0.0
2024-11-13,41,18:15,0.0,0.0,0.0,173.9,0.0,80.0,60.0,0.0
2024-11-13,42,18:30,0.0,0.0,0.0,173.9,0.0,80.0,60.0,0.0
2024-11-13,43,18:45,0.0,0.0,0.0,173.9,0.0,80.0,60.0,0.0
2024-11-13,44,19:00,0.0,0.0,0.0,161.79,0.0,80.0,60.0,0.0
2024-11-13,45,19:15,0.0,9.5021,9.5021,161.79,0.384336,40.0,60.0,0.0
2024-11-13,46,19:30,1.8638,17.0147,18.8785,161.79,0.763589,40.0,60.0,0.0
2024-11-13,47,19:45,6.7293,17.1381,23.8674,161.79,0.965376,40.0,60.0,0.0
2024-11-13,48,20:00,5.9956,16.0793,22.0749,125.22,0.691054,40.0,60.0,0.0
2024-11-13,49,20:15,7.1179,3.2115,10.3294,125.22,0.323361,40.0,60.0,0.0
2024-11-13,50,20:30,6.1091,9.5021,15.6112,125.22,0.488708,0.0,100.0,0.0
2024-11-13,51,20:45,5.6324,17.0147,22.6471,125.22,0.708968,0.0,100.0,0.0
2024-11-13,52,21:00,5.8458,17.1381,22.9839,114.86,0.659983,0.0,100.0,0.0
2024-11-13,53,21:15,5.1816,16.0793,21.2609,114.86,0.610505,0.0,100.0,0.0
2024-11-13,54,21:30,6.7301,3.2115,9.9416,114.86,0.285473,0.0,100.0,0.0
2024-11-13,55,21:45,3.9878,0.0,3.9878,114.86,0.11451,0.0,20.0,120.0
2024-11-14,0,08:00,1.8638,9.5021,11.3659,127.14,0.361266,60.0,20.0,0.0
2024-11-14,1,08:15,6.7293,17.0147,23.744,127.14,0.754702,60.0,20.0,0.0
2024-11-14,2,08:30,5.9956,17.1381,23.1337,127.14,0.735304,60.0,20.0,0.0
2024-11-14,3,08:45,7.1179,16.0793,23.1972,127.14,0.737322,60.0,20.0,0.0
2024-11-14,4,09:00,6.1091,3.2115,9.3206,123.92,0.288751,60.0,20.0,0.0
2024-11-14,5,09:15,5.6324,9.5021,15.1345,123.92,0.468868,20.0,60.0,0.0
2024-11-14,6,09:30,5.8458,17.0147,22.8605,123.92,0.708218,20.0,60.0,0.0
2024-11-14,7,09:45,5.1816,17.1381,22.3197,123.92,0.691463,20.0,60.0,0.0
2024-11-14,8,10:00,6.7301,16.0793,22.8094,125.65,0.7165,20.0,60.0,0.0
2024-11-14,9,10:15,3.9878,3.2115,7.1993,125.65,0.226148,20.0,60.0,0.0
2024-11-14,10,10:30,1.3266,9.5021,10.8287,125.65,0.340158,80.0,100.0,0.0
2024-11-14,11,10:45,4.184,17.0147,21.1986,125.65,0.665902,80.0,100.0,0.0
2024-11-14,12,11:00,5.1593,17.1381,22.2974,124.84,0.695903,80.0,100.0,0.0
2024-11-14,13,11:15,4.2588,16.0793,20.3381,124.84,0.634753,80.0,100.0,0.0
2024-11-14,14,11:30,5.404,3.2115,8.6155,124.84,0.26889,80.0,100.0,0.0
2024-11-14,15,11:45,4.491,9.5021,13.9931,124.84,0.436726,40.0,140.0,0.0
2024-11-14,16,12:00,5.1252,17.0147,22.1399,121.68,0.673495,40.0,140.0,0.0
2024-11-14,17,12:15,3.0543,17.1381,20.1924,121.68,0.614254,40.0,140.0,0.0
2024-11-14,18,12:30,5.093,16.0793,21.1723,121.68,0.644061,40.0,140.0,0.0
2024-11-14,19,12:45,3.6006,3.2115,6.8121,121.68,0.207225,40.0,140.0,0.0
2024-11-14,20,13:00,4.9802,9.5021,14.4823,127.4,0.461262,0.0,180.0,0.0
2024-11-14,21,13:15,4.3843,17.0147,21.399,127.4,0.681559,0.0,180.0,0.0
2024-11-14,22,13:30,1.5369,17.1381,18.675,127.4,0.594798,0.0,180.0,0.0
2024-11-14,23,13:45,0.0,16.0793,16.0793,127.4,0.512125,100.0,180.0,0.0
2024-11-14,24,14:00,0.0,3.2115,3.2115,134.01,0.107593,100.0,180.0,0.0
2024-11-14,25,14:15,0.0,0.0,0.0,134.01,0.0,100.0,220.0,0.0
2024-11-14,26,14:30,0.0,0.0,0.0,134.01,0.0,100.0,220.0,0.0
2024-11-14,27,14:45,0.0,0.0,0.0,134.01,0.0,100.0,220.0,0.0
2024-11-14,28,15:00,0.0,0.0,0.0,142.18,0.0,100.0,50.0,170.0
2024-11-14,29,15:15,0.0,0.0,0.0,142.18,0.0,100.0,50.0,0.0
2024-11-14,30,15:30,0.0,0.0,0.0,142.18,0.0,100.0,50.0,0.0
2024-11-14,31,15:45,0.0,0.0,0.0,142.18,0.0,100.0,50.0,0.0
2024-11-14,32,16:00,0.0,0.0,0.0,147.41,0.0,100.0,50.0,0.0
2024-11-14,33,16:15,0.0,0.0,0.0,147.41,0.0,100.0,50.0,0.0
2024-11-14,34,16:30,0.0,0.0,0.0,147.41,0.0,100.0,50.0,0.0
2024-11-14,35,16:45,0.0,0.0,0.0,147.41,0.0,100.0,50.0,0.0
2024-11-14,36,17:00,0.0,0.0,0.0,155.91,0.0,100.0,50.0,0.0
2024-11-14,37,17:15,0.0,0.0,0.0,155.91,0.0,100.0,50.0,0.0
2024-11-14,38,17:30,0.0,0.0,0.0,155.91,0.0,100.0,50.0,0.0
2024-11-14,39,17:45,0.0,0.0,0.0,155.91,0.0,100.0,50.0,0.0
2024-11-14,40,18:00,0.0,0.0,0.0,154.09,0.0,100.0,50.0,0.0
2024-11-14,41,18:15,0.0,0.0,0.0,154.09,0.0,100.0,50.0,0.0
2024-11-14,42,18:30,0.0,0.0,0.0,154.09,0.0,100.0,50.0,0.0
2024-11-14,43,18:45,0.0,0.0,0.0,154.09,0.0,100.0,50.0,0.0
2024-11-14,44,19:00,0.0,0.0,0.0,148.29,0.0,100.0,50.0,0.0
2024-11-14,45,19:15,0.0,0.0,0.0,148.29,0.0,100.0,50.0,0.0
2024-11-14,46,19:30,0.0,0.0,0.0,148.29,0.0,100.0,50.0,0.0
2024-11-14,47,19:45,0.0,0.0,0.0,148.29,0.0,100.0,50.0,0.0
2024-11-14,48,20:00,0.0,0.0,0.0,138.58,0.0,100.0,50.0,0.0
2024-11-14,49,20:15,0.0,0.0,0.0,138.58,0.0,100.0,50.0,0.0
2024-11-14,50,20:30,0.0,0.0,0.0,138.58,0.0,100.0,50.0,0.0
2024-11-14,51,20:45,0.0,9.5021,9.5021,138.58,0.3292,60.0,50.0,0.0
2024-11-14,52,21:00,0.0,17.0147,17.0147,129.44,0.550595,60.0,50.0,0.0
2024-11-14,53,21:15,0.0,17.1381,17.1381,129.44,0.554589,60.0,50.0,0.0
2024-11-14,54,21:30,0.0,16.0793,16.0793,129.44,0.520326,60.0,50.0,0.0
2024-11-14,55,21:45,0.0,3.2115,3.2115,129.44,0.103924,60.0,50.0,0.0
2024-11-15,0,08:00,0.0,0.0,0.0,157.77,0.0,60.0,90.0,0.0
2024-11-15,1,08:15,0.0,0.0,0.0,157.77,0.0,60.0,90.0,0.0
2024-11-15,2,08:30,0.0,0.0,0.0,157.77,0.0,60.0,90.0,0.0
2024-11-15,3,08:45,0.0,0.0,0.0,157.77,0.0,60.0,90.0,0.0
2024-11-15,4,09:00,0.0,0.0,0.0,150.86,0.0,60.0,90.0,0.0
2024-11-15,5,09:15,0.0,0.0,0.0,150.86,0.0,60.0,90.0,0.0
2024-11-15,6,09:30,0.0,0.0,0.0,150.86,0.0,60.0,90.0,0.0
2024-11-15,7,09:45,0.0,0.0,0.0,150.86,0.0,60.0,90.0,0.0
2024-11-15,8,10:00,1.3266,0.0,1.3266,138.84,0.046048,60.0,90.0,0.0
2024-11-15,9,10:15,4.184,0.0,4.184,138.84,0.145226,60.0,90.0,0.0
2024-11-15,10,10:30,5.1593,0.0,5.1593,138.84,0.179081,60.0,90.0,0.0
2024-11-15,11,10:45,4.2588,0.0,4.2588,138.84,0.147824,60.0,90.0,0.0
2024-11-15,12,11:00,5.404,0.0,5.404,135.08,0.182494,60.0,90.0,0.0
2024-11-15,13,11:15,4.491,0.0,4.491,135.08,0.151663,60.0,90.0,0.0
2024-11-15,14,11:30,5.1252,0.0,5.1252,135.08,0.173078,60.0,90.0,0.0
2024-11-15,15,11:45,3.0543,0.0,3.0543,135.08,0.103145,60.0,90.0,0.0
2024-11-15,16,12:00,5.093,9.5021,14.5951,121.74,0.444202,20.0,90.0,0.0
2024-11-15,17,12:15,3.6006,17.0147,20.6153,121.74,0.627427,20.0,90.0,0.0
2024-11-15,18,12:30,4.9802,17.1381,22.1183,121.74,0.673172,20.0,90.0,0.0
2024-11-15,19,12:45,4.3843,16.0793,20.4636,121.74,0.62281,20.0,90.0,0.0
2024-11-15,20,13:00,1.5369,3.2115,4.7484,121.8,0.144588,20.0,90.0,0.0
2024-11-15,21,13:15,0.0,9.5021,9.5021,121.8,0.289339,80.0,130.0,0.0
2024-11-15,22,13:30,0.0,17.0147,17.0147,121.8,0.518097,80.0,130.0,0.0
2024-11-15,23,13:45,0.0,17.1381,17.1381,121.8,0.521855,80.0,130.0,0.0
2024-11-15,24,14:00,0.0,16.0793,16.0793,131.89,0.530174,80.0,130.0,0.0
2024-11-15,25,14:15,0.0,3.2115,3.2115,131.89,0.105891,80.0,130.0,0.0
2024-11-15,26,14:30,0.0,0.0,0.0,131.89,0.0,80.0,170.0,0.0
2024-11-15,27,14:45,0.0,0.0,0.0,131.89,0.0,80.0,170.0,0.0
2024-11-15,28,15:00,0.0,0.0,0.0,141.75,0.0,80.0,30.0,140.0
2024-11-15,29,15:15,0.0,0.0,0.0,141.75,0.0,80.0,30.0,0.0
2024-11-15,30,15:30,0.0,0.0,0.0,141.75,0.0,80.0,30.0,0.0
2024-11-15,31,15:45,0.0,0.0,0.0,141.75,0.0,80.0,30.0,0.0
2024-11-15,32,16:00,0.0,0.0,0.0,133.95,0.0,80.0,30.0,0.0
2024-11-15,33,16:15,0.0,0.0,0.0,133.95,0.0,80.0,30.0,0.0
2024-11-15,34,16:30,0.0,0.0,0.0,133.95,0.0,80.0,30.0,0.0
2024-11-15,35,16:45,0.0,0.0,0.0,133.95,0.0,80.0,30.0,0.0
2024-11-15,36,17:00,0.0,0.0,0.0,136.26,0.0,80.0,30.0,0.0
2024-11-15,37,17:15,0.0,0.0,0.0,136.26,0.0,80.0,30.0,0.0
2024-11-15,38,17:30,0.0,0.0,0.0,136.26,0.0,80.0,30.0,0.0
2024-11-15,39,17:45,0.0,0.0,0.0,136.26,0.0,80.0,30.0,0.0
2024-11-15,40,18:00,0.0,0.0,0.0,134.77,0.0,80.0,30.0,0.0
2024-11-15,41,18:15,0.0,0.0,0.0,134.77,0.0,80.0,30.0,0.0
2024-11-15,42,18:30,0.0,0.0,0.0,134.77,0.0,80.0,30.0,0.0
2024-11-15,43,18:45,0.0,0.0,0.0,134.77,0.0,80.0,30.0,0.0
2024-11-15,44,19:00,0.0,0.0,0.0,128.39,0.0,80.0,30.0,0.0
2024-11-15,45,19:15,0.0,0.0,0.0,128.39,0.0,80.0,30.0,0.0
2024-11-15,46,19:30,0.0,0.0,0.0,128.39,0.0,80.0,30.0,0.0
2024-11-15,47,19:45,0.0,0.0,0.0,128.39,0.0,80.0,30.0,0.0
2024-11-15,48,20:00,0.0,0.0,0.0,115.73,0.0,80.0,30.0,0.0
2024-11-15,49,20:15,0.0,0.0,0.0,115.73,0.0,80.0,30.0,0.0
2024-11-15,50,20:30,0.0,0.0,0.0,115.73,0.0,80.0,30.0,0.0
2024-11-15,51,20:45,0.0,0.0,0.0,115.73,0.0,80.0,30.0,0.0
2024-11-15,52,21:00,0.0,0.0,0.0,110.74,0.0,80.0,30.0,0.0
2024-11-15,53,21:15,0.0,0.0,0.0,110.74,0.0,80.0,30.0,0.0
2024-11-15,54,21:30,0.0,0.0,0.0,110.74,0.0,80.0,30.0,0.0
2024-11-15,55,21:45,0.0,0.0,0.0,110.74,0.0,80.0,30.0,0.0
2024-11-18,0,08:00,0.0,0.0,0.0,121.91,0.0,80.0,30.0,0.0
2024-11-18,1,08:15,1.8638,9.5021,11.3659,121.91,0.346405,40.0,30.0,0.0
2024-11-18,2,08:30,6.7293,17.0147,23.744,121.91,0.723656,40.0,30.0,0.0
2024-11-18,3,08:45,5.9956,17.1381,23.1337,121.91,0.705057,40.0,30.0,0.0
2024-11-18,4,09:00,7.1179,16.0793,23.1972,119.56,0.693364,40.0,30.0,0.0
2024-11-18,5,09:15,6.1091,3.2115,9.3206,119.56,0.278592,40.0,30.0,0.0
2024-11-18,6,09:30,5.6324,9.5021,15.1345,119.56,0.452371,0.0,70.0,0.0
2024-11-18,7,09:45,5.8458,17.0147,22.8605,119.56,0.6833,0.0,70.0,0.0
2024-11-18,8,10:00,5.1816,17.1381,22.3197,111.51,0.622217,0.0,70.0,0.0
2024-11-18,9,10:15,6.7301,16.0793,22.8094,111.51,0.635868,0.0,70.0,0.0
2024-11-18,10,10:30,3.9878,3.2115,7.1993,111.51,0.200698,0.0,70.0,0.0
2024-11-18,11,10:45,1.8638,9.5021,11.3659,111.51,0.316854,60.0,110.0,0.0
2024-11-18,12,11:00,6.7293,17.0147,23.744,92.98,0.551928,60.0,110.0,0.0
2024-11-18,13,11:15,5.9956,17.1381,23.1337,92.98,0.537742,60.0,110.0,0.0
2024-11-18,14,11:30,7.1179,16.0793,23.1972,92.98,0.539218,60.0,110.0,0.0
2024-11-18,15,11:45,6.1091,3.2115,9.3206,92.98,0.216656,60.0,110.0,0.0
2024-11-18,16,12:00,5.6324,9.5021,15.1345,79.5,0.300799,20.0,150.0,0.0
2024-11-18,17,12:15,5.8458,17.0147,22.8605,79.5,0.454352,20.0,150.0,0.0
2024-11-18,18,12:30,5.1816,17.1381,22.3197,79.5,0.443603,20.0,150.0,0.0
2024-11-18,19,12:45,6.7301,16.0793,22.8094,79.5,0.453336,20.0,150.0,0.0
2024-11-18,20,13:00,3.9878,3.2115,7.1993,94.13,0.169417,20.0,150.0,0.0
2024-11-18,21,13:15,1.3266,9.5021,10.8287,94.13,0.254827,80.0,190.0,0.0
2024-11-18,22,13:30,4.184,17.0147,21.1986,94.13,0.498857,80.0,190.0,0.0
2024-11-18,23,13:45,5.1593,17.1381,22.2974,94.13,0.524715,80.0,190.0,0.0
2024-11-18,24,14:00,4.2588,16.0793,20.3381,109.52,0.556858,80.0,190.0,0.0
2024-11-18,25,14:15,5.404,3.2115,8.6155,109.52,0.235893,80.0,190.0,0.0
2024-11-18,26,14:30,4.491,9.5021,13.9931,109.52,0.383132,40.0,230.0,0.0
2024-11-18,27,14:45,5.1252,17.0147,22.1399,109.52,0.606189,40.0,230.0,0.0
2024-11-18,28,15:00,3.0543,17.1381,20.1924,119.98,0.605672,40.0,230.0,0.0
2024-11-18,29,15:15,5.093,16.0793,21.1723,119.98,0.635063,40.0,230.0,0.0
2024-11-18,30,15:30,3.6006,3.2115,6.8121,119.98,0.20433,40.0,230.0,0.0
2024-11-18,31,15:45,4.9802,0.0,4.9802,119.98,0.149382,40.0,270.0,0.0
2024-11-18,32,16:00,4.3843,0.0,4.3843,132.48,0.14521,40.0,270.0,0.0
2024-11-18,33,16:15,1.5369,0.0,1.5369,132.48,0.050902,40.0,270.0,0.0
2024-11-18,34,16:30,0.0,0.0,0.0,132.48,0.0,140.0,270.0,0.0
2024-11-18,35,16:45,0.0,0.0,0.0,132.48,0.0,140.0,270.0,0.0
2024-11-18,36,17:00,0.0,0.0,0.0,159.9,0.0,140.0,270.0,0.0
2024-11-18,37,17:15,0.0,0.0,0.0,159.9,0.0,140.0,270.0,0.0
2024-11-18,38,17:30,0.0,0.0,0.0,159.9,0.0,140.0,270.0,0.0
2024-11-18,39,17:45,0.0,0.0,0.0,159.9,0.0,140.0,270.0,0.0
2024-11-18,40,18:00,0.0,0.0,0.0,161.82,0.0,140.0,270.0,0.0
2024-11-18,41,18:15,0.0,0.0,0.0,161.82,0.0,140.0,270.0,0.0
2024-11-18,42,18:30,0.0,0.0,0.0,161.82,0.0,140.0,270.0,0.0
2024-11-18,43,18:45,0.0,0.0,0.0,161.82,0.0,140.0,270.0,0.0
2024-11-18,44,19:00,0.0,0.0,0.0,152.96,0.0,140.0,270.0,0.0
2024-11-18,45,19:15,0.0,0.0,0.0,152.96,0.0,140.0,270.0,0.0
2024-11-18,46,19:30,0.0,0.0,0.0,152.96,0.0,140.0,270.0,0.0
2024-11-18,47,19:45,0.0,0.0,0.0,152.96,0.0,140.0,270.0,0.0
2024-11-18,48,20:00,0.0,0.0,0.0,128.94,0.0,140.0,270.0,0.0
2024-11-18,49,20:15,0.0,0.0,0.0,128.94,0.0,140.0,270.0,0.0
2024-11-18,50,20:30,0.0,0.0,0.0,128.94,0.0,140.0,270.0,0.0
2024-11-18,51,20:45,0.0,9.5021,9.5021,128.94,0.3063,100.0,270.0,0.0
2024-11-18,52,21:00,0.0,17.0147,17.0147,117.62,0.500316,100.0,270.0,0.0
2024-11-18,53,21:15,0.0,17.1381,17.1381,117.62,0.503946,100.0,270.0,0.0
2024-11-18,54,21:30,0.0,16.0793,16.0793,117.62,0.472811,100.0,270.0,0.0
2024-11-18,55,21:45,0.0,3.2115,3.2115,117.62,0.094434,100.0,160.0,110.0
2024-11-19,0,08:00,0.0,0.0,0.0,155.06,0.0,100.0,200.0,0.0
2024-11-19,1,08:15,0.0,0.0,0.0,155.06,0.0,100.0,200.0,0.0
2024-11-19,2,08:30,0.0,0.0,0.0,155.06,0.0,100.0,200.0,0.0
2024-11-19,3,08:45,0.0,0.0,0.0,155.06,0.0,100.0,200.0,0.0
2024-11-19,4,09:00,0.0,0.0,0.0,157.57,0.0,100.0,200.0,0.0
2024-11-19,5,09:15,0.0,0.0,0.0,157.57,0.0,100.0,200.0,0.0
2024-11-19,6,09:30,0.0,0.0,0.0,157.57,0.0,100.0,200.0,0.0
2024-11-19,7,09:45,0.0,0.0,0.0,157.57,0.0,100.0,200.0,0.0
2024-11-19,8,10:00,0.0,0.0,0.0,156.26,0.0,100.0,200.0,0.0
2024-11-19,9,10:15,0.0,0.0,0.0,156.26,0.0,100.0,200.0,0.0
2024-11-19,10,10:30,0.0,0.0,0.0,156.26,0.0,100.0,200.0,0.0
2024-11-19,11,10:45,0.0,0.0,0.0,156.26,0.0,100.0,200.0,0.0
2024-11-19,12,11:00,0.0,0.0,0.0,152.81,0.0,100.0,200.0,0.0
2024-11-19,13,11:15,0.0,0.0,0.0,152.81,0.0,100.0,200.0,0.0
2024-11-19,14,11:30,0.0,0.0,0.0,152.81,0.0,100.0,200.0,0.0
2024-11-19,15,11:45,0.0,0.0,0.0,152.81,0.0,100.0,200.0,0.0
2024-11-19,16,12:00,0.0,0.0,0.0,148.19,0.0,100.0,200.0,0.0
2024-11-19,17,12:15,0.0,0.0,0.0,148.19,0.0,100.0,200.0,0.0
2024-11-19,18,12:30,0.0,0.0,0.0,148.19,0.0,100.0,200.0,0.0
2024-11-19,19,12:45,0.0,0.0,0.0,148.19,0.0,100.0,200.0,0.0
2024-11-19,20,13:00,0.0,0.0,0.0,144.14,0.0,100.0,200.0,0.0
2024-11-19,21,13:15,0.0,0.0,0.0,144.14,0.0,100.0,200.0,0.0
2024-11-19,22,13:30,0.0,0.0,0.0,144.14,0.0,100.0,200.0,0.0
2024-11-19,23,13:45,0.0,0.0,0.0,144.14,0.0,100.0,200.0,0.0
2024-11-19,24,14:00,0.0,0.0,0.0,140.15,0.0,100.0,200.0,0.0
2024-11-19,25,14:15,0.0,0.0,0.0,140.15,0.0,100.0,200.0,0.0
2024-11-19,26,14:30,0.0,0.0,0.0,140.15,0.0,100.0,200.0,0.0
2024-11-19,27,14:45,0.0,0.0,0.0,140.15,0.0,100.0,200.0,0.0
2024-11-19,28,15:00,0.0,9.5021,9.5021,128.78,0.30592,60.0,70.0,130.0
2024-11-19,29,15:15,0.0,17.0147,17.0147,128.78,0.547787,60.0,70.0,0.0
2024-11-19,30,15:30,0.0,17.1381,17.1381,128.78,0.551761,60.0,70.0,0.0
2024-11-19,31,15:45,0.0,16.0793,16.0793,128.78,0.517672,60.0,70.0,0.0
2024-11-19,32,16:00,0.0,3.2115,3.2115,132.89,0.106694,60.0,70.0,0.0
2024-11-19,33,16:15,0.0,0.0,0.0,132.89,0.0,60.0,110.0,0.0
2024-11-19,34,16:30,0.0,0.0,0.0,132.89,0.0,60.0,110.0,0.0
2024-11-19,35,16:45,0.0,0.0,0.0,132.89,0.0,60.0,110.0,0.0
2024-11-19,36,17:00,0.0,0.0,0.0,140.19,0.0,60.0,110.0,0.0
2024-11-19,37,17:15,1.3266,0.0,1.3266,140.19,0.046495,60.0,110.0,0.0
2024-11-19,38,17:30,4.184,0.0,4.184,140.19,0.146638,60.0,110.0,0.0
2024-11-19,39,17:45,5.1593,0.0,5.1593,140.19,0.180822,60.0,110.0,0.0
2024-11-19,40,18:00,4.2588,0.0,4.2588,134.65,0.143363,60.0,110.0,0.0
2024-11-19,41,18:15,5.404,0.0,5.404,134.65,0.181913,60.0,110.0,0.0
2024-11-19,42,18:30,4.491,0.0,4.491,134.65,0.15118,60.0,110.0,0.0
2024-11-19,43,18:45,5.1252,0.0,5.1252,134.65,0.172527,60.0,110.0,0.0
2024-11-19,44,19:00,3.0543,0.0,3.0543,125.93,0.096158,60.0,110.0,0.0
2024-11-19,45,19:15,5.093,9.5021,14.5951,125.93,0.45949,20.0,110.0,0.0
2024-11-19,46,19:30,3.6006,17.0147,20.6153,125.93,0.649022,20.0,110.0,0.0
2024-11-19,47,19:45,4.9802,17.1381,22.1183,125.93,0.69634,20.0,110.0,0.0
2024-11-19,48,20:00,4.3843,16.0793,20.4636,117.1,0.599073,20.0,110.0,0.0
2024-11-19,49,20:15,1.5369,3.2115,4.7484,117.1,0.139009,20.0,110.0,0.0
2024-11-19,50,20:30,0.0,9.5021,9.5021,117.1,0.278174,80.0,150.0,0.0
2024-11-19,51,20:45,0.0,17.0147,17.0147,117.1,0.498105,80.0,150.0,0.0
2024-11-19,52,21:00,0.0,17.1381,17.1381,109.37,0.468598,80.0,150.0,0.0
2024-11-19,53,21:15,0.0,16.0793,16.0793,109.37,0.439648,80.0,150.0,0.0
2024-11-19,54,21:30,0.0,3.2115,3.2115,109.37,0.08781,80.0,150.0,0.0
2024-11-19,55,21:45,0.0,0.0,0.0,109.37,0.0,80.0,0.0,190.0
2024-11-20,0,08:00,0.0,0.0,0.0,142.87,0.0,80.0,0.0,0.0
2024-11-20,1,08:15,0.0,0.0,0.0,142.87,0.0,80.0,0.0,0.0
2024-11-20,2,08:30,0.0,0.0,0.0,142.87,0.0,80.0,0.0,0.0
2024-11-20,3,08:45,0.0,0.0,0.0,142.87,0.0,80.0,0.0,0.0
2024-11-20,4,09:00,0.0,0.0,0.0,140.09,0.0,80.0,0.0,0.0
2024-11-20,5,09:15,0.0,0.0,0.0,140.09,0.0,80.0,0.0,0.0
2024-11-20,6,09:30,0.0,0.0,0.0,140.09,0.0,80.0,0.0,0.0
2024-11-20,7,09:45,0.0,0.0,0.0,140.09,0.0,80.0,0.0,0.0
2024-11-20,8,10:00,1.8638,9.5021,11.3659,120.35,0.341973,40.0,0.0,0.0
2024-11-20,9,10:15,6.7293,17.0147,23.744,120.35,0.714396,40.0,0.0,0.0
2024-11-20,10,10:30,5.9956,17.1381,23.1337,120.35,0.696035,40.0,0.0,0.0
2024-11-20,11,10:45,7.1179,16.0793,23.1972,120.35,0.697945,40.0,0.0,0.0
2024-11-20,12,11:00,6.1091,3.2115,9.3206,107.77,0.251119,40.0,0.0,0.0
2024-11-20,13,11:15,5.6324,9.5021,15.1345,107.77,0.407762,0.0,40.0,0.0
2024-11-20,14,11:30,5.8458,17.0147,22.8605,107.77,0.615919,0.0,40.0,0.0
2024-11-20,15,11:45,5.1816,17.1381,22.3197,107.77,0.601348,0.0,40.0,0.0
2024-11-20,16,12:00,6.7301,16.0793,22.8094,97.26,0.55461,0.0,40.0,0.0
2024-11-20,17,12:15,3.9878,3.2115,7.1993,97.26,0.175051,0.0,40.0,0.0
2024-11-20,18,12:30,1.8638,9.5021,11.3659,97.26,0.276363,60.0,80.0,0.0
2024-11-20,19,12:45,6.7293,17.0147,23.744,97.26,0.577334,60.0,80.0,0.0
2024-11-20,20,13:00,5.9956,17.1381,23.1337,97.36,0.563074,60.0,80.0,0.0
2024-11-20,21,13:15,7.1179,16.0793,23.1972,97.36,0.564619,60.0,80.0,0.0
2024-11-20,22,13:30,6.1091,3.2115,9.3206,97.36,0.226862,60.0,80.0,0.0
2024-11-20,23,13:45,5.6324,9.5021,15.1345,97.36,0.368375,20.0,120.0,0.0
2024-11-20,24,14:00,5.8458,17.0147,22.8605,106.64,0.609461,20.0,120.0,0.0
2024-11-20,25,14:15,5.1816,17.1381,22.3197,106.64,0.595042,20.0,120.0,0.0
2024-11-20,26,14:30,6.7301,16.0793,22.8094,106.64,0.608098,20.0,120.0,0.0
2024-11-20,27,14:45,3.9878,3.2115,7.1993,106.64,0.191933,20.0,120.0,0.0
2024-11-20,28,15:00,0.0,9.5021,9.5021,130.84,0.310813,80.0,30.0,130.0
2024-11-20,29,15:15,0.0,17.0147,17.0147,130.84,0.55655,80.0,30.0,0.0
2024-11-20,30,15:30,0.0,17.1381,17.1381,130.84,0.560587,80.0,30.0,0.0
2024-11-20,31,15:45,0.0,16.0793,16.0793,130.84,0.525953,80.0,30.0,0.0
2024-11-20,32,16:00,0.0,3.2115,3.2115,135.09,0.10846,80.0,30.0,0.0
2024-11-20,33,16:15,0.0,0.0,0.0,135.09,0.0,80.0,70.0,0.0
2024-11-20,34,16:30,0.0,0.0,0.0,135.09,0.0,80.0,70.0,0.0
2024-11-20,35,16:45,0.0,0.0,0.0,135.09,0.0,80.0,70.0,0.0
2024-11-20,36,17:00,0.0,0.0,0.0,142.0,0.0,80.0,70.0,0.0
2024-11-20,37,17:15,0.0,0.0,0.0,142.0,0.0,80.0,70.0,0.0
2024-11-20,38,17:30,0.0,0.0,0.0,142.0,0.0,80.0,70.0,0.0
2024-11-20,39,17:45,0.0,0.0,0.0,142.0,0.0,80.0,70.0,0.0
2024-11-20,40,18:00,0.0,0.0,0.0,142.58,0.0,80.0,70.0,0.0
2024-11-20,41,18:15,0.0,0.0,0.0,142.58,0.0,80.0,70.0,0.0
2024-11-20,42,18:30,0.0,0.0,0.0,142.58,0.0,80.0,70.0,0.0
2024-11-20,43,18:45,0.0,0.0,0.0,142.58,0.0,80.0,70.0,0.0
2024-11-20,44,19:00,0.0,0.0,0.0,140.26,0.0,80.0,70.0,0.0
2024-11-20,45,19:15,0.0,0.0,0.0,140.26,0.0,80.0,70.0,0.0
2024-11-20,46,19:30,0.0,0.0,0.0,140.26,0.0,80.0,70.0,0.0
2024-11-20,47,19:45,0.0,0.0,0.0,140.26,0.0,80.0,70.0,0.0
2024-11-20,48,20:00,0.0,0.0,0.0,135.98,0.0,80.0,70.0,0.0
2024-11-20,49,20:15,0.0,0.0,0.0,135.98,0.0,80.0,70.0,0.0
2024-11-20,50,20:30,0.0,0.0,0.0,135.98,0.0,80.0,70.0,0.0
2024-11-20,51,20:45,0.0,9.5021,9.5021,135.98,0.323024,40.0,70.0,0.0
2024-11-20,52,21:00,0.0,17.0147,17.0147,123.05,0.523414,40.0,70.0,0.0
2024-11-20,53,21:15,0.0,17.1381,17.1381,123.05,0.527211,40.0,70.0,0.0
2024-11-20,54,21:30,0.0,16.0793,16.0793,123.05,0.494639,40.0,70.0,0.0
2024-11-20,55,21:45,0.0,3.2115,3.2115,123.05,0.098793,40.0,70.0,0.0
2024-11-21,0,08:00,1.3266,0.0,1.3266,132.99,0.044107,40.0,110.0,0.0
2024-11-21,1,08:15,4.184,0.0,4.184,132.99,0.139106,40.0,110.0,0.0
2024-11-21,2,08:30,5.1593,0.0,5.1593,132.99,0.171535,40.0,110.0,0.0
2024-11-21,3,08:45,4.2588,0.0,4.2588,132.99,0.141596,40.0,110.0,0.0
2024-11-21,4,09:00,5.404,0.0,5.404,134.98,0.182359,40.0,110.0,0.0
2024-11-21,5,09:15,4.491,0.0,4.491,134.98,0.15155,40.0,110.0,0.0
2024-11-21,6,09:30,5.1252,0.0,5.1252,134.98,0.172949,40.0,110.0,0.0
2024-11-21,7,09:45,3.0543,0.0,3.0543,134.98,0.103069,40.0,110.0,0.0
2024-11-21,8,10:00,5.093,0.0,5.093,127.33,0.162123,40.0,110.0,0.0
2024-11-21,9,10:15,3.6006,0.0,3.6006,127.33,0.114617,40.0,110.0,0.0
2024-11-21,10,10:30,4.9802,9.5021,14.4823,127.33,0.461009,0.0,110.0,0.0
2024-11-21,11,10:45,4.3843,17.0147,21.399,127.33,0.681184,0.0,110.0,0.0
2024-11-21,12,11:00,1.5369,17.1381,18.675,115.47,0.5391,0.0,110.0,0.0
2024-11-21,13,11:15,1.3266,16.0793,17.4059,115.47,0.502465,100.0,110.0,0.0
2024-11-21,14,11:30,4.184,3.2115,7.3955,115.47,0.213488,100.0,110.0,0.0
2024-11-21,15,11:45,5.1593,9.5021,14.6614,115.47,0.423239,60.0,150.0,0.0
2024-11-21,16,12:00,4.2588,17.0147,21.2735,113.57,0.604008,60.0,150.0,0.0
2024-11-21,17,12:15,5.404,17.1381,22.5421,113.57,0.640027,60.0,150.0,0.0
2024-11-21,18,12:30,4.491,16.0793,20.5703,113.57,0.584043,60.0,150.0,0.0
2024-11-21,19,12:45,5.1252,3.2115,8.3367,113.57,0.236699,60.0,150.0,0.0
2024-11-21,20,13:00,3.0543,9.5021,12.5564,120.83,0.379298,20.0,190.0,0.0
2024-11-21,21,13:15,5.093,17.0147,22.1077,120.83,0.667818,20.0,190.0,0.0
2024-11-21,22,13:30,3.6006,17.1381,20.7387,120.83,0.626465,20.0,190.0,0.0
2024-11-21,23,13:45,4.9802,16.0793,21.0595,120.83,0.636155,20.0,190.0,0.0
2024-11-21,24,14:00,4.3843,3.2115,7.5958,141.62,0.26893,20.0,190.0,0.0
2024-11-21,25,14:15,1.5369,0.0,1.5369,141.62,0.054414,20.0,230.0,0.0
2024-11-21,26,14:30,0.0,0.0,0.0,141.62,0.0,120.0,230.0,0.0
2024-11-21,27,14:45,0.0,0.0,0.0,141.62,0.0,120.0,230.0,0.0
2024-11-21,28,15:00,0.0,0.0,0.0,154.85,0.0,120.0,110.0,120.0
2024-11-21,29,15:15,0.0,0.0,0.0,154.85,0.0,120.0,110.0,0.0
2024-11-21,30,15:30,0.0,0.0,0.0,154.85,0.0,120.0,110.0,0.0
2024-11-21,31,15:45,0.0,0.0,0.0,154.85,0.0,120.0,110.0,0.0
2024-11-21,32,16:00,0.0,0.0,0.0,174.97,0.0,120.0,110.0,0.0
2024-11-21,33,16:15,0.0,0.0,0.0,174.97,0.0,120.0,110.0,0.0
2024-11-21,34,16:30,0.0,0.0,0.0,174.97,0.0,120.0,110.0,0.0
2024-11-21,35,16:45,0.0,0.0,0.0,174.97,0.0,120.0,110.0,0.0
2024-11-21,36,17:00,0.0,0.0,0.0,182.26,0.0,120.0,110.0,0.0
2024-11-21,37,17:15,0.0,0.0,0.0,182.26,0.0,120.0,110.0,0.0
2024-11-21,38,17:30,0.0,0.0,0.0,182.26,0.0,120.0,110.0,0.0
2024-11-21,39,17:45,0.0,0.0,0.0,182.26,0.0,120.0,110.0,0.0
2024-11-21,40,18:00,0.0,0.0,0.0,161.34,0.0,120.0,110.0,0.0
2024-11-21,41,18:15,0.0,0.0,0.0,161.34,0.0,120.0,110.0,0.0
2024-11-21,42,18:30,0.0,0.0,0.0,161.34,0.0,120.0,110.0,0.0
2024-11-21,43,18:45,0.0,0.0,0.0,161.34,0.0,120.0,110.0,0.0
2024-11-21,44,19:00,0.0,0.0,0.0,154.05,0.0,120.0,110.0,0.0
2024-11-21,45,19:15,0.0,0.0,0.0,154.05,0.0,120.0,110.0,0.0
2024-11-21,46,19:30,0.0,0.0,0.0,154.05,0.0,120.0,110.0,0.0
2024-11-21,47,19:45,0.0,0.0,0.0,154.05,0.0,120.0,110.0,0.0
2024-11-21,48,20:00,0.0,0.0,0.0,131.33,0.0,120.0,110.0,0.0
2024-11-21,49,20:15,0.0,0.0,0.0,131.33,0.0,120.0,110.0,0.0
2024-11-21,50,20:30,0.0,9.5021,9.5021,131.33,0.311977,80.0,110.0,0.0
2024-11-21,51,20:45,0.0,17.0147,17.0147,131.33,0.558634,80.0,110.0,0.0
2024-11-21,52,21:00,0.0,17.1381,17.1381,123.05,0.527211,80.0,110.0,0.0
2024-11-21,53,21:15,0.0,16.0793,16.0793,123.05,0.494639,80.0,110.0,0.0
2024-11-21,54,21:30,0.0,3.2115,3.2115,123.05,0.098793,80.0,110.0,0.0
2024-11-21,55,21:45,0.0,0.0,0.0,123.05,0.0,80.0,30.0,120.0
2024-11-22,0,08:00,0.0,0.0,0.0,144.08,0.0,80.0,30.0,0.0
2024-11-22,1,08:15,0.0,0.0,0.0,144.08,0.0,80.0,30.0,0.0
2024-11-22,2,08:30,0.0,0.0,0.0,144.08,0.0,80.0,30.0,0.0
2024-11-22,3,08:45,0.0,0.0,0.0,144.08,0.0,80.0,30.0,0.0
2024-11-22,4,09:00,0.0,0.0,0.0,141.58,0.0,80.0,30.0,0.0
2024-11-22,5,09:15,1.3266,0.0,1.3266,141.58,0.046956,80.0,30.0,0.0
2024-11-22,6,09:30,4.184,0.0,4.184,141.58,0.148092,80.0,30.0,0.0
2024-11-22,7,09:45,5.1593,0.0,5.1593,141.58,0.182615,80.0,30.0,0.0
2024-11-22,8,10:00,4.2588,9.5021,13.7609,135.75,0.467012,40.0,30.0,0.0
2024-11-22,9,10:15,5.404,17.0147,22.4187,135.75,0.760835,40.0,30.0,0.0
2024-11-22,10,10:30,4.491,17.1381,21.6291,135.75,0.734039,40.0,30.0,0.0
2024-11-22,11,10:45,5.1252,16.0793,21.2045,135.75,0.719627,40.0,30.0,0.0
2024-11-22,12,11:00,3.0543,3.2115,6.2658,116.84,0.183025,40.0,30.0,0.0
2024-11-22,13,11:15,5.093,9.5021,14.5951,116.84,0.426323,0.0,70.0,0.0
2024-11-22,14,11:30,3.6006,17.0147,20.6153,116.84,0.602173,0.0,70.0,0.0
2024-11-22,15,11:45,4.9802,17.1381,22.1183,116.84,0.646077,0.0,70.0,0.0
2024-11-22,16,12:00,4.3843,16.0793,20.4636,105.14,0.537886,0.0,70.0,0.0
2024-11-22,17,12:15,1.5369,3.2115,4.7484,105.14,0.124811,0.0,70.0,0.0
2024-11-22,18,12:30,1.8638,9.5021,11.3659,105.14,0.298754,60.0,110.0,0.0
2024-11-22,19,12:45,6.7293,17.0147,23.744,105.14,0.62411,60.0,110.0,0.0
2024-11-22,20,13:00,5.9956,17.1381,23.1337,95.23,0.550755,60.0,110.0,0.0
2024-11-22,21,13:15,7.1179,16.0793,23.1972,95.23,0.552267,60.0,110.0,0.0
2024-11-22,22,13:30,6.1091,3.2115,9.3206,95.23,0.221899,60.0,110.0,0.0
2024-11-22,23,13:45,5.6324,9.5021,15.1345,95.23,0.360316,20.0,150.0,0.0
2024-11-22,24,14:00,5.8458,17.0147,22.8605,96.18,0.54968,20.0,150.0,0.0
2024-11-22,25,14:15,5.1816,17.1381,22.3197,96.18,0.536676,20.0,150.0,0.0
2024-11-22,26,14:30,6.7301,16.0793,22.8094,96.18,0.548452,20.0,150.0,0.0
2024-11-22,27,14:45,3.9878,3.2115,7.1993,96.18,0.173107,20.0,150.0,0.0
2024-11-22,28,15:00,0.0,9.5021,9.5021,106.24,0.252376,80.0,20.0,170.0
2024-11-22,29,15:15,0.0,17.0147,17.0147,106.24,0.45191,80.0,20.0,0.0
2024-11-22,30,15:30,0.0,17.1381,17.1381,106.24,0.455188,80.0,20.0,0.0
2024-11-22,31,15:45,0.0,16.0793,16.0793,106.24,0.427066,80.0,20.0,0.0
2024-11-22,32,16:00,0.0,3.2115,3.2115,111.21,0.089287,80.0,20.0,0.0
2024-11-22,33,16:15,0.0,9.5021,9.5021,111.21,0.264182,40.0,60.0,0.0
2024-11-22,34,16:30,0.0,17.0147,17.0147,111.21,0.47305,40.0,60.0,0.0
2024-11-22,35,16:45,0.0,17.1381,17.1381,111.21,0.476482,40.0,60.0,0.0
2024-11-22,36,17:00,0.0,16.0793,16.0793,128.44,0.516306,40.0,60.0,0.0
2024-11-22,37,17:15,0.0,3.2115,3.2115,128.44,0.103121,40.0,60.0,0.0
2024-11-22,38,17:30,0.0,0.0,0.0,128.44,0.0,40.0,100.0,0.0
2024-11-22,39,17:45,0.0,0.0,0.0,128.44,0.0,40.0,100.0,0.0
2024-11-22,40,18:00,0.0,0.0,0.0,134.28,0.0,40.0,100.0,0.0
2024-11-22,41,18:15,0.0,0.0,0.0,134.28,0.0,40.0,100.0,0.0
2024-11-22,42,18:30,0.0,0.0,0.0,134.28,0.0,40.0,100.0,0.0
2024-11-22,43,18:45,1.3266,0.0,1.3266,134.28,0.044535,40.0,100.0,0.0
2024-11-22,44,19:00,4.184,0.0,4.184,128.8,0.134724,40.0,100.0,0.0
2024-11-22,45,19:15,5.1593,0.0,5.1593,128.8,0.166131,40.0,100.0,0.0
2024-11-22,46,19:30,4.2588,0.0,4.2588,128.8,0.137135,40.0,100.0,0.0
2024-11-22,47,19:45,5.404,0.0,5.404,128.8,0.17401,40.0,100.0,0.0
2024-11-22,48,20:00,4.491,9.5021,13.9931,106.21,0.371553,0.0,100.0,0.0
2024-11-22,49,20:15,5.1252,17.0147,22.1399,106.21,0.587869,0.0,100.0,0.0
2024-11-22,50,20:30,3.0543,17.1381,20.1924,106.21,0.53616,0.0,100.0,0.0
2024-11-22,51,20:45,5.093,16.0793,21.1723,106.21,0.562177,0.0,100.0,0.0
2024-11-22,52,21:00,3.6006,3.2115,6.8121,106.35,0.181117,0.0,100.0,0.0
2024-11-22,53,21:15,4.9802,0.0,4.9802,106.35,0.132412,0.0,140.0,0.0
2024-11-22,54,21:30,4.3843,0.0,4.3843,106.35,0.116569,0.0,140.0,0.0
2024-11-22,55,21:45,1.5369,0.0,1.5369,106.35,0.040862,0.0,20.0,120.0
2024-11-25,0,08:00,1.8638,9.5021,11.3659,77.01,0.218823,60.0,20.0,0.0
2024-11-25,1,08:15,6.7293,17.0147,23.744,77.01,0.45713,60.0,20.0,0.0
2024-11-25,2,08:30,5.9956,17.1381,23.1337,77.01,0.445381,60.0,20.0,0.0
2024-11-25,3,08:45,7.1179,16.0793,23.1972,77.01,0.446604,60.0,20.0,0.0
2024-11-25,4,09:00,6.1091,3.2115,9.3206,66.57,0.155117,60.0,20.0,0.0
2024-11-25,5,09:15,5.6324,9.5021,15.1345,66.57,0.251877,20.0,60.0,0.0
2024-11-25,6,09:30,5.8458,17.0147,22.8605,66.57,0.380456,20.0,60.0,0.0
2024-11-25,7,09:45,5.1816,17.1381,22.3197,66.57,0.371455,20.0,60.0,0.0
2024-11-25,8,10:00,6.7301,16.0793,22.8094,42.55,0.242635,20.0,60.0,0.0
2024-11-25,9,10:15,3.9878,3.2115,7.1993,42.55,0.076582,20.0,60.0,0.0
2024-11-25,10,10:30,1.8638,9.5021,11.3659,42.55,0.120905,80.0,100.0,0.0
2024-11-25,11,10:45,6.7293,17.0147,23.744,42.55,0.252576,80.0,100.0,0.0
2024-11-25,12,11:00,5.9956,17.1381,23.1337,41.37,0.23926,80.0,100.0,0.0
2024-11-25,13,11:15,7.1179,16.0793,23.1972,41.37,0.239917,80.0,100.0,0.0
2024-11-25,14,11:30,6.1091,3.2115,9.3206,41.37,0.096398,80.0,100.0,0.0
2024-11-25,15,11:45,5.6324,9.5021,15.1345,41.37,0.156529,40.0,140.0,0.0
2024-11-25,16,12:00,5.8458,17.0147,22.8605,40.0,0.228605,40.0,140.0,0.0
2024-11-25,17,12:15,5.1816,17.1381,22.3197,40.0,0.223197,40.0,140.0,0.0
2024-11-25,18,12:30,6.7301,16.0793,22.8094,40.0,0.228094,40.0,140.0,0.0
2024-11-25,19,12:45,3.9878,3.2115,7.1993,40.0,0.071993,40.0,140.0,0.0
2024-11-25,20,13:00,1.8638,9.5021,11.3659,57.16,0.162419,100.0,180.0,0.0
2024-11-25,21,13:15,6.7293,17.0147,23.744,57.16,0.339301,100.0,180.0,0.0
2024-11-25,22,13:30,5.9956,17.1381,23.1337,57.16,0.33058,100.0,180.0,0.0
2024-11-25,23,13:45,7.1179,16.0793,23.1972,57.16,0.331488,100.0,180.0,0.0
2024-11-25,24,14:00,6.1091,3.2115,9.3206,67.97,0.15838,100.0,180.0,0.0
2024-11-25,25,14:15,5.6324,9.5021,15.1345,67.97,0.257174,60.0,220.0,0.0
2024-11-25,26,14:30,5.8458,17.0147,22.8605,67.97,0.388457,60.0,220.0,0.0
2024-11-25,27,14:45,5.1816,17.1381,22.3197,67.97,0.379267,60.0,220.0,0.0
2024-11-25,28,15:00,6.7301,16.0793,22.8094,94.99,0.541666,60.0,80.0,140.0
2024-11-25,29,15:15,3.9878,3.2115,7.1993,94.99,0.170965,60.0,80.0,0.0
2024-11-25,30,15:30,0.0,0.0,0.0,94.99,0.0,160.0,120.0,0.0
2024-11-25,31,15:45,0.0,0.0,0.0,94.99,0.0,160.0,120.0,0.0
2024-11-25,32,16:00,0.0,0.0,0.0,92.58,0.0,160.0,120.0,0.0
2024-11-25,33,16:15,0.0,0.0,0.0,92.58,0.0,160.0,120.0,0.0
2024-11-25,34,16:30,0.0,0.0,0.0,92.58,0.0,160.0,120.0,0.0
2024-11-25,35,16:45,0.0,0.0,0.0,92.58,0.0,160.0,120.0,0.0
2024-11-25,36,17:00,0.0,0.0,0.0,116.08,0.0,160.0,120.0,0.0
2024-11-25,37,17:15,0.0,0.0,0.0,116.08,0.0,160.0,120.0,0.0
2024-11-25,38,17:30,0.0,0.0,0.0,116.08,0.0,160.0,120.0,0.0
2024-11-25,39,17:45,0.0,0.0,0.0,116.08,0.0,160.0,120.0,0.0
2024-11-25,40,18:00,0.0,0.0,0.0,128.0,0.0,160.0,120.0,0.0
2024-11-25,41,18:15,0.0,0.0,0.0,128.0,0.0,160.0,120.0,0.0
2024-11-25,42,18:30,0.0,0.0,0.0,128.0,0.0,160.0,120.0,0.0
2024-11-25,43,18:45,0.0,0.0,0.0,128.0,0.0,160.0,120.0,0.0
2024-11-25,44,19:00,0.0,0.0,0.0,118.0,0.0,160.0,120.0,0.0
2024-11-25,45,19:15,0.0,0.0,0.0,118.0,0.0,160.0,120.0,0.0
2024-11-25,46,19:30,0.0,0.0,0.0,118.0,0.0,160.0,120.0,0.0
2024-11-25,47,19:45,0.0,0.0,0.0,118.0,0.0,160.0,120.0,0.0
2024-11-25,48,20:00,0.0,0.0,0.0,94.73,0.0,160.0,120.0,0.0
2024-11-25,49,20:15,0.0,0.0,0.0,94.73,0.0,160.0,120.0,0.0
2024-11-25,50,20:30,0.0,0.0,0.0,94.73,0.0,160.0,120.0,0.0
2024-11-25,51,20:45,0.0,9.5021,9.5021,94.73,0.225033,120.0,120.0,0.0
2024-11-25,52,21:00,0.0,17.0147,17.0147,81.26,0.345653,120.0,120.0,0.0
2024-11-25,53,21:15,0.0,17.1381,17.1381,81.26,0.34816,120.0,120.0,0.0
2024-11-25,54,21:30,0.0,16.0793,16.0793,81.26,0.326651,120.0,120.0,0.0
2024-11-25,55,21:45,0.0,3.2115,3.2115,81.26,0.065241,120.0,10.0,110.0
2024-11-26,0,08:00,0.0,0.0,0.0,137.84,0.0,120.0,50.0,0.0
2024-11-26,1,08:15,0.0,0.0,0.0,137.84,0.0,120.0,50.0,0.0
2024-11-26,2,08:30,0.0,0.0,0.0,137.84,0.0,120.0,50.0,0.0
2024-11-26,3,08:45,0.0,0.0,0.0,137.84,0.0,120.0,50.0,0.0
2024-11-26,4,09:00,0.0,0.0,0.0,127.09,0.0,120.0,50.0,0.0
2024-11-26,5,09:15,0.0,0.0,0.0,127.09,0.0,120.0,50.0,0.0
2024-11-26,6,09:30,0.0,0.0,0.0,127.09,0.0,120.0,50.0,0.0
2024-11-26,7,09:45,0.0,0.0,0.0,127.09,0.0,120.0,50.0,0.0
2024-11-26,8,10:00,0.0,0.0,0.0,112.09,0.0,120.0,50.0,0.0
2024-11-26,9,10:15,0.0,0.0,0.0,112.09,0.0,120.0,50.0,0.0
2024-11-26,10,10:30,0.0,9.5021,9.5021,112.09,0.266272,80.0,50.0,0.0
2024-11-26,11,10:45,1.3266,17.0147,18.3413,112.09,0.513969,80.0,50.0,0.0
2024-11-26,12,11:00,4.184,17.1381,21.3221,100.0,0.533052,80.0,50.0,0.0
2024-11-26,13,11:15,5.1593,16.0793,21.2386,100.0,0.530966,80.0,50.0,0.0
2024-11-26,14,11:30,4.2588,3.2115,7.4703,100.0,0.186758,80.0,50.0,0.0
2024-11-26,15,11:45,5.404,9.5021,14.9061,100.0,0.372653,40.0,90.0,0.0
2024-11-26,16,12:00,4.491,17.0147,21.5057,90.9,0.488718,40.0,90.0,0.0
2024-11-26,17,12:15,5.1252,17.1381,22.2633,90.9,0.505933,40.0,90.0,0.0
2024-11-26,18,12:30,3.0543,16.0793,19.1336,90.9,0.434811,40.0,90.0,0.0
2024-11-26,19,12:45,5.093,3.2115,8.3045,90.9,0.188719,40.0,90.0,0.0
2024-11-26,20,13:00,3.6006,9.5021,13.1027,102.07,0.334349,0.0,130.0,0.0
2024-11-26,21,13:15,4.9802,17.0147,21.9949,102.07,0.561255,0.0,130.0,0.0
2024-11-26,22,13:30,4.3843,17.1381,21.5224,102.07,0.549199,0.0,130.0,0.0
2024-11-26,23,13:45,1.5369,16.0793,17.6162,102.07,0.449521,0.0,130.0,0.0
2024-11-26,24,14:00,0.0,3.2115,3.2115,116.1,0.093213,100.0,130.0,0.0
2024-11-26,25,14:15,0.0,9.5021,9.5021,116.1,0.275798,60.0,170.0,0.0
2024-11-26,26,14:30,0.0,17.0147,17.0147,116.1,0.493851,60.0,170.0,0.0
2024-11-26,27,14:45,0.0,17.1381,17.1381,116.1,0.497433,60.0,170.0,0.0
2024-11-26,28,15:00,0.0,16.0793,16.0793,123.95,0.498257,60.0,80.0,90.0
2024-11-26,29,15:15,0.0,3.2115,3.2115,123.95,0.099516,60.0,80.0,0.0
2024-11-26,30,15:30,0.0,0.0,0.0,123.95,0.0,60.0,120.0,0.0
2024-11-26,31,15:45,0.0,0.0,0.0,123.95,0.0,60.0,120.0,0.0
2024-11-26,32,16:00,0.0,0.0,0.0,143.1,0.0,60.0,120.0,0.0
2024-11-26,33,16:15,0.0,0.0,0.0,143.1,0.0,60.0,120.0,0.0
2024-11-26,34,16:30,0.0,0.0,0.0,143.1,0.0,60.0,120.0,0.0
2024-11-26,35,16:45,0.0,0.0,0.0,143.1,0.0,60.0,120.0,0.0
2024-11-26,36,17:00,0.0,0.0,0.0,155.52,0.0,60.0,120.0,0.0
2024-11-26,37,17:15,0.0,0.0,0.0,155.52,0.0,60.0,120.0,0.0
2024-11-26,38,17:30,0.0,0.0,0.0,155.52,0.0,60.0,120.0,0.0
2024-11-26,39,17:45,0.0,0.0,0.0,155.52,0.0,60.0,120.0,0.0
2024-11-26,40,18:00,0.0,0.0,0.0,160.91,0.0,60.0,120.0,0.0
2024-11-26,41,18:15,0.0,0.0,0.0,160.91,0.0,60.0,120.0,0.0
2024-11-26,42,18:30,0.0,0.0,0.0,160.91,0.0,60.0,120.0,0.0
2024-11-26,43,18:45,0.0,0.0,0.0,160.91,0.0,60.0,120.0,0.0
2024-11-26,44,19:00,0.0,0.0,0.0,153.28,0.0,60.0,120.0,0.0
2024-11-26,45,19:15,0.0,0.0,0.0,153.28,0.0,60.0,120.0,0.0
2024-11-26,46,19:30,0.0,0.0,0.0,153.28,0.0,60.0,120.0,0.0
2024-11-26,47,19:45,0.0,0.0,0.0,153.28,0.0,60.0,120.0,0.0
2024-11-26,48,20:00,0.0,0.0,0.0,126.38,0.0,60.0,120.0,0.0
2024-11-26,49,20:15,0.0,0.0,0.0,126.38,0.0,60.0,120.0,0.0
2024-11-26,50,20:30,0.0,0.0,0.0,126.38,0.0,60.0,120.0,0.0
2024-11-26,51,20:45,0.0,9.5021,9.5021,126.38,0.300219,20.0,120.0,0.0
2024-11-26,52,21:00,0.0,17.0147,17.0147,118.23,0.502911,20.0,120.0,0.0
2024-11-26,53,21:15,0.0,17.1381,17.1381,118.23,0.506559,20.0,120.0,0.0
2024-11-26,54,21:30,0.0,16.0793,16.0793,118.23,0.475263,20.0,120.0,0.0
2024-11-26,55,21:45,0.0,3.2115,3.2115,118.23,0.094924,20.0,120.0,0.0
2024-11-27,0,08:00,0.0,0.0,0.0,184.84,0.0,20.0,160.0,0.0
2024-11-27,1,08:15,0.0,0.0,0.0,184.84,0.0,20.0,160.0,0.0
2024-11-27,2,08:30,0.0,0.0,0.0,184.84,0.0,20.0,160.0,0.0
2024-11-27,3,08:45,0.0,0.0,0.0,184.84,0.0,20.0,160.0,0.0
2024-11-27,4,09:00,0.0,0.0,0.0,164.45,0.0,20.0,160.0,0.0
2024-11-27,5,09:15,0.0,0.0,0.0,164.45,0.0,20.0,160.0,0.0
2024-11-27,6,09:30,0.0,0.0,0.0,164.45,0.0,20.0,160.0,0.0
2024-11-27,7,09:45,0.0,0.0,0.0,164.45,0.0,20.0,160.0,0.0
2024-11-27,8,10:00,0.0,0.0,0.0,153.1,0.0,20.0,160.0,0.0
2024-11-27,9,10:15,0.0,0.0,0.0,153.1,0.0,20.0,160.0,0.0
2024-11-27,10,10:30,0.0,0.0,0.0,153.1,0.0,20.0,160.0,0.0
2024-11-27,11,10:45,0.0,0.0,0.0,153.1,0.0,20.0,160.0,0.0
2024-11-27,12,11:00,0.0,0.0,0.0,150.0,0.0,20.0,160.0,0.0
2024-11-27,13,11:15,0.0,0.0,0.0,150.0,0.0,20.0,160.0,0.0
2024-11-27,14,11:30,0.0,0.0,0.0,150.0,0.0,20.0,160.0,0.0
2024-11-27,15,11:45,0.0,0.0,0.0,150.0,0.0,20.0,160.0,0.0
2024-11-27,16,12:00,0.0,0.0,0.0,145.66,0.0,20.0,160.0,0.0
2024-11-27,17,12:15,0.0,0.0,0.0,145.66,0.0,20.0,160.0,0.0
2024-11-27,18,12:30,0.0,0.0,0.0,145.66,0.0,20.0,160.0,0.0
2024-11-27,19,12:45,0.0,0.0,0.0,145.66,0.0,20.0,160.0,0.0
2024-11-27,20,13:00,0.0,0.0,0.0,140.49,0.0,20.0,160.0,0.0
2024-11-27,21,13:15,0.0,0.0,0.0,140.49,0.0,20.0,160.0,0.0
2024-11-27,22,13:30,0.0,0.0,0.0,140.49,0.0,20.0,160.0,0.0
2024-11-27,23,13:45,0.0,0.0,0.0,140.49,0.0,20.0,160.0,0.0
2024-11-27,24,14:00,0.0,0.0,0.0,130.09,0.0,20.0,160.0,0.0
2024-11-27,25,14:15,0.0,0.0,0.0,130.09,0.0,20.0,160.0,0.0
2024-11-27,26,14:30,0.0,0.0,0.0,130.09,0.0,20.0,160.0,0.0
2024-11-27,27,14:45,0.0,0.0,0.0,130.09,0.0,20.0,160.0,0.0
2024-11-27,28,15:00,0.0,0.0,0.0,131.7,0.0,20.0,30.0,130.0
2024-11-27,29,15:15,0.0,0.0,0.0,131.7,0.0,20.0,30.0,0.0
2024-11-27,30,15:30,0.0,0.0,0.0,131.7,0.0,20.0,30.0,0.0
2024-11-27,31,15:45,0.0,0.0,0.0,131.7,0.0,20.0,30.0,0.0
2024-11-27,32,16:00,0.0,0.0,0.0,117.56,0.0,20.0,30.0,0.0
2024-11-27,33,16:15,0.0,0.0,0.0,117.56,0.0,20.0,30.0,0.0
2024-11-27,34,16:30,0.0,0.0,0.0,117.56,0.0,20.0,30.0,0.0
2024-11-27,35,16:45,0.0,0.0,0.0,117.56,0.0,20.0,30.0,0.0
2024-11-27,36,17:00,0.0,0.0,0.0,110.24,0.0,20.0,30.0,0.0
2024-11-27,37,17:15,0.0,0.0,0.0,110.24,0.0,20.0,30.0,0.0
2024-11-27,38,17:30,1.3266,0.0,1.3266,110.24,0.036562,20.0,30.0,0.0
2024-11-27,39,17:45,4.184,0.0,4.184,110.24,0.11531,20.0,30.0,0.0
2024-11-27,40,18:00,5.1593,0.0,5.1593,112.29,0.144836,20.0,30.0,0.0
2024-11-27,41,18:15,4.2588,0.0,4.2588,112.29,0.119556,20.0,30.0,0.0
2024-11-27,42,18:30,5.404,0.0,5.404,112.29,0.151705,20.0,30.0,0.0
2024-11-27,43,18:45,4.491,0.0,4.491,112.29,0.126075,20.0,30.0,0.0
2024-11-27,44,19:00,5.1252,0.0,5.1252,101.84,0.130487,20.0,30.0,0.0
2024-11-27,45,19:15,3.0543,0.0,3.0543,101.84,0.077763,20.0,30.0,0.0
2024-11-27,46,19:30,5.093,0.0,5.093,101.84,0.129668,20.0,30.0,0.0
2024-11-27,47,19:45,3.6006,0.0,3.6006,101.84,0.091672,20.0,30.0,0.0
2024-11-27,48,20:00,4.9802,0.0,4.9802,78.14,0.097289,20.0,30.0,0.0
2024-11-27,49,20:15,4.3843,0.0,4.3843,78.14,0.085648,20.0,30.0,0.0
2024-11-27,50,20:30,1.5369,0.0,1.5369,78.14,0.030023,20.0,30.0,0.0
2024-11-27,51,20:45,0.0,9.5021,9.5021,78.14,0.185623,80.0,30.0,0.0
2024-11-27,52,21:00,0.0,17.0147,17.0147,71.86,0.305669,80.0,30.0,0.0
2024-11-27,53,21:15,0.0,17.1381,17.1381,71.86,0.307886,80.0,30.0,0.0
2024-11-27,54,21:30,0.0,16.0793,16.0793,71.86,0.288864,80.0,30.0,0.0
2024-11-27,55,21:45,0.0,3.2115,3.2115,71.86,0.057694,80.0,30.0,0.0
2024-11-28,0,08:00,1.3266,0.0,1.3266,107.41,0.035624,80.0,70.0,0.0
2024-11-28,1,08:15,4.184,0.0,4.184,107.41,0.11235,80.0,70.0,0.0
2024-11-28,2,08:30,5.1593,0.0,5.1593,107.41,0.138541,80.0,70.0,0.0
2024-11-28,3,08:45,4.2588,0.0,4.2588,107.41,0.11436,80.0,70.0,0.0
2024-11-28,4,09:00,5.404,0.0,5.404,107.41,0.145112,80.0,70.0,0.0
2024-11-28,5,09:15,4.491,0.0,4.491,107.41,0.120596,80.0,70.0,0.0
2024-11-28,6,09:30,5.1252,9.5021,14.6273,107.41,0.392779,40.0,70.0,0.0
2024-11-28,7,09:45,3.0543,17.0147,20.069,107.41,0.538903,40.0,70.0,0.0
2024-11-28,8,10:00,5.093,17.1381,22.2311,92.1,0.511871,40.0,70.0,0.0
2024-11-28,9,10:15,3.6006,16.0793,19.6799,92.1,0.45313,40.0,70.0,0.0
2024-11-28,10,10:30,4.9802,3.2115,8.1917,92.1,0.188615,40.0,70.0,0.0
2024-11-28,11,10:45,4.3843,9.5021,13.8864,92.1,0.319735,0.0,110.0,0.0
2024-11-28,12,11:00,1.5369,17.0147,18.5516,98.7,0.45776,0.0,110.0,0.0
2024-11-28,13,11:15,1.3266,17.1381,18.4647,98.7,0.455617,100.0,110.0,0.0
2024-11-28,14,11:30,4.184,16.0793,20.2632,98.7,0.499996,100.0,110.0,0.0
2024-11-28,15,11:45,5.1593,3.2115,8.3708,98.7,0.20655,100.0,110.0,0.0
2024-11-28,16,12:00,4.2588,9.5021,13.7609,96.16,0.330813,60.0,150.0,0.0
2024-11-28,17,12:15,5.404,17.0147,22.4187,96.16,0.538946,60.0,150.0,0.0
2024-11-28,18,12:30,4.491,17.1381,21.6291,96.16,0.519965,60.0,150.0,0.0
2024-11-28,19,12:45,5.1252,16.0793,21.2045,96.16,0.509755,60.0,150.0,0.0
2024-11-28,20,13:00,3.0543,3.2115,6.2658,96.68,0.151445,60.0,150.0,0.0
2024-11-28,21,13:15,5.093,9.5021,14.5951,96.68,0.352763,20.0,190.0,0.0
2024-11-28,22,13:30,3.6006,17.0147,20.6153,96.68,0.498272,20.0,190.0,0.0
2024-11-28,23,13:45,4.9802,17.1381,22.1183,96.68,0.5346,20.0,190.0,0.0
2024-11-28,24,14:00,4.3843,16.0793,20.4636,97.86,0.500643,20.0,190.0,0.0
2024-11-28,25,14:15,1.5369,3.2115,4.7484,97.86,0.116169,20.0,190.0,0.0
2024-11-28,26,14:30,0.0,9.5021,9.5021,97.86,0.232469,80.0,230.0,0.0
2024-11-28,27,14:45,0.0,17.0147,17.0147,97.86,0.416264,80.0,230.0,0.0
2024-11-28,28,15:00,0.0,17.1381,17.1381,111.59,0.47811,80.0,100.0,130.0
2024-11-28,29,15:15,0.0,16.0793,16.0793,111.59,0.448572,80.0,100.0,0.0
2024-11-28,30,15:30,0.0,3.2115,3.2115,111.59,0.089592,80.0,100.0,0.0
2024-11-28,31,15:45,0.0,0.0,0.0,111.59,0.0,80.0,140.0,0.0
2024-11-28,32,16:00,0.0,0.0,0.0,132.62,0.0,80.0,140.0,0.0
2024-11-28,33,16:15,0.0,0.0,0.0,132.62,0.0,80.0,140.0,0.0
2024-11-28,34,16:30,0.0,0.0,0.0,132.62,0.0,80.0,140.0,0.0
2024-11-28,35,16:45,0.0,0.0,0.0,132.62,0.0,80.0,140.0,0.0
2024-11-28,36,17:00,0.0,0.0,0.0,149.33,0.0,80.0,140.0,0.0
2024-11-28,37,17:15,0.0,0.0,0.0,149.33,0.0,80.0,140.0,0.0
2024-11-28,38,17:30,0.0,0.0,0.0,149.33,0.0,80.0,140.0,0.0
2024-11-28,39,17:45,0.0,0.0,0.0,149.33,0.0,80.0,140.0,0.0
2024-11-28,40,18:00,0.0,0.0,0.0,158.23,0.0,80.0,140.0,0.0
2024-11-28,41,18:15,0.0,0.0,0.0,158.23,0.0,80.0,140.0,0.0
2024-11-28,42,18:30,0.0,0.0,0.0,158.23,0.0,80.0,140.0,0.0
2024-11-28,43,18:45,0.0,0.0,0.0,158.23,0.0,80.0,140.0,0.0
2024-11-28,44,19:00,0.0,0.0,0.0,153.91,0.0,80.0,140.0,0.0
2024-11-28,45,19:15,0.0,0.0,0.0,153.91,0.0,80.0,140.0,0.0
2024-11-28,46,19:30,0.0,0.0,0.0,153.91,0.0,80.0,140.0,0.0
2024-11-28,47,19:45,0.0,0.0,0.0,153.91,0.0,80.0,140.0,0.0
2024-11-28,48,20:00,0.0,0.0,0.0,143.97,0.0,80.0,140.0,0.0
2024-11-28,49,20:15,0.0,0.0,0.0,143.97,0.0,80.0,140.0,0.0
2024-11-28,50,20:30,0.0,0.0,0.0,143.97,0.0,80.0,140.0,0.0
2024-11-28,51,20:45,0.0,0.0,0.0,143.97,0.0,80.0,140.0,0.0
2024-11-28,52,21:00,0.0,0.0,0.0,132.49,0.0,80.0,140.0,0.0
2024-11-28,53,21:15,0.0,0.0,0.0,132.49,0.0,80.0,140.0,0.0
2024-11-28,54,21:30,0.0,0.0,0.0,132.49,0.0,80.0,140.0,0.0
2024-11-28,55,21:45,0.0,0.0,0.0,132.49,0.0,80.0,140.0,0.0
2024-11-29,0,08:00,0.0,0.0,0.0,181.35,0.0,80.0,140.0,0.0
2024-11-29,1,08:15,0.0,0.0,0.0,181.35,0.0,80.0,140.0,0.0
2024-11-29,2,08:30,0.0,0.0,0.0,181.35,0.0,80.0,140.0,0.0
2024-11-29,3,08:45,0.0,0.0,0.0,181.35,0.0,80.0,140.0,0.0
2024-11-29,4,09:00,0.0,0.0,0.0,162.49,0.0,80.0,140.0,0.0
2024-11-29,5,09:15,0.0,0.0,0.0,162.49,0.0,80.0,140.0,0.0
2024-11-29,6,09:30,0.0,0.0,0.0,162.49,0.0,80.0,140.0,0.0
2024-11-29,7,09:45,0.0,0.0,0.0,162.49,0.0,80.0,140.0,0.0
2024-11-29,8,10:00,0.0,0.0,0.0,143.01,0.0,80.0,140.0,0.0
2024-11-29,9,10:15,0.0,0.0,0.0,143.01,0.0,80.0,140.0,0.0
2024-11-29,10,10:30,0.0,0.0,0.0,143.01,0.0,80.0,140.0,0.0
2024-11-29,11,10:45,0.0,0.0,0.0,143.01,0.0,80.0,140.0,0.0
2024-11-29,12,11:00,0.0,0.0,0.0,136.4,0.0,80.0,140.0,0.0
2024-11-29,13,11:15,0.0,0.0,0.0,136.4,0.0,80.0,140.0,0.0
2024-11-29,14,11:30,0.0,0.0,0.0,136.4,0.0,80.0,140.0,0.0
2024-11-29,15,11:45,0.0,0.0,0.0,136.4,0.0,80.0,140.0,0.0
2024-11-29,16,12:00,0.0,0.0,0.0,126.59,0.0,80.0,140.0,0.0
2024-11-29,17,12:15,0.0,0.0,0.0,126.59,0.0,80.0,140.0,0.0
2024-11-29,18,12:30,0.0,0.0,0.0,126.59,0.0,80.0,140.0,0.0
2024-11-29,19,12:45,0.0,0.0,0.0,126.59,0.0,80.0,140.0,0.0
2024-11-29,20,13:00,0.0,9.5021,9.5021,119.5,0.283875,40.0,140.0,0.0
2024-11-29,21,13:15,0.0,17.0147,17.0147,119.5,0.508313,40.0,140.0,0.0
2024-11-29,22,13:30,0.0,17.1381,17.1381,119.5,0.512001,40.0,140.0,0.0
2024-11-29,23,13:45,0.0,16.0793,16.0793,119.5,0.480368,40.0,140.0,0.0
2024-11-29,24,14:00,0.0,3.2115,3.2115,129.58,0.104036,40.0,140.0,0.0
2024-11-29,25,14:15,0.0,0.0,0.0,129.58,0.0,40.0,180.0,0.0
2024-11-29,26,14:30,0.0,0.0,0.0,129.58,0.0,40.0,180.0,0.0
2024-11-29,27,14:45,0.0,0.0,0.0,129.58,0.0,40.0,180.0,0.0
2024-11-29,28,15:00,0.0,0.0,0.0,141.02,0.0,40.0,180.0,0.0
2024-11-29,29,15:15,0.0,0.0,0.0,141.02,0.0,40.0,180.0,0.0
2024-11-29,30,15:30,0.0,0.0,0.0,141.02,0.0,40.0,180.0,0.0
2024-11-29,31,15:45,0.0,0.0,0.0,141.02,0.0,40.0,180.0,0.0
2024-11-29,32,16:00,0.0,0.0,0.0,152.01,0.0,40.0,180.0,0.0
2024-11-29,33,16:15,0.0,0.0,0.0,152.01,0.0,40.0,180.0,0.0
2024-11-29,34,16:30,0.0,0.0,0.0,152.01,0.0,40.0,180.0,0.0
2024-11-29,35,16:45,0.0,0.0,0.0,152.01,0.0,40.0,180.0,0.0
2024-11-29,36,17:00,0.0,0.0,0.0,150.44,0.0,40.0,180.0,0.0
2024-11-29,37,17:15,0.0,0.0,0.0,150.44,0.0,40.0,180.0,0.0
2024-11-29,38,17:30,0.0,0.0,0.0,150.44,0.0,40.0,180.0,0.0
2024-11-29,39,17:45,0.0,0.0,0.0,150.44,0.0,40.0,180.0,0.0
2024-11-29,40,18:00,0.0,0.0,0.0,142.03,0.0,40.0,180.0,0.0
2024-11-29,41,18:15,0.0,0.0,0.0,142.03,0.0,40.0,180.0,0.0
2024-11-29,42,18:30,0.0,0.0,0.0,142.03,0.0,40.0,180.0,0.0
2024-11-29,43,18:45,1.3266,0.0,1.3266,142.03,0.047106,40.0,180.0,0.0
2024-11-29,44,19:00,4.184,0.0,4.184,130.81,0.136826,40.0,180.0,0.0
2024-11-29,45,19:15,5.1593,0.0,5.1593,130.81,0.168724,40.0,180.0,0.0
2024-11-29,46,19:30,4.2588,0.0,4.2588,130.81,0.139275,40.0,180.0,0.0
2024-11-29,47,19:45,5.404,0.0,5.404,130.81,0.176725,40.0,180.0,0.0
2024-11-29,48,20:00,4.491,0.0,4.491,119.9,0.134619,40.0,180.0,0.0
2024-11-29,49,20:15,5.1252,0.0,5.1252,119.9,0.153627,40.0,180.0,0.0
2024-11-29,50,20:30,3.0543,0.0,3.0543,119.9,0.091554,40.0,180.0,0.0
2024-11-29,51,20:45,5.093,9.5021,14.5951,119.9,0.437488,0.0,180.0,0.0
2024-11-29,52,21:00,3.6006,17.0147,20.6153,115.1,0.593206,0.0,180.0,0.0
2024-11-29,53,21:15,4.9802,17.1381,22.1183,115.1,0.636455,0.0,180.0,0.0
2024-11-29,54,21:30,4.3843,16.0793,20.4636,115.1,0.588841,0.0,180.0,0.0
2024-11-29,55,21:45,1.5369,3.2115,4.7484,115.1,0.136635,0.0,70.0,110.0
2024-12-02,0,08:00,1.8638,9.5021,11.3659,125.2,0.355754,60.0,110.0,0.0
2024-12-02,1,08:15,6.7293,17.0147,23.744,125.2,0.743186,60.0,110.0,0.0
2024-12-02,2,08:30,5.9956,17.1381,23.1337,125.2,0.724084,60.0,110.0,0.0
2024-12-02,3,08:45,7.1179,16.0793,23.1972,125.2,0.726072,60.0,110.0,0.0
2024-12-02,4,09:00,6.1091,3.2115,9.3206,123.63,0.288075,60.0,110.0,0.0
2024-12-02,5,09:15,5.6324,9.5021,15.1345,123.63,0.467771,20.0,150.0,0.0
2024-12-02,6,09:30,5.8458,17.0147,22.8605,123.63,0.70656,20.0,150.0,0.0
2024-12-02,7,09:45,5.1816,17.1381,22.3197,123.63,0.689845,20.0,150.0,0.0
2024-12-02,8,10:00,6.7301,16.0793,22.8094,121.27,0.691523,20.0,150.0,0.0
2024-12-02,9,10:15,3.9878,3.2115,7.1993,121.27,0.218264,20.0,150.0,0.0
2024-12-02,10,10:30,1.8638,9.5021,11.3659,121.27,0.344587,80.0,190.0,0.0
2024-12-02,11,10:45,6.7293,17.0147,23.744,121.27,0.719857,80.0,190.0,0.0
2024-12-02,12,11:00,5.9956,17.1381,23.1337,115.8,0.66972,80.0,190.0,0.0
2024-12-02,13,11:15,7.1179,16.0793,23.1972,115.8,0.671558,80.0,190.0,0.0
2024-12-02,14,11:30,6.1091,3.2115,9.3206,115.8,0.26983,80.0,190.0,0.0
2024-12-02,15,11:45,5.6324,9.5021,15.1345,115.8,0.438145,40.0,230.0,0.0
2024-12-02,16,12:00,5.8458,17.0147,22.8605,115.09,0.657753,40.0,230.0,0.0
2024-12-02,17,12:15,5.1816,17.1381,22.3197,115.09,0.642193,40.0,230.0,0.0
2024-12-02,18,12:30,6.7301,16.0793,22.8094,115.09,0.656283,40.0,230.0,0.0
2024-12-02,19,12:45,3.9878,3.2115,7.1993,115.09,0.207141,40.0,230.0,0.0
2024-12-02,20,13:00,1.3266,9.5021,10.8287,127.6,0.345437,100.0,270.0,0.0
2024-12-02,21,13:15,4.184,17.0147,21.1986,127.6,0.676237,100.0,270.0,0.0
2024-12-02,22,13:30,5.1593,17.1381,22.2974,127.6,0.711288,100.0,270.0,0.0
2024-12-02,23,13:45,4.2588,16.0793,20.3381,127.6,0.648786,100.0,270.0,0.0
2024-12-02,24,14:00,5.404,3.2115,8.6155,136.74,0.294521,100.0,270.0,0.0
2024-12-02,25,14:15,4.491,9.5021,13.9931,136.74,0.478356,60.0,310.0,0.0
2024-12-02,26,14:30,5.1252,17.0147,22.1399,136.74,0.756851,60.0,310.0,0.0
2024-12-02,27,14:45,3.0543,17.1381,20.1924,136.74,0.690278,60.0,310.0,0.0
2024-12-02,28,15:00,5.093,16.0793,21.1723,144.04,0.762414,60.0,190.0,120.0
2024-12-02,29,15:15,3.6006,3.2115,6.8121,144.04,0.245305,60.0,190.0,0.0
2024-12-02,30,15:30,4.9802,0.0,4.9802,144.04,0.179338,60.0,230.0,0.0
2024-12-02,31,15:45,4.3843,0.0,4.3843,144.04,0.15788,60.0,230.0,0.0
2024-12-02,32,16:00,1.5369,0.0,1.5369,144.75,0.055616,60.0,230.0,0.0
2024-12-02,33,16:15,0.0,0.0,0.0,144.75,0.0,160.0,230.0,0.0
2024-12-02,34,16:30,0.0,0.0,0.0,144.75,0.0,160.0,230.0,0.0
2024-12-02,35,16:45,0.0,0.0,0.0,144.75,0.0,160.0,230.0,0.0
2024-12-02,36,17:00,0.0,0.0,0.0,147.68,0.0,160.0,230.0,0.0
2024-12-02,37,17:15,0.0,0.0,0.0,147.68,0.0,160.0,230.0,0.0
2024-12-02,38,17:30,0.0,0.0,0.0,147.68,0.0,160.0,230.0,0.0
2024-12-02,39,17:45,0.0,0.0,0.0,147.68,0.0,160.0,230.0,0.0
2024-12-02,40,18:00,0.0,0.0,0.0,147.9,0.0,160.0,230.0,0.0
2024-12-02,41,18:15,0.0,0.0,0.0,147.9,0.0,160.0,230.0,0.0
2024-12-02,42,18:30,0.0,0.0,0.0,147.9,0.0,160.0,230.0,0.0
2024-12-02,43,18:45,1.3266,0.0,1.3266,147.9,0.049052,160.0,230.0,0.0
2024-12-02,44,19:00,4.184,0.0,4.184,138.0,0.144347,160.0,230.0,0.0
2024-12-02,45,19:15,5.1593,0.0,5.1593,138.0,0.177997,160.0,230.0,0.0
2024-12-02,46,19:30,4.2588,9.5021,13.7609,138.0,0.474752,120.0,230.0,0.0
2024-12-02,47,19:45,5.404,17.0147,22.4187,138.0,0.773445,120.0,230.0,0.0
2024-12-02,48,20:00,4.491,17.1381,21.6291,120.01,0.648928,120.0,230.0,0.0
2024-12-02,49,20:15,5.1252,16.0793,21.2045,120.01,0.636187,120.0,230.0,0.0
2024-12-02,50,20:30,3.0543,3.2115,6.2658,120.01,0.18799,120.0,230.0,0.0
2024-12-02,51,20:45,5.093,9.5021,14.5951,120.01,0.437889,80.0,270.0,0.0
2024-12-02,52,21:00,3.6006,17.0147,20.6153,112.68,0.580733,80.0,270.0,0.0
2024-12-02,53,21:15,4.9802,17.1381,22.1183,112.68,0.623073,80.0,270.0,0.0
2024-12-02,54,21:30,4.3843,16.0793,20.4636,112.68,0.57646,80.0,270.0,0.0
2024-12-02,55,21:45,1.5369,3.2115,4.7484,112.68,0.133762,80.0,150.0,120.0
2024-12-03,0,08:00,0.0,0.0,0.0,154.62,0.0,180.0,190.0,0.0
2024-12-03,1,08:15,0.0,0.0,0.0,154.62,0.0,180.0,190.0,0.0
2024-12-03,2,08:30,0.0,9.5021,9.5021,154.62,0.367303,140.0,190.0,0.0
2024-12-03,3,08:45,0.0,17.0147,17.0147,154.62,0.657702,140.0,190.0,0.0
2024-12-03,4,09:00,0.0,17.1381,17.1381,150.09,0.643064,140.0,190.0,0.0
2024-12-03,5,09:15,0.0,16.0793,16.0793,150.09,0.603335,140.0,190.0,0.0
2024-12-03,6,09:30,0.0,3.2115,3.2115,150.09,0.120503,140.0,190.0,0.0
2024-12-03,7,09:45,0.0,9.5021,9.5021,150.09,0.356542,100.0,230.0,0.0
2024-12-03,8,10:00,1.3266,17.0147,18.3413,141.37,0.648228,100.0,230.0,0.0
2024-12-03,9,10:15,4.184,17.1381,21.3221,141.37,0.753575,100.0,230.0,0.0
2024-12-03,10,10:30,5.1593,16.0793,21.2386,141.37,0.750626,100.0,230.0,0.0
2024-12-03,11,10:45,4.2588,3.2115,7.4703,141.37,0.26402,100.0,230.0,0.0
2024-12-03,12,11:00,5.404,9.5021,14.9061,139.23,0.518845,60.0,270.0,0.0
2024-12-03,13,11:15,4.491,17.0147,21.5057,139.23,0.74856,60.0,270.0,0.0
2024-12-03,14,11:30,5.1252,17.1381,22.2633,139.23,0.774929,60.0,270.0,0.0
2024-12-03,15,11:45,3.0543,16.0793,19.1336,139.23,0.665993,60.0,270.0,0.0
2024-12-03,16,12:00,5.093,3.2115,8.3045,135.62,0.281564,60.0,270.0,0.0
2024-12-03,17,12:15,3.6006,9.5021,13.1027,135.62,0.444248,20.0,310.0,0.0
2024-12-03,18,12:30,4.9802,17.0147,21.9949,135.62,0.745738,20.0,310.0,0.0
2024-12-03,19,12:45,4.3843,17.1381,21.5224,135.62,0.729718,20.0,310.0,0.0
2024-12-03,20,13:00,1.5369,16.0793,17.6162,142.41,0.62718,20.0,310.0,0.0
2024-12-03,21,13:15,0.0,3.2115,3.2115,142.41,0.114337,120.0,310.0,0.0
2024-12-03,22,13:30,0.0,9.5021,9.5021,142.41,0.338298,80.0,350.0,0.0
2024-12-03,23,13:45,0.0,17.0147,17.0147,142.41,0.605765,80.0,350.0,0.0
2024-12-03,24,14:00,0.0,17.1381,17.1381,150.02,0.642764,80.0,350.0,0.0
2024-12-03,25,14:15,0.0,16.0793,16.0793,150.02,0.603053,80.0,350.0,0.0
2024-12-03,26,14:30,0.0,3.2115,3.2115,150.02,0.120447,80.0,350.0,0.0
2024-12-03,27,14:45,0.0,0.0,0.0,150.02,0.0,80.0,390.0,0.0
2024-12-03,28,15:00,0.0,0.0,0.0,168.94,0.0,80.0,250.0,140.0
2024-12-03,29,15:15,0.0,0.0,0.0,168.94,0.0,80.0,250.0,0.0
2024-12-03,30,15:30,0.0,0.0,0.0,168.94,0.0,80.0,250.0,0.0
2024-12-03,31,15:45,0.0,0.0,0.0,168.94,0.0,80.0,250.0,0.0
2024-12-03,32,16:00,0.0,0.0,0.0,205.18,0.0,80.0,250.0,0.0
2024-12-03,33,16:15,0.0,0.0,0.0,205.18,0.0,80.0,250.0,0.0
2024-12-03,34,16:30,0.0,0.0,0.0,205.18,0.0,80.0,250.0,0.0
2024-12-03,35,16:45,0.0,0.0,0.0,205.18,0.0,80.0,250.0,0.0
2024-12-03,36,17:00,0.0,0.0,0.0,210.0,0.0,80.0,250.0,0.0
2024-12-03,37,17:15,0.0,0.0,0.0,210.0,0.0,80.0,250.0,0.0
2024-12-03,38,17:30,0.0,0.0,0.0,210.0,0.0,80.0,250.0,0.0
2024-12-03,39,17:45,0.0,0.0,0.0,210.0,0.0,80.0,250.0,0.0
2024-12-03,40,18:00,0.0,0.0,0.0,197.88,0.0,80.0,250.0,0.0
2024-12-03,41,18:15,0.0,0.0,0.0,197.88,0.0,80.0,250.0,0.0
2024-12-03,42,18:30,0.0,0.0,0.0,197.88,0.0,80.0,250.0,0.0
2024-12-03,43,18:45,0.0,0.0,0.0,197.88,0.0,80.0,250.0,0.0
2024-12-03,44,19:00,0.0,0.0,0.0,189.83,0.0,80.0,250.0,0.0
2024-12-03,45,19:15,0.0,0.0,0.0,189.83,0.0,80.0,250.0,0.0
2024-12-03,46,19:30,0.0,0.0,0.0,189.83,0.0,80.0,250.0,0.0
2024-12-03,47,19:45,0.0,0.0,0.0,189.83,0.0,80.0,250.0,0.0
2024-12-03,48,20:00,0.0,0.0,0.0,170.04,0.0,80.0,250.0,0.0
2024-12-03,49,20:15,0.0,0.0,0.0,170.04,0.0,80.0,250.0,0.0
2024-12-03,50,20:30,0.0,0.0,0.0,170.04,0.0,80.0,250.0,0.0
2024-12-03,51,20:45,0.0,0.0,0.0,170.04,0.0,80.0,250.0,0.0
2024-12-03,52,21:00,0.0,0.0,0.0,153.61,0.0,80.0,250.0,0.0
2024-12-03,53,21:15,0.0,0.0,0.0,153.61,0.0,80.0,250.0,0.0
2024-12-03,54,21:30,0.0,0.0,0.0,153.61,0.0,80.0,250.0,0.0
2024-12-03,55,21:45,0.0,0.0,0.0,153.61,0.0,80.0,90.0,160.0
2024-12-04,0,08:00,0.0,0.0,0.0,276.66,0.0,80.0,90.0,0.0
2024-12-04,1,08:15,0.0,0.0,0.0,276.66,0.0,80.0,90.0,0.0
2024-12-04,2,08:30,0.0,0.0,0.0,276.66,0.0,80.0,90.0,0.0
2024-12-04,3,08:45,0.0,0.0,0.0,276.66,0.0,80.0,90.0,0.0
2024-12-04,4,09:00,0.0,0.0,0.0,250.76,0.0,80.0,90.0,0.0
2024-12-04,5,09:15,0.0,0.0,0.0,250.76,0.0,80.0,90.0,0.0
2024-12-04,6,09:30,0.0,0.0,0.0,250.76,0.0,80.0,90.0,0.0
2024-12-04,7,09:45,0.0,0.0,0.0,250.76,0.0,80.0,90.0,0.0
2024-12-04,8,10:00,0.0,0.0,0.0,212.21,0.0,80.0,90.0,0.0
2024-12-04,9,10:15,0.0,0.0,0.0,212.21,0.0,80.0,90.0,0.0
2024-12-04,10,10:30,0.0,0.0,0.0,212.21,0.0,80.0,90.0,0.0
2024-12-04,11,10:45,0.0,0.0,0.0,212.21,0.0,80.0,90.0,0.0
2024-12-04,12,11:00,0.0,0.0,0.0,198.95,0.0,80.0,90.0,0.0
2024-12-04,13,11:15,0.0,0.0,0.0,198.95,0.0,80.0,90.0,0.0
2024-12-04,14,11:30,0.0,0.0,0.0,198.95,0.0,80.0,90.0,0.0
2024-12-04,15,11:45,0.0,0.0,0.0,198.95,0.0,80.0,90.0,0.0
2024-12-04,16,12:00,0.0,0.0,0.0,192.25,0.0,80.0,90.0,0.0
2024-12-04,17,12:15,0.0,0.0,0.0,192.25,0.0,80.0,90.0,0.0
2024-12-04,18,12:30,0.0,0.0,0.0,192.25,0.0,80.0,90.0,0.0
2024-12-04,19,12:45,0.0,0.0,0.0,192.25,0.0,80.0,90.0,0.0
2024-12-04,20,13:00,0.0,0.0,0.0,199.82,0.0,80.0,90.0,0.0
2024-12-04,21,13:15,0.0,0.0,0.0,199.82,0.0,80.0,90.0,0.0
2024-12-04,22,13:30,0.0,0.0,0.0,199.82,0.0,80.0,90.0,0.0
2024-12-04,23,13:45,0.0,0.0,0.0,199.82,0.0,80.0,90.0,0.0
2024-12-04,24,14:00,0.0,0.0,0.0,218.44,0.0,80.0,90.0,0.0
2024-12-04,25,14:15,0.0,0.0,0.0,218.44,0.0,80.0,90.0,0.0
2024-12-04,26,14:30,0.0,0.0,0.0,218.44,0.0,80.0,90.0,0.0
2024-12-04,27,14:45,0.0,0.0,0.0,218.44,0.0,80.0,90.0,0.0
2024-12-04,28,15:00,0.0,0.0,0.0,242.87,0.0,80.0,90.0,0.0
2024-12-04,29,15:15,0.0,0.0,0.0,242.87,0.0,80.0,90.0,0.0
2024-12-04,30,15:30,0.0,0.0,0.0,242.87,0.0,80.0,90.0,0.0
2024-12-04,31,15:45,0.0,0.0,0.0,242.87,0.0,80.0,90.0,0.0
2024-12-04,32,16:00,0.0,0.0,0.0,267.35,0.0,80.0,90.0,0.0
2024-12-04,33,16:15,0.0,0.0,0.0,267.35,0.0,80.0,90.0,0.0
2024-12-04,34,16:30,0.0,0.0,0.0,267.35,0.0,80.0,90.0,0.0
2024-12-04,35,16:45,0.0,0.0,0.0,267.35,0.0,80.0,90.0,0.0
2024-12-04,36,17:00,0.0,0.0,0.0,287.76,0.0,80.0,90.0,0.0
2024-12-04,37,17:15,0.0,0.0,0.0,287.76,0.0,80.0,90.0,0.0
2024-12-04,38,17:30,0.0,0.0,0.0,287.76,0.0,80.0,90.0,0.0
2024-12-04,39,17:45,0.0,0.0,0.0,287.76,0.0,80.0,90.0,0.0
2024-12-04,40,18:00,0.0,0.0,0.0,230.22,0.0,80.0,90.0,0.0
2024-12-04,41,18:15,0.0,0.0,0.0,230.22,0.0,80.0,90.0,0.0
2024-12-04,42,18:30,0.0,0.0,0.0,230.22,0.0,80.0,90.0,0.0
2024-12-04,43,18:45,0.0,0.0,0.0,230.22,0.0,80.0,90.0,0.0
2024-12-04,44,19:00,0.0,0.0,0.0,197.59,0.0,80.0,90.0,0.0
2024-12-04,45,19:15,0.0,0.0,0.0,197.59,0.0,80.0,90.0,0.0
2024-12-04,46,19:30,0.0,0.0,0.0,197.59,0.0,80.0,90.0,0.0
2024-12-04,47,19:45,0.0,0.0,0.0,197.59,0.0,80.0,90.0,0.0
2024-12-04,48,20:00,0.0,0.0,0.0,165.68,0.0,80.0,90.0,0.0
2024-12-04,49,20:15,0.0,0.0,0.0,165.68,0.0,80.0,90.0,0.0
2024-12-04,50,20:30,0.0,9.5021,9.5021,165.68,0.393577,40.0,90.0,0.0
2024-12-04,51,20:45,0.0,17.0147,17.0147,165.68,0.704748,40.0,90.0,0.0
2024-12-04,52,21:00,0.0,17.1381,17.1381,148.34,0.635566,40.0,90.0,0.0
2024-12-04,53,21:15,0.0,16.0793,16.0793,148.34,0.5963,40.0,90.0,0.0
2024-12-04,54,21:30,0.0,3.2115,3.2115,148.34,0.119098,40.0,90.0,0.0
2024-12-04,55,21:45,0.0,0.0,0.0,148.34,0.0,40.0,30.0,100.0
2024-12-05,0,08:00,0.0,0.0,0.0,141.29,0.0,40.0,30.0,0.0
2024-12-05,1,08:15,0.0,0.0,0.0,141.29,0.0,40.0,30.0,0.0
2024-12-05,2,08:30,0.0,0.0,0.0,141.29,0.0,40.0,30.0,0.0
2024-12-05,3,08:45,0.0,0.0,0.0,141.29,0.0,40.0,30.0,0.0
2024-12-05,4,09:00,1.3266,0.0,1.3266,131.78,0.043706,40.0,30.0,0.0
2024-12-05,5,09:15,4.184,0.0,4.184,131.78,0.137841,40.0,30.0,0.0
2024-12-05,6,09:30,5.1593,0.0,5.1593,131.78,0.169975,40.0,30.0,0.0
2024-12-05,7,09:45,4.2588,0.0,4.2588,131.78,0.140307,40.0,30.0,0.0
2024-12-05,8,10:00,5.404,0.0,5.404,124.92,0.168768,40.0,30.0,0.0
2024-12-05,9,10:15,4.491,0.0,4.491,124.92,0.140255,40.0,30.0,0.0
2024-12-05,10,10:30,5.1252,0.0,5.1252,124.92,0.16006,40.0,30.0,0.0
2024-12-05,11,10:45,3.0543,0.0,3.0543,124.92,0.095387,40.0,30.0,0.0
2024-12-05,12,11:00,5.093,9.5021,14.5951,107.31,0.39155,0.0,30.0,0.0
2024-12-05,13,11:15,3.6006,17.0147,20.6153,107.31,0.553057,0.0,30.0,0.0
2024-12-05,14,11:30,4.9802,17.1381,22.1183,107.31,0.59338,0.0,30.0,0.0
2024-12-05,15,11:45,4.3843,16.0793,20.4636,107.31,0.548988,0.0,30.0,0.0
2024-12-05,16,12:00,1.5369,3.2115,4.7484,102.67,0.121879,0.0,30.0,0.0
2024-12-05,17,12:15,1.8638,9.5021,11.3659,102.67,0.291735,60.0,70.0,0.0
2024-12-05,18,12:30,6.7293,17.0147,23.744,102.67,0.609448,60.0,70.0,0.0
2024-12-05,19,12:45,5.9956,17.1381,23.1337,102.67,0.593784,60.0,70.0,0.0
2024-12-05,20,13:00,7.1179,16.0793,23.1972,102.93,0.596921,60.0,70.0,0.0
2024-12-05,21,13:15,6.1091,3.2115,9.3206,102.93,0.239841,60.0,70.0,0.0
2024-12-05,22,13:30,5.6324,9.5021,15.1345,102.93,0.38945,20.0,110.0,0.0
2024-12-05,23,13:45,5.8458,17.0147,22.8605,102.93,0.588257,20.0,110.0,0.0
2024-12-05,24,14:00,5.1816,17.1381,22.3197,102.89,0.574118,20.0,110.0,0.0
2024-12-05,25,14:15,6.7301,16.0793,22.8094,102.89,0.586714,20.0,110.0,0.0
2024-12-05,26,14:30,3.9878,3.2115,7.1993,102.89,0.185184,20.0,110.0,0.0
2024-12-05,27,14:45,1.3266,9.5021,10.8287,102.89,0.278542,80.0,150.0,0.0
2024-12-05,28,15:00,4.184,17.0147,21.1986,100.87,0.534577,80.0,0.0,150.0
2024-12-05,29,15:15,5.1593,17.1381,22.2974,100.87,0.562286,80.0,0.0,0.0
2024-12-05,30,15:30,4.2588,16.0793,20.3381,100.87,0.512877,80.0,0.0,0.0
2024-12-05,31,15:45,5.404,3.2115,8.6155,100.87,0.217262,80.0,0.0,0.0
2024-12-05,32,16:00,4.491,9.5021,13.9931,101.5,0.355076,40.0,40.0,0.0
2024-12-05,33,16:15,5.1252,17.0147,22.1399,101.5,0.561799,40.0,40.0,0.0
2024-12-05,34,16:30,3.0543,17.1381,20.1924,101.5,0.512383,40.0,40.0,0.0
2024-12-05,35,16:45,5.093,16.0793,21.1723,101.5,0.537247,40.0,40.0,0.0
2024-12-05,36,17:00,3.6006,3.2115,6.8121,118.31,0.201486,40.0,40.0,0.0
2024-12-05,37,17:15,4.9802,0.0,4.9802,118.31,0.147303,40.0,80.0,0.0
2024-12-05,38,17:30,4.3843,0.0,4.3843,118.31,0.129678,40.0,80.0,0.0
2024-12-05,39,17:45,1.5369,0.0,1.5369,118.31,0.045457,40.0,80.0,0.0
2024-12-05,40,18:00,0.0,0.0,0.0,112.16,0.0,140.0,80.0,0.0
2024-12-05,41,18:15,0.0,0.0,0.0,112.16,0.0,140.0,80.0,0.0
2024-12-05,42,18:30,0.0,0.0,0.0,112.16,0.0,140.0,80.0,0.0
2024-12-05,43,18:45,0.0,0.0,0.0,112.16,0.0,140.0,80.0,0.0
2024-12-05,44,19:00,0.0,0.0,0.0,105.36,0.0,140.0,80.0,0.0
2024-12-05,45,19:15,0.0,0.0,0.0,105.36,0.0,140.0,80.0,0.0
2024-12-05,46,19:30,1.8638,9.5021,11.3659,105.36,0.299379,100.0,80.0,0.0
2024-12-05,47,19:45,6.7293,17.0147,23.744,105.36,0.625416,100.0,80.0,0.0
2024-12-05,48,20:00,5.9956,17.1381,23.1337,87.13,0.503909,100.0,80.0,0.0
2024-12-05,49,20:15,7.1179,16.0793,23.1972,87.13,0.505292,100.0,80.0,0.0
2024-12-05,50,20:30,6.1091,3.2115,9.3206,87.13,0.203025,100.0,80.0,0.0
2024-12-05,51,20:45,5.6324,9.5021,15.1345,87.13,0.329668,60.0,120.0,0.0
2024-12-05,52,21:00,5.8458,17.0147,22.8605,77.3,0.441779,60.0,120.0,0.0
2024-12-05,53,21:15,5.1816,17.1381,22.3197,77.3,0.431328,60.0,120.0,0.0
2024-12-05,54,21:30,6.7301,16.0793,22.8094,77.3,0.440791,60.0,120.0,0.0
2024-12-05,55,21:45,3.9878,3.2115,7.1993,77.3,0.139126,60.0,120.0,0.0
2024-12-06,0,08:00,0.0,0.0,0.0,110.17,0.0,160.0,160.0,0.0
2024-12-06,1,08:15,0.0,9.5021,9.5021,110.17,0.261711,120.0,160.0,0.0
2024-12-06,2,08:30,0.0,17.0147,17.0147,110.17,0.468627,120.0,160.0,0.0
2024-12-06,3,08:45,0.0,17.1381,17.1381,110.17,0.472026,120.0,160.0,0.0
2024-12-06,4,09:00,0.0,16.0793,16.0793,110.16,0.442823,120.0,160.0,0.0
2024-12-06,5,09:15,0.0,3.2115,3.2115,110.16,0.088444,120.0,160.0,0.0
2024-12-06,6,09:30,0.0,9.5021,9.5021,110.16,0.261688,80.0,200.0,0.0
2024-12-06,7,09:45,0.0,17.0147,17.0147,110.16,0.468584,80.0,200.0,0.0
2024-12-06,8,10:00,1.3266,17.1381,18.4647,104.08,0.480452,80.0,200.0,0.0
2024-12-06,9,10:15,4.184,16.0793,20.2632,104.08,0.52725,80.0,200.0,0.0
2024-12-06,10,10:30,5.1593,3.2115,8.3708,104.08,0.217809,80.0,200.0,0.0
2024-12-06,11,10:45,4.2588,9.5021,13.7609,104.08,0.358059,40.0,240.0,0.0
2024-12-06,12,11:00,5.404,17.0147,22.4187,98.37,0.551332,40.0,240.0,0.0
2024-12-06,13,11:15,4.491,17.1381,21.6291,98.37,0.531915,40.0,240.0,0.0
2024-12-06,14,11:30,5.1252,16.0793,21.2045,98.37,0.521471,40.0,240.0,0.0
2024-12-06,15,11:45,3.0543,3.2115,6.2658,98.37,0.154092,40.0,240.0,0.0
2024-12-06,16,12:00,5.093,9.5021,14.5951,91.9,0.335322,0.0,280.0,0.0
2024-12-06,17,12:15,3.6006,17.0147,20.6153,91.9,0.473637,0.0,280.0,0.0
2024-12-06,18,12:30,4.9802,17.1381,22.1183,91.9,0.508169,0.0,280.0,0.0
2024-12-06,19,12:45,4.3843,16.0793,20.4636,91.9,0.470152,0.0,280.0,0.0
2024-12-06,20,13:00,1.5369,3.2115,4.7484,100.7,0.11954,0.0,280.0,0.0
2024-12-06,21,13:15,0.0,9.5021,9.5021,100.7,0.239215,60.0,320.0,0.0
2024-12-06,22,13:30,0.0,17.0147,17.0147,100.7,0.428344,60.0,320.0,0.0
2024-12-06,23,13:45,0.0,17.1381,17.1381,100.7,0.431451,60.0,320.0,0.0
2024-12-06,24,14:00,0.0,16.0793,16.0793,109.0,0.43816,60.0,320.0,0.0
2024-12-06,25,14:15,0.0,3.2115,3.2115,109.0,0.087513,60.0,320.0,0.0
2024-12-06,26,14:30,0.0,0.0,0.0,109.0,0.0,60.0,360.0,0.0
2024-12-06,27,14:45,0.0,0.0,0.0,109.0,0.0,60.0,360.0,0.0
2024-12-06,28,15:00,0.0,0.0,0.0,116.92,0.0,60.0,200.0,160.0
2024-12-06,29,15:15,0.0,0.0,0.0,116.92,0.0,60.0,200.0,0.0
2024-12-06,30,15:30,0.0,0.0,0.0,116.92,0.0,60.0,200.0,0.0
2024-12-06,31,15:45,0.0,0.0,0.0,116.92,0.0,60.0,200.0,0.0
2024-12-06,32,16:00,0.0,0.0,0.0,131.55,0.0,60.0,200.0,0.0
2024-12-06,33,16:15,0.0,0.0,0.0,131.55,0.0,60.0,200.0,0.0
2024-12-06,34,16:30,0.0,0.0,0.0,131.55,0.0,60.0,200.0,0.0
2024-12-06,35,16:45,0.0,0.0,0.0,131.55,0.0,60.0,200.0,0.0
2024-12-06,36,17:00,0.0,0.0,0.0,142.99,0.0,60.0,200.0,0.0
2024-12-06,37,17:15,0.0,0.0,0.0,142.99,0.0,60.0,200.0,0.0
2024-12-06,38,17:30,0.0,0.0,0.0,142.99,0.0,60.0,200.0,0.0
2024-12-06,39,17:45,0.0,0.0,0.0,142.99,0.0,60.0,200.0,0.0
2024-12-06,40,18:00,0.0,0.0,0.0,151.07,0.0,60.0,200.0,0.0
2024-12-06,41,18:15,0.0,0.0,0.0,151.07,0.0,60.0,200.0,0.0
2024-12-06,42,18:30,0.0,0.0,0.0,151.07,0.0,60.0,200.0,0.0
2024-12-06,43,18:45,0.0,0.0,0.0,151.07,0.0,60.0,200.0,0.0
2024-12-06,44,19:00,0.0,0.0,0.0,142.48,0.0,60.0,200.0,0.0
2024-12-06,45,19:15,0.0,0.0,0.0,142.48,0.0,60.0,200.0,0.0
2024-12-06,46,19:30,0.0,0.0,0.0,142.48,0.0,60.0,200.0,0.0
2024-12-06,47,19:45,0.0,0.0,0.0,142.48,0.0,60.0,200.0,0.0
2024-12-06,48,20:00,0.0,0.0,0.0,130.0,0.0,60.0,200.0,0.0
2024-12-06,49,20:15,0.0,0.0,0.0,130.0,0.0,60.0,200.0,0.0
2024-12-06,50,20:30,0.0,0.0,0.0,130.0,0.0,60.0,200.0,0.0
2024-12-06,51,20:45,0.0,0.0,0.0,130.0,0.0,60.0,200.0,0.0
2024-12-06,52,21:00,0.0,0.0,0.0,119.42,0.0,60.0,200.0,0.0
2024-12-06,53,21:15,0.0,0.0,0.0,119.42,0.0,60.0,200.0,0.0
2024-12-06,54,21:30,0.0,0.0,0.0,119.42,0.0,60.0,200.0,0.0
2024-12-06,55,21:45,0.0,0.0,0.0,119.42,0.0,60.0,50.0,150.0
2024-12-09,0,08:00,0.0,0.0,0.0,122.54,0.0,60.0,50.0,0.0
2024-12-09,1,08:15,0.0,0.0,0.0,122.54,0.0,60.0,50.0,0.0
2024-12-09,2,08:30,0.0,0.0,0.0,122.54,0.0,60.0,50.0,0.0
2024-12-09,3,08:45,0.0,0.0,0.0,122.54,0.0,60.0,50.0,0.0
2024-12-09,4,09:00,0.0,0.0,0.0,123.12,0.0,60.0,50.0,0.0
2024-12-09,5,09:15,0.0,0.0,0.0,123.12,0.0,60.0,50.0,0.0
2024-12-09,6,09:30,0.0,0.0,0.0,123.12,0.0,60.0,50.0,0.0
2024-12-09,7,09:45,0.0,0.0,0.0,123.12,0.0,60.0,50.0,0.0
2024-12-09,8,10:00,0.0,0.0,0.0,129.81,0.0,60.0,50.0,0.0
2024-12-09,9,10:15,0.0,0.0,0.0,129.81,0.0,60.0,50.0,0.0
2024-12-09,10,10:30,0.0,0.0,0.0,129.81,0.0,60.0,50.0,0.0
2024-12-09,11,10:45,0.0,0.0,0.0,129.81,0.0,60.0,50.0,0.0
2024-12-09,12,11:00,0.0,0.0,0.0,128.7,0.0,60.0,50.0,0.0
2024-12-09,13,11:15,0.0,0.0,0.0,128.7,0.0,60.0,50.0,0.0
2024-12-09,14,11:30,0.0,0.0,0.0,128.7,0.0,60.0,50.0,0.0
2024-12-09,15,11:45,0.0,0.0,0.0,128.7,0.0,60.0,50.0,0.0
2024-12-09,16,12:00,0.0,0.0,0.0,128.32,0.0,60.0,50.0,0.0
2024-12-09,17,12:15,0.0,0.0,0.0,128.32,0.0,60.0,50.0,0.0
2024-12-09,18,12:30,0.0,0.0,0.0,128.32,0.0,60.0,50.0,0.0
2024-12-09,19,12:45,0.0,0.0,0.0,128.32,0.0,60.0,50.0,0.0
2024-12-09,20,13:00,1.3266,0.0,1.3266,124.51,0.041295,60.0,50.0,0.0
2024-12-09,21,13:15,4.184,0.0,4.184,124.51,0.130236,60.0,50.0,0.0
2024-12-09,22,13:30,5.1593,0.0,5.1593,124.51,0.160598,60.0,50.0,0.0
2024-12-09,23,13:45,4.2588,0.0,4.2588,124.51,0.132567,60.0,50.0,0.0
2024-12-09,24,14:00,5.404,0.0,5.404,121.35,0.163945,60.0,50.0,0.0
2024-12-09,25,14:15,4.491,0.0,4.491,121.35,0.136247,60.0,50.0,0.0
2024-12-09,26,14:30,5.1252,0.0,5.1252,121.35,0.155485,60.0,50.0,0.0
2024-12-09,27,14:45,3.0543,0.0,3.0543,121.35,0.092661,60.0,50.0,0.0
2024-12-09,28,15:00,5.093,9.5021,14.5951,116.83,0.426286,20.0,50.0,0.0
2024-12-09,29,15:15,3.6006,17.0147,20.6153,116.83,0.602122,20.0,50.0,0.0
2024-12-09,30,15:30,4.9802,17.1381,22.1183,116.83,0.646021,20.0,50.0,0.0
2024-12-09,31,15:45,4.3843,16.0793,20.4636,116.83,0.597691,20.0,50.0,0.0
2024-12-09,32,16:00,1.5369,3.2115,4.7484,116.08,0.137798,20.0,50.0,0.0
2024-12-09,33,16:15,0.0,9.5021,9.5021,116.08,0.275751,80.0,90.0,0.0
2024-12-09,34,16:30,0.0,17.0147,17.0147,116.08,0.493766,80.0,90.0,0.0
2024-12-09,35,16:45,0.0,17.1381,17.1381,116.08,0.497347,80.0,90.0,0.0
2024-12-09,36,17:00,0.0,16.0793,16.0793,120.57,0.48467,80.0,90.0,0.0
2024-12-09,37,17:15,0.0,3.2115,3.2115,120.57,0.096802,80.0,90.0,0.0
2024-12-09,38,17:30,0.0,0.0,0.0,120.57,0.0,80.0,130.0,0.0
2024-12-09,39,17:45,0.0,0.0,0.0,120.57,0.0,80.0,130.0,0.0
2024-12-09,40,18:00,0.0,0.0,0.0,123.69,0.0,80.0,130.0,0.0
2024-12-09,41,18:15,0.0,0.0,0.0,123.69,0.0,80.0,130.0,0.0
2024-12-09,42,18:30,0.0,0.0,0.0,123.69,0.0,80.0,130.0,0.0
2024-12-09,43,18:45,0.0,0.0,0.0,123.69,0.0,80.0,130.0,0.0
2024-12-09,44,19:00,0.0,0.0,0.0,125.76,0.0,80.0,130.0,0.0
2024-12-09,45,19:15,0.0,0.0,0.0,125.76,0.0,80.0,130.0,0.0
2024-12-09,46,19:30,0.0,9.5021,9.5021,125.76,0.298746,40.0,130.0,0.0
2024-12-09,47,19:45,0.0,17.0147,17.0147,125.76,0.534941,40.0,130.0,0.0
2024-12-09,48,20:00,0.0,17.1381,17.1381,114.97,0.492592,40.0,130.0,0.0
2024-12-09,49,20:15,0.0,16.0793,16.0793,114.97,0.462159,40.0,130.0,0.0
2024-12-09,50,20:30,0.0,3.2115,3.2115,114.97,0.092306,40.0,130.0,0.0
2024-12-09,51,20:45,0.0,9.5021,9.5021,114.97,0.273114,0.0,170.0,0.0
2024-12-09,52,21:00,0.0,17.0147,17.0147,100.98,0.429535,0.0,170.0,0.0
2024-12-09,53,21:15,0.0,17.1381,17.1381,100.98,0.432651,0.0,170.0,0.0
2024-12-09,54,21:30,0.0,16.0793,16.0793,100.98,0.405921,0.0,170.0,0.0
2024-12-09,55,21:45,0.0,3.2115,3.2115,100.98,0.081074,0.0,90.0,80.0
2024-12-10,0,08:00,1.3266,0.0,1.3266,169.76,0.056303,0.0,130.0,0.0
2024-12-10,1,08:15,4.184,0.0,4.184,169.76,0.177568,0.0,130.0,0.0
2024-12-10,2,08:30,5.1593,0.0,5.1593,169.76,0.218963,0.0,130.0,0.0
2024-12-10,3,08:45,4.2588,0.0,4.2588,169.76,0.180745,0.0,130.0,0.0
2024-12-10,4,09:00,5.404,0.0,5.404,182.14,0.246072,0.0,130.0,0.0
2024-12-10,5,09:15,4.491,0.0,4.491,182.14,0.2045,0.0,130.0,0.0
2024-12-10,6,09:30,5.1252,0.0,5.1252,182.14,0.233375,0.0,130.0,0.0
2024-12-10,7,09:45,3.0543,0.0,3.0543,182.14,0.139079,0.0,130.0,0.0
2024-12-10,8,10:00,5.093,0.0,5.093,184.75,0.235233,0.0,130.0,0.0
2024-12-10,9,10:15,3.6006,0.0,3.6006,184.75,0.166305,0.0,130.0,0.0
2024-12-10,10,10:30,4.9802,0.0,4.9802,184.75,0.230025,0.0,130.0,0.0
2024-12-10,11,10:45,4.3843,0.0,4.3843,184.75,0.202502,0.0,130.0,0.0
2024-12-10,12,11:00,1.5369,0.0,1.5369,186.5,0.071657,0.0,130.0,0.0
2024-12-10,13,11:15,0.0,0.0,0.0,186.5,0.0,100.0,130.0,0.0
2024-12-10,14,11:30,0.0,0.0,0.0,186.5,0.0,100.0,130.0,0.0
2024-12-10,15,11:45,0.0,0.0,0.0,186.5,0.0,100.0,130.0,0.0
2024-12-10,16,12:00,0.0,0.0,0.0,180.62,0.0,100.0,130.0,0.0
2024-12-10,17,12:15,0.0,0.0,0.0,180.62,0.0,100.0,130.0,0.0
2024-12-10,18,12:30,0.0,0.0,0.0,180.62,0.0,100.0,130.0,0.0
2024-12-10,19,12:45,0.0,0.0,0.0,180.62,0.0,100.0,130.0,0.0
2024-12-10,20,13:00,0.0,0.0,0.0,190.78,0.0,100.0,130.0,0.0
2024-12-10,21,13:15,0.0,0.0,0.0,190.78,0.0,100.0,130.0,0.0
2024-12-10,22,13:30,0.0,0.0,0.0,190.78,0.0,100.0,130.0,0.0
2024-12-10,23,13:45,0.0,0.0,0.0,190.78,0.0,100.0,130.0,0.0
2024-12-10,24,14:00,0.0,0.0,0.0,189.41,0.0,100.0,130.0,0.0
2024-12-10,25,14:15,0.0,0.0,0.0,189.41,0.0,100.0,130.0,0.0
2024-12-10,26,14:30,0.0,0.0,0.0,189.41,0.0,100.0,130.0,0.0
2024-12-10,27,14:45,0.0,0.0,0.0,189.41,0.0,100.0,130.0,0.0
2024-12-10,28,15:00,0.0,0.0,0.0,197.64,0.0,100.0,20.0,110.0
2024-12-10,29,15:15,0.0,0.0,0.0,197.64,0.0,100.0,20.0,0.0
2024-12-10,30,15:30,0.0,0.0,0.0,197.64,0.0,100.0,20.0,0.0
2024-12-10,31,15:45,0.0,0.0,0.0,197.64,0.0,100.0,20.0,0.0
2024-12-10,32,16:00,0.0,0.0,0.0,200.18,0.0,100.0,20.0,0.0
2024-12-10,33,16:15,0.0,0.0,0.0,200.18,0.0,100.0,20.0,0.0
2024-12-10,34,16:30,0.0,0.0,0.0,200.18,0.0,100.0,20.0,0.0
2024-12-10,35,16:45,0.0,0.0,0.0,200.18,0.0,100.0,20.0,0.0
2024-12-10,36,17:00,0.0,0.0,0.0,202.38,0.0,100.0,20.0,0.0
2024-12-10,37,17:15,0.0,0.0,0.0,202.38,0.0,100.0,20.0,0.0
2024-12-10,38,17:30,0.0,0.0,0.0,202.38,0.0,100.0,20.0,0.0
2024-12-10,39,17:45,0.0,0.0,0.0,202.38,0.0,100.0,20.0,0.0
2024-12-10,40,18:00,0.0,0.0,0.0,181.0,0.0,100.0,20.0,0.0
2024-12-10,41,18:15,0.0,0.0,0.0,181.0,0.0,100.0,20.0,0.0
2024-12-10,42,18:30,0.0,0.0,0.0,181.0,0.0,100.0,20.0,0.0
2024-12-10,43,18:45,1.3266,0.0,1.3266,181.0,0.06003,100.0,20.0,0.0
2024-12-10,44,19:00,4.184,0.0,4.184,180.17,0.188456,100.0,20.0,0.0
2024-12-10,45,19:15,5.1593,0.0,5.1593,180.17,0.23239,100.0,20.0,0.0
2024-12-10,46,19:30,4.2588,9.5021,13.7609,180.17,0.619827,60.0,20.0,0.0
2024-12-10,47,19:45,5.404,17.0147,22.4187,180.17,1.009794,60.0,20.0,0.0
2024-12-10,48,20:00,4.491,17.1381,21.6291,166.6,0.900854,60.0,20.0,0.0
2024-12-10,49,20:15,5.1252,16.0793,21.2045,166.6,0.883166,60.0,20.0,0.0
2024-12-10,50,20:30,3.0543,3.2115,6.2658,166.6,0.260972,60.0,20.0,0.0
2024-12-10,51,20:45,5.093,9.5021,14.5951,166.6,0.607886,20.0,60.0,0.0
2024-12-10,52,21:00,3.6006,17.0147,20.6153,151.15,0.779001,20.0,60.0,0.0
2024-12-10,53,21:15,4.9802,17.1381,22.1183,151.15,0.835797,20.0,60.0,0.0
2024-12-10,54,21:30,4.3843,16.0793,20.4636,151.15,0.773269,20.0,60.0,0.0
2024-12-10,55,21:45,1.5369,3.2115,4.7484,151.15,0.179429,20.0,60.0,0.0
2024-12-11,0,08:00,1.3266,9.5021,10.8287,368.97,0.998869,80.0,100.0,0.0
2024-12-11,1,08:15,4.184,17.0147,21.1986,368.97,1.955416,80.0,100.0,0.0
2024-12-11,2,08:30,5.1593,17.1381,22.2974,368.97,2.056772,80.0,100.0,0.0
2024-12-11,3,08:45,4.2588,16.0793,20.3381,368.97,1.876039,80.0,100.0,0.0
2024-12-11,4,09:00,5.404,3.2115,8.6155,377.12,0.81227,80.0,100.0,0.0
2024-12-11,5,09:15,4.491,0.0,4.491,377.12,0.423416,80.0,140.0,0.0
2024-12-11,6,09:30,5.1252,0.0,5.1252,377.12,0.483203,80.0,140.0,0.0
2024-12-11,7,09:45,3.0543,0.0,3.0543,377.12,0.287963,80.0,140.0,0.0
2024-12-11,8,10:00,5.093,9.5021,14.5951,348.64,1.272108,40.0,140.0,0.0
2024-12-11,9,10:15,3.6006,17.0147,20.6153,348.64,1.796831,40.0,140.0,0.0
2024-12-11,10,10:30,4.9802,17.1381,22.1183,348.64,1.927834,40.0,140.0,0.0
2024-12-11,11,10:45,4.3843,16.0793,20.4636,348.64,1.78361,40.0,140.0,0.0
2024-12-11,12,11:00,1.5369,3.2115,4.7484,379.99,0.451084,40.0,140.0,0.0
2024-12-11,13,11:15,0.0,0.0,0.0,379.99,0.0,140.0,180.0,0.0
2024-12-11,14,11:30,0.0,0.0,0.0,379.99,0.0,140.0,180.0,0.0
2024-12-11,15,11:45,0.0,0.0,0.0,379.99,0.0,140.0,180.0,0.0
2024-12-11,16,12:00,0.0,0.0,0.0,385.87,0.0,140.0,180.0,0.0
2024-12-11,17,12:15,0.0,0.0,0.0,385.87,0.0,140.0,180.0,0.0
2024-12-11,18,12:30,0.0,0.0,0.0,385.87,0.0,140.0,180.0,0.0
2024-12-11,19,12:45,0.0,0.0,0.0,385.87,0.0,140.0,180.0,0.0
2024-12-11,20,13:00,0.0,0.0,0.0,404.91,0.0,140.0,180.0,0.0
2024-12-11,21,13:15,0.0,0.0,0.0,404.91,0.0,140.0,180.0,0.0
2024-12-11,22,13:30,0.0,0.0,0.0,404.91,0.0,140.0,180.0,0.0
2024-12-11,23,13:45,0.0,0.0,0.0,404.91,0.0,140.0,180.0,0.0
2024-12-11,24,14:00,0.0,0.0,0.0,371.96,0.0,140.0,180.0,0.0
2024-12-11,25,14:15,0.0,0.0,0.0,371.96,0.0,140.0,180.0,0.0
2024-12-11,26,14:30,0.0,0.0,0.0,371.96,0.0,140.0,180.0,0.0
2024-12-11,27,14:45,0.0,0.0,0.0,371.96,0.0,140.0,180.0,0.0
2024-12-11,28,15:00,0.0,0.0,0.0,380.94,0.0,140.0,180.0,0.0
2024-12-11,29,15:15,0.0,0.0,0.0,380.94,0.0,140.0,180.0,0.0
2024-12-11,30,15:30,0.0,0.0,0.0,380.94,0.0,140.0,180.0,0.0
2024-12-11,31,15:45,0.0,0.0,0.0,380.94,0.0,140.0,180.0,0.0
2024-12-11,32,16:00,0.0,0.0,0.0,437.87,0.0,140.0,180.0,0.0
2024-12-11,33,16:15,0.0,0.0,0.0,437.87,0.0,140.0,180.0,0.0
2024-12-11,34,16:30,0.0,0.0,0.0,437.87,0.0,140.0,180.0,0.0
2024-12-11,35,16:45,0.0,0.0,0.0,437.87,0.0,140.0,180.0,0.0
2024-12-11,36,17:00,0.0,0.0,0.0,445.08,0.0,140.0,180.0,0.0
2024-12-11,37,17:15,0.0,0.0,0.0,445.08,0.0,140.0,180.0,0.0
2024-12-11,38,17:30,0.0,0.0,0.0,445.08,0.0,140.0,180.0,0.0
2024-12-11,39,17:45,0.0,0.0,0.0,445.08,0.0,140.0,180.0,0.0
2024-12-11,40,18:00,0.0,0.0,0.0,359.92,0.0,140.0,180.0,0.0
2024-12-11,41,18:15,0.0,9.5021,9.5021,359.92,0.854998,100.0,180.0,0.0
2024-12-11,42,18:30,0.0,17.0147,17.0147,359.92,1.53098,100.0,180.0,0.0
2024-12-11,43,18:45,0.0,17.1381,17.1381,359.92,1.542086,100.0,180.0,0.0
2024-12-11,44,19:00,0.0,16.0793,16.0793,341.25,1.371764,100.0,180.0,0.0
2024-12-11,45,19:15,0.0,3.2115,3.2115,341.25,0.27398,100.0,180.0,0.0
2024-12-11,46,19:30,1.8638,9.5021,11.3659,341.25,0.969656,60.0,220.0,0.0
2024-12-11,47,19:45,6.7293,17.0147,23.744,341.25,2.025656,60.0,220.0,0.0
2024-12-11,48,20:00,5.9956,17.1381,23.1337,206.82,1.196127,60.0,220.0,0.0
2024-12-11,49,20:15,7.1179,16.0793,23.1972,206.82,1.19941,60.0,220.0,0.0
2024-12-11,50,20:30,6.1091,3.2115,9.3206,206.82,0.48192,60.0,220.0,0.0
2024-12-11,51,20:45,5.6324,9.5021,15.1345,206.82,0.782531,20.0,260.0,0.0
2024-12-11,52,21:00,5.8458,17.0147,22.8605,171.2,0.978429,20.0,260.0,0.0
2024-12-11,53,21:15,5.1816,17.1381,22.3197,171.2,0.955282,20.0,260.0,0.0
2024-12-11,54,21:30,6.7301,16.0793,22.8094,171.2,0.976241,20.0,260.0,0.0
2024-12-11,55,21:45,3.9878,3.2115,7.1993,171.2,0.308129,20.0,120.0,140.0
2024-12-12,0,08:00,0.0,0.0,0.0,655.6,0.0,120.0,160.0,0.0
2024-12-12,1,08:15,0.0,0.0,0.0,655.6,0.0,120.0,160.0,0.0
2024-12-12,2,08:30,0.0,0.0,0.0,655.6,0.0,120.0,160.0,0.0
2024-12-12,3,08:45,0.0,0.0,0.0,655.6,0.0,120.0,160.0,0.0
2024-12-12,4,09:00,0.0,0.0,0.0,646.76,0.0,120.0,160.0,0.0
2024-12-12,5,09:15,0.0,0.0,0.0,646.76,0.0,120.0,160.0,0.0
2024-12-12,6,09:30,0.0,0.0,0.0,646.76,0.0,120.0,160.0,0.0
2024-12-12,7,09:45,0.0,0.0,0.0,646.76,0.0,120.0,160.0,0.0
2024-12-12,8,10:00,0.0,0.0,0.0,543.83,0.0,120.0,160.0,0.0
2024-12-12,9,10:15,0.0,0.0,0.0,543.83,0.0,120.0,160.0,0.0
2024-12-12,10,10:30,0.0,0.0,0.0,543.83,0.0,120.0,160.0,0.0
2024-12-12,11,10:45,0.0,0.0,0.0,543.83,0.0,120.0,160.0,0.0
2024-12-12,12,11:00,0.0,0.0,0.0,465.36,0.0,120.0,160.0,0.0
2024-12-12,13,11:15,0.0,0.0,0.0,465.36,0.0,120.0,160.0,0.0
2024-12-12,14,11:30,0.0,0.0,0.0,465.36,0.0,120.0,160.0,0.0
2024-12-12,15,11:45,0.0,0.0,0.0,465.36,0.0,120.0,160.0,0.0
2024-12-12,16,12:00,0.0,0.0,0.0,404.99,0.0,120.0,160.0,0.0
2024-12-12,17,12:15,0.0,0.0,0.0,404.99,0.0,120.0,160.0,0.0
2024-12-12,18,12:30,0.0,0.0,0.0,404.99,0.0,120.0,160.0,0.0
2024-12-12,19,12:45,0.0,0.0,0.0,404.99,0.0,120.0,160.0,0.0
2024-12-12,20,13:00,0.0,0.0,0.0,415.3,0.0,120.0,160.0,0.0
2024-12-12,21,13:15,0.0,0.0,0.0,415.3,0.0,120.0,160.0,0.0
2024-12-12,22,13:30,0.0,0.0,0.0,415.3,0.0,120.0,160.0,0.0
2024-12-12,23,13:45,0.0,0.0,0.0,415.3,0.0,120.0,160.0,0.0
2024-12-12,24,14:00,0.0,0.0,0.0,490.34,0.0,120.0,160.0,0.0
2024-12-12,25,14:15,0.0,0.0,0.0,490.34,0.0,120.0,160.0,0.0
2024-12-12,26,14:30,0.0,0.0,0.0,490.34,0.0,120.0,160.0,0.0
2024-12-12,27,14:45,0.0,0.0,0.0,490.34,0.0,120.0,160.0,0.0
2024-12-12,28,15:00,0.0,0.0,0.0,668.49,0.0,120.0,90.0,70.0
2024-12-12,29,15:15,0.0,0.0,0.0,668.49,0.0,120.0,90.0,0.0
2024-12-12,30,15:30,0.0,0.0,0.0,668.49,0.0,120.0,90.0,0.0
2024-12-12,31,15:45,0.0,0.0,0.0,668.49,0.0,120.0,90.0,0.0
2024-12-12,32,16:00,0.0,0.0,0.0,818.98,0.0,120.0,90.0,0.0
2024-12-12,33,16:15,0.0,0.0,0.0,818.98,0.0,120.0,90.0,0.0
2024-12-12,34,16:30,0.0,0.0,0.0,818.98,0.0,120.0,90.0,0.0
2024-12-12,35,16:45,0.0,0.0,0.0,818.98,0.0,120.0,90.0,0.0
2024-12-12,36,17:00,0.0,0.0,0.0,936.28,0.0,120.0,90.0,0.0
2024-12-12,37,17:15,0.0,0.0,0.0,936.28,0.0,120.0,90.0,0.0
2024-12-12,38,17:30,0.0,0.0,0.0,936.28,0.0,120.0,90.0,0.0
2024-12-12,39,17:45,0.0,0.0,0.0,936.28,0.0,120.0,90.0,0.0
2024-12-12,40,18:00,0.0,0.0,0.0,674.18,0.0,120.0,90.0,0.0
2024-12-12,41,18:15,0.0,0.0,0.0,674.18,0.0,120.0,90.0,0.0
2024-12-12,42,18:30,0.0,0.0,0.0,674.18,0.0,120.0,90.0,0.0
2024-12-12,43,18:45,0.0,0.0,0.0,674.18,0.0,120.0,90.0,0.0
2024-12-12,44,19:00,0.0,0.0,0.0,551.01,0.0,120.0,90.0,0.0
2024-12-12,45,19:15,0.0,0.0,0.0,551.01,0.0,120.0,90.0,0.0
2024-12-12,46,19:30,0.0,0.0,0.0,551.01,0.0,120.0,90.0,0.0
2024-12-12,47,19:45,0.0,0.0,0.0,551.01,0.0,120.0,90.0,0.0
2024-12-12,48,20:00,0.0,0.0,0.0,295.66,0.0,120.0,90.0,0.0
2024-12-12,49,20:15,0.0,0.0,0.0,295.66,0.0,120.0,90.0,0.0
2024-12-12,50,20:30,0.0,9.5021,9.5021,295.66,0.702347,80.0,90.0,0.0
2024-12-12,51,20:45,0.0,17.0147,17.0147,295.66,1.25764,80.0,90.0,0.0
2024-12-12,52,21:00,0.0,17.1381,17.1381,169.4,0.725798,80.0,90.0,0.0
2024-12-12,53,21:15,0.0,16.0793,16.0793,169.4,0.680958,80.0,90.0,0.0
2024-12-12,54,21:30,0.0,3.2115,3.2115,169.4,0.136006,80.0,90.0,0.0
2024-12-12,55,21:45,0.0,0.0,0.0,169.4,0.0,80.0,10.0,120.0
2024-12-13,0,08:00,1.3266,0.0,1.3266,253.0,0.08391,80.0,10.0,0.0
2024-12-13,1,08:15,4.184,0.0,4.184,253.0,0.264636,80.0,10.0,0.0
2024-12-13,2,08:30,5.1593,0.0,5.1593,253.0,0.326329,80.0,10.0,0.0
2024-12-13,3,08:45,4.2588,9.5021,13.7609,253.0,0.870379,40.0,10.0,0.0
2024-12-13,4,09:00,5.404,17.0147,22.4187,245.74,1.377293,40.0,10.0,0.0
2024-12-13,5,09:15,4.491,17.1381,21.6291,245.74,1.328786,40.0,10.0,0.0
2024-12-13,6,09:30,5.1252,16.0793,21.2045,245.74,1.302696,40.0,10.0,0.0
2024-12-13,7,09:45,3.0543,3.2115,6.2658,245.74,0.384941,40.0,10.0,0.0
2024-12-13,8,10:00,5.093,9.5021,14.5951,208.42,0.760477,0.0,50.0,0.0
2024-12-13,9,10:15,3.6006,17.0147,20.6153,208.42,1.074161,0.0,50.0,0.0
2024-12-13,10,10:30,4.9802,17.1381,22.1183,208.42,1.152476,0.0,50.0,0.0
2024-12-13,11,10:45,4.3843,16.0793,20.4636,208.42,1.066257,0.0,50.0,0.0
2024-12-13,12,11:00,1.5369,3.2115,4.7484,174.4,0.207029,0.0,50.0,0.0
2024-12-13,13,11:15,1.8638,9.5021,11.3659,174.4,0.495555,60.0,90.0,0.0
2024-12-13,14,11:30,6.7293,17.0147,23.744,174.4,1.035236,60.0,90.0,0.0
2024-12-13,15,11:45,5.9956,17.1381,23.1337,174.4,1.008628,60.0,90.0,0.0
2024-12-13,16,12:00,7.1179,16.0793,23.1972,166.06,0.963031,60.0,90.0,0.0
2024-12-13,17,12:15,6.1091,3.2115,9.3206,166.06,0.386943,60.0,90.0,0.0
2024-12-13,18,12:30,5.6324,9.5021,15.1345,166.06,0.62831,20.0,130.0,0.0
2024-12-13,19,12:45,5.8458,17.0147,22.8605,166.06,0.949053,20.0,130.0,0.0
2024-12-13,20,13:00,5.1816,17.1381,22.3197,165.0,0.920686,20.0,130.0,0.0
2024-12-13,21,13:15,6.7301,16.0793,22.8094,165.0,0.940887,20.0,130.0,0.0
2024-12-13,22,13:30,3.9878,3.2115,7.1993,165.0,0.296971,20.0,130.0,0.0
2024-12-13,23,13:45,0.0,9.5021,9.5021,165.0,0.391961,80.0,170.0,0.0
2024-12-13,24,14:00,0.0,17.0147,17.0147,184.5,0.784802,80.0,170.0,0.0
2024-12-13,25,14:15,0.0,17.1381,17.1381,184.5,0.790495,80.0,170.0,0.0
2024-12-13,26,14:30,0.0,16.0793,16.0793,184.5,0.741657,80.0,170.0,0.0
2024-12-13,27,14:45,0.0,3.2115,3.2115,184.5,0.14813,80.0,170.0,0.0
2024-12-13,28,15:00,0.0,0.0,0.0,220.77,0.0,80.0,30.0,180.0
2024-12-13,29,15:15,0.0,0.0,0.0,220.77,0.0,80.0,30.0,0.0
2024-12-13,30,15:30,0.0,0.0,0.0,220.77,0.0,80.0,30.0,0.0
2024-12-13,31,15:45,0.0,0.0,0.0,220.77,0.0,80.0,30.0,0.0
2024-12-13,32,16:00,0.0,0.0,0.0,250.06,0.0,80.0,30.0,0.0
2024-12-13,33,16:15,0.0,0.0,0.0,250.06,0.0,80.0,30.0,0.0
2024-12-13,34,16:30,0.0,0.0,0.0,250.06,0.0,80.0,30.0,0.0
2024-12-13,35,16:45,0.0,0.0,0.0,250.06,0.0,80.0,30.0,0.0
2024-12-13,36,17:00,0.0,0.0,0.0,284.21,0.0,80.0,30.0,0.0
2024-12-13,37,17:15,0.0,0.0,0.0,284.21,0.0,80.0,30.0,0.0
2024-12-13,38,17:30,0.0,0.0,0.0,284.21,0.0,80.0,30.0,0.0
2024-12-13,39,17:45,0.0,0.0,0.0,284.21,0.0,80.0,30.0,0.0
2024-12-13,40,18:00,0.0,0.0,0.0,260.0,0.0,80.0,30.0,0.0
2024-12-13,41,18:15,0.0,0.0,0.0,260.0,0.0,80.0,30.0,0.0
2024-12-13,42,18:30,0.0,0.0,0.0,260.0,0.0,80.0,30.0,0.0
2024-12-13,43,18:45,0.0,0.0,0.0,260.0,0.0,80.0,30.0,0.0
2024-12-13,44,19:00,0.0,0.0,0.0,225.6,0.0,80.0,30.0,0.0
2024-12-13,45,19:15,0.0,0.0,0.0,225.6,0.0,80.0,30.0,0.0
2024-12-13,46,19:30,0.0,0.0,0.0,225.6,0.0,80.0,30.0,0.0
2024-12-13,47,19:45,0.0,0.0,0.0,225.6,0.0,80.0,30.0,0.0
2024-12-13,48,20:00,0.0,0.0,0.0,175.0,0.0,80.0,30.0,0.0
2024-12-13,49,20:15,0.0,0.0,0.0,175.0,0.0,80.0,30.0,0.0
2024-12-13,50,20:30,0.0,0.0,0.0,175.0,0.0,80.0,30.0,0.0
2024-12-13,51,20:45,0.0,0.0,0.0,175.0,0.0,80.0,30.0,0.0
2024-12-13,52,21:00,0.0,0.0,0.0,146.22,0.0,80.0,30.0,0.0
2024-12-13,53,21:15,0.0,0.0,0.0,146.22,0.0,80.0,30.0,0.0
2024-12-13,54,21:30,0.0,0.0,0.0,146.22,0.0,80.0,30.0,0.0
2024-12-13,55,21:45,0.0,0.0,0.0,146.22,0.0,80.0,30.0,0.0
2024-12-16,0,08:00,1.3266,9.5021,10.8287,71.79,0.194349,40.0,30.0,0.0
2024-12-16,1,08:15,4.184,17.0147,21.1986,71.79,0.380463,40.0,30.0,0.0
2024-12-16,2,08:30,5.1593,17.1381,22.2974,71.79,0.400183,40.0,30.0,0.0
2024-12-16,3,08:45,4.2588,16.0793,20.3381,71.79,0.365018,40.0,30.0,0.0
2024-12-16,4,09:00,5.404,3.2115,8.6155,75.91,0.163501,40.0,30.0,0.0
2024-12-16,5,09:15,4.491,0.0,4.491,75.91,0.085229,40.0,70.0,0.0
2024-12-16,6,09:30,5.1252,0.0,5.1252,75.91,0.097263,40.0,70.0,0.0
2024-12-16,7,09:45,3.0543,9.5021,12.5564,75.91,0.23829,0.0,70.0,0.0
2024-12-16,8,10:00,5.093,17.0147,22.1077,75.46,0.417061,0.0,70.0,0.0
2024-12-16,9,10:15,3.6006,17.1381,20.7387,75.46,0.391236,0.0,70.0,0.0
2024-12-16,10,10:30,4.9802,16.0793,21.0595,75.46,0.397288,0.0,70.0,0.0
2024-12-16,11,10:45,4.3843,3.2115,7.5958,75.46,0.143295,0.0,70.0,0.0
2024-12-16,12,11:00,1.5369,0.0,1.5369,80.13,0.030788,0.0,110.0,0.0
2024-12-16,13,11:15,0.0,0.0,0.0,80.13,0.0,100.0,110.0,0.0
2024-12-16,14,11:30,0.0,0.0,0.0,80.13,0.0,100.0,110.0,0.0
2024-12-16,15,11:45,0.0,0.0,0.0,80.13,0.0,100.0,110.0,0.0
2024-12-16,16,12:00,0.0,0.0,0.0,85.22,0.0,100.0,110.0,0.0
2024-12-16,17,12:15,0.0,0.0,0.0,85.22,0.0,100.0,110.0,0.0
2024-12-16,18,12:30,0.0,0.0,0.0,85.22,0.0,100.0,110.0,0.0
2024-12-16,19,12:45,0.0,0.0,0.0,85.22,0.0,100.0,110.0,0.0
2024-12-16,20,13:00,0.0,0.0,0.0,81.7,0.0,100.0,110.0,0.0
2024-12-16,21,13:15,0.0,0.0,0.0,81.7,0.0,100.0,110.0,0.0
2024-12-16,22,13:30,0.0,0.0,0.0,81.7,0.0,100.0,110.0,0.0
2024-12-16,23,13:45,0.0,0.0,0.0,81.7,0.0,100.0,110.0,0.0
2024-12-16,24,14:00,0.0,0.0,0.0,81.7,0.0,100.0,110.0,0.0
2024-12-16,25,14:15,0.0,0.0,0.0,81.7,0.0,100.0,110.0,0.0
2024-12-16,26,14:30,0.0,0.0,0.0,81.7,0.0,100.0,110.0,0.0
2024-12-16,27,14:45,0.0,0.0,0.0,81.7,0.0,100.0,110.0,0.0
2024-12-16,28,15:00,0.0,0.0,0.0,81.7,0.0,100.0,10.0,100.0
2024-12-16,29,15:15,0.0,0.0,0.0,81.7,0.0,100.0,10.0,0.0
2024-12-16,30,15:30,0.0,0.0,0.0,81.7,0.0,100.0,10.0,0.0
2024-12-16,31,15:45,0.0,0.0,0.0,81.7,0.0,100.0,10.0,0.0
2024-12-16,32,16:00,0.0,0.0,0.0,74.0,0.0,100.0,10.0,0.0
2024-12-16,33,16:15,0.0,0.0,0.0,74.0,0.0,100.0,10.0,0.0
2024-12-16,34,16:30,0.0,0.0,0.0,74.0,0.0,100.0,10.0,0.0
2024-12-16,35,16:45,0.0,0.0,0.0,74.0,0.0,100.0,10.0,0.0
2024-12-16,36,17:00,0.0,0.0,0.0,81.56,0.0,100.0,10.0,0.0
2024-12-16,37,17:15,0.0,0.0,0.0,81.56,0.0,100.0,10.0,0.0
2024-12-16,38,17:30,1.3266,0.0,1.3266,81.56,0.02705,100.0,10.0,0.0
2024-12-16,39,17:45,4.184,0.0,4.184,81.56,0.085311,100.0,10.0,0.0
2024-12-16,40,18:00,5.1593,0.0,5.1593,72.01,0.092881,100.0,10.0,0.0
2024-12-16,41,18:15,4.2588,9.5021,13.7609,72.01,0.247731,60.0,10.0,0.0
2024-12-16,42,18:30,5.404,17.0147,22.4187,72.01,0.403593,60.0,10.0,0.0
2024-12-16,43,18:45,4.491,17.1381,21.6291,72.01,0.389379,60.0,10.0,0.0
2024-12-16,44,19:00,5.1252,16.0793,21.2045,70.94,0.376061,60.0,10.0,0.0
2024-12-16,45,19:15,3.0543,3.2115,6.2658,70.94,0.111124,60.0,10.0,0.0
2024-12-16,46,19:30,5.093,9.5021,14.5951,70.94,0.258844,20.0,50.0,0.0
2024-12-16,47,19:45,3.6006,17.0147,20.6153,70.94,0.365613,20.0,50.0,0.0
2024-12-16,48,20:00,4.9802,17.1381,22.1183,61.5,0.340069,20.0,50.0,0.0
2024-12-16,49,20:15,4.3843,16.0793,20.4636,61.5,0.314628,20.0,50.0,0.0
2024-12-16,50,20:30,1.5369,3.2115,4.7484,61.5,0.073006,20.0,50.0,0.0
2024-12-16,51,20:45,0.0,9.5021,9.5021,61.5,0.146095,80.0,90.0,0.0
2024-12-16,52,21:00,0.0,17.0147,17.0147,44.41,0.188905,80.0,90.0,0.0
2024-12-16,53,21:15,0.0,17.1381,17.1381,44.41,0.190276,80.0,90.0,0.0
2024-12-16,54,21:30,0.0,16.0793,16.0793,44.41,0.17852,80.0,90.0,0.0
2024-12-16,55,21:45,0.0,3.2115,3.2115,44.41,0.035656,80.0,90.0,0.0
2024-12-17,0,08:00,0.0,0.0,0.0,115.92,0.0,80.0,130.0,0.0
2024-12-17,1,08:15,0.0,0.0,0.0,115.92,0.0,80.0,130.0,0.0
2024-12-17,2,08:30,0.0,0.0,0.0,115.92,0.0,80.0,130.0,0.0
2024-12-17,3,08:45,0.0,0.0,0.0,115.92,0.0,80.0,130.0,0.0
2024-12-17,4,09:00,0.0,0.0,0.0,114.04,0.0,80.0,130.0,0.0
2024-12-17,5,09:15,0.0,0.0,0.0,114.04,0.0,80.0,130.0,0.0
2024-12-17,6,09:30,0.0,0.0,0.0,114.04,0.0,80.0,130.0,0.0
2024-12-17,7,09:45,0.0,0.0,0.0,114.04,0.0,80.0,130.0,0.0
2024-12-17,8,10:00,0.0,0.0,0.0,108.4,0.0,80.0,130.0,0.0
2024-12-17,9,10:15,0.0,0.0,0.0,108.4,0.0,80.0,130.0,0.0
2024-12-17,10,10:30,0.0,0.0,0.0,108.4,0.0,80.0,130.0,0.0
2024-12-17,11,10:45,0.0,0.0,0.0,108.4,0.0,80.0,130.0,0.0
2024-12-17,12,11:00,0.0,0.0,0.0,102.38,0.0,80.0,130.0,0.0
2024-12-17,13,11:15,0.0,0.0,0.0,102.38,0.0,80.0,130.0,0.0
2024-12-17,14,11:30,0.0,0.0,0.0,102.38,0.0,80.0,130.0,0.0
2024-12-17,15,11:45,0.0,0.0,0.0,102.38,0.0,80.0,130.0,0.0
2024-12-17,16,12:00,0.0,0.0,0.0,102.72,0.0,80.0,130.0,0.0
2024-12-17,17,12:15,0.0,0.0,0.0,102.72,0.0,80.0,130.0,0.0
2024-12-17,18,12:30,0.0,0.0,0.0,102.72,0.0,80.0,130.0,0.0
2024-12-17,19,12:45,0.0,0.0,0.0,102.72,0.0,80.0,130.0,0.0
2024-12-17,20,13:00,0.0,0.0,0.0,106.2,0.0,80.0,130.0,0.0
2024-12-17,21,13:15,0.0,0.0,0.0,106.2,0.0,80.0,130.0,0.0
2024-12-17,22,13:30,0.0,0.0,0.0,106.2,0.0,80.0,130.0,0.0
2024-12-17,23,13:45,0.0,0.0,0.0,106.2,0.0,80.0,130.0,0.0
2024-12-17,24,14:00,0.0,0.0,0.0,109.63,0.0,80.0,130.0,0.0
2024-12-17,25,14:15,0.0,0.0,0.0,109.63,0.0,80.0,130.0,0.0
2024-12-17,26,14:30,0.0,0.0,0.0,109.63,0.0,80.0,130.0,0.0
2024-12-17,27,14:45,0.0,0.0,0.0,109.63,0.0,80.0,130.0,0.0
2024-12-17,28,15:00,0.0,0.0,0.0,116.42,0.0,80.0,0.0,130.0
2024-12-17,29,15:15,0.0,0.0,0.0,116.42,0.0,80.0,0.0,0.0
2024-12-17,30,15:30,0.0,0.0,0.0,116.42,0.0,80.0,0.0,0.0
2024-12-17,31,15:45,0.0,0.0,0.0,116.42,0.0,80.0,0.0,0.0
2024-12-17,32,16:00,0.0,0.0,0.0,117.1,0.0,80.0,0.0,0.0
2024-12-17,33,16:15,0.0,0.0,0.0,117.1,0.0,80.0,0.0,0.0
2024-12-17,34,16:30,0.0,0.0,0.0,117.1,0.0,80.0,0.0,0.0
2024-12-17,35,16:45,0.0,0.0,0.0,117.1,0.0,80.0,0.0,0.0
2024-12-17,36,17:00,0.0,0.0,0.0,127.33,0.0,80.0,0.0,0.0
2024-12-17,37,17:15,0.0,0.0,0.0,127.33,0.0,80.0,0.0,0.0
2024-12-17,38,17:30,0.0,0.0,0.0,127.33,0.0,80.0,0.0,0.0
2024-12-17,39,17:45,0.0,0.0,0.0,127.33,0.0,80.0,0.0,0.0
2024-12-17,40,18:00,0.0,0.0,0.0,121.6,0.0,80.0,0.0,0.0
2024-12-17,41,18:15,0.0,0.0,0.0,121.6,0.0,80.0,0.0,0.0
2024-12-17,42,18:30,0.0,0.0,0.0,121.6,0.0,80.0,0.0,0.0
2024-12-17,43,18:45,0.0,0.0,0.0,121.6,0.0,80.0,0.0,0.0
2024-12-17,44,19:00,0.0,0.0,0.0,108.1,0.0,80.0,0.0,0.0
2024-12-17,45,19:15,0.0,0.0,0.0,108.1,0.0,80.0,0.0,0.0
2024-12-17,46,19:30,0.0,0.0,0.0,108.1,0.0,80.0,0.0,0.0
2024-12-17,47,19:45,0.0,0.0,0.0,108.1,0.0,80.0,0.0,0.0
2024-12-17,48,20:00,0.0,0.0,0.0,98.51,0.0,80.0,0.0,0.0
2024-12-17,49,20:15,0.0,0.0,0.0,98.51,0.0,80.0,0.0,0.0
2024-12-17,50,20:30,0.0,0.0,0.0,98.51,0.0,80.0,0.0,0.0
2024-12-17,51,20:45,0.0,0.0,0.0,98.51,0.0,80.0,0.0,0.0
2024-12-17,52,21:00,0.0,0.0,0.0,95.84,0.0,80.0,0.0,0.0
2024-12-17,53,21:15,0.0,0.0,0.0,95.84,0.0,80.0,0.0,0.0
2024-12-17,54,21:30,0.0,0.0,0.0,95.84,0.0,80.0,0.0,0.0
2024-12-17,55,21:45,0.0,0.0,0.0,95.84,0.0,80.0,0.0,0.0
2024-12-18,0,08:00,0.0,0.0,0.0,77.58,0.0,80.0,0.0,0.0
2024-12-18,1,08:15,0.0,0.0,0.0,77.58,0.0,80.0,0.0,0.0
2024-12-18,2,08:30,0.0,0.0,0.0,77.58,0.0,80.0,0.0,0.0
2024-12-18,3,08:45,0.0,0.0,0.0,77.58,0.0,80.0,0.0,0.0
2024-12-18,4,09:00,0.0,0.0,0.0,72.82,0.0,80.0,0.0,0.0
2024-12-18,5,09:15,1.3266,0.0,1.3266,72.82,0.024151,80.0,0.0,0.0
2024-12-18,6,09:30,4.184,0.0,4.184,72.82,0.076169,80.0,0.0,0.0
2024-12-18,7,09:45,5.1593,0.0,5.1593,72.82,0.093926,80.0,0.0,0.0
2024-12-18,8,10:00,4.2588,9.5021,13.7609,65.99,0.227021,40.0,0.0,0.0
2024-12-18,9,10:15,5.404,17.0147,22.4187,65.99,0.369852,40.0,0.0,0.0
2024-12-18,10,10:30,4.491,17.1381,21.6291,65.99,0.356827,40.0,0.0,0.0
2024-12-18,11,10:45,5.1252,16.0793,21.2045,65.99,0.349821,40.0,0.0,0.0
2024-12-18,12,11:00,3.0543,3.2115,6.2658,63.08,0.098812,40.0,0.0,0.0
2024-12-18,13,11:15,5.093,9.5021,14.5951,63.08,0.230165,0.0,40.0,0.0
2024-12-18,14,11:30,3.6006,17.0147,20.6153,63.08,0.325103,0.0,40.0,0.0
2024-12-18,15,11:45,4.9802,17.1381,22.1183,63.08,0.348806,0.0,40.0,0.0
2024-12-18,16,12:00,4.3843,16.0793,20.4636,63.07,0.32266,0.0,40.0,0.0
2024-12-18,17,12:15,1.5369,3.2115,4.7484,63.07,0.07487,0.0,40.0,0.0
2024-12-18,18,12:30,1.3266,9.5021,10.8287,63.07,0.170742,60.0,80.0,0.0
2024-12-18,19,12:45,4.184,17.0147,21.1986,63.07,0.33425,60.0,80.0,0.0
2024-12-18,20,13:00,5.1593,17.1381,22.2974,63.08,0.351631,60.0,80.0,0.0
2024-12-18,21,13:15,4.2588,16.0793,20.3381,63.08,0.320732,60.0,80.0,0.0
2024-12-18,22,13:30,5.404,3.2115,8.6155,63.08,0.135867,60.0,80.0,0.0
2024-12-18,23,13:45,4.491,9.5021,13.9931,63.08,0.220672,20.0,120.0,0.0
2024-12-18,24,14:00,5.1252,17.0147,22.1399,63.08,0.349146,20.0,120.0,0.0
2024-12-18,25,14:15,3.0543,17.1381,20.1924,63.08,0.318435,20.0,120.0,0.0
2024-12-18,26,14:30,5.093,16.0793,21.1723,63.08,0.333887,20.0,120.0,0.0
2024-12-18,27,14:45,3.6006,3.2115,6.8121,63.08,0.107427,20.0,120.0,0.0
2024-12-18,28,15:00,4.9802,0.0,4.9802,55.63,0.069263,20.0,0.0,160.0
2024-12-18,29,15:15,4.3843,0.0,4.3843,55.63,0.060975,20.0,0.0,0.0
2024-12-18,30,15:30,1.5369,0.0,1.5369,55.63,0.021374,20.0,0.0,0.0
2024-12-18,31,15:45,0.0,9.5021,9.5021,55.63,0.13215,80.0,0.0,0.0
2024-12-18,32,16:00,0.0,17.0147,17.0147,46.81,0.199114,80.0,0.0,0.0
2024-12-18,33,16:15,0.0,17.1381,17.1381,46.81,0.200559,80.0,0.0,0.0
2024-12-18,34,16:30,0.0,16.0793,16.0793,46.81,0.188168,80.0,0.0,0.0
2024-12-18,35,16:45,0.0,3.2115,3.2115,46.81,0.037582,80.0,0.0,0.0
2024-12-18,36,17:00,0.0,9.5021,9.5021,57.9,0.137543,40.0,40.0,0.0
2024-12-18,37,17:15,0.0,17.0147,17.0147,57.9,0.246287,40.0,40.0,0.0
2024-12-18,38,17:30,0.0,17.1381,17.1381,57.9,0.248074,40.0,40.0,0.0
2024-12-18,39,17:45,0.0,16.0793,16.0793,57.9,0.232748,40.0,40.0,0.0
2024-12-18,40,18:00,0.0,3.2115,3.2115,63.08,0.050645,40.0,40.0,0.0
2024-12-18,41,18:15,0.0,0.0,0.0,63.08,0.0,40.0,80.0,0.0
2024-12-18,42,18:30,0.0,0.0,0.0,63.08,0.0,40.0,80.0,0.0
2024-12-18,43,18:45,0.0,0.0,0.0,63.08,0.0,40.0,80.0,0.0
2024-12-18,44,19:00,0.0,0.0,0.0,63.08,0.0,40.0,80.0,0.0
2024-12-18,45,19:15,0.0,0.0,0.0,63.08,0.0,40.0,80.0,0.0
2024-12-18,46,19:30,0.0,0.0,0.0,63.08,0.0,40.0,80.0,0.0
2024-12-18,47,19:45,0.0,0.0,0.0,63.08,0.0,40.0,80.0,0.0
2024-12-18,48,20:00,0.0,0.0,0.0,57.9,0.0,40.0,80.0,0.0
2024-12-18,49,20:15,0.0,0.0,0.0,57.9,0.0,40.0,80.0,0.0
2024-12-18,50,20:30,0.0,0.0,0.0,57.9,0.0,40.0,80.0,0.0
2024-12-18,51,20:45,0.0,9.5021,9.5021,57.9,0.137543,0.0,80.0,0.0
2024-12-18,52,21:00,0.0,17.0147,17.0147,50.69,0.215618,0.0,80.0,0.0
2024-12-18,53,21:15,0.0,17.1381,17.1381,50.69,0.217182,0.0,80.0,0.0
2024-12-18,54,21:30,0.0,16.0793,16.0793,50.69,0.203765,0.0,80.0,0.0
2024-12-18,55,21:45,0.0,3.2115,3.2115,50.69,0.040698,0.0,80.0,0.0
2024-12-19,0,08:00,1.8638,0.0,1.8638,67.44,0.031424,0.0,120.0,0.0
2024-12-19,1,08:15,6.7293,0.0,6.7293,67.44,0.113456,0.0,120.0,0.0
2024-12-19,2,08:30,5.9956,0.0,5.9956,67.44,0.101086,0.0,120.0,0.0
2024-12-19,3,08:45,7.1179,0.0,7.1179,67.44,0.120008,0.0,120.0,0.0
2024-12-19,4,09:00,6.1091,0.0,6.1091,68.42,0.104496,0.0,120.0,0.0
2024-12-19,5,09:15,5.6324,0.0,5.6324,68.42,0.096343,0.0,120.0,0.0
2024-12-19,6,09:30,5.8458,0.0,5.8458,68.42,0.099993,0.0,120.0,0.0
2024-12-19,7,09:45,5.1816,0.0,5.1816,68.42,0.088631,0.0,120.0,0.0
2024-12-19,8,10:00,6.7301,0.0,6.7301,65.84,0.110777,0.0,120.0,0.0
2024-12-19,9,10:15,3.9878,0.0,3.9878,65.84,0.065639,0.0,120.0,0.0
2024-12-19,10,10:30,1.3266,9.5021,10.8287,65.84,0.178241,60.0,120.0,0.0
2024-12-19,11,10:45,4.184,17.0147,21.1986,65.84,0.34893,60.0,120.0,0.0
2024-12-19,12,11:00,5.1593,17.1381,22.2974,67.7,0.377384,60.0,120.0,0.0
2024-12-19,13,11:15,4.2588,16.0793,20.3381,67.7,0.344223,60.0,120.0,0.0
2024-12-19,14,11:30,5.404,3.2115,8.6155,67.7,0.145818,60.0,120.0,0.0
2024-12-19,15,11:45,4.491,9.5021,13.9931,67.7,0.236834,20.0,160.0,0.0
2024-12-19,16,12:00,5.1252,17.0147,22.1399,69.72,0.385898,20.0,160.0,0.0
2024-12-19,17,12:15,3.0543,17.1381,20.1924,69.72,0.351954,20.0,160.0,0.0
2024-12-19,18,12:30,5.093,16.0793,21.1723,69.72,0.369033,20.0,160.0,0.0
2024-12-19,19,12:45,3.6006,3.2115,6.8121,69.72,0.118735,20.0,160.0,0.0
2024-12-19,20,13:00,4.9802,0.0,4.9802,70.4,0.087652,20.0,200.0,0.0
2024-12-19,21,13:15,4.3843,0.0,4.3843,70.4,0.077164,20.0,200.0,0.0
2024-12-19,22,13:30,1.5369,0.0,1.5369,70.4,0.027049,20.0,200.0,0.0
2024-12-19,23,13:45,0.0,9.5021,9.5021,70.4,0.167237,80.0,200.0,0.0
2024-12-19,24,14:00,0.0,17.0147,17.0147,69.72,0.296566,80.0,200.0,0.0
2024-12-19,25,14:15,0.0,17.1381,17.1381,69.72,0.298717,80.0,200.0,0.0
2024-12-19,26,14:30,0.0,16.0793,16.0793,69.72,0.280262,80.0,200.0,0.0
2024-12-19,27,14:45,0.0,3.2115,3.2115,69.72,0.055976,80.0,200.0,0.0
2024-12-19,28,15:00,0.0,9.5021,9.5021,70.47,0.167403,40.0,130.0,110.0
2024-12-19,29,15:15,0.0,17.0147,17.0147,70.47,0.299756,40.0,130.0,0.0
2024-12-19,30,15:30,0.0,17.1381,17.1381,70.47,0.30193,40.0,130.0,0.0
2024-12-19,31,15:45,0.0,16.0793,16.0793,70.47,0.283277,40.0,130.0,0.0
2024-12-19,32,16:00,0.0,3.2115,3.2115,71.46,0.057373,40.0,130.0,0.0
2024-12-19,33,16:15,0.0,0.0,0.0,71.46,0.0,40.0,170.0,0.0
2024-12-19,34,16:30,0.0,0.0,0.0,71.46,0.0,40.0,170.0,0.0
2024-12-19,35,16:45,0.0,0.0,0.0,71.46,0.0,40.0,170.0,0.0
2024-12-19,36,17:00,0.0,0.0,0.0,81.52,0.0,40.0,170.0,0.0
2024-12-19,37,17:15,0.0,0.0,0.0,81.52,0.0,40.0,170.0,0.0
2024-12-19,38,17:30,0.0,0.0,0.0,81.52,0.0,40.0,170.0,0.0
2024-12-19,39,17:45,0.0,0.0,0.0,81.52,0.0,40.0,170.0,0.0
2024-12-19,40,18:00,0.0,0.0,0.0,92.58,0.0,40.0,170.0,0.0
2024-12-19,41,18:15,0.0,0.0,0.0,92.58,0.0,40.0,170.0,0.0
2024-12-19,42,18:30,0.0,0.0,0.0,92.58,0.0,40.0,170.0,0.0
2024-12-19,43,18:45,0.0,0.0,0.0,92.58,0.0,40.0,170.0,0.0
2024-12-19,44,19:00,0.0,0.0,0.0,87.36,0.0,40.0,170.0,0.0
2024-12-19,45,19:15,0.0,0.0,0.0,87.36,0.0,40.0,170.0,0.0
2024-12-19,46,19:30,0.0,0.0,0.0,87.36,0.0,40.0,170.0,0.0
2024-12-19,47,19:45,0.0,0.0,0.0,87.36,0.0,40.0,170.0,0.0
2024-12-19,48,20:00,0.0,0.0,0.0,75.37,0.0,40.0,170.0,0.0
2024-12-19,49,20:15,0.0,0.0,0.0,75.37,0.0,40.0,170.0,0.0
2024-12-19,50,20:30,0.0,0.0,0.0,75.37,0.0,40.0,170.0,0.0
2024-12-19,51,20:45,0.0,9.5021,9.5021,75.37,0.179043,0.0,170.0,0.0
2024-12-19,52,21:00,0.0,17.0147,17.0147,70.0,0.297757,0.0,170.0,0.0
2024-12-19,53,21:15,0.0,17.1381,17.1381,70.0,0.299917,0.0,170.0,0.0
2024-12-19,54,21:30,0.0,16.0793,16.0793,70.0,0.281387,0.0,170.0,0.0
2024-12-19,55,21:45,0.0,3.2115,3.2115,70.0,0.056201,0.0,170.0,0.0
2024-12-20,0,08:00,0.0,0.0,0.0,109.72,0.0,0.0,210.0,0.0
2024-12-20,1,08:15,0.0,0.0,0.0,109.72,0.0,0.0,210.0,0.0
2024-12-20,2,08:30,0.0,0.0,0.0,109.72,0.0,0.0,210.0,0.0
2024-12-20,3,08:45,0.0,0.0,0.0,109.72,0.0,0.0,210.0,0.0
2024-12-20,4,09:00,0.0,0.0,0.0,106.65,0.0,0.0,210.0,0.0
2024-12-20,5,09:15,0.0,0.0,0.0,106.65,0.0,0.0,210.0,0.0
2024-12-20,6,09:30,0.0,0.0,0.0,106.65,0.0,0.0,210.0,0.0
2024-12-20,7,09:45,0.0,0.0,0.0,106.65,0.0,0.0,210.0,0.0
2024-12-20,8,10:00,0.0,0.0,0.0,103.14,0.0,0.0,210.0,0.0
2024-12-20,9,10:15,0.0,0.0,0.0,103.14,0.0,0.0,210.0,0.0
2024-12-20,10,10:30,0.0,0.0,0.0,103.14,0.0,0.0,210.0,0.0
2024-12-20,11,10:45,0.0,0.0,0.0,103.14,0.0,0.0,210.0,0.0
2024-12-20,12,11:00,0.0,0.0,0.0,97.44,0.0,0.0,210.0,0.0
2024-12-20,13,11:15,0.0,0.0,0.0,97.44,0.0,0.0,210.0,0.0
2024-12-20,14,11:30,0.0,0.0,0.0,97.44,0.0,0.0,210.0,0.0
2024-12-20,15,11:45,0.0,0.0,0.0,97.44,0.0,0.0,210.0,0.0
2024-12-20,16,12:00,0.0,0.0,0.0,87.56,0.0,0.0,210.0,0.0
2024-12-20,17,12:15,0.0,0.0,0.0,87.56,0.0,0.0,210.0,0.0
2024-12-20,18,12:30,0.0,0.0,0.0,87.56,0.0,0.0,210.0,0.0
2024-12-20,19,12:45,0.0,0.0,0.0,87.56,0.0,0.0,210.0,0.0
2024-12-20,20,13:00,0.0,0.0,0.0,83.84,0.0,0.0,210.0,0.0
2024-12-20,21,13:15,0.0,0.0,0.0,83.84,0.0,0.0,210.0,0.0
2024-12-20,22,13:30,0.0,0.0,0.0,83.84,0.0,0.0,210.0,0.0
2024-12-20,23,13:45,0.0,0.0,0.0,83.84,0.0,0.0,210.0,0.0
2024-12-20,24,14:00,0.0,0.0,0.0,88.03,0.0,0.0,210.0,0.0
2024-12-20,25,14:15,0.0,0.0,0.0,88.03,0.0,0.0,210.0,0.0
2024-12-20,26,14:30,0.0,0.0,0.0,88.03,0.0,0.0,210.0,0.0
2024-12-20,27,14:45,0.0,0.0,0.0,88.03,0.0,0.0,210.0,0.0
2024-12-20,28,15:00,0.0,0.0,0.0,98.67,0.0,0.0,110.0,100.0
2024-12-20,29,15:15,0.0,0.0,0.0,98.67,0.0,0.0,110.0,0.0
2024-12-20,30,15:30,0.0,0.0,0.0,98.67,0.0,0.0,110.0,0.0
2024-12-20,31,15:45,0.0,0.0,0.0,98.67,0.0,0.0,110.0,0.0
2024-12-20,32,16:00,0.0,0.0,0.0,105.24,0.0,0.0,110.0,0.0
2024-12-20,33,16:15,0.0,0.0,0.0,105.24,0.0,0.0,110.0,0.0
2024-12-20,34,16:30,0.0,0.0,0.0,105.24,0.0,0.0,110.0,0.0
2024-12-20,35,16:45,0.0,0.0,0.0,105.24,0.0,0.0,110.0,0.0
2024-12-20,36,17:00,0.0,0.0,0.0,109.89,0.0,0.0,110.0,0.0
2024-12-20,37,17:15,0.0,0.0,0.0,109.89,0.0,0.0,110.0,0.0
2024-12-20,38,17:30,0.0,0.0,0.0,109.89,0.0,0.0,110.0,0.0
2024-12-20,39,17:45,0.0,0.0,0.0,109.89,0.0,0.0,110.0,0.0
2024-12-20,40,18:00,0.0,0.0,0.0,101.18,0.0,0.0,110.0,0.0
2024-12-20,41,18:15,0.0,0.0,0.0,101.18,0.0,0.0,110.0,0.0
2024-12-20,42,18:30,0.0,0.0,0.0,101.18,0.0,0.0,110.0,0.0
2024-12-20,43,18:45,0.0,0.0,0.0,101.18,0.0,0.0,110.0,0.0
2024-12-20,44,19:00,0.0,0.0,0.0,98.65,0.0,0.0,110.0,0.0
2024-12-20,45,19:15,0.0,0.0,0.0,98.65,0.0,0.0,110.0,0.0
2024-12-20,46,19:30,0.0,0.0,0.0,98.65,0.0,0.0,110.0,0.0
2024-12-20,47,19:45,0.0,0.0,0.0,98.65,0.0,0.0,110.0,0.0
2024-12-20,48,20:00,0.0,0.0,0.0,89.73,0.0,0.0,110.0,0.0
2024-12-20,49,20:15,0.0,0.0,0.0,89.73,0.0,0.0,110.0,0.0
2024-12-20,50,20:30,0.0,0.0,0.0,89.73,0.0,0.0,110.0,0.0
2024-12-20,51,20:45,0.0,0.0,0.0,89.73,0.0,0.0,110.0,0.0
2024-12-20,52,21:00,0.0,0.0,0.0,71.82,0.0,0.0,110.0,0.0
2024-12-20,53,21:15,0.0,0.0,0.0,71.82,0.0,0.0,110.0,0.0
2024-12-20,54,21:30,0.0,0.0,0.0,71.82,0.0,0.0,110.0,0.0
2024-12-20,55,21:45,0.0,0.0,0.0,71.82,0.0,0.0,10.0,100.0
2024-12-23,0,08:00,1.8638,0.0,1.8638,59.34,0.02765,0.0,10.0,0.0
2024-12-23,1,08:15,6.7293,0.0,6.7293,59.34,0.099829,0.0,10.0,0.0
2024-12-23,2,08:30,5.9956,0.0,5.9956,59.34,0.088945,0.0,10.0,0.0
2024-12-23,3,08:45,7.1179,0.0,7.1179,59.34,0.105594,0.0,10.0,0.0
2024-12-23,4,09:00,6.1091,0.0,6.1091,59.62,0.091056,0.0,10.0,0.0
2024-12-23,5,09:15,5.6324,0.0,5.6324,59.62,0.083952,0.0,10.0,0.0
2024-12-23,6,09:30,5.8458,0.0,5.8458,59.62,0.087132,0.0,10.0,0.0
2024-12-23,7,09:45,5.1816,0.0,5.1816,59.62,0.077231,0.0,10.0,0.0
2024-12-23,8,10:00,6.7301,0.0,6.7301,52.73,0.08872,0.0,10.0,0.0
2024-12-23,9,10:15,3.9878,0.0,3.9878,52.73,0.052569,0.0,10.0,0.0
2024-12-23,10,10:30,1.8638,9.5021,11.3659,52.73,0.149831,60.0,10.0,0.0
2024-12-23,11,10:45,6.7293,17.0147,23.744,52.73,0.313005,60.0,10.0,0.0
2024-12-23,12,11:00,5.9956,17.1381,23.1337,52.0,0.300738,60.0,10.0,0.0
2024-12-23,13,11:15,7.1179,16.0793,23.1972,52.0,0.301563,60.0,10.0,0.0
2024-12-23,14,11:30,6.1091,3.2115,9.3206,52.0,0.121167,60.0,10.0,0.0
2024-12-23,15,11:45,5.6324,9.5021,15.1345,52.0,0.196749,20.0,50.0,0.0
2024-12-23,16,12:00,5.8458,17.0147,22.8605,54.17,0.309588,20.0,50.0,0.0
2024-12-23,17,12:15,5.1816,17.1381,22.3197,54.17,0.302264,20.0,50.0,0.0
2024-12-23,18,12:30,6.7301,16.0793,22.8094,54.17,0.308896,20.0,50.0,0.0
2024-12-23,19,12:45,3.9878,3.2115,7.1993,54.17,0.097496,20.0,50.0,0.0
2024-12-23,20,13:00,1.8638,9.5021,11.3659,54.81,0.155742,80.0,90.0,0.0
2024-12-23,21,13:15,6.7293,17.0147,23.744,54.81,0.325352,80.0,90.0,0.0
2024-12-23,22,13:30,5.9956,17.1381,23.1337,54.81,0.316989,80.0,90.0,0.0
2024-12-23,23,13:45,7.1179,16.0793,23.1972,54.81,0.317859,80.0,90.0,0.0
2024-12-23,24,14:00,6.1091,3.2115,9.3206,61.56,0.143443,80.0,90.0,0.0
2024-12-23,25,14:15,5.6324,9.5021,15.1345,61.56,0.232921,40.0,130.0,0.0
2024-12-23,26,14:30,5.8458,17.0147,22.8605,61.56,0.351823,40.0,130.0,0.0
2024-12-23,27,14:45,5.1816,17.1381,22.3197,61.56,0.3435,40.0,130.0,0.0
2024-12-23,28,15:00,6.7301,16.0793,22.8094,73.69,0.420206,40.0,30.0,100.0
2024-12-23,29,15:15,3.9878,3.2115,7.1993,73.69,0.132629,40.0,30.0,0.0
2024-12-23,30,15:30,0.0,9.5021,9.5021,73.69,0.175052,100.0,70.0,0.0
2024-12-23,31,15:45,0.0,17.0147,17.0147,73.69,0.313453,100.0,70.0,0.0
2024-12-23,32,16:00,0.0,17.1381,17.1381,82.56,0.35373,100.0,70.0,0.0
2024-12-23,33,16:15,0.0,16.0793,16.0793,82.56,0.331876,100.0,70.0,0.0
2024-12-23,34,16:30,0.0,3.2115,3.2115,82.56,0.066285,100.0,70.0,0.0
2024-12-23,35,16:45,0.0,0.0,0.0,82.56,0.0,100.0,110.0,0.0
2024-12-23,36,17:00,0.0,0.0,0.0,98.25,0.0,100.0,110.0,0.0
2024-12-23,37,17:15,0.0,0.0,0.0,98.25,0.0,100.0,110.0,0.0
2024-12-23,38,17:30,0.0,0.0,0.0,98.25,0.0,100.0,110.0,0.0
2024-12-23,39,17:45,0.0,0.0,0.0,98.25,0.0,100.0,110.0,0.0
2024-12-23,40,18:00,0.0,0.0,0.0,101.75,0.0,100.0,110.0,0.0
2024-12-23,41,18:15,0.0,0.0,0.0,101.75,0.0,100.0,110.0,0.0
2024-12-23,42,18:30,0.0,0.0,0.0,101.75,0.0,100.0,110.0,0.0
2024-12-23,43,18:45,0.0,0.0,0.0,101.75,0.0,100.0,110.0,0.0
2024-12-23,44,19:00,0.0,0.0,0.0,97.47,0.0,100.0,110.0,0.0
2024-12-23,45,19:15,0.0,0.0,0.0,97.47,0.0,100.0,110.0,0.0
2024-12-23,46,19:30,0.0,0.0,0.0,97.47,0.0,100.0,110.0,0.0
2024-12-23,47,19:45,0.0,9.5021,9.5021,97.47,0.231542,60.0,110.0,0.0
2024-12-23,48,20:00,0.0,17.0147,17.0147,92.59,0.393847,60.0,110.0,0.0
2024-12-23,49,20:15,0.0,17.1381,17.1381,92.59,0.396704,60.0,110.0,0.0
2024-12-23,50,20:30,0.0,16.0793,16.0793,92.59,0.372195,60.0,110.0,0.0
2024-12-23,51,20:45,0.0,3.2115,3.2115,92.59,0.074338,60.0,110.0,0.0
2024-12-23,52,21:00,0.0,0.0,0.0,108.29,0.0,60.0,150.0,0.0
2024-12-23,53,21:15,0.0,0.0,0.0,108.29,0.0,60.0,150.0,0.0
2024-12-23,54,21:30,0.0,0.0,0.0,108.29,0.0,60.0,150.0,0.0
2024-12-23,55,21:45,0.0,0.0,0.0,108.29,0.0,60.0,150.0,0.0
2024-12-24,0,08:00,0.0,0.0,0.0,115.09,0.0,60.0,150.0,0.0
2024-12-24,1,08:15,0.0,0.0,0.0,115.09,0.0,60.0,150.0,0.0
2024-12-24,2,08:30,0.0,0.0,0.0,115.09,0.0,60.0,150.0,0.0
2024-12-24,3,08:45,0.0,0.0,0.0,115.09,0.0,60.0,150.0,0.0
2024-12-24,4,09:00,0.0,0.0,0.0,120.95,0.0,60.0,150.0,0.0
2024-12-24,5,09:15,0.0,0.0,0.0,120.95,0.0,60.0,150.0,0.0
2024-12-24,6,09:30,0.0,0.0,0.0,120.95,0.0,60.0,150.0,0.0
2024-12-24,7,09:45,0.0,0.0,0.0,120.95,0.0,60.0,150.0,0.0
2024-12-24,8,10:00,0.0,0.0,0.0,120.0,0.0,60.0,150.0,0.0
2024-12-24,9,10:15,0.0,0.0,0.0,120.0,0.0,60.0,150.0,0.0
2024-12-24,10,10:30,0.0,0.0,0.0,120.0,0.0,60.0,150.0,0.0
2024-12-24,11,10:45,0.0,0.0,0.0,120.0,0.0,60.0,150.0,0.0
2024-12-24,12,11:00,0.0,0.0,0.0,118.16,0.0,60.0,150.0,0.0
2024-12-24,13,11:15,0.0,0.0,0.0,118.16,0.0,60.0,150.0,0.0
2024-12-24,14,11:30,0.0,0.0,0.0,118.16,0.0,60.0,150.0,0.0
2024-12-24,15,11:45,0.0,0.0,0.0,118.16,0.0,60.0,150.0,0.0
2024-12-24,16,12:00,0.0,0.0,0.0,117.49,0.0,60.0,150.0,0.0
2024-12-24,17,12:15,0.0,0.0,0.0,117.49,0.0,60.0,150.0,0.0
2024-12-24,18,12:30,0.0,0.0,0.0,117.49,0.0,60.0,150.0,0.0
2024-12-24,19,12:45,0.0,0.0,0.0,117.49,0.0,60.0,150.0,0.0
2024-12-24,20,13:00,0.0,0.0,0.0,115.38,0.0,60.0,150.0,0.0
2024-12-24,21,13:15,0.0,0.0,0.0,115.38,0.0,60.0,150.0,0.0
2024-12-24,22,13:30,0.0,0.0,0.0,115.38,0.0,60.0,150.0,0.0
2024-12-24,23,13:45,0.0,0.0,0.0,115.38,0.0,60.0,150.0,0.0
2024-12-24,24,14:00,0.0,0.0,0.0,117.98,0.0,60.0,150.0,0.0
2024-12-24,25,14:15,0.0,0.0,0.0,117.98,0.0,60.0,150.0,0.0
2024-12-24,26,14:30,0.0,0.0,0.0,117.98,0.0,60.0,150.0,0.0
2024-12-24,27,14:45,0.0,0.0,0.0,117.98,0.0,60.0,150.0,0.0
2024-12-24,28,15:00,0.0,0.0,0.0,119.5,0.0,60.0,0.0,150.0
2024-12-24,29,15:15,0.0,0.0,0.0,119.5,0.0,60.0,0.0,0.0
2024-12-24,30,15:30,0.0,0.0,0.0,119.5,0.0,60.0,0.0,0.0
2024-12-24,31,15:45,0.0,0.0,0.0,119.5,0.0,60.0,0.0,0.0
2024-12-24,32,16:00,0.0,0.0,0.0,120.21,0.0,60.0,0.0,0.0
2024-12-24,33,16:15,0.0,0.0,0.0,120.21,0.0,60.0,0.0,0.0
2024-12-24,34,16:30,0.0,0.0,0.0,120.21,0.0,60.0,0.0,0.0
2024-12-24,35,16:45,0.0,0.0,0.0,120.21,0.0,60.0,0.0,0.0
2024-12-24,36,17:00,0.0,0.0,0.0,118.0,0.0,60.0,0.0,0.0
2024-12-24,37,17:15,0.0,0.0,0.0,118.0,0.0,60.0,0.0,0.0
2024-12-24,38,17:30,0.0,0.0,0.0,118.0,0.0,60.0,0.0,0.0
2024-12-24,39,17:45,0.0,0.0,0.0,118.0,0.0,60.0,0.0,0.0
2024-12-24,40,18:00,0.0,0.0,0.0,110.98,0.0,60.0,0.0,0.0
2024-12-24,41,18:15,0.0,0.0,0.0,110.98,0.0,60.0,0.0,0.0
2024-12-24,42,18:30,0.0,0.0,0.0,110.98,0.0,60.0,0.0,0.0
2024-12-24,43,18:45,1.3266,0.0,1.3266,110.98,0.036808,60.0,0.0,0.0
2024-12-24,44,19:00,4.184,0.0,4.184,105.66,0.110519,60.0,0.0,0.0
2024-12-24,45,19:15,5.1593,0.0,5.1593,105.66,0.136284,60.0,0.0,0.0
2024-12-24,46,19:30,4.2588,0.0,4.2588,105.66,0.112497,60.0,0.0,0.0
2024-12-24,47,19:45,5.404,0.0,5.404,105.66,0.142747,60.0,0.0,0.0
2024-12-24,48,20:00,4.491,0.0,4.491,102.56,0.11515,60.0,0.0,0.0
2024-12-24,49,20:15,5.1252,0.0,5.1252,102.56,0.13141,60.0,0.0,0.0
2024-12-24,50,20:30,3.0543,0.0,3.0543,102.56,0.078313,60.0,0.0,0.0
2024-12-24,51,20:45,5.093,9.5021,14.5951,102.56,0.374218,20.0,0.0,0.0
2024-12-24,52,21:00,3.6006,17.0147,20.6153,94.63,0.487707,20.0,0.0,0.0
2024-12-24,53,21:15,4.9802,17.1381,22.1183,94.63,0.523265,20.0,0.0,0.0
2024-12-24,54,21:30,4.3843,16.0793,20.4636,94.63,0.484118,20.0,0.0,0.0
2024-12-24,55,21:45,1.5369,3.2115,4.7484,94.63,0.112335,20.0,0.0,0.0
2024-12-26,0,08:00,1.3266,9.5021,10.8287,119.1,0.322425,80.0,40.0,0.0
2024-12-26,1,08:15,4.184,17.0147,21.1986,119.1,0.63119,80.0,40.0,0.0
2024-12-26,2,08:30,5.1593,17.1381,22.2974,119.1,0.663906,80.0,40.0,0.0
2024-12-26,3,08:45,4.2588,16.0793,20.3381,119.1,0.605567,80.0,40.0,0.0
2024-12-26,4,09:00,5.404,3.2115,8.6155,118.23,0.254653,80.0,40.0,0.0
2024-12-26,5,09:15,4.491,9.5021,13.9931,118.23,0.413602,40.0,80.0,0.0
2024-12-26,6,09:30,5.1252,17.0147,22.1399,118.23,0.654399,40.0,80.0,0.0
2024-12-26,7,09:45,3.0543,17.1381,20.1924,118.23,0.596838,40.0,80.0,0.0
2024-12-26,8,10:00,5.093,16.0793,21.1723,113.25,0.59944,40.0,80.0,0.0
2024-12-26,9,10:15,3.6006,3.2115,6.8121,113.25,0.192868,40.0,80.0,0.0
2024-12-26,10,10:30,4.9802,9.5021,14.4823,113.25,0.410031,0.0,120.0,0.0
2024-12-26,11,10:45,4.3843,17.0147,21.399,113.25,0.60586,0.0,120.0,0.0
2024-12-26,12,11:00,1.5369,17.1381,18.675,106.01,0.494934,0.0,120.0,0.0
2024-12-26,13,11:15,1.8638,16.0793,17.9431,106.01,0.475538,100.0,120.0,0.0
2024-12-26,14,11:30,6.7293,3.2115,9.9408,106.01,0.263455,100.0,120.0,0.0
2024-12-26,15,11:45,5.9956,9.5021,15.4977,106.01,0.410727,60.0,160.0,0.0
2024-12-26,16,12:00,7.1179,17.0147,24.1326,107.71,0.64983,60.0,160.0,0.0
2024-12-26,17,12:15,6.1091,17.1381,23.2472,107.71,0.625988,60.0,160.0,0.0
2024-12-26,18,12:30,5.6324,16.0793,21.7117,107.71,0.584643,60.0,160.0,0.0
2024-12-26,19,12:45,5.8458,3.2115,9.0573,107.71,0.24389,60.0,160.0,0.0
2024-12-26,20,13:00,5.1816,9.5021,14.6837,103.9,0.381408,20.0,200.0,0.0
2024-12-26,21,13:15,6.7301,17.0147,23.7448,103.9,0.61677,20.0,200.0,0.0
2024-12-26,22,13:30,3.9878,17.1381,21.1259,103.9,0.548745,20.0,200.0,0.0
2024-12-26,23,13:45,1.3266,16.0793,17.4059,103.9,0.452119,120.0,200.0,0.0
2024-12-26,24,14:00,4.184,3.2115,7.3955,109.64,0.202709,120.0,200.0,0.0
2024-12-26,25,14:15,5.1593,9.5021,14.6614,109.64,0.40187,80.0,240.0,0.0
2024-12-26,26,14:30,4.2588,17.0147,21.2735,109.64,0.583107,80.0,240.0,0.0
2024-12-26,27,14:45,5.404,17.1381,22.5421,109.64,0.617879,80.0,240.0,0.0
2024-12-26,28,15:00,4.491,16.0793,20.5703,120.75,0.620967,80.0,120.0,120.0
2024-12-26,29,15:15,5.1252,3.2115,8.3367,120.75,0.251663,80.0,120.0,0.0
2024-12-26,30,15:30,3.0543,0.0,3.0543,120.75,0.092203,80.0,160.0,0.0
2024-12-26,31,15:45,5.093,0.0,5.093,120.75,0.153745,80.0,160.0,0.0
2024-12-26,32,16:00,3.6006,0.0,3.6006,129.64,0.116697,80.0,160.0,0.0
2024-12-26,33,16:15,4.9802,0.0,4.9802,129.64,0.16141,80.0,160.0,0.0
2024-12-26,34,16:30,4.3843,0.0,4.3843,129.64,0.142097,80.0,160.0,0.0
2024-12-26,35,16:45,1.5369,0.0,1.5369,129.64,0.049811,80.0,160.0,0.0
2024-12-26,36,17:00,0.0,0.0,0.0,137.9,0.0,180.0,160.0,0.0
2024-12-26,37,17:15,0.0,0.0,0.0,137.9,0.0,180.0,160.0,0.0
2024-12-26,38,17:30,0.0,0.0,0.0,137.9,0.0,180.0,160.0,0.0
2024-12-26,39,17:45,0.0,0.0,0.0,137.9,0.0,180.0,160.0,0.0
2024-12-26,40,18:00,0.0,0.0,0.0,138.05,0.0,180.0,160.0,0.0
2024-12-26,41,18:15,0.0,0.0,0.0,138.05,0.0,180.0,160.0,0.0
2024-12-26,42,18:30,0.0,0.0,0.0,138.05,0.0,180.0,160.0,0.0
2024-12-26,43,18:45,0.0,0.0,0.0,138.05,0.0,180.0,160.0,0.0
2024-12-26,44,19:00,0.0,0.0,0.0,135.71,0.0,180.0,160.0,0.0
2024-12-26,45,19:15,0.0,0.0,0.0,135.71,0.0,180.0,160.0,0.0
2024-12-26,46,19:30,0.0,0.0,0.0,135.71,0.0,180.0,160.0,0.0
2024-12-26,47,19:45,0.0,0.0,0.0,135.71,0.0,180.0,160.0,0.0
2024-12-26,48,20:00,0.0,0.0,0.0,129.13,0.0,180.0,160.0,0.0
2024-12-26,49,20:15,0.0,0.0,0.0,129.13,0.0,180.0,160.0,0.0
2024-12-26,50,20:30,0.0,0.0,0.0,129.13,0.0,180.0,160.0,0.0
2024-12-26,51,20:45,0.0,9.5021,9.5021,129.13,0.306751,140.0,160.0,0.0
2024-12-26,52,21:00,0.0,17.0147,17.0147,120.85,0.514056,140.0,160.0,0.0
2024-12-26,53,21:15,0.0,17.1381,17.1381,120.85,0.517785,140.0,160.0,0.0
2024-12-26,54,21:30,0.0,16.0793,16.0793,120.85,0.485795,140.0,160.0,0.0
2024-12-26,55,21:45,0.0,3.2115,3.2115,120.85,0.097027,140.0,160.0,0.0
2024-12-27,0,08:00,0.0,0.0,0.0,131.85,0.0,140.0,200.0,0.0
2024-12-27,1,08:15,0.0,0.0,0.0,131.85,0.0,140.0,200.0,0.0
2024-12-27,2,08:30,0.0,0.0,0.0,131.85,0.0,140.0,200.0,0.0
2024-12-27,3,08:45,0.0,0.0,0.0,131.85,0.0,140.0,200.0,0.0
2024-12-27,4,09:00,0.0,0.0,0.0,130.15,0.0,140.0,200.0,0.0
2024-12-27,5,09:15,0.0,0.0,0.0,130.15,0.0,140.0,200.0,0.0
2024-12-27,6,09:30,0.0,0.0,0.0,130.15,0.0,140.0,200.0,0.0
2024-12-27,7,09:45,0.0,0.0,0.0,130.15,0.0,140.0,200.0,0.0
2024-12-27,8,10:00,0.0,0.0,0.0,120.1,0.0,140.0,200.0,0.0
2024-12-27,9,10:15,0.0,9.5021,9.5021,120.1,0.2853,100.0,200.0,0.0
2024-12-27,10,10:30,0.0,17.0147,17.0147,120.1,0.510866,100.0,200.0,0.0
2024-12-27,11,10:45,1.3266,17.1381,18.4647,120.1,0.554404,100.0,200.0,0.0
2024-12-27,12,11:00,4.184,16.0793,20.2632,107.94,0.546804,100.0,200.0,0.0
2024-12-27,13,11:15,5.1593,3.2115,8.3708,107.94,0.225887,100.0,200.0,0.0
2024-12-27,14,11:30,4.2588,9.5021,13.7609,107.94,0.371339,60.0,240.0,0.0
2024-12-27,15,11:45,5.404,17.0147,22.4187,107.94,0.604969,60.0,240.0,0.0
2024-12-27,16,12:00,4.491,17.1381,21.6291,107.81,0.582959,60.0,240.0,0.0
2024-12-27,17,12:15,5.1252,16.0793,21.2045,107.81,0.571513,60.0,240.0,0.0
2024-12-27,18,12:30,3.0543,3.2115,6.2658,107.81,0.16888,60.0,240.0,0.0
2024-12-27,19,12:45,5.093,9.5021,14.5951,107.81,0.393374,20.0,280.0,0.0
2024-12-27,20,13:00,3.6006,17.0147,20.6153,107.94,0.556304,20.0,280.0,0.0
2024-12-27,21,13:15,4.9802,17.1381,22.1183,107.94,0.596863,20.0,280.0,0.0
2024-12-27,22,13:30,4.3843,16.0793,20.4636,107.94,0.552211,20.0,280.0,0.0
2024-12-27,23,13:45,1.5369,3.2115,4.7484,107.94,0.128135,20.0,280.0,0.0
2024-12-27,24,14:00,0.0,9.5021,9.5021,121.65,0.288982,80.0,320.0,0.0
2024-12-27,25,14:15,0.0,17.0147,17.0147,121.65,0.517459,80.0,320.0,0.0
2024-12-27,26,14:30,0.0,17.1381,17.1381,121.65,0.521212,80.0,320.0,0.0
2024-12-27,27,14:45,0.0,16.0793,16.0793,121.65,0.489011,80.0,320.0,0.0
2024-12-27,28,15:00,0.0,3.2115,3.2115,136.46,0.10956,80.0,130.0,190.0
2024-12-27,29,15:15,0.0,0.0,0.0,136.46,0.0,80.0,170.0,0.0
2024-12-27,30,15:30,0.0,0.0,0.0,136.46,0.0,80.0,170.0,0.0
2024-12-27,31,15:45,0.0,0.0,0.0,136.46,0.0,80.0,170.0,0.0
2024-12-27,32,16:00,0.0,0.0,0.0,146.25,0.0,80.0,170.0,0.0
2024-12-27,33,16:15,0.0,0.0,0.0,146.25,0.0,80.0,170.0,0.0
2024-12-27,34,16:30,0.0,0.0,0.0,146.25,0.0,80.0,170.0,0.0
2024-12-27,35,16:45,0.0,0.0,0.0,146.25,0.0,80.0,170.0,0.0
2024-12-27,36,17:00,0.0,0.0,0.0,151.8,0.0,80.0,170.0,0.0
2024-12-27,37,17:15,0.0,0.0,0.0,151.8,0.0,80.0,170.0,0.0
2024-12-27,38,17:30,0.0,0.0,0.0,151.8,0.0,80.0,170.0,0.0
2024-12-27,39,17:45,0.0,0.0,0.0,151.8,0.0,80.0,170.0,0.0
2024-12-27,40,18:00,0.0,0.0,0.0,158.4,0.0,80.0,170.0,0.0
2024-12-27,41,18:15,0.0,0.0,0.0,158.4,0.0,80.0,170.0,0.0
2024-12-27,42,18:30,0.0,0.0,0.0,158.4,0.0,80.0,170.0,0.0
2024-12-27,43,18:45,0.0,0.0,0.0,158.4,0.0,80.0,170.0,0.0
2024-12-27,44,19:00,0.0,0.0,0.0,146.43,0.0,80.0,170.0,0.0
2024-12-27,45,19:15,0.0,0.0,0.0,146.43,0.0,80.0,170.0,0.0
2024-12-27,46,19:30,0.0,0.0,0.0,146.43,0.0,80.0,170.0,0.0
2024-12-27,47,19:45,0.0,0.0,0.0,146.43,0.0,80.0,170.0,0.0
2024-12-27,48,20:00,0.0,0.0,0.0,133.14,0.0,80.0,170.0,0.0
2024-12-27,49,20:15,0.0,0.0,0.0,133.14,0.0,80.0,170.0,0.0
2024-12-27,50,20:30,0.0,0.0,0.0,133.14,0.0,80.0,170.0,0.0
2024-12-27,51,20:45,0.0,0.0,0.0,133.14,0.0,80.0,170.0,0.0
2024-12-27,52,21:00,0.0,0.0,0.0,125.42,0.0,80.0,170.0,0.0
2024-12-27,53,21:15,0.0,0.0,0.0,125.42,0.0,80.0,170.0,0.0
2024-12-27,54,21:30,0.0,0.0,0.0,125.42,0.0,80.0,170.0,0.0
2024-12-27,55,21:45,0.0,0.0,0.0,125.42,0.0,80.0,20.0,150.0
2024-12-30,0,08:00,0.0,0.0,0.0,86.3,0.0,80.0,20.0,0.0
2024-12-30,1,08:15,0.0,0.0,0.0,86.3,0.0,80.0,20.0,0.0
2024-12-30,2,08:30,0.0,0.0,0.0,86.3,0.0,80.0,20.0,0.0
2024-12-30,3,08:45,0.0,0.0,0.0,86.3,0.0,80.0,20.0,0.0
2024-12-30,4,09:00,0.0,0.0,0.0,87.06,0.0,80.0,20.0,0.0
2024-12-30,5,09:15,0.0,0.0,0.0,87.06,0.0,80.0,20.0,0.0
2024-12-30,6,09:30,0.0,0.0,0.0,87.06,0.0,80.0,20.0,0.0
2024-12-30,7,09:45,0.0,0.0,0.0,87.06,0.0,80.0,20.0,0.0
2024-12-30,8,10:00,0.0,0.0,0.0,83.71,0.0,80.0,20.0,0.0
2024-12-30,9,10:15,0.0,0.0,0.0,83.71,0.0,80.0,20.0,0.0
2024-12-30,10,10:30,0.0,0.0,0.0,83.71,0.0,80.0,20.0,0.0
2024-12-30,11,10:45,1.3266,0.0,1.3266,83.71,0.027763,80.0,20.0,0.0
2024-12-30,12,11:00,4.184,9.5021,13.6861,78.88,0.269889,40.0,20.0,0.0
2024-12-30,13,11:15,5.1593,17.0147,22.174,78.88,0.437272,40.0,20.0,0.0
2024-12-30,14,11:30,4.2588,17.1381,21.3969,78.88,0.421948,40.0,20.0,0.0
2024-12-30,15,11:45,5.404,16.0793,21.4833,78.88,0.423651,40.0,20.0,0.0
2024-12-30,16,12:00,4.491,3.2115,7.7025,82.86,0.159558,40.0,20.0,0.0
2024-12-30,17,12:15,5.1252,0.0,5.1252,82.86,0.106168,40.0,60.0,0.0
2024-12-30,18,12:30,3.0543,0.0,3.0543,82.86,0.063271,40.0,60.0,0.0
2024-12-30,19,12:45,5.093,0.0,5.093,82.86,0.105501,40.0,60.0,0.0
2024-12-30,20,13:00,3.6006,9.5021,13.1027,80.5,0.263692,0.0,60.0,0.0
2024-12-30,21,13:15,4.9802,17.0147,21.9949,80.5,0.442648,0.0,60.0,0.0
2024-12-30,22,13:30,4.3843,17.1381,21.5224,80.5,0.433139,0.0,60.0,0.0
2024-12-30,23,13:45,1.5369,16.0793,17.6162,80.5,0.354525,0.0,60.0,0.0
2024-12-30,24,14:00,0.0,3.2115,3.2115,83.7,0.0672,100.0,60.0,0.0
2024-12-30,25,14:15,0.0,0.0,0.0,83.7,0.0,100.0,100.0,0.0
2024-12-30,26,14:30,0.0,0.0,0.0,83.7,0.0,100.0,100.0,0.0
2024-12-30,27,14:45,0.0,0.0,0.0,83.7,0.0,100.0,100.0,0.0
2024-12-30,28,15:00,0.0,0.0,0.0,92.42,0.0,100.0,100.0,0.0
2024-12-30,29,15:15,0.0,0.0,0.0,92.42,0.0,100.0,100.0,0.0
2024-12-30,30,15:30,0.0,0.0,0.0,92.42,0.0,100.0,100.0,0.0
2024-12-30,31,15:45,0.0,0.0,0.0,92.42,0.0,100.0,100.0,0.0
2024-12-30,32,16:00,0.0,0.0,0.0,96.97,0.0,100.0,100.0,0.0
2024-12-30,33,16:15,0.0,0.0,0.0,96.97,0.0,100.0,100.0,0.0
2024-12-30,34,16:30,0.0,0.0,0.0,96.97,0.0,100.0,100.0,0.0
2024-12-30,35,16:45,0.0,0.0,0.0,96.97,0.0,100.0,100.0,0.0
2024-12-30,36,17:00,0.0,0.0,0.0,109.97,0.0,100.0,100.0,0.0
2024-12-30,37,17:15,0.0,0.0,0.0,109.97,0.0,100.0,100.0,0.0
2024-12-30,38,17:30,0.0,0.0,0.0,109.97,0.0,100.0,100.0,0.0
2024-12-30,39,17:45,0.0,0.0,0.0,109.97,0.0,100.0,100.0,0.0
2024-12-30,40,18:00,0.0,0.0,0.0,100.0,0.0,100.0,100.0,0.0
2024-12-30,41,18:15,0.0,0.0,0.0,100.0,0.0,100.0,100.0,0.0
2024-12-30,42,18:30,0.0,0.0,0.0,100.0,0.0,100.0,100.0,0.0
2024-12-30,43,18:45,0.0,0.0,0.0,100.0,0.0,100.0,100.0,0.0
2024-12-30,44,19:00,0.0,0.0,0.0,86.62,0.0,100.0,100.0,0.0
2024-12-30,45,19:15,0.0,9.5021,9.5021,86.62,0.205768,60.0,100.0,0.0
2024-12-30,46,19:30,1.8638,17.0147,18.8785,86.62,0.408814,60.0,100.0,0.0
2024-12-30,47,19:45,6.7293,17.1381,23.8674,86.62,0.516848,60.0,100.0,0.0
2024-12-30,48,20:00,5.9956,16.0793,22.0749,74.83,0.412966,60.0,100.0,0.0
2024-12-30,49,20:15,7.1179,3.2115,10.3294,74.83,0.193237,60.0,100.0,0.0
2024-12-30,50,20:30,6.1091,9.5021,15.6112,74.83,0.292046,20.0,140.0,0.0
2024-12-30,51,20:45,5.6324,17.0147,22.6471,74.83,0.423671,20.0,140.0,0.0
2024-12-30,52,21:00,5.8458,17.1381,22.9839,68.02,0.390841,20.0,140.0,0.0
2024-12-30,53,21:15,5.1816,16.0793,21.2609,68.02,0.361541,20.0,140.0,0.0
2024-12-30,54,21:30,6.7301,3.2115,9.9416,68.02,0.169057,20.0,140.0,0.0
2024-12-30,55,21:45,3.9878,0.0,3.9878,68.02,0.067813,20.0,10.0,170.0
2024-12-31,0,08:00,1.3266,9.5021,10.8287,78.43,0.212324,80.0,10.0,0.0
2024-12-31,1,08:15,4.184,17.0147,21.1986,78.43,0.415652,80.0,10.0,0.0
2024-12-31,2,08:30,5.1593,17.1381,22.2974,78.43,0.437197,80.0,10.0,0.0
2024-12-31,3,08:45,4.2588,16.0793,20.3381,78.43,0.39878,80.0,10.0,0.0
2024-12-31,4,09:00,5.404,3.2115,8.6155,83.46,0.179763,80.0,10.0,0.0
2024-12-31,5,09:15,4.491,0.0,4.491,83.46,0.093706,80.0,50.0,0.0
2024-12-31,6,09:30,5.1252,0.0,5.1252,83.46,0.106937,80.0,50.0,0.0
2024-12-31,7,09:45,3.0543,0.0,3.0543,83.46,0.063729,80.0,50.0,0.0
2024-12-31,8,10:00,5.093,0.0,5.093,82.47,0.105005,80.0,50.0,0.0
2024-12-31,9,10:15,3.6006,0.0,3.6006,82.47,0.074236,80.0,50.0,0.0
2024-12-31,10,10:30,4.9802,0.0,4.9802,82.47,0.10268,80.0,50.0,0.0
2024-12-31,11,10:45,4.3843,0.0,4.3843,82.47,0.090394,80.0,50.0,0.0
2024-12-31,12,11:00,1.5369,9.5021,11.039,81.03,0.223622,40.0,50.0,0.0
2024-12-31,13,11:15,0.0,17.0147,17.0147,81.03,0.344675,140.0,50.0,0.0
2024-12-31,14,11:30,0.0,17.1381,17.1381,81.03,0.347175,140.0,50.0,0.0
2024-12-31,15,11:45,0.0,16.0793,16.0793,81.03,0.325726,140.0,50.0,0.0
2024-12-31,16,12:00,1.3266,3.2115,4.5381,81.17,0.09209,140.0,50.0,0.0
2024-12-31,17,12:15,4.184,0.0,4.184,81.17,0.084903,140.0,90.0,0.0
2024-12-31,18,12:30,5.1593,9.5021,14.6614,81.17,0.297517,100.0,90.0,0.0
2024-12-31,19,12:45,4.2588,17.0147,21.2735,81.17,0.431693,100.0,90.0,0.0
2024-12-31,20,13:00,5.404,17.1381,22.5421,78.93,0.444812,100.0,90.0,0.0
2024-12-31,21,13:15,4.491,16.0793,20.5703,78.93,0.405904,100.0,90.0,0.0
2024-12-31,22,13:30,5.1252,3.2115,8.3367,78.93,0.164503,100.0,90.0,0.0
2024-12-31,23,13:45,3.0543,9.5021,12.5564,78.93,0.24777,60.0,130.0,0.0
2024-12-31,24,14:00,5.093,17.0147,22.1077,76.84,0.424688,60.0,130.0,0.0
2024-12-31,25,14:15,3.6006,17.1381,20.7387,76.84,0.398391,60.0,130.0,0.0
2024-12-31,26,14:30,4.9802,16.0793,21.0595,76.84,0.404553,60.0,130.0,0.0
2024-12-31,27,14:45,4.3843,3.2115,7.5958,76.84,0.145916,60.0,130.0,0.0
2024-12-31,28,15:00,1.5369,0.0,1.5369,82.07,0.031533,60.0,20.0,150.0
2024-12-31,29,15:15,0.0,0.0,0.0,82.07,0.0,160.0,20.0,0.0
2024-12-31,30,15:30,0.0,0.0,0.0,82.07,0.0,160.0,20.0,0.0
2024-12-31,31,15:45,0.0,0.0,0.0,82.07,0.0,160.0,20.0,0.0
2024-12-31,32,16:00,0.0,0.0,0.0,83.67,0.0,160.0,20.0,0.0
2024-12-31,33,16:15,0.0,0.0,0.0,83.67,0.0,160.0,20.0,0.0
2024-12-31,34,16:30,0.0,0.0,0.0,83.67,0.0,160.0,20.0,0.0
2024-12-31,35,16:45,0.0,0.0,0.0,83.67,0.0,160.0,20.0,0.0
2024-12-31,36,17:00,0.0,0.0,0.0,83.25,0.0,160.0,20.0,0.0
2024-12-31,37,17:15,0.0,0.0,0.0,83.25,0.0,160.0,20.0,0.0
2024-12-31,38,17:30,0.0,0.0,0.0,83.25,0.0,160.0,20.0,0.0
2024-12-31,39,17:45,0.0,0.0,0.0,83.25,0.0,160.0,20.0,0.0
2024-12-31,40,18:00,0.0,9.5021,9.5021,77.68,0.184531,120.0,20.0,0.0
2024-12-31,41,18:15,0.0,17.0147,17.0147,77.68,0.330425,120.0,20.0,0.0
2024-12-31,42,18:30,0.0,17.1381,17.1381,77.68,0.332822,120.0,20.0,0.0
2024-12-31,43,18:45,0.0,16.0793,16.0793,77.68,0.31226,120.0,20.0,0.0
2024-12-31,44,19:00,0.0,3.2115,3.2115,67.77,0.054411,120.0,20.0,0.0
2024-12-31,45,19:15,0.0,9.5021,9.5021,67.77,0.160989,80.0,60.0,0.0
2024-12-31,46,19:30,0.0,17.0147,17.0147,67.77,0.288271,80.0,60.0,0.0
2024-12-31,47,19:45,0.0,17.1381,17.1381,67.77,0.290362,80.0,60.0,0.0
2024-12-31,48,20:00,0.0,16.0793,16.0793,35.56,0.142945,80.0,60.0,0.0
2024-12-31,49,20:15,0.0,3.2115,3.2115,35.56,0.02855,80.0,60.0,0.0
2024-12-31,50,20:30,0.0,9.5021,9.5021,35.56,0.084474,40.0,100.0,0.0
2024-12-31,51,20:45,0.0,17.0147,17.0147,35.56,0.15126,40.0,100.0,0.0
2024-12-31,52,21:00,0.0,17.1381,17.1381,15.7,0.067267,40.0,100.0,0.0
2024-12-31,53,21:15,0.0,16.0793,16.0793,15.7,0.063111,40.0,100.0,0.0
2024-12-31,54,21:30,0.0,3.2115,3.2115,15.7,0.012605,40.0,100.0,0.0
2024-12-31,55,21:45,0.0,0.0,0.0,15.7,0.0,40.0,10.0,130.0
