date,slot,time_local,mill_kW,press_kW,total_load_kW,price_eur_mwh,cost_eur,housings,modules,pickup
2024-01-02,0,08:00,1.8638,9.5021,11.3659,65.67,0.1866,20.0,30.0,0.0
2024-01-02,1,08:15,6.7293,17.0147,23.744,65.67,0.389816,20.0,30.0,0.0
2024-01-02,2,08:30,5.9956,17.1381,23.1337,65.67,0.379797,20.0,30.0,0.0
2024-01-02,3,08:45,7.1179,16.0793,23.1972,65.67,0.38084,20.0,30.0,0.0
2024-01-02,4,09:00,6.1091,3.2115,9.3206,64.73,0.15083,20.0,30.0,0.0
2024-01-02,5,09:15,5.6324,0.0,5.6324,64.73,0.091147,20.0,70.0,0.0
2024-01-02,6,09:30,5.8458,0.0,5.8458,64.73,0.0946,20.0,70.0,0.0
2024-01-02,7,09:45,5.1816,0.0,5.1816,64.73,0.083851,20.0,70.0,0.0
2024-01-02,8,10:00,6.7301,0.0,6.7301,68.98,0.116061,20.0,70.0,0.0
2024-01-02,9,10:15,3.9878,0.0,3.9878,68.98,0.06877,20.0,70.0,0.0
2024-01-02,10,10:30,1.8638,9.5021,11.3659,68.98,0.196006,80.0,70.0,0.0
2024-01-02,11,10:45,6.7293,17.0147,23.744,68.98,0.409464,80.0,70.0,0.0
2024-01-02,12,11:00,5.9956,17.1381,23.1337,73.54,0.425313,80.0,70.0,0.0
2024-01-02,13,11:15,7.1179,16.0793,23.1972,73.54,0.42648,80.0,70.0,0.0
2024-01-02,14,11:30,6.1091,3.2115,9.3206,73.54,0.171358,80.0,70.0,0.0
2024-01-02,15,11:45,5.6324,9.5021,15.1345,73.54,0.278249,40.0,110.0,0.0
2024-01-02,16,12:00,5.8458,17.0147,22.8605,78.16,0.446694,40.0,110.0,0.0
2024-01-02,17,12:15,5.1816,17.1381,22.3197,78.16,0.436126,40.0,110.0,0.0
2024-01-02,18,12:30,6.7301,16.0793,22.8094,78.16,0.445695,40.0,110.0,0.0
2024-01-02,19,12:45,3.9878,3.2115,7.1993,78.16,0.140674,40.0,110.0,0.0
2024-01-02,20,13:00,1.8638,9.5021,11.3659,78.87,0.224108,100.0,150.0,0.0
2024-01-02,21,13:15,6.7293,17.0147,23.744,78.87,0.468171,100.0,150.0,0.0
2024-01-02,22,13:30,5.9956,17.1381,23.1337,78.87,0.456138,100.0,150.0,0.0
2024-01-02,23,13:45,7.1179,16.0793,23.1972,78.87,0.45739,100.0,150.0,0.0
2024-01-02,24,14:00,6.1091,3.2115,9.3206,79.24,0.18464,100.0,150.0,0.0
2024-01-02,25,14:15,5.6324,9.5021,15.1345,79.24,0.299815,60.0,190.0,0.0
2024-01-02,26,14:30,5.8458,17.0147,22.8605,79.24,0.452866,60.0,190.0,0.0
2024-01-02,27,14:45,5.1816,17.1381,22.3197,79.24,0.442153,60.0,190.0,0.0
2024-01-02,28,15:00,6.7301,16.0793,22.8094,79.96,0.45596,60.0,0.0,190.0
2024-01-02,29,15:15,3.9878,3.2115,7.1993,79.96,0.143914,60.0,0.0,0.0
2024-01-02,30,15:30,0.0,9.5021,9.5021,79.96,0.189947,120.0,40.0,0.0
2024-01-02,31,15:45,0.0,17.0147,17.0147,79.96,0.340123,120.0,40.0,0.0
2024-01-02,32,16:00,0.0,17.1381,17.1381,83.46,0.357586,120.0,40.0,0.0
2024-01-02,33,16:15,0.0,16.0793,16.0793,83.46,0.335494,120.0,40.0,0.0
2024-01-02,34,16:30,0.0,3.2115,3.2115,83.46,0.067008,120.0,40.0,0.0
2024-01-02,35,16:45,0.0,9.5021,9.5021,83.46,0.198261,80.0,80.0,0.0
2024-01-02,36,17:00,0.0,17.0147,17.0147,80.92,0.344207,80.0,80.0,0.0
2024-01-02,37,17:15,0.0,17.1381,17.1381,80.92,0.346704,80.0,80.0,0.0
2024-01-02,38,17:30,0.0,16.0793,16.0793,80.92,0.325284,80.0,80.0,0.0
2024-01-02,39,17:45,0.0,3.2115,3.2115,80.92,0.064968,80.0,80.0,0.0
2024-01-02,40,18:00,0.0,9.5021,9.5021,74.95,0.178045,40.0,120.0,0.0
2024-01-02,41,18:15,0.0,17.0147,17.0147,74.95,0.318812,40.0,120.0,0.0
2024-01-02,42,18:30,0.0,17.1381,17.1381,74.95,0.321125,40.0,120.0,0.0
2024-01-02,43,18:45,0.0,16.0793,16.0793,74.95,0.301286,40.0,120.0,0.0
2024-01-02,44,19:00,0.0,3.2115,3.2115,63.18,0.050725,40.0,120.0,0.0
2024-01-02,45,19:15,0.0,0.0,0.0,63.18,0.0,40.0,160.0,0.0
2024-01-02,46,19:30,0.0,0.0,0.0,63.18,0.0,40.0,160.0,0.0
2024-01-02,47,19:45,0.0,0.0,0.0,63.18,0.0,40.0,160.0,0.0
2024-01-02,48,20:00,0.0,0.0,0.0,57.11,0.0,40.0,160.0,0.0
2024-01-02,49,20:15,0.0,0.0,0.0,57.11,0.0,40.0,160.0,0.0
2024-01-02,50,20:30,0.0,0.0,0.0,57.11,0.0,40.0,160.0,0.0
2024-01-02,51,20:45,0.0,0.0,0.0,57.11,0.0,40.0,160.0,0.0
2024-01-02,52,21:00,0.0,0.0,0.0,46.89,0.0,40.0,160.0,0.0
2024-01-02,53,21:15,0.0,0.0,0.0,46.89,0.0,40.0,160.0,0.0
2024-01-02,54,21:30,0.0,0.0,0.0,46.89,0.0,40.0,160.0,0.0
2024-01-02,55,21:45,0.0,0.0,0.0,46.89,0.0,40.0,30.0,130.0
2024-01-03,0,08:00,1.8638,9.5021,11.3659,59.61,0.169381,0.0,30.0,0.0
2024-01-03,1,08:15,6.7293,17.0147,23.744,59.61,0.353844,0.0,30.0,0.0
2024-01-03,2,08:30,5.9956,17.1381,23.1337,59.61,0.34475,0.0,30.0,0.0
2024-01-03,3,08:45,7.1179,16.0793,23.1972,59.61,0.345696,0.0,30.0,0.0
2024-01-03,4,09:00,6.1091,3.2115,9.3206,60.61,0.14123,0.0,30.0,0.0
2024-01-03,5,09:15,5.6324,0.0,5.6324,60.61,0.085346,0.0,70.0,0.0
2024-01-03,6,09:30,5.8458,0.0,5.8458,60.61,0.088579,0.0,70.0,0.0
2024-01-03,7,09:45,5.1816,0.0,5.1816,60.61,0.078514,0.0,70.0,0.0
2024-01-03,8,10:00,6.7301,0.0,6.7301,57.0,0.095904,0.0,70.0,0.0
2024-01-03,9,10:15,3.9878,0.0,3.9878,57.0,0.056826,0.0,70.0,0.0
2024-01-03,10,10:30,1.8638,9.5021,11.3659,57.0,0.161965,60.0,70.0,0.0
2024-01-03,11,10:45,6.7293,17.0147,23.744,57.0,0.338351,60.0,70.0,0.0
2024-01-03,12,11:00,5.9956,17.1381,23.1337,54.89,0.317452,60.0,70.0,0.0
2024-01-03,13,11:15,7.1179,16.0793,23.1972,54.89,0.318323,60.0,70.0,0.0
2024-01-03,14,11:30,6.1091,3.2115,9.3206,54.89,0.127901,60.0,70.0,0.0
2024-01-03,15,11:45,5.6324,9.5021,15.1345,54.89,0.207684,20.0,110.0,0.0
2024-01-03,16,12:00,5.8458,17.0147,22.8605,53.89,0.307988,20.0,110.0,0.0
2024-01-03,17,12:15,5.1816,17.1381,22.3197,53.89,0.300702,20.0,110.0,0.0
2024-01-03,18,12:30,6.7301,16.0793,22.8094,53.89,0.307299,20.0,110.0,0.0
2024-01-03,19,12:45,3.9878,3.2115,7.1993,53.89,0.096992,20.0,110.0,0.0
2024-01-03,20,13:00,1.8638,9.5021,11.3659,54.42,0.154634,80.0,150.0,0.0
2024-01-03,21,13:15,6.7293,17.0147,23.744,54.42,0.323036,80.0,150.0,0.0
2024-01-03,22,13:30,5.9956,17.1381,23.1337,54.42,0.314734,80.0,150.0,0.0
2024-01-03,23,13:45,7.1179,16.0793,23.1972,54.42,0.315598,80.0,150.0,0.0
2024-01-03,24,14:00,6.1091,3.2115,9.3206,60.86,0.141812,80.0,150.0,0.0
2024-01-03,25,14:15,5.6324,9.5021,15.1345,60.86,0.230272,40.0,190.0,0.0
2024-01-03,26,14:30,5.8458,17.0147,22.8605,60.86,0.347822,40.0,190.0,0.0
2024-01-03,27,14:45,5.1816,17.1381,22.3197,60.86,0.339594,40.0,190.0,0.0
2024-01-03,28,15:00,6.7301,16.0793,22.8094,67.18,0.383084,40.0,30.0,160.0
2024-01-03,29,15:15,3.9878,3.2115,7.1993,67.18,0.120912,40.0,30.0,0.0
2024-01-03,30,15:30,0.0,9.5021,9.5021,67.18,0.159588,100.0,70.0,0.0
2024-01-03,31,15:45,0.0,17.0147,17.0147,67.18,0.285761,100.0,70.0,0.0
2024-01-03,32,16:00,0.0,17.1381,17.1381,73.59,0.315298,100.0,70.0,0.0
2024-01-03,33,16:15,0.0,16.0793,16.0793,73.59,0.295819,100.0,70.0,0.0
2024-01-03,34,16:30,0.0,3.2115,3.2115,73.59,0.059083,100.0,70.0,0.0
2024-01-03,35,16:45,0.0,9.5021,9.5021,73.59,0.174815,60.0,110.0,0.0
2024-01-03,36,17:00,0.0,17.0147,17.0147,82.28,0.349992,60.0,110.0,0.0
2024-01-03,37,17:15,0.0,17.1381,17.1381,82.28,0.352531,60.0,110.0,0.0
2024-01-03,38,17:30,0.0,16.0793,16.0793,82.28,0.330751,60.0,110.0,0.0
2024-01-03,39,17:45,0.0,3.2115,3.2115,82.28,0.06606,60.0,110.0,0.0
2024-01-03,40,18:00,0.0,0.0,0.0,82.97,0.0,60.0,150.0,0.0
2024-01-03,41,18:15,0.0,0.0,0.0,82.97,0.0,60.0,150.0,0.0
2024-01-03,42,18:30,0.0,0.0,0.0,82.97,0.0,60.0,150.0,0.0
2024-01-03,43,18:45,0.0,0.0,0.0,82.97,0.0,60.0,150.0,0.0
2024-01-03,44,19:00,0.0,0.0,0.0,79.03,0.0,60.0,150.0,0.0
2024-01-03,45,19:15,0.0,0.0,0.0,79.03,0.0,60.0,150.0,0.0
2024-01-03,46,19:30,0.0,0.0,0.0,79.03,0.0,60.0,150.0,0.0
2024-01-03,47,19:45,0.0,0.0,0.0,79.03,0.0,60.0,150.0,0.0
2024-01-03,48,20:00,0.0,0.0,0.0,73.23,0.0,60.0,150.0,0.0
2024-01-03,49,20:15,0.0,0.0,0.0,73.23,0.0,60.0,150.0,0.0
2024-01-03,50,20:30,0.0,0.0,0.0,73.23,0.0,60.0,150.0,0.0
2024-01-03,51,20:45,0.0,0.0,0.0,73.23,0.0,60.0,150.0,0.0
2024-01-03,52,21:00,0.0,0.0,0.0,67.41,0.0,60.0,150.0,0.0
2024-01-03,53,21:15,0.0,0.0,0.0,67.41,0.0,60.0,150.0,0.0
2024-01-03,54,21:30,0.0,0.0,0.0,67.41,0.0,60.0,150.0,0.0
2024-01-03,55,21:45,0.0,0.0,0.0,67.41,0.0,60.0,10.0,140.0
2024-01-04,0,08:00,1.8638,9.5021,11.3659,91.47,0.25991,20.0,10.0,0.0
2024-01-04,1,08:15,6.7293,17.0147,23.744,91.47,0.542965,20.0,10.0,0.0
2024-01-04,2,08:30,5.9956,17.1381,23.1337,91.47,0.529009,20.0,10.0,0.0
2024-01-04,3,08:45,7.1179,16.0793,23.1972,91.47,0.530461,20.0,10.0,0.0
2024-01-04,4,09:00,6.1091,3.2115,9.3206,94.2,0.219499,20.0,10.0,0.0
2024-01-04,5,09:15,5.6324,0.0,5.6324,94.2,0.132644,20.0,50.0,0.0
2024-01-04,6,09:30,5.8458,0.0,5.8458,94.2,0.137669,20.0,50.0,0.0
2024-01-04,7,09:45,5.1816,0.0,5.1816,94.2,0.122026,20.0,50.0,0.0
2024-01-04,8,10:00,6.7301,0.0,6.7301,91.61,0.154136,20.0,50.0,0.0
2024-01-04,9,10:15,3.9878,0.0,3.9878,91.61,0.091331,20.0,50.0,0.0
2024-01-04,10,10:30,1.8638,9.5021,11.3659,91.61,0.260308,80.0,50.0,0.0
2024-01-04,11,10:45,6.7293,17.0147,23.744,91.61,0.543796,80.0,50.0,0.0
2024-01-04,12,11:00,5.9956,17.1381,23.1337,90.03,0.520681,80.0,50.0,0.0
2024-01-04,13,11:15,7.1179,16.0793,23.1972,90.03,0.52211,80.0,50.0,0.0
2024-01-04,14,11:30,6.1091,3.2115,9.3206,90.03,0.209783,80.0,50.0,0.0
2024-01-04,15,11:45,5.6324,9.5021,15.1345,90.03,0.340641,40.0,90.0,0.0
2024-01-04,16,12:00,5.8458,17.0147,22.8605,86.3,0.493215,40.0,90.0,0.0
2024-01-04,17,12:15,5.1816,17.1381,22.3197,86.3,0.481547,40.0,90.0,0.0
2024-01-04,18,12:30,6.7301,16.0793,22.8094,86.3,0.492112,40.0,90.0,0.0
2024-01-04,19,12:45,3.9878,3.2115,7.1993,86.3,0.155325,40.0,90.0,0.0
2024-01-04,20,13:00,0.0,9.5021,9.5021,85.96,0.2042,100.0,130.0,0.0
2024-01-04,21,13:15,0.0,17.0147,17.0147,85.96,0.365645,100.0,130.0,0.0
2024-01-04,22,13:30,0.0,17.1381,17.1381,85.96,0.368298,100.0,130.0,0.0
2024-01-04,23,13:45,0.0,16.0793,16.0793,85.96,0.345544,100.0,130.0,0.0
2024-01-04,24,14:00,0.0,3.2115,3.2115,92.11,0.073953,100.0,130.0,0.0
2024-01-04,25,14:15,0.0,9.5021,9.5021,92.11,0.218809,60.0,170.0,0.0
2024-01-04,26,14:30,0.0,17.0147,17.0147,92.11,0.391805,60.0,170.0,0.0
2024-01-04,27,14:45,0.0,17.1381,17.1381,92.11,0.394647,60.0,170.0,0.0
2024-01-04,28,15:00,0.0,16.0793,16.0793,98.62,0.396435,60.0,30.0,140.0
2024-01-04,29,15:15,0.0,3.2115,3.2115,98.62,0.079179,60.0,30.0,0.0
2024-01-04,30,15:30,0.0,9.5021,9.5021,98.62,0.234274,20.0,70.0,0.0
2024-01-04,31,15:45,0.0,17.0147,17.0147,98.62,0.419497,20.0,70.0,0.0
2024-01-04,32,16:00,0.0,17.1381,17.1381,105.73,0.453003,20.0,70.0,0.0
2024-01-04,33,16:15,0.0,16.0793,16.0793,105.73,0.425016,20.0,70.0,0.0
2024-01-04,34,16:30,0.0,3.2115,3.2115,105.73,0.084888,20.0,70.0,0.0
2024-01-04,35,16:45,0.0,0.0,0.0,105.73,0.0,20.0,110.0,0.0
2024-01-04,36,17:00,0.0,0.0,0.0,133.23,0.0,20.0,110.0,0.0
2024-01-04,37,17:15,0.0,0.0,0.0,133.23,0.0,20.0,110.0,0.0
2024-01-04,38,17:30,0.0,0.0,0.0,133.23,0.0,20.0,110.0,0.0
2024-01-04,39,17:45,0.0,0.0,0.0,133.23,0.0,20.0,110.0,0.0
2024-01-04,40,18:00,0.0,0.0,0.0,144.65,0.0,20.0,110.0,0.0
2024-01-04,41,18:15,0.0,0.0,0.0,144.65,0.0,20.0,110.0,0.0
2024-01-04,42,18:30,0.0,0.0,0.0,144.65,0.0,20.0,110.0,0.0
2024-01-04,43,18:45,0.0,0.0,0.0,144.65,0.0,20.0,110.0,0.0
2024-01-04,44,19:00,0.0,0.0,0.0,125.0,0.0,20.0,110.0,0.0
2024-01-04,45,19:15,0.0,0.0,0.0,125.0,0.0,20.0,110.0,0.0
2024-01-04,46,19:30,0.0,0.0,0.0,125.0,0.0,20.0,110.0,0.0
2024-01-04,47,19:45,0.0,0.0,0.0,125.0,0.0,20.0,110.0,0.0
2024-01-04,48,20:00,0.0,0.0,0.0,103.59,0.0,20.0,110.0,0.0
2024-01-04,49,20:15,0.0,0.0,0.0,103.59,0.0,20.0,110.0,0.0
2024-01-04,50,20:30,0.0,0.0,0.0,103.59,0.0,20.0,110.0,0.0
2024-01-04,51,20:45,0.0,0.0,0.0,103.59,0.0,20.0,110.0,0.0
2024-01-04,52,21:00,0.0,0.0,0.0,100.01,0.0,20.0,110.0,0.0
2024-01-04,53,21:15,0.0,0.0,0.0,100.01,0.0,20.0,110.0,0.0
2024-01-04,54,21:30,0.0,0.0,0.0,100.01,0.0,20.0,110.0,0.0
2024-01-04,55,21:45,0.0,0.0,0.0,100.01,0.0,20.0,10.0,100.0
2024-01-05,0,08:00,1.8638,0.0,1.8638,89.57,0.041736,20.0,10.0,0.0
2024-01-05,1,08:15,6.7293,0.0,6.7293,89.57,0.150685,20.0,10.0,0.0
2024-01-05,2,08:30,5.9956,0.0,5.9956,89.57,0.134256,20.0,10.0,0.0
2024-01-05,3,08:45,7.1179,0.0,7.1179,89.57,0.159387,20.0,10.0,0.0
2024-01-05,4,09:00,6.1091,0.0,6.1091,94.93,0.144984,20.0,10.0,0.0
2024-01-05,5,09:15,5.6324,0.0,5.6324,94.93,0.133672,20.0,10.0,0.0
2024-01-05,6,09:30,5.8458,0.0,5.8458,94.93,0.138736,20.0,10.0,0.0
2024-01-05,7,09:45,5.1816,0.0,5.1816,94.93,0.122972,20.0,10.0,0.0
2024-01-05,8,10:00,6.7301,0.0,6.7301,96.28,0.161994,20.0,10.0,0.0
2024-01-05,9,10:15,3.9878,0.0,3.9878,96.28,0.095986,20.0,10.0,0.0
2024-01-05,10,10:30,1.8638,9.5021,11.3659,96.28,0.273578,80.0,10.0,0.0
2024-01-05,11,10:45,6.7293,17.0147,23.744,96.28,0.571517,80.0,10.0,0.0
2024-01-05,12,11:00,5.9956,17.1381,23.1337,98.22,0.568048,80.0,10.0,0.0
2024-01-05,13,11:15,7.1179,16.0793,23.1972,98.22,0.569607,80.0,10.0,0.0
2024-01-05,14,11:30,6.1091,3.2115,9.3206,98.22,0.228866,80.0,10.0,0.0
2024-01-05,15,11:45,5.6324,9.5021,15.1345,98.22,0.371629,40.0,50.0,0.0
2024-01-05,16,12:00,5.8458,17.0147,22.8605,92.24,0.527163,40.0,50.0,0.0
2024-01-05,17,12:15,5.1816,17.1381,22.3197,92.24,0.514692,40.0,50.0,0.0
2024-01-05,18,12:30,6.7301,16.0793,22.8094,92.24,0.525984,40.0,50.0,0.0
2024-01-05,19,12:45,3.9878,3.2115,7.1993,92.24,0.166016,40.0,50.0,0.0
2024-01-05,20,13:00,0.0,9.5021,9.5021,91.54,0.217455,100.0,90.0,0.0
2024-01-05,21,13:15,0.0,17.0147,17.0147,91.54,0.389381,100.0,90.0,0.0
2024-01-05,22,13:30,0.0,17.1381,17.1381,91.54,0.392205,100.0,90.0,0.0
2024-01-05,23,13:45,0.0,16.0793,16.0793,91.54,0.367974,100.0,90.0,0.0
2024-01-05,24,14:00,0.0,3.2115,3.2115,96.41,0.077405,100.0,90.0,0.0
2024-01-05,25,14:15,0.0,9.5021,9.5021,96.41,0.229024,60.0,130.0,0.0
2024-01-05,26,14:30,0.0,17.0147,17.0147,96.41,0.410096,60.0,130.0,0.0
2024-01-05,27,14:45,0.0,17.1381,17.1381,96.41,0.413071,60.0,130.0,0.0
2024-01-05,28,15:00,0.0,16.0793,16.0793,100.05,0.402183,60.0,130.0,0.0
2024-01-05,29,15:15,0.0,3.2115,3.2115,100.05,0.080327,60.0,130.0,0.0
2024-01-05,30,15:30,0.0,0.0,0.0,100.05,0.0,60.0,170.0,0.0
2024-01-05,31,15:45,0.0,0.0,0.0,100.05,0.0,60.0,170.0,0.0
2024-01-05,32,16:00,0.0,0.0,0.0,102.97,0.0,60.0,170.0,0.0
2024-01-05,33,16:15,0.0,0.0,0.0,102.97,0.0,60.0,170.0,0.0
2024-01-05,34,16:30,0.0,0.0,0.0,102.97,0.0,60.0,170.0,0.0
2024-01-05,35,16:45,0.0,0.0,0.0,102.97,0.0,60.0,170.0,0.0
2024-01-05,36,17:00,0.0,0.0,0.0,107.38,0.0,60.0,170.0,0.0
2024-01-05,37,17:15,0.0,0.0,0.0,107.38,0.0,60.0,170.0,0.0
2024-01-05,38,17:30,0.0,0.0,0.0,107.38,0.0,60.0,170.0,0.0
2024-01-05,39,17:45,0.0,0.0,0.0,107.38,0.0,60.0,170.0,0.0
2024-01-05,40,18:00,0.0,0.0,0.0,108.45,0.0,60.0,170.0,0.0
2024-01-05,41,18:15,0.0,0.0,0.0,108.45,0.0,60.0,170.0,0.0
2024-01-05,42,18:30,0.0,0.0,0.0,108.45,0.0,60.0,170.0,0.0
2024-01-05,43,18:45,0.0,0.0,0.0,108.45,0.0,60.0,170.0,0.0
2024-01-05,44,19:00,0.0,0.0,0.0,103.96,0.0,60.0,170.0,0.0
2024-01-05,45,19:15,0.0,0.0,0.0,103.96,0.0,60.0,170.0,0.0
2024-01-05,46,19:30,0.0,0.0,0.0,103.96,0.0,60.0,170.0,0.0
2024-01-05,47,19:45,0.0,0.0,0.0,103.96,0.0,60.0,170.0,0.0
2024-01-05,48,20:00,0.0,0.0,0.0,100.09,0.0,60.0,170.0,0.0
2024-01-05,49,20:15,0.0,0.0,0.0,100.09,0.0,60.0,170.0,0.0
2024-01-05,50,20:30,0.0,0.0,0.0,100.09,0.0,60.0,170.0,0.0
2024-01-05,51,20:45,0.0,0.0,0.0,100.09,0.0,60.0,170.0,0.0
2024-01-05,52,21:00,0.0,0.0,0.0,94.19,0.0,60.0,170.0,0.0
2024-01-05,53,21:15,0.0,0.0,0.0,94.19,0.0,60.0,170.0,0.0
2024-01-05,54,21:30,0.0,0.0,0.0,94.19,0.0,60.0,170.0,0.0
2024-01-05,55,21:45,0.0,0.0,0.0,94.19,0.0,60.0,10.0,160.0
2024-01-08,0,08:00,1.8638,9.5021,11.3659,121.11,0.344132,20.0,10.0,0.0
2024-01-08,1,08:15,6.7293,17.0147,23.744,121.11,0.718908,20.0,10.0,0.0
2024-01-08,2,08:30,5.9956,17.1381,23.1337,121.11,0.70043,20.0,10.0,0.0
2024-01-08,3,08:45,7.1179,16.0793,23.1972,121.11,0.702352,20.0,10.0,0.0
2024-01-08,4,09:00,6.1091,3.2115,9.3206,117.83,0.27456,20.0,10.0,0.0
2024-01-08,5,09:15,5.6324,0.0,5.6324,117.83,0.165918,20.0,50.0,0.0
2024-01-08,6,09:30,5.8458,0.0,5.8458,117.83,0.172203,20.0,50.0,0.0
2024-01-08,7,09:45,5.1816,0.0,5.1816,117.83,0.152636,20.0,50.0,0.0
2024-01-08,8,10:00,6.7301,0.0,6.7301,110.6,0.186087,20.0,50.0,0.0
2024-01-08,9,10:15,3.9878,0.0,3.9878,110.6,0.110263,20.0,50.0,0.0
2024-01-08,10,10:30,1.8638,9.5021,11.3659,110.6,0.314268,80.0,50.0,0.0
2024-01-08,11,10:45,6.7293,17.0147,23.744,110.6,0.65652,80.0,50.0,0.0
2024-01-08,12,11:00,5.9956,17.1381,23.1337,103.0,0.595692,80.0,50.0,0.0
2024-01-08,13,11:15,7.1179,16.0793,23.1972,103.0,0.597327,80.0,50.0,0.0
2024-01-08,14,11:30,6.1091,3.2115,9.3206,103.0,0.240004,80.0,50.0,0.0
2024-01-08,15,11:45,5.6324,9.5021,15.1345,103.0,0.389714,40.0,90.0,0.0
2024-01-08,16,12:00,5.8458,17.0147,22.8605,95.5,0.545794,40.0,90.0,0.0
2024-01-08,17,12:15,5.1816,17.1381,22.3197,95.5,0.532882,40.0,90.0,0.0
2024-01-08,18,12:30,6.7301,16.0793,22.8094,95.5,0.544574,40.0,90.0,0.0
2024-01-08,19,12:45,3.9878,3.2115,7.1993,95.5,0.171883,40.0,90.0,0.0
2024-01-08,20,13:00,1.8638,9.5021,11.3659,92.6,0.263121,100.0,130.0,0.0
2024-01-08,21,13:15,6.7293,17.0147,23.744,92.6,0.549673,100.0,130.0,0.0
2024-01-08,22,13:30,5.9956,17.1381,23.1337,92.6,0.535545,100.0,130.0,0.0
2024-01-08,23,13:45,7.1179,16.0793,23.1972,92.6,0.537015,100.0,130.0,0.0
2024-01-08,24,14:00,6.1091,3.2115,9.3206,100.0,0.233014,100.0,130.0,0.0
2024-01-08,25,14:15,5.6324,9.5021,15.1345,100.0,0.378364,60.0,170.0,0.0
2024-01-08,26,14:30,5.8458,17.0147,22.8605,100.0,0.571512,60.0,170.0,0.0
2024-01-08,27,14:45,5.1816,17.1381,22.3197,100.0,0.557992,60.0,170.0,0.0
2024-01-08,28,15:00,6.7301,16.0793,22.8094,107.98,0.615739,60.0,20.0,150.0
2024-01-08,29,15:15,3.9878,3.2115,7.1993,107.98,0.194345,60.0,20.0,0.0
2024-01-08,30,15:30,1.8638,9.5021,11.3659,107.98,0.306823,120.0,60.0,0.0
2024-01-08,31,15:45,6.7293,17.0147,23.744,107.98,0.640968,120.0,60.0,0.0
2024-01-08,32,16:00,5.9956,17.1381,23.1337,116.87,0.675908,120.0,60.0,0.0
2024-01-08,33,16:15,7.1179,16.0793,23.1972,116.87,0.677763,120.0,60.0,0.0
2024-01-08,34,16:30,6.1091,3.2115,9.3206,116.87,0.272323,120.0,60.0,0.0
2024-01-08,35,16:45,5.6324,9.5021,15.1345,116.87,0.442193,80.0,100.0,0.0
2024-01-08,36,17:00,5.8458,17.0147,22.8605,129.13,0.737994,80.0,100.0,0.0
2024-01-08,37,17:15,5.1816,17.1381,22.3197,129.13,0.720535,80.0,100.0,0.0
2024-01-08,38,17:30,6.7301,16.0793,22.8094,129.13,0.736344,80.0,100.0,0.0
2024-01-08,39,17:45,3.9878,3.2115,7.1993,129.13,0.232411,80.0,100.0,0.0
2024-01-08,40,18:00,0.0,9.5021,9.5021,130.01,0.308842,140.0,140.0,0.0
2024-01-08,41,18:15,0.0,17.0147,17.0147,130.01,0.553019,140.0,140.0,0.0
2024-01-08,42,18:30,0.0,17.1381,17.1381,130.01,0.557031,140.0,140.0,0.0
2024-01-08,43,18:45,0.0,16.0793,16.0793,130.01,0.522617,140.0,140.0,0.0
2024-01-08,44,19:00,0.0,3.2115,3.2115,122.12,0.098047,140.0,140.0,0.0
2024-01-08,45,19:15,0.0,9.5021,9.5021,122.12,0.290099,100.0,180.0,0.0
2024-01-08,46,19:30,0.0,17.0147,17.0147,122.12,0.519458,100.0,180.0,0.0
2024-01-08,47,19:45,0.0,17.1381,17.1381,122.12,0.523226,100.0,180.0,0.0
2024-01-08,48,20:00,0.0,16.0793,16.0793,114.21,0.459104,100.0,180.0,0.0
2024-01-08,49,20:15,0.0,3.2115,3.2115,114.21,0.091696,100.0,180.0,0.0
2024-01-08,50,20:30,0.0,9.5021,9.5021,114.21,0.271309,60.0,220.0,0.0
2024-01-08,51,20:45,0.0,17.0147,17.0147,114.21,0.485811,60.0,220.0,0.0
2024-01-08,52,21:00,0.0,17.1381,17.1381,102.83,0.440578,60.0,220.0,0.0
2024-01-08,53,21:15,0.0,16.0793,16.0793,102.83,0.413358,60.0,220.0,0.0
2024-01-08,54,21:30,0.0,3.2115,3.2115,102.83,0.082559,60.0,220.0,0.0
2024-01-08,55,21:45,0.0,0.0,0.0,102.83,0.0,60.0,80.0,180.0
2024-01-09,0,08:00,1.8638,9.5021,11.3659,133.24,0.378599,20.0,80.0,0.0
2024-01-09,1,08:15,6.7293,17.0147,23.744,133.24,0.790911,20.0,80.0,0.0
2024-01-09,2,08:30,5.9956,17.1381,23.1337,133.24,0.770583,20.0,80.0,0.0
2024-01-09,3,08:45,7.1179,16.0793,23.1972,133.24,0.772698,20.0,80.0,0.0
2024-01-09,4,09:00,6.1091,3.2115,9.3206,120.91,0.281737,20.0,80.0,0.0
2024-01-09,5,09:15,5.6324,0.0,5.6324,120.91,0.170255,20.0,120.0,0.0
2024-01-09,6,09:30,5.8458,0.0,5.8458,120.91,0.176704,20.0,120.0,0.0
2024-01-09,7,09:45,5.1816,0.0,5.1816,120.91,0.156626,20.0,120.0,0.0
2024-01-09,8,10:00,6.7301,0.0,6.7301,113.19,0.190445,20.0,120.0,0.0
2024-01-09,9,10:15,3.9878,0.0,3.9878,113.19,0.112845,20.0,120.0,0.0
2024-01-09,10,10:30,1.8638,9.5021,11.3659,113.19,0.321627,80.0,120.0,0.0
2024-01-09,11,10:45,6.7293,17.0147,23.744,113.19,0.671895,80.0,120.0,0.0
2024-01-09,12,11:00,5.9956,17.1381,23.1337,105.78,0.61177,80.0,120.0,0.0
2024-01-09,13,11:15,7.1179,16.0793,23.1972,105.78,0.613449,80.0,120.0,0.0
2024-01-09,14,11:30,6.1091,3.2115,9.3206,105.78,0.246482,80.0,120.0,0.0
2024-01-09,15,11:45,5.6324,9.5021,15.1345,105.78,0.400233,40.0,160.0,0.0
2024-01-09,16,12:00,5.8458,17.0147,22.8605,100.22,0.572769,40.0,160.0,0.0
2024-01-09,17,12:15,5.1816,17.1381,22.3197,100.22,0.559219,40.0,160.0,0.0
2024-01-09,18,12:30,6.7301,16.0793,22.8094,100.22,0.571489,40.0,160.0,0.0
2024-01-09,19,12:45,3.9878,3.2115,7.1993,100.22,0.180378,40.0,160.0,0.0
2024-01-09,20,13:00,1.8638,9.5021,11.3659,100.82,0.286478,100.0,200.0,0.0
2024-01-09,21,13:15,6.7293,17.0147,23.744,100.82,0.598466,100.0,200.0,0.0
2024-01-09,22,13:30,5.9956,17.1381,23.1337,100.82,0.583084,100.0,200.0,0.0
2024-01-09,23,13:45,7.1179,16.0793,23.1972,100.82,0.584685,100.0,200.0,0.0
2024-01-09,24,14:00,6.1091,3.2115,9.3206,110.89,0.258389,100.0,200.0,0.0
2024-01-09,25,14:15,5.6324,9.5021,15.1345,110.89,0.419567,60.0,240.0,0.0
2024-01-09,26,14:30,5.8458,17.0147,22.8605,110.89,0.63375,60.0,240.0,0.0
2024-01-09,27,14:45,5.1816,17.1381,22.3197,110.89,0.618757,60.0,240.0,0.0
2024-01-09,28,15:00,6.7301,16.0793,22.8094,119.4,0.68086,60.0,60.0,180.0
2024-01-09,29,15:15,3.9878,3.2115,7.1993,119.4,0.214899,60.0,60.0,0.0
2024-01-09,30,15:30,0.0,9.5021,9.5021,119.4,0.283637,120.0,100.0,0.0
2024-01-09,31,15:45,0.0,17.0147,17.0147,119.4,0.507888,120.0,100.0,0.0
2024-01-09,32,16:00,0.0,17.1381,17.1381,127.85,0.547776,120.0,100.0,0.0
2024-01-09,33,16:15,0.0,16.0793,16.0793,127.85,0.513934,120.0,100.0,0.0
2024-01-09,34,16:30,0.0,3.2115,3.2115,127.85,0.102647,120.0,100.0,0.0
2024-01-09,35,16:45,0.0,9.5021,9.5021,127.85,0.303711,80.0,140.0,0.0
2024-01-09,36,17:00,0.0,17.0147,17.0147,137.84,0.586326,80.0,140.0,0.0
2024-01-09,37,17:15,0.0,17.1381,17.1381,137.84,0.590579,80.0,140.0,0.0
2024-01-09,38,17:30,0.0,16.0793,16.0793,137.84,0.554092,80.0,140.0,0.0
2024-01-09,39,17:45,0.0,3.2115,3.2115,137.84,0.110668,80.0,140.0,0.0
2024-01-09,40,18:00,0.0,0.0,0.0,137.8,0.0,80.0,180.0,0.0
2024-01-09,41,18:15,0.0,0.0,0.0,137.8,0.0,80.0,180.0,0.0
2024-01-09,42,18:30,0.0,0.0,0.0,137.8,0.0,80.0,180.0,0.0
2024-01-09,43,18:45,0.0,0.0,0.0,137.8,0.0,80.0,180.0,0.0
2024-01-09,44,19:00,0.0,0.0,0.0,130.43,0.0,80.0,180.0,0.0
2024-01-09,45,19:15,0.0,0.0,0.0,130.43,0.0,80.0,180.0,0.0
2024-01-09,46,19:30,0.0,0.0,0.0,130.43,0.0,80.0,180.0,0.0
2024-01-09,47,19:45,0.0,0.0,0.0,130.43,0.0,80.0,180.0,0.0
2024-01-09,48,20:00,0.0,0.0,0.0,120.24,0.0,80.0,180.0,0.0
2024-01-09,49,20:15,0.0,0.0,0.0,120.24,0.0,80.0,180.0,0.0
2024-01-09,50,20:30,0.0,0.0,0.0,120.24,0.0,80.0,180.0,0.0
2024-01-09,51,20:45,0.0,0.0,0.0,120.24,0.0,80.0,180.0,0.0
2024-01-09,52,21:00,0.0,0.0,0.0,111.68,0.0,80.0,180.0,0.0
2024-01-09,53,21:15,0.0,0.0,0.0,111.68,0.0,80.0,180.0,0.0
2024-01-09,54,21:30,0.0,0.0,0.0,111.68,0.0,80.0,180.0,0.0
2024-01-09,55,21:45,0.0,0.0,0.0,111.68,0.0,80.0,30.0,150.0
2024-01-10,0,08:00,1.8638,9.5021,11.3659,141.28,0.401445,40.0,30.0,0.0
2024-01-10,1,08:15,6.7293,17.0147,23.744,141.28,0.838636,40.0,30.0,0.0
2024-01-10,2,08:30,5.9956,17.1381,23.1337,141.28,0.817082,40.0,30.0,0.0
2024-01-10,3,08:45,7.1179,16.0793,23.1972,141.28,0.819324,40.0,30.0,0.0
2024-01-10,4,09:00,6.1091,3.2115,9.3206,130.39,0.303827,40.0,30.0,0.0
2024-01-10,5,09:15,5.6324,9.5021,15.1345,130.39,0.493348,0.0,70.0,0.0
2024-01-10,6,09:30,5.8458,17.0147,22.8605,130.39,0.745195,0.0,70.0,0.0
2024-01-10,7,09:45,5.1816,17.1381,22.3197,130.39,0.727565,0.0,70.0,0.0
2024-01-10,8,10:00,6.7301,16.0793,22.8094,118.56,0.67607,0.0,70.0,0.0
2024-01-10,9,10:15,3.9878,3.2115,7.1993,118.56,0.213387,0.0,70.0,0.0
2024-01-10,10,10:30,1.8638,9.5021,11.3659,118.56,0.336886,60.0,110.0,0.0
2024-01-10,11,10:45,6.7293,17.0147,23.744,118.56,0.703771,60.0,110.0,0.0
2024-01-10,12,11:00,5.9956,17.1381,23.1337,109.13,0.631145,60.0,110.0,0.0
2024-01-10,13,11:15,7.1179,16.0793,23.1972,109.13,0.632877,60.0,110.0,0.0
2024-01-10,14,11:30,6.1091,3.2115,9.3206,109.13,0.254288,60.0,110.0,0.0
2024-01-10,15,11:45,5.6324,9.5021,15.1345,109.13,0.412908,20.0,150.0,0.0
2024-01-10,16,12:00,5.8458,17.0147,22.8605,102.21,0.584143,20.0,150.0,0.0
2024-01-10,17,12:15,5.1816,17.1381,22.3197,102.21,0.570323,20.0,150.0,0.0
2024-01-10,18,12:30,6.7301,16.0793,22.8094,102.21,0.582837,20.0,150.0,0.0
2024-01-10,19,12:45,3.9878,3.2115,7.1993,102.21,0.18396,20.0,150.0,0.0
2024-01-10,20,13:00,1.8638,9.5021,11.3659,105.61,0.300089,80.0,190.0,0.0
2024-01-10,21,13:15,6.7293,17.0147,23.744,105.61,0.6269,80.0,190.0,0.0
2024-01-10,22,13:30,5.9956,17.1381,23.1337,105.61,0.610787,80.0,190.0,0.0
2024-01-10,23,13:45,7.1179,16.0793,23.1972,105.61,0.612463,80.0,190.0,0.0
2024-01-10,24,14:00,6.1091,3.2115,9.3206,112.91,0.263096,80.0,190.0,0.0
2024-01-10,25,14:15,5.6324,9.5021,15.1345,112.91,0.42721,40.0,230.0,0.0
2024-01-10,26,14:30,5.8458,17.0147,22.8605,112.91,0.645294,40.0,230.0,0.0
2024-01-10,27,14:45,5.1816,17.1381,22.3197,112.91,0.630028,40.0,230.0,0.0
2024-01-10,28,15:00,6.7301,16.0793,22.8094,123.8,0.70595,40.0,50.0,180.0
2024-01-10,29,15:15,3.9878,3.2115,7.1993,123.8,0.222818,40.0,50.0,0.0
2024-01-10,30,15:30,0.0,9.5021,9.5021,123.8,0.29409,100.0,90.0,0.0
2024-01-10,31,15:45,0.0,17.0147,17.0147,123.8,0.526604,100.0,90.0,0.0
2024-01-10,32,16:00,0.0,17.1381,17.1381,134.64,0.576868,100.0,90.0,0.0
2024-01-10,33,16:15,0.0,16.0793,16.0793,134.64,0.541229,100.0,90.0,0.0
2024-01-10,34,16:30,0.0,3.2115,3.2115,134.64,0.108099,100.0,90.0,0.0
2024-01-10,35,16:45,0.0,9.5021,9.5021,134.64,0.31984,60.0,130.0,0.0
2024-01-10,36,17:00,0.0,17.0147,17.0147,143.79,0.611635,60.0,130.0,0.0
2024-01-10,37,17:15,0.0,17.1381,17.1381,143.79,0.616072,60.0,130.0,0.0
2024-01-10,38,17:30,0.0,16.0793,16.0793,143.79,0.57801,60.0,130.0,0.0
2024-01-10,39,17:45,0.0,3.2115,3.2115,143.79,0.115445,60.0,130.0,0.0
2024-01-10,40,18:00,0.0,0.0,0.0,140.0,0.0,60.0,170.0,0.0
2024-01-10,41,18:15,0.0,0.0,0.0,140.0,0.0,60.0,170.0,0.0
2024-01-10,42,18:30,0.0,0.0,0.0,140.0,0.0,60.0,170.0,0.0
2024-01-10,43,18:45,0.0,0.0,0.0,140.0,0.0,60.0,170.0,0.0
2024-01-10,44,19:00,0.0,0.0,0.0,132.15,0.0,60.0,170.0,0.0
2024-01-10,45,19:15,0.0,0.0,0.0,132.15,0.0,60.0,170.0,0.0
2024-01-10,46,19:30,0.0,0.0,0.0,132.15,0.0,60.0,170.0,0.0
2024-01-10,47,19:45,0.0,0.0,0.0,132.15,0.0,60.0,170.0,0.0
2024-01-10,48,20:00,0.0,0.0,0.0,120.0,0.0,60.0,170.0,0.0
2024-01-10,49,20:15,0.0,0.0,0.0,120.0,0.0,60.0,170.0,0.0
2024-01-10,50,20:30,0.0,0.0,0.0,120.0,0.0,60.0,170.0,0.0
2024-01-10,51,20:45,0.0,0.0,0.0,120.0,0.0,60.0,170.0,0.0
2024-01-10,52,21:00,0.0,0.0,0.0,109.76,0.0,60.0,170.0,0.0
2024-01-10,53,21:15,0.0,0.0,0.0,109.76,0.0,60.0,170.0,0.0
2024-01-10,54,21:30,0.0,0.0,0.0,109.76,0.0,60.0,170.0,0.0
2024-01-10,55,21:45,0.0,0.0,0.0,109.76,0.0,60.0,40.0,130.0
2024-01-11,0,08:00,1.8638,9.5021,11.3659,141.0,0.400649,20.0,40.0,0.0
2024-01-11,1,08:15,6.7293,17.0147,23.744,141.0,0.836974,20.0,40.0,0.0
2024-01-11,2,08:30,5.9956,17.1381,23.1337,141.0,0.815462,20.0,40.0,0.0
2024-01-11,3,08:45,7.1179,16.0793,23.1972,141.0,0.8177,20.0,40.0,0.0
2024-01-11,4,09:00,6.1091,3.2115,9.3206,129.16,0.300961,20.0,40.0,0.0
2024-01-11,5,09:15,5.6324,0.0,5.6324,129.16,0.181872,20.0,80.0,0.0
2024-01-11,6,09:30,5.8458,0.0,5.8458,129.16,0.188761,20.0,80.0,0.0
2024-01-11,7,09:45,5.1816,0.0,5.1816,129.16,0.167313,20.0,80.0,0.0
2024-01-11,8,10:00,6.7301,0.0,6.7301,113.65,0.191219,20.0,80.0,0.0
2024-01-11,9,10:15,3.9878,0.0,3.9878,113.65,0.113303,20.0,80.0,0.0
2024-01-11,10,10:30,1.8638,9.5021,11.3659,113.65,0.322935,80.0,80.0,0.0
2024-01-11,11,10:45,6.7293,17.0147,23.744,113.65,0.674625,80.0,80.0,0.0
2024-01-11,12,11:00,5.9956,17.1381,23.1337,106.48,0.615819,80.0,80.0,0.0
2024-01-11,13,11:15,7.1179,16.0793,23.1972,106.48,0.617509,80.0,80.0,0.0
2024-01-11,14,11:30,6.1091,3.2115,9.3206,106.48,0.248113,80.0,80.0,0.0
2024-01-11,15,11:45,5.6324,9.5021,15.1345,106.48,0.402881,40.0,120.0,0.0
2024-01-11,16,12:00,5.8458,17.0147,22.8605,99.38,0.567969,40.0,120.0,0.0
2024-01-11,17,12:15,5.1816,17.1381,22.3197,99.38,0.554532,40.0,120.0,0.0
2024-01-11,18,12:30,6.7301,16.0793,22.8094,99.38,0.566699,40.0,120.0,0.0
2024-01-11,19,12:45,3.9878,3.2115,7.1993,99.38,0.178866,40.0,120.0,0.0
2024-01-11,20,13:00,1.8638,9.5021,11.3659,99.0,0.281307,100.0,160.0,0.0
2024-01-11,21,13:15,6.7293,17.0147,23.744,99.0,0.587663,100.0,160.0,0.0
2024-01-11,22,13:30,5.9956,17.1381,23.1337,99.0,0.572559,100.0,160.0,0.0
2024-01-11,23,13:45,7.1179,16.0793,23.1972,99.0,0.57413,100.0,160.0,0.0
2024-01-11,24,14:00,6.1091,3.2115,9.3206,105.98,0.246948,100.0,160.0,0.0
2024-01-11,25,14:15,5.6324,9.5021,15.1345,105.98,0.40099,60.0,200.0,0.0
2024-01-11,26,14:30,5.8458,17.0147,22.8605,105.98,0.605689,60.0,200.0,0.0
2024-01-11,27,14:45,5.1816,17.1381,22.3197,105.98,0.59136,60.0,200.0,0.0
2024-01-11,28,15:00,6.7301,16.0793,22.8094,117.96,0.672649,60.0,50.0,150.0
2024-01-11,29,15:15,3.9878,3.2115,7.1993,117.96,0.212307,60.0,50.0,0.0
2024-01-11,30,15:30,0.0,9.5021,9.5021,117.96,0.280217,120.0,90.0,0.0
2024-01-11,31,15:45,0.0,17.0147,17.0147,117.96,0.501763,120.0,90.0,0.0
2024-01-11,32,16:00,0.0,17.1381,17.1381,137.35,0.588479,120.0,90.0,0.0
2024-01-11,33,16:15,0.0,16.0793,16.0793,137.35,0.552122,120.0,90.0,0.0
2024-01-11,34,16:30,0.0,3.2115,3.2115,137.35,0.110274,120.0,90.0,0.0
2024-01-11,35,16:45,0.0,9.5021,9.5021,137.35,0.326278,80.0,130.0,0.0
2024-01-11,36,17:00,0.0,17.0147,17.0147,150.09,0.638433,80.0,130.0,0.0
2024-01-11,37,17:15,0.0,17.1381,17.1381,150.09,0.643064,80.0,130.0,0.0
2024-01-11,38,17:30,0.0,16.0793,16.0793,150.09,0.603335,80.0,130.0,0.0
2024-01-11,39,17:45,0.0,3.2115,3.2115,150.09,0.120503,80.0,130.0,0.0
2024-01-11,40,18:00,0.0,0.0,0.0,136.69,0.0,80.0,170.0,0.0
2024-01-11,41,18:15,0.0,0.0,0.0,136.69,0.0,80.0,170.0,0.0
2024-01-11,42,18:30,0.0,0.0,0.0,136.69,0.0,80.0,170.0,0.0
2024-01-11,43,18:45,0.0,0.0,0.0,136.69,0.0,80.0,170.0,0.0
2024-01-11,44,19:00,0.0,0.0,0.0,132.31,0.0,80.0,170.0,0.0
2024-01-11,45,19:15,0.0,0.0,0.0,132.31,0.0,80.0,170.0,0.0
2024-01-11,46,19:30,0.0,0.0,0.0,132.31,0.0,80.0,170.0,0.0
2024-01-11,47,19:45,0.0,0.0,0.0,132.31,0.0,80.0,170.0,0.0
2024-01-11,48,20:00,0.0,0.0,0.0,117.88,0.0,80.0,170.0,0.0
2024-01-11,49,20:15,0.0,0.0,0.0,117.88,0.0,80.0,170.0,0.0
2024-01-11,50,20:30,0.0,0.0,0.0,117.88,0.0,80.0,170.0,0.0
2024-01-11,51,20:45,0.0,0.0,0.0,117.88,0.0,80.0,170.0,0.0
2024-01-11,52,21:00,0.0,0.0,0.0,107.19,0.0,80.0,170.0,0.0
2024-01-11,53,21:15,0.0,0.0,0.0,107.19,0.0,80.0,170.0,0.0
2024-01-11,54,21:30,0.0,0.0,0.0,107.19,0.0,80.0,170.0,0.0
2024-01-11,55,21:45,0.0,0.0,0.0,107.19,0.0,80.0,30.0,140.0
2024-01-12,0,08:00,1.8638,9.5021,11.3659,140.74,0.39991,40.0,30.0,0.0
2024-01-12,1,08:15,6.7293,17.0147,23.744,140.74,0.835431,40.0,30.0,0.0
2024-01-12,2,08:30,5.9956,17.1381,23.1337,140.74,0.813959,40.0,30.0,0.0
2024-01-12,3,08:45,7.1179,16.0793,23.1972,140.74,0.816193,40.0,30.0,0.0
2024-01-12,4,09:00,6.1091,3.2115,9.3206,134.96,0.314476,40.0,30.0,0.0
2024-01-12,5,09:15,5.6324,9.5021,15.1345,134.96,0.510639,0.0,70.0,0.0
2024-01-12,6,09:30,5.8458,17.0147,22.8605,134.96,0.771313,0.0,70.0,0.0
2024-01-12,7,09:45,5.1816,17.1381,22.3197,134.96,0.753066,0.0,70.0,0.0
2024-01-12,8,10:00,6.7301,16.0793,22.8094,122.01,0.695743,0.0,70.0,0.0
2024-01-12,9,10:15,3.9878,3.2115,7.1993,122.01,0.219596,0.0,70.0,0.0
2024-01-12,10,10:30,1.8638,9.5021,11.3659,122.01,0.346689,60.0,110.0,0.0
2024-01-12,11,10:45,6.7293,17.0147,23.744,122.01,0.72425,60.0,110.0,0.0
2024-01-12,12,11:00,5.9956,17.1381,23.1337,114.73,0.663532,60.0,110.0,0.0
2024-01-12,13,11:15,7.1179,16.0793,23.1972,114.73,0.665353,60.0,110.0,0.0
2024-01-12,14,11:30,6.1091,3.2115,9.3206,114.73,0.267337,60.0,110.0,0.0
2024-01-12,15,11:45,5.6324,9.5021,15.1345,114.73,0.434096,20.0,150.0,0.0
2024-01-12,16,12:00,5.8458,17.0147,22.8605,106.98,0.611404,20.0,150.0,0.0
2024-01-12,17,12:15,5.1816,17.1381,22.3197,106.98,0.596939,20.0,150.0,0.0
2024-01-12,18,12:30,6.7301,16.0793,22.8094,106.98,0.610037,20.0,150.0,0.0
2024-01-12,19,12:45,3.9878,3.2115,7.1993,106.98,0.192545,20.0,150.0,0.0
2024-01-12,20,13:00,1.8638,9.5021,11.3659,103.08,0.2929,80.0,190.0,0.0
2024-01-12,21,13:15,6.7293,17.0147,23.744,103.08,0.611882,80.0,190.0,0.0
2024-01-12,22,13:30,5.9956,17.1381,23.1337,103.08,0.596155,80.0,190.0,0.0
2024-01-12,23,13:45,7.1179,16.0793,23.1972,103.08,0.597791,80.0,190.0,0.0
2024-01-12,24,14:00,6.1091,3.2115,9.3206,104.54,0.243593,80.0,190.0,0.0
2024-01-12,25,14:15,5.6324,9.5021,15.1345,104.54,0.395541,40.0,230.0,0.0
2024-01-12,26,14:30,5.8458,17.0147,22.8605,104.54,0.597459,40.0,230.0,0.0
2024-01-12,27,14:45,5.1816,17.1381,22.3197,104.54,0.583324,40.0,230.0,0.0
2024-01-12,28,15:00,6.7301,16.0793,22.8094,110.0,0.627258,40.0,80.0,150.0
2024-01-12,29,15:15,3.9878,3.2115,7.1993,110.0,0.19798,40.0,80.0,0.0
2024-01-12,30,15:30,0.0,9.5021,9.5021,110.0,0.261308,100.0,120.0,0.0
2024-01-12,31,15:45,0.0,17.0147,17.0147,110.0,0.467904,100.0,120.0,0.0
2024-01-12,32,16:00,0.0,17.1381,17.1381,120.0,0.514143,100.0,120.0,0.0
2024-01-12,33,16:15,0.0,16.0793,16.0793,120.0,0.482378,100.0,120.0,0.0
2024-01-12,34,16:30,0.0,3.2115,3.2115,120.0,0.096345,100.0,120.0,0.0
2024-01-12,35,16:45,0.0,9.5021,9.5021,120.0,0.285063,60.0,160.0,0.0
2024-01-12,36,17:00,0.0,17.0147,17.0147,127.5,0.542343,60.0,160.0,0.0
2024-01-12,37,17:15,0.0,17.1381,17.1381,127.5,0.546277,60.0,160.0,0.0
2024-01-12,38,17:30,0.0,16.0793,16.0793,127.5,0.512527,60.0,160.0,0.0
2024-01-12,39,17:45,0.0,3.2115,3.2115,127.5,0.102366,60.0,160.0,0.0
2024-01-12,40,18:00,0.0,0.0,0.0,126.0,0.0,60.0,200.0,0.0
2024-01-12,41,18:15,0.0,0.0,0.0,126.0,0.0,60.0,200.0,0.0
2024-01-12,42,18:30,0.0,0.0,0.0,126.0,0.0,60.0,200.0,0.0
2024-01-12,43,18:45,0.0,0.0,0.0,126.0,0.0,60.0,200.0,0.0
2024-01-12,44,19:00,0.0,0.0,0.0,119.47,0.0,60.0,200.0,0.0
2024-01-12,45,19:15,0.0,0.0,0.0,119.47,0.0,60.0,200.0,0.0
2024-01-12,46,19:30,0.0,0.0,0.0,119.47,0.0,60.0,200.0,0.0
2024-01-12,47,19:45,0.0,0.0,0.0,119.47,0.0,60.0,200.0,0.0
2024-01-12,48,20:00,0.0,0.0,0.0,108.79,0.0,60.0,200.0,0.0
2024-01-12,49,20:15,0.0,0.0,0.0,108.79,0.0,60.0,200.0,0.0
2024-01-12,50,20:30,0.0,0.0,0.0,108.79,0.0,60.0,200.0,0.0
2024-01-12,51,20:45,0.0,0.0,0.0,108.79,0.0,60.0,200.0,0.0
2024-01-12,52,21:00,0.0,0.0,0.0,98.48,0.0,60.0,200.0,0.0
2024-01-12,53,21:15,0.0,0.0,0.0,98.48,0.0,60.0,200.0,0.0
2024-01-12,54,21:30,0.0,0.0,0.0,98.48,0.0,60.0,200.0,0.0
2024-01-12,55,21:45,0.0,0.0,0.0,98.48,0.0,60.0,70.0,130.0
2024-01-15,0,08:00,1.8638,9.5021,11.3659,99.3,0.282159,20.0,70.0,0.0
2024-01-15,1,08:15,6.7293,17.0147,23.744,99.3,0.589444,20.0,70.0,0.0
2024-01-15,2,08:30,5.9956,17.1381,23.1337,99.3,0.574294,20.0,70.0,0.0
2024-01-15,3,08:45,7.1179,16.0793,23.1972,99.3,0.57587,20.0,70.0,0.0
2024-01-15,4,09:00,6.1091,3.2115,9.3206,100.29,0.23369,20.0,70.0,0.0
2024-01-15,5,09:15,5.6324,0.0,5.6324,100.29,0.14122,20.0,110.0,0.0
2024-01-15,6,09:30,5.8458,0.0,5.8458,100.29,0.146569,20.0,110.0,0.0
2024-01-15,7,09:45,5.1816,0.0,5.1816,100.29,0.129915,20.0,110.0,0.0
2024-01-15,8,10:00,6.7301,0.0,6.7301,94.88,0.159638,20.0,110.0,0.0
2024-01-15,9,10:15,3.9878,0.0,3.9878,94.88,0.094591,20.0,110.0,0.0
2024-01-15,10,10:30,1.8638,9.5021,11.3659,94.88,0.2696,80.0,110.0,0.0
2024-01-15,11,10:45,6.7293,17.0147,23.744,94.88,0.563207,80.0,110.0,0.0
2024-01-15,12,11:00,5.9956,17.1381,23.1337,90.26,0.522011,80.0,110.0,0.0
2024-01-15,13,11:15,7.1179,16.0793,23.1972,90.26,0.523444,80.0,110.0,0.0
2024-01-15,14,11:30,6.1091,3.2115,9.3206,90.26,0.210318,80.0,110.0,0.0
2024-01-15,15,11:45,5.6324,9.5021,15.1345,90.26,0.341511,40.0,150.0,0.0
2024-01-15,16,12:00,5.8458,17.0147,22.8605,83.86,0.47927,40.0,150.0,0.0
2024-01-15,17,12:15,5.1816,17.1381,22.3197,83.86,0.467932,40.0,150.0,0.0
2024-01-15,18,12:30,6.7301,16.0793,22.8094,83.86,0.478199,40.0,150.0,0.0
2024-01-15,19,12:45,3.9878,3.2115,7.1993,83.86,0.150933,40.0,150.0,0.0
2024-01-15,20,13:00,1.8638,9.5021,11.3659,82.15,0.233428,100.0,190.0,0.0
2024-01-15,21,13:15,6.7293,17.0147,23.744,82.15,0.487641,100.0,190.0,0.0
2024-01-15,22,13:30,5.9956,17.1381,23.1337,82.15,0.475108,100.0,190.0,0.0
2024-01-15,23,13:45,7.1179,16.0793,23.1972,82.15,0.476412,100.0,190.0,0.0
2024-01-15,24,14:00,6.1091,3.2115,9.3206,84.5,0.196897,100.0,190.0,0.0
2024-01-15,25,14:15,5.6324,9.5021,15.1345,84.5,0.319717,60.0,230.0,0.0
2024-01-15,26,14:30,5.8458,17.0147,22.8605,84.5,0.482928,60.0,230.0,0.0
2024-01-15,27,14:45,5.1816,17.1381,22.3197,84.5,0.471503,60.0,230.0,0.0
2024-01-15,28,15:00,6.7301,16.0793,22.8094,89.44,0.510018,60.0,70.0,160.0
2024-01-15,29,15:15,3.9878,3.2115,7.1993,89.44,0.160976,60.0,70.0,0.0
2024-01-15,30,15:30,0.0,9.5021,9.5021,89.44,0.212467,120.0,110.0,0.0
2024-01-15,31,15:45,0.0,17.0147,17.0147,89.44,0.380448,120.0,110.0,0.0
2024-01-15,32,16:00,0.0,17.1381,17.1381,97.52,0.417827,120.0,110.0,0.0
2024-01-15,33,16:15,0.0,16.0793,16.0793,97.52,0.392013,120.0,110.0,0.0
2024-01-15,34,16:30,0.0,3.2115,3.2115,97.52,0.078296,120.0,110.0,0.0
2024-01-15,35,16:45,0.0,9.5021,9.5021,97.52,0.231661,80.0,150.0,0.0
2024-01-15,36,17:00,0.0,17.0147,17.0147,106.46,0.452846,80.0,150.0,0.0
2024-01-15,37,17:15,0.0,17.1381,17.1381,106.46,0.45613,80.0,150.0,0.0
2024-01-15,38,17:30,0.0,16.0793,16.0793,106.46,0.42795,80.0,150.0,0.0
2024-01-15,39,17:45,0.0,3.2115,3.2115,106.46,0.085474,80.0,150.0,0.0
2024-01-15,40,18:00,0.0,0.0,0.0,112.8,0.0,80.0,190.0,0.0
2024-01-15,41,18:15,0.0,0.0,0.0,112.8,0.0,80.0,190.0,0.0
2024-01-15,42,18:30,0.0,0.0,0.0,112.8,0.0,80.0,190.0,0.0
2024-01-15,43,18:45,0.0,0.0,0.0,112.8,0.0,80.0,190.0,0.0
2024-01-15,44,19:00,0.0,0.0,0.0,110.38,0.0,80.0,190.0,0.0
2024-01-15,45,19:15,0.0,0.0,0.0,110.38,0.0,80.0,190.0,0.0
2024-01-15,46,19:30,0.0,0.0,0.0,110.38,0.0,80.0,190.0,0.0
2024-01-15,47,19:45,0.0,0.0,0.0,110.38,0.0,80.0,190.0,0.0
2024-01-15,48,20:00,0.0,0.0,0.0,102.42,0.0,80.0,190.0,0.0
2024-01-15,49,20:15,0.0,0.0,0.0,102.42,0.0,80.0,190.0,0.0
2024-01-15,50,20:30,0.0,0.0,0.0,102.42,0.0,80.0,190.0,0.0
2024-01-15,51,20:45,0.0,0.0,0.0,102.42,0.0,80.0,190.0,0.0
2024-01-15,52,21:00,0.0,0.0,0.0,91.78,0.0,80.0,190.0,0.0
2024-01-15,53,21:15,0.0,0.0,0.0,91.78,0.0,80.0,190.0,0.0
2024-01-15,54,21:30,0.0,0.0,0.0,91.78,0.0,80.0,190.0,0.0
2024-01-15,55,21:45,0.0,0.0,0.0,91.78,0.0,80.0,20.0,170.0
2024-01-16,0,08:00,1.8638,9.5021,11.3659,144.11,0.409486,40.0,20.0,0.0
2024-01-16,1,08:15,6.7293,17.0147,23.744,144.11,0.855435,40.0,20.0,0.0
2024-01-16,2,08:30,5.9956,17.1381,23.1337,144.11,0.833449,40.0,20.0,0.0
2024-01-16,3,08:45,7.1179,16.0793,23.1972,144.11,0.835736,40.0,20.0,0.0
2024-01-16,4,09:00,6.1091,3.2115,9.3206,138.6,0.322957,40.0,20.0,0.0
2024-01-16,5,09:15,5.6324,9.5021,15.1345,138.6,0.524412,0.0,60.0,0.0
2024-01-16,6,09:30,5.8458,17.0147,22.8605,138.6,0.792116,0.0,60.0,0.0
2024-01-16,7,09:45,5.1816,17.1381,22.3197,138.6,0.773376,0.0,60.0,0.0
2024-01-16,8,10:00,6.7301,16.0793,22.8094,122.0,0.695686,0.0,60.0,0.0
2024-01-16,9,10:15,3.9878,3.2115,7.1993,122.0,0.219578,0.0,60.0,0.0
2024-01-16,10,10:30,1.8638,9.5021,11.3659,122.0,0.346661,60.0,100.0,0.0
2024-01-16,11,10:45,6.7293,17.0147,23.744,122.0,0.724191,60.0,100.0,0.0
2024-01-16,12,11:00,5.9956,17.1381,23.1337,110.0,0.636176,60.0,100.0,0.0
2024-01-16,13,11:15,7.1179,16.0793,23.1972,110.0,0.637922,60.0,100.0,0.0
2024-01-16,14,11:30,6.1091,3.2115,9.3206,110.0,0.256315,60.0,100.0,0.0
2024-01-16,15,11:45,5.6324,9.5021,15.1345,110.0,0.4162,20.0,140.0,0.0
2024-01-16,16,12:00,5.8458,17.0147,22.8605,103.43,0.591115,20.0,140.0,0.0
2024-01-16,17,12:15,5.1816,17.1381,22.3197,103.43,0.577131,20.0,140.0,0.0
2024-01-16,18,12:30,6.7301,16.0793,22.8094,103.43,0.589794,20.0,140.0,0.0
2024-01-16,19,12:45,3.9878,3.2115,7.1993,103.43,0.186156,20.0,140.0,0.0
2024-01-16,20,13:00,0.0,9.5021,9.5021,94.98,0.225627,80.0,180.0,0.0
2024-01-16,21,13:15,0.0,17.0147,17.0147,94.98,0.404013,80.0,180.0,0.0
2024-01-16,22,13:30,0.0,17.1381,17.1381,94.98,0.406944,80.0,180.0,0.0
2024-01-16,23,13:45,0.0,16.0793,16.0793,94.98,0.381803,80.0,180.0,0.0
2024-01-16,24,14:00,0.0,3.2115,3.2115,96.0,0.077076,80.0,180.0,0.0
2024-01-16,25,14:15,0.0,9.5021,9.5021,96.0,0.22805,40.0,220.0,0.0
2024-01-16,26,14:30,0.0,17.0147,17.0147,96.0,0.408352,40.0,220.0,0.0
2024-01-16,27,14:45,0.0,17.1381,17.1381,96.0,0.411314,40.0,220.0,0.0
2024-01-16,28,15:00,0.0,16.0793,16.0793,110.25,0.443185,40.0,110.0,110.0
2024-01-16,29,15:15,0.0,3.2115,3.2115,110.25,0.088517,40.0,110.0,0.0
2024-01-16,30,15:30,0.0,0.0,0.0,110.25,0.0,40.0,150.0,0.0
2024-01-16,31,15:45,0.0,0.0,0.0,110.25,0.0,40.0,150.0,0.0
2024-01-16,32,16:00,0.0,0.0,0.0,111.39,0.0,40.0,150.0,0.0
2024-01-16,33,16:15,0.0,0.0,0.0,111.39,0.0,40.0,150.0,0.0
2024-01-16,34,16:30,0.0,0.0,0.0,111.39,0.0,40.0,150.0,0.0
2024-01-16,35,16:45,0.0,0.0,0.0,111.39,0.0,40.0,150.0,0.0
2024-01-16,36,17:00,0.0,0.0,0.0,128.15,0.0,40.0,150.0,0.0
2024-01-16,37,17:15,0.0,0.0,0.0,128.15,0.0,40.0,150.0,0.0
2024-01-16,38,17:30,0.0,0.0,0.0,128.15,0.0,40.0,150.0,0.0
2024-01-16,39,17:45,0.0,0.0,0.0,128.15,0.0,40.0,150.0,0.0
2024-01-16,40,18:00,0.0,0.0,0.0,127.31,0.0,40.0,150.0,0.0
2024-01-16,41,18:15,0.0,0.0,0.0,127.31,0.0,40.0,150.0,0.0
2024-01-16,42,18:30,0.0,0.0,0.0,127.31,0.0,40.0,150.0,0.0
2024-01-16,43,18:45,0.0,0.0,0.0,127.31,0.0,40.0,150.0,0.0
2024-01-16,44,19:00,0.0,0.0,0.0,111.77,0.0,40.0,150.0,0.0
2024-01-16,45,19:15,0.0,0.0,0.0,111.77,0.0,40.0,150.0,0.0
2024-01-16,46,19:30,0.0,0.0,0.0,111.77,0.0,40.0,150.0,0.0
2024-01-16,47,19:45,0.0,0.0,0.0,111.77,0.0,40.0,150.0,0.0
2024-01-16,48,20:00,0.0,0.0,0.0,95.49,0.0,40.0,150.0,0.0
2024-01-16,49,20:15,0.0,0.0,0.0,95.49,0.0,40.0,150.0,0.0
2024-01-16,50,20:30,0.0,0.0,0.0,95.49,0.0,40.0,150.0,0.0
2024-01-16,51,20:45,0.0,0.0,0.0,95.49,0.0,40.0,150.0,0.0
2024-01-16,52,21:00,0.0,0.0,0.0,86.21,0.0,40.0,150.0,0.0
2024-01-16,53,21:15,0.0,0.0,0.0,86.21,0.0,40.0,150.0,0.0
2024-01-16,54,21:30,0.0,0.0,0.0,86.21,0.0,40.0,150.0,0.0
2024-01-16,55,21:45,0.0,0.0,0.0,86.21,0.0,40.0,0.0,150.0
2024-01-17,0,08:00,1.8638,9.5021,11.3659,96.5,0.274203,0.0,0.0,0.0
2024-01-17,1,08:15,6.7293,17.0147,23.744,96.5,0.572823,0.0,0.0,0.0
2024-01-17,2,08:30,5.9956,17.1381,23.1337,96.5,0.5581,0.0,0.0,0.0
2024-01-17,3,08:45,7.1179,16.0793,23.1972,96.5,0.559632,0.0,0.0,0.0
2024-01-17,4,09:00,6.1091,3.2115,9.3206,106.16,0.247368,0.0,0.0,0.0
2024-01-17,5,09:15,5.6324,0.0,5.6324,106.16,0.149485,0.0,40.0,0.0
2024-01-17,6,09:30,5.8458,0.0,5.8458,106.16,0.155148,0.0,40.0,0.0
2024-01-17,7,09:45,5.1816,0.0,5.1816,106.16,0.137519,0.0,40.0,0.0
2024-01-17,8,10:00,6.7301,0.0,6.7301,110.33,0.185633,0.0,40.0,0.0
2024-01-17,9,10:15,3.9878,0.0,3.9878,110.33,0.109993,0.0,40.0,0.0
2024-01-17,10,10:30,1.8638,9.5021,11.3659,110.33,0.313501,60.0,40.0,0.0
2024-01-17,11,10:45,6.7293,17.0147,23.744,110.33,0.654918,60.0,40.0,0.0
2024-01-17,12,11:00,5.9956,17.1381,23.1337,111.1,0.642538,60.0,40.0,0.0
2024-01-17,13,11:15,7.1179,16.0793,23.1972,111.1,0.644301,60.0,40.0,0.0
2024-01-17,14,11:30,6.1091,3.2115,9.3206,111.1,0.258879,60.0,40.0,0.0
2024-01-17,15,11:45,5.6324,9.5021,15.1345,111.1,0.420362,20.0,80.0,0.0
2024-01-17,16,12:00,5.8458,17.0147,22.8605,117.71,0.672727,20.0,80.0,0.0
2024-01-17,17,12:15,5.1816,17.1381,22.3197,117.71,0.656812,20.0,80.0,0.0
2024-01-17,18,12:30,6.7301,16.0793,22.8094,117.71,0.671223,20.0,80.0,0.0
2024-01-17,19,12:45,3.9878,3.2115,7.1993,117.71,0.211857,20.0,80.0,0.0
2024-01-17,20,13:00,1.8638,9.5021,11.3659,121.7,0.345809,80.0,120.0,0.0
2024-01-17,21,13:15,6.7293,17.0147,23.744,121.7,0.72241,80.0,120.0,0.0
2024-01-17,22,13:30,5.9956,17.1381,23.1337,121.7,0.703842,80.0,120.0,0.0
2024-01-17,23,13:45,7.1179,16.0793,23.1972,121.7,0.705774,80.0,120.0,0.0
2024-01-17,24,14:00,6.1091,3.2115,9.3206,121.74,0.283671,80.0,120.0,0.0
2024-01-17,25,14:15,5.6324,9.5021,15.1345,121.74,0.46062,40.0,160.0,0.0
2024-01-17,26,14:30,5.8458,17.0147,22.8605,121.74,0.695759,40.0,160.0,0.0
2024-01-17,27,14:45,5.1816,17.1381,22.3197,121.74,0.679299,40.0,160.0,0.0
2024-01-17,28,15:00,6.7301,16.0793,22.8094,125.46,0.715416,40.0,0.0,160.0
2024-01-17,29,15:15,3.9878,3.2115,7.1993,125.46,0.225806,40.0,0.0,0.0
2024-01-17,30,15:30,0.0,9.5021,9.5021,125.46,0.298033,100.0,40.0,0.0
2024-01-17,31,15:45,0.0,17.0147,17.0147,125.46,0.533665,100.0,40.0,0.0
2024-01-17,32,16:00,0.0,17.1381,17.1381,128.56,0.550818,100.0,40.0,0.0
2024-01-17,33,16:15,0.0,16.0793,16.0793,128.56,0.516788,100.0,40.0,0.0
2024-01-17,34,16:30,0.0,3.2115,3.2115,128.56,0.103217,100.0,40.0,0.0
2024-01-17,35,16:45,0.0,9.5021,9.5021,128.56,0.305397,60.0,80.0,0.0
2024-01-17,36,17:00,0.0,17.0147,17.0147,140.52,0.597725,60.0,80.0,0.0
2024-01-17,37,17:15,0.0,17.1381,17.1381,140.52,0.602061,60.0,80.0,0.0
2024-01-17,38,17:30,0.0,16.0793,16.0793,140.52,0.564865,60.0,80.0,0.0
2024-01-17,39,17:45,0.0,3.2115,3.2115,140.52,0.11282,60.0,80.0,0.0
2024-01-17,40,18:00,0.0,0.0,0.0,123.59,0.0,60.0,120.0,0.0
2024-01-17,41,18:15,0.0,0.0,0.0,123.59,0.0,60.0,120.0,0.0
2024-01-17,42,18:30,0.0,0.0,0.0,123.59,0.0,60.0,120.0,0.0
2024-01-17,43,18:45,0.0,0.0,0.0,123.59,0.0,60.0,120.0,0.0
2024-01-17,44,19:00,0.0,0.0,0.0,114.28,0.0,60.0,120.0,0.0
2024-01-17,45,19:15,0.0,0.0,0.0,114.28,0.0,60.0,120.0,0.0
2024-01-17,46,19:30,0.0,0.0,0.0,114.28,0.0,60.0,120.0,0.0
2024-01-17,47,19:45,0.0,0.0,0.0,114.28,0.0,60.0,120.0,0.0
2024-01-17,48,20:00,0.0,0.0,0.0,109.8,0.0,60.0,120.0,0.0
2024-01-17,49,20:15,0.0,0.0,0.0,109.8,0.0,60.0,120.0,0.0
2024-01-17,50,20:30,0.0,0.0,0.0,109.8,0.0,60.0,120.0,0.0
2024-01-17,51,20:45,0.0,0.0,0.0,109.8,0.0,60.0,120.0,0.0
2024-01-17,52,21:00,0.0,0.0,0.0,101.09,0.0,60.0,120.0,0.0
2024-01-17,53,21:15,0.0,0.0,0.0,101.09,0.0,60.0,120.0,0.0
2024-01-17,54,21:30,0.0,0.0,0.0,101.09,0.0,60.0,120.0,0.0
2024-01-17,55,21:45,0.0,0.0,0.0,101.09,0.0,60.0,20.0,100.0
2024-01-18,0,08:00,1.8638,9.5021,11.3659,125.89,0.357714,20.0,20.0,0.0
2024-01-18,1,08:15,6.7293,17.0147,23.744,125.89,0.747282,20.0,20.0,0.0
2024-01-18,2,08:30,5.9956,17.1381,23.1337,125.89,0.728075,20.0,20.0,0.0
2024-01-18,3,08:45,7.1179,16.0793,23.1972,125.89,0.730073,20.0,20.0,0.0
2024-01-18,4,09:00,6.1091,3.2115,9.3206,122.17,0.284673,20.0,20.0,0.0
2024-01-18,5,09:15,5.6324,0.0,5.6324,122.17,0.172029,20.0,60.0,0.0
2024-01-18,6,09:30,5.8458,0.0,5.8458,122.17,0.178546,20.0,60.0,0.0
2024-01-18,7,09:45,5.1816,0.0,5.1816,122.17,0.158258,20.0,60.0,0.0
2024-01-18,8,10:00,6.7301,0.0,6.7301,110.9,0.186592,20.0,60.0,0.0
2024-01-18,9,10:15,3.9878,0.0,3.9878,110.9,0.110562,20.0,60.0,0.0
2024-01-18,10,10:30,1.8638,9.5021,11.3659,110.9,0.315121,80.0,60.0,0.0
2024-01-18,11,10:45,6.7293,17.0147,23.744,110.9,0.658301,80.0,60.0,0.0
2024-01-18,12,11:00,5.9956,17.1381,23.1337,107.95,0.62432,80.0,60.0,0.0
2024-01-18,13,11:15,7.1179,16.0793,23.1972,107.95,0.626034,80.0,60.0,0.0
2024-01-18,14,11:30,6.1091,3.2115,9.3206,107.95,0.251539,80.0,60.0,0.0
2024-01-18,15,11:45,5.6324,9.5021,15.1345,107.95,0.408443,40.0,100.0,0.0
2024-01-18,16,12:00,5.8458,17.0147,22.8605,93.55,0.53465,40.0,100.0,0.0
2024-01-18,17,12:15,5.1816,17.1381,22.3197,93.55,0.522001,40.0,100.0,0.0
2024-01-18,18,12:30,6.7301,16.0793,22.8094,93.55,0.533454,40.0,100.0,0.0
2024-01-18,19,12:45,3.9878,3.2115,7.1993,93.55,0.168373,40.0,100.0,0.0
2024-01-18,20,13:00,1.8638,9.5021,11.3659,87.62,0.248971,100.0,140.0,0.0
2024-01-18,21,13:15,6.7293,17.0147,23.744,87.62,0.520111,100.0,140.0,0.0
2024-01-18,22,13:30,5.9956,17.1381,23.1337,87.62,0.506743,100.0,140.0,0.0
2024-01-18,23,13:45,7.1179,16.0793,23.1972,87.62,0.508134,100.0,140.0,0.0
2024-01-18,24,14:00,6.1091,3.2115,9.3206,86.43,0.201394,100.0,140.0,0.0
2024-01-18,25,14:15,5.6324,9.5021,15.1345,86.43,0.32702,60.0,180.0,0.0
2024-01-18,26,14:30,5.8458,17.0147,22.8605,86.43,0.493958,60.0,180.0,0.0
2024-01-18,27,14:45,5.1816,17.1381,22.3197,86.43,0.482272,60.0,180.0,0.0
2024-01-18,28,15:00,6.7301,16.0793,22.8094,94.25,0.537446,60.0,30.0,150.0
2024-01-18,29,15:15,3.9878,3.2115,7.1993,94.25,0.169633,60.0,30.0,0.0
2024-01-18,30,15:30,0.0,9.5021,9.5021,94.25,0.223893,120.0,70.0,0.0
2024-01-18,31,15:45,0.0,17.0147,17.0147,94.25,0.400908,120.0,70.0,0.0
2024-01-18,32,16:00,0.0,17.1381,17.1381,99.52,0.426396,120.0,70.0,0.0
2024-01-18,33,16:15,0.0,16.0793,16.0793,99.52,0.400052,120.0,70.0,0.0
2024-01-18,34,16:30,0.0,3.2115,3.2115,99.52,0.079902,120.0,70.0,0.0
2024-01-18,35,16:45,0.0,9.5021,9.5021,99.52,0.236412,80.0,110.0,0.0
2024-01-18,36,17:00,0.0,17.0147,17.0147,104.68,0.445274,80.0,110.0,0.0
2024-01-18,37,17:15,0.0,17.1381,17.1381,104.68,0.448504,80.0,110.0,0.0
2024-01-18,38,17:30,0.0,16.0793,16.0793,104.68,0.420795,80.0,110.0,0.0
2024-01-18,39,17:45,0.0,3.2115,3.2115,104.68,0.084045,80.0,110.0,0.0
2024-01-18,40,18:00,0.0,9.5021,9.5021,103.26,0.245297,40.0,150.0,0.0
2024-01-18,41,18:15,0.0,17.0147,17.0147,103.26,0.439234,40.0,150.0,0.0
2024-01-18,42,18:30,0.0,17.1381,17.1381,103.26,0.44242,40.0,150.0,0.0
2024-01-18,43,18:45,0.0,16.0793,16.0793,103.26,0.415087,40.0,150.0,0.0
2024-01-18,44,19:00,0.0,3.2115,3.2115,94.53,0.075895,40.0,150.0,0.0
2024-01-18,45,19:15,0.0,0.0,0.0,94.53,0.0,40.0,190.0,0.0
2024-01-18,46,19:30,0.0,0.0,0.0,94.53,0.0,40.0,190.0,0.0
2024-01-18,47,19:45,0.0,0.0,0.0,94.53,0.0,40.0,190.0,0.0
2024-01-18,48,20:00,0.0,0.0,0.0,86.97,0.0,40.0,190.0,0.0
2024-01-18,49,20:15,0.0,0.0,0.0,86.97,0.0,40.0,190.0,0.0
2024-01-18,50,20:30,0.0,0.0,0.0,86.97,0.0,40.0,190.0,0.0
2024-01-18,51,20:45,0.0,0.0,0.0,86.97,0.0,40.0,190.0,0.0
2024-01-18,52,21:00,0.0,0.0,0.0,83.12,0.0,40.0,190.0,0.0
2024-01-18,53,21:15,0.0,0.0,0.0,83.12,0.0,40.0,190.0,0.0
2024-01-18,54,21:30,0.0,0.0,0.0,83.12,0.0,40.0,190.0,0.0
2024-01-18,55,21:45,0.0,0.0,0.0,83.12,0.0,40.0,0.0,190.0
2024-01-19,0,08:00,1.8638,9.5021,11.3659,104.27,0.296281,0.0,0.0,0.0
2024-01-19,1,08:15,6.7293,17.0147,23.744,104.27,0.618946,0.0,0.0,0.0
2024-01-19,2,08:30,5.9956,17.1381,23.1337,104.27,0.603037,0.0,0.0,0.0
2024-01-19,3,08:45,7.1179,16.0793,23.1972,104.27,0.604692,0.0,0.0,0.0
2024-01-19,4,09:00,6.1091,3.2115,9.3206,103.06,0.240144,0.0,0.0,0.0
2024-01-19,5,09:15,5.6324,0.0,5.6324,103.06,0.14512,0.0,40.0,0.0
2024-01-19,6,09:30,5.8458,0.0,5.8458,103.06,0.150617,0.0,40.0,0.0
2024-01-19,7,09:45,5.1816,0.0,5.1816,103.06,0.133503,0.0,40.0,0.0
2024-01-19,8,10:00,6.7301,0.0,6.7301,95.15,0.160092,0.0,40.0,0.0
2024-01-19,9,10:15,3.9878,0.0,3.9878,95.15,0.09486,0.0,40.0,0.0
2024-01-19,10,10:30,1.8638,9.5021,11.3659,95.15,0.270367,60.0,40.0,0.0
2024-01-19,11,10:45,6.7293,17.0147,23.744,95.15,0.564809,60.0,40.0,0.0
2024-01-19,12,11:00,5.9956,17.1381,23.1337,86.36,0.499456,60.0,40.0,0.0
2024-01-19,13,11:15,7.1179,16.0793,23.1972,86.36,0.500827,60.0,40.0,0.0
2024-01-19,14,11:30,6.1091,3.2115,9.3206,86.36,0.201231,60.0,40.0,0.0
2024-01-19,15,11:45,5.6324,9.5021,15.1345,86.36,0.326755,20.0,80.0,0.0
2024-01-19,16,12:00,5.8458,17.0147,22.8605,76.83,0.439093,20.0,80.0,0.0
2024-01-19,17,12:15,5.1816,17.1381,22.3197,76.83,0.428705,20.0,80.0,0.0
2024-01-19,18,12:30,6.7301,16.0793,22.8094,76.83,0.438111,20.0,80.0,0.0
2024-01-19,19,12:45,3.9878,3.2115,7.1993,76.83,0.13828,20.0,80.0,0.0
2024-01-19,20,13:00,1.8638,9.5021,11.3659,73.35,0.208423,80.0,120.0,0.0
2024-01-19,21,13:15,6.7293,17.0147,23.744,73.35,0.435405,80.0,120.0,0.0
2024-01-19,22,13:30,5.9956,17.1381,23.1337,73.35,0.424214,80.0,120.0,0.0
2024-01-19,23,13:45,7.1179,16.0793,23.1972,73.35,0.425378,80.0,120.0,0.0
2024-01-19,24,14:00,6.1091,3.2115,9.3206,75.21,0.17525,80.0,120.0,0.0
2024-01-19,25,14:15,5.6324,9.5021,15.1345,75.21,0.284567,40.0,160.0,0.0
2024-01-19,26,14:30,5.8458,17.0147,22.8605,75.21,0.429834,40.0,160.0,0.0
2024-01-19,27,14:45,5.1816,17.1381,22.3197,75.21,0.419666,40.0,160.0,0.0
2024-01-19,28,15:00,6.7301,16.0793,22.8094,77.45,0.441647,40.0,30.0,130.0
2024-01-19,29,15:15,3.9878,3.2115,7.1993,77.45,0.139396,40.0,30.0,0.0
2024-01-19,30,15:30,1.8638,9.5021,11.3659,77.45,0.220073,100.0,70.0,0.0
2024-01-19,31,15:45,6.7293,17.0147,23.744,77.45,0.459742,100.0,70.0,0.0
2024-01-19,32,16:00,5.9956,17.1381,23.1337,84.69,0.489798,100.0,70.0,0.0
2024-01-19,33,16:15,7.1179,16.0793,23.1972,84.69,0.491142,100.0,70.0,0.0
2024-01-19,34,16:30,6.1091,3.2115,9.3206,84.69,0.19734,100.0,70.0,0.0
2024-01-19,35,16:45,5.6324,9.5021,15.1345,84.69,0.320436,60.0,110.0,0.0
2024-01-19,36,17:00,5.8458,17.0147,22.8605,93.6,0.534935,60.0,110.0,0.0
2024-01-19,37,17:15,5.1816,17.1381,22.3197,93.6,0.52228,60.0,110.0,0.0
2024-01-19,38,17:30,6.7301,16.0793,22.8094,93.6,0.533739,60.0,110.0,0.0
2024-01-19,39,17:45,3.9878,3.2115,7.1993,93.6,0.168463,60.0,110.0,0.0
2024-01-19,40,18:00,0.0,9.5021,9.5021,91.7,0.217835,120.0,150.0,0.0
2024-01-19,41,18:15,0.0,17.0147,17.0147,91.7,0.390061,120.0,150.0,0.0
2024-01-19,42,18:30,0.0,17.1381,17.1381,91.7,0.392891,120.0,150.0,0.0
2024-01-19,43,18:45,0.0,16.0793,16.0793,91.7,0.368617,120.0,150.0,0.0
2024-01-19,44,19:00,0.0,3.2115,3.2115,82.23,0.06602,120.0,150.0,0.0
2024-01-19,45,19:15,0.0,9.5021,9.5021,82.23,0.195339,80.0,190.0,0.0
2024-01-19,46,19:30,0.0,17.0147,17.0147,82.23,0.349779,80.0,190.0,0.0
2024-01-19,47,19:45,0.0,17.1381,17.1381,82.23,0.352316,80.0,190.0,0.0
2024-01-19,48,20:00,0.0,16.0793,16.0793,74.0,0.297467,80.0,190.0,0.0
2024-01-19,49,20:15,0.0,3.2115,3.2115,74.0,0.059413,80.0,190.0,0.0
2024-01-19,50,20:30,0.0,0.0,0.0,74.0,0.0,80.0,230.0,0.0
2024-01-19,51,20:45,0.0,0.0,0.0,74.0,0.0,80.0,230.0,0.0
2024-01-19,52,21:00,0.0,0.0,0.0,71.12,0.0,80.0,230.0,0.0
2024-01-19,53,21:15,0.0,0.0,0.0,71.12,0.0,80.0,230.0,0.0
2024-01-19,54,21:30,0.0,0.0,0.0,71.12,0.0,80.0,230.0,0.0
2024-01-19,55,21:45,0.0,0.0,0.0,71.12,0.0,80.0,40.0,190.0
2024-01-22,0,08:00,1.8638,9.5021,11.3659,66.48,0.188902,40.0,40.0,0.0
2024-01-22,1,08:15,6.7293,17.0147,23.744,66.48,0.394625,40.0,40.0,0.0
2024-01-22,2,08:30,5.9956,17.1381,23.1337,66.48,0.384482,40.0,40.0,0.0
2024-01-22,3,08:45,7.1179,16.0793,23.1972,66.48,0.385537,40.0,40.0,0.0
2024-01-22,4,09:00,6.1091,3.2115,9.3206,57.58,0.134169,40.0,40.0,0.0
2024-01-22,5,09:15,5.6324,9.5021,15.1345,57.58,0.217862,0.0,80.0,0.0
2024-01-22,6,09:30,5.8458,17.0147,22.8605,57.58,0.329077,0.0,80.0,0.0
2024-01-22,7,09:45,5.1816,17.1381,22.3197,57.58,0.321292,0.0,80.0,0.0
2024-01-22,8,10:00,6.7301,16.0793,22.8094,61.55,0.350979,0.0,80.0,0.0
2024-01-22,9,10:15,3.9878,3.2115,7.1993,61.55,0.110779,0.0,80.0,0.0
2024-01-22,10,10:30,1.8638,9.5021,11.3659,61.55,0.174893,60.0,120.0,0.0
2024-01-22,11,10:45,6.7293,17.0147,23.744,61.55,0.36536,60.0,120.0,0.0
2024-01-22,12,11:00,5.9956,17.1381,23.1337,60.6,0.350475,60.0,120.0,0.0
2024-01-22,13,11:15,7.1179,16.0793,23.1972,60.6,0.351437,60.0,120.0,0.0
2024-01-22,14,11:30,6.1091,3.2115,9.3206,60.6,0.141206,60.0,120.0,0.0
2024-01-22,15,11:45,5.6324,9.5021,15.1345,60.6,0.229288,20.0,160.0,0.0
2024-01-22,16,12:00,5.8458,17.0147,22.8605,56.92,0.325305,20.0,160.0,0.0
2024-01-22,17,12:15,5.1816,17.1381,22.3197,56.92,0.317609,20.0,160.0,0.0
2024-01-22,18,12:30,6.7301,16.0793,22.8094,56.92,0.324577,20.0,160.0,0.0
2024-01-22,19,12:45,3.9878,3.2115,7.1993,56.92,0.102446,20.0,160.0,0.0
2024-01-22,20,13:00,1.8638,9.5021,11.3659,56.72,0.161169,80.0,200.0,0.0
2024-01-22,21,13:15,6.7293,17.0147,23.744,56.72,0.336689,80.0,200.0,0.0
2024-01-22,22,13:30,5.9956,17.1381,23.1337,56.72,0.328036,80.0,200.0,0.0
2024-01-22,23,13:45,7.1179,16.0793,23.1972,56.72,0.328936,80.0,200.0,0.0
2024-01-22,24,14:00,6.1091,3.2115,9.3206,58.23,0.135684,80.0,200.0,0.0
2024-01-22,25,14:15,5.6324,9.5021,15.1345,58.23,0.220321,40.0,240.0,0.0
2024-01-22,26,14:30,5.8458,17.0147,22.8605,58.23,0.332792,40.0,240.0,0.0
2024-01-22,27,14:45,5.1816,17.1381,22.3197,58.23,0.324919,40.0,240.0,0.0
2024-01-22,28,15:00,6.7301,16.0793,22.8094,59.73,0.340601,40.0,80.0,160.0
2024-01-22,29,15:15,3.9878,3.2115,7.1993,59.73,0.107503,40.0,80.0,0.0
2024-01-22,30,15:30,0.0,9.5021,9.5021,59.73,0.14189,100.0,120.0,0.0
2024-01-22,31,15:45,0.0,17.0147,17.0147,59.73,0.254072,100.0,120.0,0.0
2024-01-22,32,16:00,0.0,17.1381,17.1381,59.99,0.257029,100.0,120.0,0.0
2024-01-22,33,16:15,0.0,16.0793,16.0793,59.99,0.241149,100.0,120.0,0.0
2024-01-22,34,16:30,0.0,3.2115,3.2115,59.99,0.048164,100.0,120.0,0.0
2024-01-22,35,16:45,0.0,9.5021,9.5021,59.99,0.142508,60.0,160.0,0.0
2024-01-22,36,17:00,0.0,17.0147,17.0147,70.94,0.301755,60.0,160.0,0.0
2024-01-22,37,17:15,0.0,17.1381,17.1381,70.94,0.303944,60.0,160.0,0.0
2024-01-22,38,17:30,0.0,16.0793,16.0793,70.94,0.285166,60.0,160.0,0.0
2024-01-22,39,17:45,0.0,3.2115,3.2115,70.94,0.056956,60.0,160.0,0.0
2024-01-22,40,18:00,0.0,0.0,0.0,77.35,0.0,60.0,200.0,0.0
2024-01-22,41,18:15,0.0,0.0,0.0,77.35,0.0,60.0,200.0,0.0
2024-01-22,42,18:30,0.0,0.0,0.0,77.35,0.0,60.0,200.0,0.0
2024-01-22,43,18:45,0.0,0.0,0.0,77.35,0.0,60.0,200.0,0.0
2024-01-22,44,19:00,0.0,0.0,0.0,71.99,0.0,60.0,200.0,0.0
2024-01-22,45,19:15,0.0,0.0,0.0,71.99,0.0,60.0,200.0,0.0
2024-01-22,46,19:30,0.0,0.0,0.0,71.99,0.0,60.0,200.0,0.0
2024-01-22,47,19:45,0.0,0.0,0.0,71.99,0.0,60.0,200.0,0.0
2024-01-22,48,20:00,0.0,0.0,0.0,66.65,0.0,60.0,200.0,0.0
2024-01-22,49,20:15,0.0,0.0,0.0,66.65,0.0,60.0,200.0,0.0
2024-01-22,50,20:30,0.0,0.0,0.0,66.65,0.0,60.0,200.0,0.0
2024-01-22,51,20:45,0.0,0.0,0.0,66.65,0.0,60.0,200.0,0.0
2024-01-22,52,21:00,0.0,0.0,0.0,57.0,0.0,60.0,200.0,0.0
2024-01-22,53,21:15,0.0,0.0,0.0,57.0,0.0,60.0,200.0,0.0
2024-01-22,54,21:30,0.0,0.0,0.0,57.0,0.0,60.0,200.0,0.0
2024-01-22,55,21:45,0.0,0.0,0.0,57.0,0.0,60.0,60.0,140.0
2024-01-23,0,08:00,1.8638,9.5021,11.3659,69.82,0.198392,20.0,60.0,0.0
2024-01-23,1,08:15,6.7293,17.0147,23.744,69.82,0.414451,20.0,60.0,0.0
2024-01-23,2,08:30,5.9956,17.1381,23.1337,69.82,0.403798,20.0,60.0,0.0
2024-01-23,3,08:45,7.1179,16.0793,23.1972,69.82,0.404907,20.0,60.0,0.0
2024-01-23,4,09:00,6.1091,3.2115,9.3206,69.93,0.162947,20.0,60.0,0.0
2024-01-23,5,09:15,5.6324,0.0,5.6324,69.93,0.098469,20.0,100.0,0.0
2024-01-23,6,09:30,5.8458,0.0,5.8458,69.93,0.102199,20.0,100.0,0.0
2024-01-23,7,09:45,5.1816,0.0,5.1816,69.93,0.090587,20.0,100.0,0.0
2024-01-23,8,10:00,6.7301,0.0,6.7301,59.97,0.100901,20.0,100.0,0.0
2024-01-23,9,10:15,3.9878,0.0,3.9878,59.97,0.059787,20.0,100.0,0.0
2024-01-23,10,10:30,1.8638,9.5021,11.3659,59.97,0.170404,80.0,100.0,0.0
2024-01-23,11,10:45,6.7293,17.0147,23.744,59.97,0.355981,80.0,100.0,0.0
2024-01-23,12,11:00,5.9956,17.1381,23.1337,59.8,0.345849,80.0,100.0,0.0
2024-01-23,13,11:15,7.1179,16.0793,23.1972,59.8,0.346798,80.0,100.0,0.0
2024-01-23,14,11:30,6.1091,3.2115,9.3206,59.8,0.139342,80.0,100.0,0.0
2024-01-23,15,11:45,5.6324,9.5021,15.1345,59.8,0.226261,40.0,140.0,0.0
2024-01-23,16,12:00,5.8458,17.0147,22.8605,59.14,0.337992,40.0,140.0,0.0
2024-01-23,17,12:15,5.1816,17.1381,22.3197,59.14,0.329996,40.0,140.0,0.0
2024-01-23,18,12:30,6.7301,16.0793,22.8094,59.14,0.337237,40.0,140.0,0.0
2024-01-23,19,12:45,3.9878,3.2115,7.1993,59.14,0.106441,40.0,140.0,0.0
2024-01-23,20,13:00,1.8638,9.5021,11.3659,59.43,0.168869,100.0,180.0,0.0
2024-01-23,21,13:15,6.7293,17.0147,23.744,59.43,0.352776,100.0,180.0,0.0
2024-01-23,22,13:30,5.9956,17.1381,23.1337,59.43,0.343709,100.0,180.0,0.0
2024-01-23,23,13:45,7.1179,16.0793,23.1972,59.43,0.344652,100.0,180.0,0.0
2024-01-23,24,14:00,6.1091,3.2115,9.3206,62.7,0.1461,100.0,180.0,0.0
2024-01-23,25,14:15,5.6324,9.5021,15.1345,62.7,0.237234,60.0,220.0,0.0
2024-01-23,26,14:30,5.8458,17.0147,22.8605,62.7,0.358338,60.0,220.0,0.0
2024-01-23,27,14:45,5.1816,17.1381,22.3197,62.7,0.349861,60.0,220.0,0.0
2024-01-23,28,15:00,6.7301,16.0793,22.8094,74.63,0.425566,60.0,50.0,170.0
2024-01-23,29,15:15,3.9878,3.2115,7.1993,74.63,0.134321,60.0,50.0,0.0
2024-01-23,30,15:30,0.0,9.5021,9.5021,74.63,0.177285,120.0,90.0,0.0
2024-01-23,31,15:45,0.0,17.0147,17.0147,74.63,0.317451,120.0,90.0,0.0
2024-01-23,32,16:00,0.0,17.1381,17.1381,78.95,0.338263,120.0,90.0,0.0
2024-01-23,33,16:15,0.0,16.0793,16.0793,78.95,0.317365,120.0,90.0,0.0
2024-01-23,34,16:30,0.0,3.2115,3.2115,78.95,0.063387,120.0,90.0,0.0
2024-01-23,35,16:45,0.0,9.5021,9.5021,78.95,0.187548,80.0,130.0,0.0
2024-01-23,36,17:00,0.0,17.0147,17.0147,81.59,0.347057,80.0,130.0,0.0
2024-01-23,37,17:15,0.0,17.1381,17.1381,81.59,0.349574,80.0,130.0,0.0
2024-01-23,38,17:30,0.0,16.0793,16.0793,81.59,0.327977,80.0,130.0,0.0
2024-01-23,39,17:45,0.0,3.2115,3.2115,81.59,0.065506,80.0,130.0,0.0
2024-01-23,40,18:00,0.0,0.0,0.0,84.51,0.0,80.0,170.0,0.0
2024-01-23,41,18:15,0.0,0.0,0.0,84.51,0.0,80.0,170.0,0.0
2024-01-23,42,18:30,0.0,0.0,0.0,84.51,0.0,80.0,170.0,0.0
2024-01-23,43,18:45,0.0,0.0,0.0,84.51,0.0,80.0,170.0,0.0
2024-01-23,44,19:00,0.0,0.0,0.0,74.55,0.0,80.0,170.0,0.0
2024-01-23,45,19:15,0.0,0.0,0.0,74.55,0.0,80.0,170.0,0.0
2024-01-23,46,19:30,0.0,0.0,0.0,74.55,0.0,80.0,170.0,0.0
2024-01-23,47,19:45,0.0,0.0,0.0,74.55,0.0,80.0,170.0,0.0
2024-01-23,48,20:00,0.0,0.0,0.0,61.95,0.0,80.0,170.0,0.0
2024-01-23,49,20:15,0.0,0.0,0.0,61.95,0.0,80.0,170.0,0.0
2024-01-23,50,20:30,0.0,0.0,0.0,61.95,0.0,80.0,170.0,0.0
2024-01-23,51,20:45,0.0,0.0,0.0,61.95,0.0,80.0,170.0,0.0
2024-01-23,52,21:00,0.0,0.0,0.0,53.74,0.0,80.0,170.0,0.0
2024-01-23,53,21:15,0.0,0.0,0.0,53.74,0.0,80.0,170.0,0.0
2024-01-23,54,21:30,0.0,0.0,0.0,53.74,0.0,80.0,170.0,0.0
2024-01-23,55,21:45,0.0,0.0,0.0,53.74,0.0,80.0,0.0,170.0
2024-01-24,0,08:00,1.8638,9.5021,11.3659,51.58,0.146564,40.0,0.0,0.0
2024-01-24,1,08:15,6.7293,17.0147,23.744,51.58,0.306178,40.0,0.0,0.0
2024-01-24,2,08:30,5.9956,17.1381,23.1337,51.58,0.298309,40.0,0.0,0.0
2024-01-24,3,08:45,7.1179,16.0793,23.1972,51.58,0.299128,40.0,0.0,0.0
2024-01-24,4,09:00,6.1091,3.2115,9.3206,50.76,0.118278,40.0,0.0,0.0
2024-01-24,5,09:15,5.6324,9.5021,15.1345,50.76,0.192057,0.0,40.0,0.0
2024-01-24,6,09:30,5.8458,17.0147,22.8605,50.76,0.2901,0.0,40.0,0.0
2024-01-24,7,09:45,5.1816,17.1381,22.3197,50.76,0.283237,0.0,40.0,0.0
2024-01-24,8,10:00,6.7301,16.0793,22.8094,50.1,0.285687,0.0,40.0,0.0
2024-01-24,9,10:15,3.9878,3.2115,7.1993,50.1,0.090171,0.0,40.0,0.0
2024-01-24,10,10:30,1.8638,9.5021,11.3659,50.1,0.142358,60.0,80.0,0.0
2024-01-24,11,10:45,6.7293,17.0147,23.744,50.1,0.297393,60.0,80.0,0.0
2024-01-24,12,11:00,5.9956,17.1381,23.1337,50.78,0.293682,60.0,80.0,0.0
2024-01-24,13,11:15,7.1179,16.0793,23.1972,50.78,0.294488,60.0,80.0,0.0
2024-01-24,14,11:30,6.1091,3.2115,9.3206,50.78,0.118325,60.0,80.0,0.0
2024-01-24,15,11:45,5.6324,9.5021,15.1345,50.78,0.192133,20.0,120.0,0.0
2024-01-24,16,12:00,5.8458,17.0147,22.8605,39.32,0.224719,20.0,120.0,0.0
2024-01-24,17,12:15,5.1816,17.1381,22.3197,39.32,0.219402,20.0,120.0,0.0
2024-01-24,18,12:30,6.7301,16.0793,22.8094,39.32,0.224216,20.0,120.0,0.0
2024-01-24,19,12:45,3.9878,3.2115,7.1993,39.32,0.070769,20.0,120.0,0.0
2024-01-24,20,13:00,0.0,9.5021,9.5021,36.44,0.086564,80.0,160.0,0.0
2024-01-24,21,13:15,0.0,17.0147,17.0147,36.44,0.155004,80.0,160.0,0.0
2024-01-24,22,13:30,0.0,17.1381,17.1381,36.44,0.156128,80.0,160.0,0.0
2024-01-24,23,13:45,0.0,16.0793,16.0793,36.44,0.146482,80.0,160.0,0.0
2024-01-24,24,14:00,0.0,3.2115,3.2115,45.04,0.036161,80.0,160.0,0.0
2024-01-24,25,14:15,0.0,0.0,0.0,45.04,0.0,80.0,200.0,0.0
2024-01-24,26,14:30,0.0,0.0,0.0,45.04,0.0,80.0,200.0,0.0
2024-01-24,27,14:45,0.0,0.0,0.0,45.04,0.0,80.0,200.0,0.0
2024-01-24,28,15:00,0.0,0.0,0.0,49.95,0.0,80.0,200.0,0.0
2024-01-24,29,15:15,0.0,0.0,0.0,49.95,0.0,80.0,200.0,0.0
2024-01-24,30,15:30,0.0,0.0,0.0,49.95,0.0,80.0,200.0,0.0
2024-01-24,31,15:45,0.0,0.0,0.0,49.95,0.0,80.0,200.0,0.0
2024-01-24,32,16:00,0.0,0.0,0.0,50.8,0.0,80.0,200.0,0.0
2024-01-24,33,16:15,0.0,0.0,0.0,50.8,0.0,80.0,200.0,0.0
2024-01-24,34,16:30,0.0,0.0,0.0,50.8,0.0,80.0,200.0,0.0
2024-01-24,35,16:45,0.0,0.0,0.0,50.8,0.0,80.0,200.0,0.0
2024-01-24,36,17:00,0.0,0.0,0.0,54.21,0.0,80.0,200.0,0.0
2024-01-24,37,17:15,0.0,0.0,0.0,54.21,0.0,80.0,200.0,0.0
2024-01-24,38,17:30,0.0,0.0,0.0,54.21,0.0,80.0,200.0,0.0
2024-01-24,39,17:45,0.0,0.0,0.0,54.21,0.0,80.0,200.0,0.0
2024-01-24,40,18:00,0.0,0.0,0.0,53.32,0.0,80.0,200.0,0.0
2024-01-24,41,18:15,0.0,0.0,0.0,53.32,0.0,80.0,200.0,0.0
2024-01-24,42,18:30,0.0,0.0,0.0,53.32,0.0,80.0,200.0,0.0
2024-01-24,43,18:45,0.0,0.0,0.0,53.32,0.0,80.0,200.0,0.0
2024-01-24,44,19:00,0.0,0.0,0.0,50.09,0.0,80.0,200.0,0.0
2024-01-24,45,19:15,0.0,0.0,0.0,50.09,0.0,80.0,200.0,0.0
2024-01-24,46,19:30,0.0,0.0,0.0,50.09,0.0,80.0,200.0,0.0
2024-01-24,47,19:45,0.0,0.0,0.0,50.09,0.0,80.0,200.0,0.0
2024-01-24,48,20:00,0.0,0.0,0.0,42.18,0.0,80.0,200.0,0.0
2024-01-24,49,20:15,0.0,0.0,0.0,42.18,0.0,80.0,200.0,0.0
2024-01-24,50,20:30,0.0,0.0,0.0,42.18,0.0,80.0,200.0,0.0
2024-01-24,51,20:45,0.0,0.0,0.0,42.18,0.0,80.0,200.0,0.0
2024-01-24,52,21:00,0.0,0.0,0.0,40.04,0.0,80.0,200.0,0.0
2024-01-24,53,21:15,0.0,0.0,0.0,40.04,0.0,80.0,200.0,0.0
2024-01-24,54,21:30,0.0,0.0,0.0,40.04,0.0,80.0,200.0,0.0
2024-01-24,55,21:45,0.0,0.0,0.0,40.04,0.0,80.0,10.0,190.0
2024-01-25,0,08:00,1.8638,9.5021,11.3659,91.87,0.261047,40.0,10.0,0.0
2024-01-25,1,08:15,6.7293,17.0147,23.744,91.87,0.545339,40.0,10.0,0.0
2024-01-25,2,08:30,5.9956,17.1381,23.1337,91.87,0.531323,40.0,10.0,0.0
2024-01-25,3,08:45,7.1179,16.0793,23.1972,91.87,0.532781,40.0,10.0,0.0
2024-01-25,4,09:00,6.1091,3.2115,9.3206,87.97,0.204982,40.0,10.0,0.0
2024-01-25,5,09:15,5.6324,9.5021,15.1345,87.97,0.332846,0.0,50.0,0.0
2024-01-25,6,09:30,5.8458,17.0147,22.8605,87.97,0.502759,0.0,50.0,0.0
2024-01-25,7,09:45,5.1816,17.1381,22.3197,87.97,0.490865,0.0,50.0,0.0
2024-01-25,8,10:00,6.7301,16.0793,22.8094,83.95,0.478712,0.0,50.0,0.0
2024-01-25,9,10:15,3.9878,3.2115,7.1993,83.95,0.151095,0.0,50.0,0.0
2024-01-25,10,10:30,0.0,9.5021,9.5021,83.95,0.199425,60.0,90.0,0.0
2024-01-25,11,10:45,0.0,17.0147,17.0147,83.95,0.357095,60.0,90.0,0.0
2024-01-25,12,11:00,0.0,17.1381,17.1381,78.66,0.337021,60.0,90.0,0.0
2024-01-25,13,11:15,0.0,16.0793,16.0793,78.66,0.316199,60.0,90.0,0.0
2024-01-25,14,11:30,0.0,3.2115,3.2115,78.66,0.063154,60.0,90.0,0.0
2024-01-25,15,11:45,0.0,0.0,0.0,78.66,0.0,60.0,130.0,0.0
2024-01-25,16,12:00,0.0,0.0,0.0,74.95,0.0,60.0,130.0,0.0
2024-01-25,17,12:15,0.0,0.0,0.0,74.95,0.0,60.0,130.0,0.0
2024-01-25,18,12:30,0.0,0.0,0.0,74.95,0.0,60.0,130.0,0.0
2024-01-25,19,12:45,0.0,0.0,0.0,74.95,0.0,60.0,130.0,0.0
2024-01-25,20,13:00,0.0,0.0,0.0,77.86,0.0,60.0,130.0,0.0
2024-01-25,21,13:15,0.0,0.0,0.0,77.86,0.0,60.0,130.0,0.0
2024-01-25,22,13:30,0.0,0.0,0.0,77.86,0.0,60.0,130.0,0.0
2024-01-25,23,13:45,0.0,0.0,0.0,77.86,0.0,60.0,130.0,0.0
2024-01-25,24,14:00,0.0,0.0,0.0,87.07,0.0,60.0,130.0,0.0
2024-01-25,25,14:15,0.0,0.0,0.0,87.07,0.0,60.0,130.0,0.0
2024-01-25,26,14:30,0.0,0.0,0.0,87.07,0.0,60.0,130.0,0.0
2024-01-25,27,14:45,0.0,0.0,0.0,87.07,0.0,60.0,130.0,0.0
2024-01-25,28,15:00,0.0,0.0,0.0,93.91,0.0,60.0,130.0,0.0
2024-01-25,29,15:15,0.0,0.0,0.0,93.91,0.0,60.0,130.0,0.0
2024-01-25,30,15:30,0.0,0.0,0.0,93.91,0.0,60.0,130.0,0.0
2024-01-25,31,15:45,0.0,0.0,0.0,93.91,0.0,60.0,130.0,0.0
2024-01-25,32,16:00,0.0,0.0,0.0,102.46,0.0,60.0,130.0,0.0
2024-01-25,33,16:15,0.0,0.0,0.0,102.46,0.0,60.0,130.0,0.0
2024-01-25,34,16:30,0.0,0.0,0.0,102.46,0.0,60.0,130.0,0.0
2024-01-25,35,16:45,0.0,0.0,0.0,102.46,0.0,60.0,130.0,0.0
2024-01-25,36,17:00,0.0,0.0,0.0,123.38,0.0,60.0,130.0,0.0
2024-01-25,37,17:15,0.0,0.0,0.0,123.38,0.0,60.0,130.0,0.0
2024-01-25,38,17:30,0.0,0.0,0.0,123.38,0.0,60.0,130.0,0.0
2024-01-25,39,17:45,0.0,0.0,0.0,123.38,0.0,60.0,130.0,0.0
2024-01-25,40,18:00,0.0,0.0,0.0,115.54,0.0,60.0,130.0,0.0
2024-01-25,41,18:15,0.0,0.0,0.0,115.54,0.0,60.0,130.0,0.0
2024-01-25,42,18:30,0.0,0.0,0.0,115.54,0.0,60.0,130.0,0.0
2024-01-25,43,18:45,0.0,0.0,0.0,115.54,0.0,60.0,130.0,0.0
2024-01-25,44,19:00,0.0,0.0,0.0,98.79,0.0,60.0,130.0,0.0
2024-01-25,45,19:15,0.0,0.0,0.0,98.79,0.0,60.0,130.0,0.0
2024-01-25,46,19:30,0.0,0.0,0.0,98.79,0.0,60.0,130.0,0.0
2024-01-25,47,19:45,0.0,0.0,0.0,98.79,0.0,60.0,130.0,0.0
2024-01-25,48,20:00,0.0,0.0,0.0,91.07,0.0,60.0,130.0,0.0
2024-01-25,49,20:15,0.0,0.0,0.0,91.07,0.0,60.0,130.0,0.0
2024-01-25,50,20:30,0.0,0.0,0.0,91.07,0.0,60.0,130.0,0.0
2024-01-25,51,20:45,0.0,0.0,0.0,91.07,0.0,60.0,130.0,0.0
2024-01-25,52,21:00,0.0,0.0,0.0,86.31,0.0,60.0,130.0,0.0
2024-01-25,53,21:15,0.0,0.0,0.0,86.31,0.0,60.0,130.0,0.0
2024-01-25,54,21:30,0.0,0.0,0.0,86.31,0.0,60.0,130.0,0.0
2024-01-25,55,21:45,0.0,0.0,0.0,86.31,0.0,60.0,20.0,110.0
2024-01-26,0,08:00,1.8638,9.5021,11.3659,76.59,0.217629,20.0,20.0,0.0
2024-01-26,1,08:15,6.7293,17.0147,23.744,76.59,0.454637,20.0,20.0,0.0
2024-01-26,2,08:30,5.9956,17.1381,23.1337,76.59,0.442952,20.0,20.0,0.0
2024-01-26,3,08:45,7.1179,16.0793,23.1972,76.59,0.444168,20.0,20.0,0.0
2024-01-26,4,09:00,6.1091,3.2115,9.3206,70.58,0.164461,20.0,20.0,0.0
2024-01-26,5,09:15,5.6324,0.0,5.6324,70.58,0.099385,20.0,60.0,0.0
2024-01-26,6,09:30,5.8458,0.0,5.8458,70.58,0.103149,20.0,60.0,0.0
2024-01-26,7,09:45,5.1816,0.0,5.1816,70.58,0.091429,20.0,60.0,0.0
2024-01-26,8,10:00,6.7301,0.0,6.7301,61.61,0.10366,20.0,60.0,0.0
2024-01-26,9,10:15,3.9878,0.0,3.9878,61.61,0.061422,20.0,60.0,0.0
2024-01-26,10,10:30,1.8638,9.5021,11.3659,61.61,0.175064,80.0,60.0,0.0
2024-01-26,11,10:45,6.7293,17.0147,23.744,61.61,0.365716,80.0,60.0,0.0
2024-01-26,12,11:00,5.9956,17.1381,23.1337,59.14,0.342031,80.0,60.0,0.0
2024-01-26,13,11:15,7.1179,16.0793,23.1972,59.14,0.34297,80.0,60.0,0.0
2024-01-26,14,11:30,6.1091,3.2115,9.3206,59.14,0.137804,80.0,60.0,0.0
2024-01-26,15,11:45,5.6324,9.5021,15.1345,59.14,0.223764,40.0,100.0,0.0
2024-01-26,16,12:00,5.8458,17.0147,22.8605,52.28,0.298787,40.0,100.0,0.0
2024-01-26,17,12:15,5.1816,17.1381,22.3197,52.28,0.291718,40.0,100.0,0.0
2024-01-26,18,12:30,6.7301,16.0793,22.8094,52.28,0.298119,40.0,100.0,0.0
2024-01-26,19,12:45,3.9878,3.2115,7.1993,52.28,0.094095,40.0,100.0,0.0
2024-01-26,20,13:00,1.8638,9.5021,11.3659,46.47,0.132044,100.0,140.0,0.0
2024-01-26,21,13:15,6.7293,17.0147,23.744,46.47,0.275845,100.0,140.0,0.0
2024-01-26,22,13:30,5.9956,17.1381,23.1337,46.47,0.268756,100.0,140.0,0.0
2024-01-26,23,13:45,7.1179,16.0793,23.1972,46.47,0.269493,100.0,140.0,0.0
2024-01-26,24,14:00,6.1091,3.2115,9.3206,49.28,0.114829,100.0,140.0,0.0
2024-01-26,25,14:15,5.6324,9.5021,15.1345,49.28,0.186458,60.0,180.0,0.0
2024-01-26,26,14:30,5.8458,17.0147,22.8605,49.28,0.281641,60.0,180.0,0.0
2024-01-26,27,14:45,5.1816,17.1381,22.3197,49.28,0.274978,60.0,180.0,0.0
2024-01-26,28,15:00,6.7301,16.0793,22.8094,50.11,0.285745,60.0,10.0,170.0
2024-01-26,29,15:15,3.9878,3.2115,7.1993,50.11,0.090189,60.0,10.0,0.0
2024-01-26,30,15:30,0.0,9.5021,9.5021,50.11,0.119037,120.0,50.0,0.0
2024-01-26,31,15:45,0.0,17.0147,17.0147,50.11,0.213151,120.0,50.0,0.0
2024-01-26,32,16:00,0.0,17.1381,17.1381,52.74,0.225966,120.0,50.0,0.0
2024-01-26,33,16:15,0.0,16.0793,16.0793,52.74,0.212005,120.0,50.0,0.0
2024-01-26,34,16:30,0.0,3.2115,3.2115,52.74,0.042343,120.0,50.0,0.0
2024-01-26,35,16:45,0.0,9.5021,9.5021,52.74,0.125285,80.0,90.0,0.0
2024-01-26,36,17:00,0.0,17.0147,17.0147,60.7,0.258198,80.0,90.0,0.0
2024-01-26,37,17:15,0.0,17.1381,17.1381,60.7,0.260071,80.0,90.0,0.0
2024-01-26,38,17:30,0.0,16.0793,16.0793,60.7,0.244003,80.0,90.0,0.0
2024-01-26,39,17:45,0.0,3.2115,3.2115,60.7,0.048734,80.0,90.0,0.0
2024-01-26,40,18:00,0.0,9.5021,9.5021,58.75,0.139562,40.0,130.0,0.0
2024-01-26,41,18:15,0.0,17.0147,17.0147,58.75,0.249903,40.0,130.0,0.0
2024-01-26,42,18:30,0.0,17.1381,17.1381,58.75,0.251716,40.0,130.0,0.0
2024-01-26,43,18:45,0.0,16.0793,16.0793,58.75,0.236164,40.0,130.0,0.0
2024-01-26,44,19:00,0.0,3.2115,3.2115,64.96,0.052155,40.0,130.0,0.0
2024-01-26,45,19:15,0.0,0.0,0.0,64.96,0.0,40.0,170.0,0.0
2024-01-26,46,19:30,0.0,0.0,0.0,64.96,0.0,40.0,170.0,0.0
2024-01-26,47,19:45,0.0,0.0,0.0,64.96,0.0,40.0,170.0,0.0
2024-01-26,48,20:00,0.0,0.0,0.0,58.78,0.0,40.0,170.0,0.0
2024-01-26,49,20:15,0.0,0.0,0.0,58.78,0.0,40.0,170.0,0.0
2024-01-26,50,20:30,0.0,0.0,0.0,58.78,0.0,40.0,170.0,0.0
2024-01-26,51,20:45,0.0,0.0,0.0,58.78,0.0,40.0,170.0,0.0
2024-01-26,52,21:00,0.0,0.0,0.0,62.02,0.0,40.0,170.0,0.0
2024-01-26,53,21:15,0.0,0.0,0.0,62.02,0.0,40.0,170.0,0.0
2024-01-26,54,21:30,0.0,0.0,0.0,62.02,0.0,40.0,170.0,0.0
2024-01-26,55,21:45,0.0,0.0,0.0,62.02,0.0,40.0,30.0,140.0
2024-01-29,0,08:00,1.8638,9.5021,11.3659,99.17,0.28179,0.0,30.0,0.0
2024-01-29,1,08:15,6.7293,17.0147,23.744,99.17,0.588672,0.0,30.0,0.0
2024-01-29,2,08:30,5.9956,17.1381,23.1337,99.17,0.573542,0.0,30.0,0.0
2024-01-29,3,08:45,7.1179,16.0793,23.1972,99.17,0.575116,0.0,30.0,0.0
2024-01-29,4,09:00,6.1091,3.2115,9.3206,88.39,0.205961,0.0,30.0,0.0
2024-01-29,5,09:15,5.6324,0.0,5.6324,88.39,0.124463,0.0,70.0,0.0
2024-01-29,6,09:30,5.8458,0.0,5.8458,88.39,0.129178,0.0,70.0,0.0
2024-01-29,7,09:45,5.1816,0.0,5.1816,88.39,0.1145,0.0,70.0,0.0
2024-01-29,8,10:00,6.7301,0.0,6.7301,78.9,0.132751,0.0,70.0,0.0
2024-01-29,9,10:15,3.9878,0.0,3.9878,78.9,0.078659,0.0,70.0,0.0
2024-01-29,10,10:30,1.8638,9.5021,11.3659,78.9,0.224193,60.0,70.0,0.0
2024-01-29,11,10:45,6.7293,17.0147,23.744,78.9,0.468349,60.0,70.0,0.0
2024-01-29,12,11:00,5.9956,17.1381,23.1337,71.27,0.412184,60.0,70.0,0.0
2024-01-29,13,11:15,7.1179,16.0793,23.1972,71.27,0.413316,60.0,70.0,0.0
2024-01-29,14,11:30,6.1091,3.2115,9.3206,71.27,0.166069,60.0,70.0,0.0
2024-01-29,15,11:45,5.6324,9.5021,15.1345,71.27,0.26966,20.0,110.0,0.0
2024-01-29,16,12:00,5.8458,17.0147,22.8605,70.24,0.40143,20.0,110.0,0.0
2024-01-29,17,12:15,5.1816,17.1381,22.3197,70.24,0.391933,20.0,110.0,0.0
2024-01-29,18,12:30,6.7301,16.0793,22.8094,70.24,0.400533,20.0,110.0,0.0
2024-01-29,19,12:45,3.9878,3.2115,7.1993,70.24,0.126419,20.0,110.0,0.0
2024-01-29,20,13:00,1.8638,9.5021,11.3659,74.99,0.213083,80.0,150.0,0.0
2024-01-29,21,13:15,6.7293,17.0147,23.744,74.99,0.44514,80.0,150.0,0.0
2024-01-29,22,13:30,5.9956,17.1381,23.1337,74.99,0.433699,80.0,150.0,0.0
2024-01-29,23,13:45,7.1179,16.0793,23.1972,74.99,0.434889,80.0,150.0,0.0
2024-01-29,24,14:00,6.1091,3.2115,9.3206,82.55,0.192353,80.0,150.0,0.0
2024-01-29,25,14:15,5.6324,9.5021,15.1345,82.55,0.312339,40.0,190.0,0.0
2024-01-29,26,14:30,5.8458,17.0147,22.8605,82.55,0.471783,40.0,190.0,0.0
2024-01-29,27,14:45,5.1816,17.1381,22.3197,82.55,0.460622,40.0,190.0,0.0
2024-01-29,28,15:00,6.7301,16.0793,22.8094,97.6,0.556549,40.0,20.0,170.0
2024-01-29,29,15:15,3.9878,3.2115,7.1993,97.6,0.175663,40.0,20.0,0.0
2024-01-29,30,15:30,0.0,9.5021,9.5021,97.6,0.231851,100.0,60.0,0.0
2024-01-29,31,15:45,0.0,17.0147,17.0147,97.6,0.415158,100.0,60.0,0.0
2024-01-29,32,16:00,0.0,17.1381,17.1381,108.43,0.464571,100.0,60.0,0.0
2024-01-29,33,16:15,0.0,16.0793,16.0793,108.43,0.435869,100.0,60.0,0.0
2024-01-29,34,16:30,0.0,3.2115,3.2115,108.43,0.087055,100.0,60.0,0.0
2024-01-29,35,16:45,0.0,9.5021,9.5021,108.43,0.257578,60.0,100.0,0.0
2024-01-29,36,17:00,0.0,17.0147,17.0147,127.42,0.542002,60.0,100.0,0.0
2024-01-29,37,17:15,0.0,17.1381,17.1381,127.42,0.545934,60.0,100.0,0.0
2024-01-29,38,17:30,0.0,16.0793,16.0793,127.42,0.512205,60.0,100.0,0.0
2024-01-29,39,17:45,0.0,3.2115,3.2115,127.42,0.102302,60.0,100.0,0.0
2024-01-29,40,18:00,0.0,0.0,0.0,117.3,0.0,60.0,140.0,0.0
2024-01-29,41,18:15,0.0,0.0,0.0,117.3,0.0,60.0,140.0,0.0
2024-01-29,42,18:30,0.0,0.0,0.0,117.3,0.0,60.0,140.0,0.0
2024-01-29,43,18:45,0.0,0.0,0.0,117.3,0.0,60.0,140.0,0.0
2024-01-29,44,19:00,0.0,0.0,0.0,107.52,0.0,60.0,140.0,0.0
2024-01-29,45,19:15,0.0,0.0,0.0,107.52,0.0,60.0,140.0,0.0
2024-01-29,46,19:30,0.0,0.0,0.0,107.52,0.0,60.0,140.0,0.0
2024-01-29,47,19:45,0.0,0.0,0.0,107.52,0.0,60.0,140.0,0.0
2024-01-29,48,20:00,0.0,0.0,0.0,91.98,0.0,60.0,140.0,0.0
2024-01-29,49,20:15,0.0,0.0,0.0,91.98,0.0,60.0,140.0,0.0
2024-01-29,50,20:30,0.0,0.0,0.0,91.98,0.0,60.0,140.0,0.0
2024-01-29,51,20:45,0.0,0.0,0.0,91.98,0.0,60.0,140.0,0.0
2024-01-29,52,21:00,0.0,0.0,0.0,86.79,0.0,60.0,140.0,0.0
2024-01-29,53,21:15,0.0,0.0,0.0,86.79,0.0,60.0,140.0,0.0
2024-01-29,54,21:30,0.0,0.0,0.0,86.79,0.0,60.0,140.0,0.0
2024-01-29,55,21:45,0.0,0.0,0.0,86.79,0.0,60.0,0.0,140.0
2024-01-30,0,08:00,1.8638,9.5021,11.3659,95.93,0.272583,20.0,0.0,0.0
2024-01-30,1,08:15,6.7293,17.0147,23.744,95.93,0.569439,20.0,0.0,0.0
2024-01-30,2,08:30,5.9956,17.1381,23.1337,95.93,0.554803,20.0,0.0,0.0
2024-01-30,3,08:45,7.1179,16.0793,23.1972,95.93,0.556326,20.0,0.0,0.0
2024-01-30,4,09:00,6.1091,3.2115,9.3206,84.93,0.197899,20.0,0.0,0.0
2024-01-30,5,09:15,5.6324,0.0,5.6324,84.93,0.119591,20.0,40.0,0.0
2024-01-30,6,09:30,5.8458,0.0,5.8458,84.93,0.124121,20.0,40.0,0.0
2024-01-30,7,09:45,5.1816,0.0,5.1816,84.93,0.110018,20.0,40.0,0.0
2024-01-30,8,10:00,6.7301,0.0,6.7301,77.15,0.129807,20.0,40.0,0.0
2024-01-30,9,10:15,3.9878,0.0,3.9878,77.15,0.076915,20.0,40.0,0.0
2024-01-30,10,10:30,1.8638,9.5021,11.3659,77.15,0.21922,80.0,40.0,0.0
2024-01-30,11,10:45,6.7293,17.0147,23.744,77.15,0.457961,80.0,40.0,0.0
2024-01-30,12,11:00,5.9956,17.1381,23.1337,70.1,0.405418,80.0,40.0,0.0
2024-01-30,13,11:15,7.1179,16.0793,23.1972,70.1,0.40653,80.0,40.0,0.0
2024-01-30,14,11:30,6.1091,3.2115,9.3206,70.1,0.163343,80.0,40.0,0.0
2024-01-30,15,11:45,5.6324,9.5021,15.1345,70.1,0.265233,40.0,80.0,0.0
2024-01-30,16,12:00,5.8458,17.0147,22.8605,68.1,0.3892,40.0,80.0,0.0
2024-01-30,17,12:15,5.1816,17.1381,22.3197,68.1,0.379992,40.0,80.0,0.0
2024-01-30,18,12:30,6.7301,16.0793,22.8094,68.1,0.38833,40.0,80.0,0.0
2024-01-30,19,12:45,3.9878,3.2115,7.1993,68.1,0.122568,40.0,80.0,0.0
2024-01-30,20,13:00,1.8638,9.5021,11.3659,68.23,0.193874,100.0,120.0,0.0
2024-01-30,21,13:15,6.7293,17.0147,23.744,68.23,0.405012,100.0,120.0,0.0
2024-01-30,22,13:30,5.9956,17.1381,23.1337,68.23,0.394603,100.0,120.0,0.0
2024-01-30,23,13:45,7.1179,16.0793,23.1972,68.23,0.395686,100.0,120.0,0.0
2024-01-30,24,14:00,6.1091,3.2115,9.3206,71.93,0.167607,100.0,120.0,0.0
2024-01-30,25,14:15,5.6324,9.5021,15.1345,71.93,0.272157,60.0,160.0,0.0
2024-01-30,26,14:30,5.8458,17.0147,22.8605,71.93,0.411089,60.0,160.0,0.0
2024-01-30,27,14:45,5.1816,17.1381,22.3197,71.93,0.401363,60.0,160.0,0.0
2024-01-30,28,15:00,6.7301,16.0793,22.8094,79.49,0.453279,60.0,40.0,120.0
2024-01-30,29,15:15,3.9878,3.2115,7.1993,79.49,0.143068,60.0,40.0,0.0
2024-01-30,30,15:30,0.0,9.5021,9.5021,79.49,0.18883,120.0,80.0,0.0
2024-01-30,31,15:45,0.0,17.0147,17.0147,79.49,0.338124,120.0,80.0,0.0
2024-01-30,32,16:00,0.0,17.1381,17.1381,82.36,0.352873,120.0,80.0,0.0
2024-01-30,33,16:15,0.0,16.0793,16.0793,82.36,0.331072,120.0,80.0,0.0
2024-01-30,34,16:30,0.0,3.2115,3.2115,82.36,0.066125,120.0,80.0,0.0
2024-01-30,35,16:45,0.0,9.5021,9.5021,82.36,0.195648,80.0,120.0,0.0
2024-01-30,36,17:00,0.0,17.0147,17.0147,88.17,0.375046,80.0,120.0,0.0
2024-01-30,37,17:15,0.0,17.1381,17.1381,88.17,0.377766,80.0,120.0,0.0
2024-01-30,38,17:30,0.0,16.0793,16.0793,88.17,0.354428,80.0,120.0,0.0
2024-01-30,39,17:45,0.0,3.2115,3.2115,88.17,0.070789,80.0,120.0,0.0
2024-01-30,40,18:00,0.0,0.0,0.0,99.23,0.0,80.0,160.0,0.0
2024-01-30,41,18:15,0.0,0.0,0.0,99.23,0.0,80.0,160.0,0.0
2024-01-30,42,18:30,0.0,0.0,0.0,99.23,0.0,80.0,160.0,0.0
2024-01-30,43,18:45,0.0,0.0,0.0,99.23,0.0,80.0,160.0,0.0
2024-01-30,44,19:00,0.0,0.0,0.0,91.91,0.0,80.0,160.0,0.0
2024-01-30,45,19:15,0.0,0.0,0.0,91.91,0.0,80.0,160.0,0.0
2024-01-30,46,19:30,0.0,0.0,0.0,91.91,0.0,80.0,160.0,0.0
2024-01-30,47,19:45,0.0,0.0,0.0,91.91,0.0,80.0,160.0,0.0
2024-01-30,48,20:00,0.0,0.0,0.0,86.04,0.0,80.0,160.0,0.0
2024-01-30,49,20:15,0.0,0.0,0.0,86.04,0.0,80.0,160.0,0.0
2024-01-30,50,20:30,0.0,0.0,0.0,86.04,0.0,80.0,160.0,0.0
2024-01-30,51,20:45,0.0,0.0,0.0,86.04,0.0,80.0,160.0,0.0
2024-01-30,52,21:00,0.0,0.0,0.0,78.0,0.0,80.0,160.0,0.0
2024-01-30,53,21:15,0.0,0.0,0.0,78.0,0.0,80.0,160.0,0.0
2024-01-30,54,21:30,0.0,0.0,0.0,78.0,0.0,80.0,160.0,0.0
2024-01-30,55,21:45,0.0,0.0,0.0,78.0,0.0,80.0,30.0,130.0
2024-01-31,0,08:00,1.8638,9.5021,11.3659,119.93,0.340779,40.0,30.0,0.0
2024-01-31,1,08:15,6.7293,17.0147,23.744,119.93,0.711903,40.0,30.0,0.0
2024-01-31,2,08:30,5.9956,17.1381,23.1337,119.93,0.693606,40.0,30.0,0.0
2024-01-31,3,08:45,7.1179,16.0793,23.1972,119.93,0.695509,40.0,30.0,0.0
2024-01-31,4,09:00,6.1091,3.2115,9.3206,93.61,0.218124,40.0,30.0,0.0
2024-01-31,5,09:15,5.6324,9.5021,15.1345,93.61,0.354186,0.0,70.0,0.0
2024-01-31,6,09:30,5.8458,17.0147,22.8605,93.61,0.534993,0.0,70.0,0.0
2024-01-31,7,09:45,5.1816,17.1381,22.3197,93.61,0.522336,0.0,70.0,0.0
2024-01-31,8,10:00,6.7301,16.0793,22.8094,82.98,0.473181,0.0,70.0,0.0
2024-01-31,9,10:15,3.9878,3.2115,7.1993,82.98,0.149349,0.0,70.0,0.0
2024-01-31,10,10:30,1.8638,9.5021,11.3659,82.98,0.235786,60.0,110.0,0.0
2024-01-31,11,10:45,6.7293,17.0147,23.744,82.98,0.492568,60.0,110.0,0.0
2024-01-31,12,11:00,5.9956,17.1381,23.1337,77.09,0.445844,60.0,110.0,0.0
2024-01-31,13,11:15,7.1179,16.0793,23.1972,77.09,0.447068,60.0,110.0,0.0
2024-01-31,14,11:30,6.1091,3.2115,9.3206,77.09,0.17963,60.0,110.0,0.0
2024-01-31,15,11:45,5.6324,9.5021,15.1345,77.09,0.29168,20.0,150.0,0.0
2024-01-31,16,12:00,5.8458,17.0147,22.8605,74.91,0.42812,20.0,150.0,0.0
2024-01-31,17,12:15,5.1816,17.1381,22.3197,74.91,0.417992,20.0,150.0,0.0
2024-01-31,18,12:30,6.7301,16.0793,22.8094,74.91,0.427163,20.0,150.0,0.0
2024-01-31,19,12:45,3.9878,3.2115,7.1993,74.91,0.134825,20.0,150.0,0.0
2024-01-31,20,13:00,0.0,9.5021,9.5021,67.66,0.160728,80.0,190.0,0.0
2024-01-31,21,13:15,0.0,17.0147,17.0147,67.66,0.287803,80.0,190.0,0.0
2024-01-31,22,13:30,0.0,17.1381,17.1381,67.66,0.289891,80.0,190.0,0.0
2024-01-31,23,13:45,0.0,16.0793,16.0793,67.66,0.271981,80.0,190.0,0.0
2024-01-31,24,14:00,0.0,3.2115,3.2115,66.69,0.053544,80.0,190.0,0.0
2024-01-31,25,14:15,0.0,0.0,0.0,66.69,0.0,80.0,230.0,0.0
2024-01-31,26,14:30,0.0,0.0,0.0,66.69,0.0,80.0,230.0,0.0
2024-01-31,27,14:45,0.0,0.0,0.0,66.69,0.0,80.0,230.0,0.0
2024-01-31,28,15:00,0.0,0.0,0.0,75.87,0.0,80.0,60.0,170.0
2024-01-31,29,15:15,0.0,0.0,0.0,75.87,0.0,80.0,60.0,0.0
2024-01-31,30,15:30,0.0,0.0,0.0,75.87,0.0,80.0,60.0,0.0
2024-01-31,31,15:45,0.0,0.0,0.0,75.87,0.0,80.0,60.0,0.0
2024-01-31,32,16:00,0.0,0.0,0.0,81.62,0.0,80.0,60.0,0.0
2024-01-31,33,16:15,0.0,0.0,0.0,81.62,0.0,80.0,60.0,0.0
2024-01-31,34,16:30,0.0,0.0,0.0,81.62,0.0,80.0,60.0,0.0
2024-01-31,35,16:45,0.0,0.0,0.0,81.62,0.0,80.0,60.0,0.0
2024-01-31,36,17:00,0.0,0.0,0.0,87.91,0.0,80.0,60.0,0.0
2024-01-31,37,17:15,0.0,0.0,0.0,87.91,0.0,80.0,60.0,0.0
2024-01-31,38,17:30,0.0,0.0,0.0,87.91,0.0,80.0,60.0,0.0
2024-01-31,39,17:45,0.0,0.0,0.0,87.91,0.0,80.0,60.0,0.0
2024-01-31,40,18:00,0.0,0.0,0.0,86.78,0.0,80.0,60.0,0.0
2024-01-31,41,18:15,0.0,0.0,0.0,86.78,0.0,80.0,60.0,0.0
2024-01-31,42,18:30,0.0,0.0,0.0,86.78,0.0,80.0,60.0,0.0
2024-01-31,43,18:45,0.0,0.0,0.0,86.78,0.0,80.0,60.0,0.0
2024-01-31,44,19:00,0.0,0.0,0.0,73.65,0.0,80.0,60.0,0.0
2024-01-31,45,19:15,0.0,0.0,0.0,73.65,0.0,80.0,60.0,0.0
2024-01-31,46,19:30,0.0,0.0,0.0,73.65,0.0,80.0,60.0,0.0
2024-01-31,47,19:45,0.0,0.0,0.0,73.65,0.0,80.0,60.0,0.0
2024-01-31,48,20:00,0.0,0.0,0.0,66.03,0.0,80.0,60.0,0.0
2024-01-31,49,20:15,0.0,0.0,0.0,66.03,0.0,80.0,60.0,0.0
2024-01-31,50,20:30,0.0,0.0,0.0,66.03,0.0,80.0,60.0,0.0
2024-01-31,51,20:45,0.0,0.0,0.0,66.03,0.0,80.0,60.0,0.0
2024-01-31,52,21:00,0.0,0.0,0.0,56.96,0.0,80.0,60.0,0.0
2024-01-31,53,21:15,0.0,0.0,0.0,56.96,0.0,80.0,60.0,0.0
2024-01-31,54,21:30,0.0,0.0,0.0,56.96,0.0,80.0,60.0,0.0
2024-01-31,55,21:45,0.0,0.0,0.0,56.96,0.0,80.0,60.0,0.0
2024-02-01,0,08:00,1.8638,9.5021,11.3659,92.5,0.262837,40.0,60.0,0.0
2024-02-01,1,08:15,6.7293,17.0147,23.744,92.5,0.549079,40.0,60.0,0.0
2024-02-01,2,08:30,5.9956,17.1381,23.1337,92.5,0.534966,40.0,60.0,0.0
2024-02-01,3,08:45,7.1179,16.0793,23.1972,92.5,0.536435,40.0,60.0,0.0
2024-02-01,4,09:00,6.1091,3.2115,9.3206,86.29,0.201068,40.0,60.0,0.0
2024-02-01,5,09:15,5.6324,9.5021,15.1345,86.29,0.32649,0.0,100.0,0.0
2024-02-01,6,09:30,5.8458,17.0147,22.8605,86.29,0.493158,0.0,100.0,0.0
2024-02-01,7,09:45,5.1816,17.1381,22.3197,86.29,0.481491,0.0,100.0,0.0
2024-02-01,8,10:00,6.7301,16.0793,22.8094,83.67,0.477115,0.0,100.0,0.0
2024-02-01,9,10:15,3.9878,3.2115,7.1993,83.67,0.150591,0.0,100.0,0.0
2024-02-01,10,10:30,1.8638,9.5021,11.3659,83.67,0.237747,60.0,140.0,0.0
2024-02-01,11,10:45,6.7293,17.0147,23.744,83.67,0.496664,60.0,140.0,0.0
2024-02-01,12,11:00,5.9956,17.1381,23.1337,77.22,0.446596,60.0,140.0,0.0
2024-02-01,13,11:15,7.1179,16.0793,23.1972,77.22,0.447821,60.0,140.0,0.0
2024-02-01,14,11:30,6.1091,3.2115,9.3206,77.22,0.179933,60.0,140.0,0.0
2024-02-01,15,11:45,5.6324,9.5021,15.1345,77.22,0.292172,20.0,180.0,0.0
2024-02-01,16,12:00,5.8458,17.0147,22.8605,67.6,0.386342,20.0,180.0,0.0
2024-02-01,17,12:15,5.1816,17.1381,22.3197,67.6,0.377202,20.0,180.0,0.0
2024-02-01,18,12:30,6.7301,16.0793,22.8094,67.6,0.385479,20.0,180.0,0.0
2024-02-01,19,12:45,3.9878,3.2115,7.1993,67.6,0.121668,20.0,180.0,0.0
2024-02-01,20,13:00,0.0,9.5021,9.5021,57.26,0.136022,80.0,220.0,0.0
2024-02-01,21,13:15,0.0,17.0147,17.0147,57.26,0.243565,80.0,220.0,0.0
2024-02-01,22,13:30,0.0,17.1381,17.1381,57.26,0.245332,80.0,220.0,0.0
2024-02-01,23,13:45,0.0,16.0793,16.0793,57.26,0.230175,80.0,220.0,0.0
2024-02-01,24,14:00,0.0,3.2115,3.2115,68.74,0.055189,80.0,220.0,0.0
2024-02-01,25,14:15,0.0,0.0,0.0,68.74,0.0,80.0,260.0,0.0
2024-02-01,26,14:30,0.0,0.0,0.0,68.74,0.0,80.0,260.0,0.0
2024-02-01,27,14:45,0.0,0.0,0.0,68.74,0.0,80.0,260.0,0.0
2024-02-01,28,15:00,0.0,0.0,0.0,75.07,0.0,80.0,100.0,160.0
2024-02-01,29,15:15,0.0,0.0,0.0,75.07,0.0,80.0,100.0,0.0
2024-02-01,30,15:30,0.0,0.0,0.0,75.07,0.0,80.0,100.0,0.0
2024-02-01,31,15:45,0.0,0.0,0.0,75.07,0.0,80.0,100.0,0.0
2024-02-01,32,16:00,0.0,0.0,0.0,77.05,0.0,80.0,100.0,0.0
2024-02-01,33,16:15,0.0,0.0,0.0,77.05,0.0,80.0,100.0,0.0
2024-02-01,34,16:30,0.0,0.0,0.0,77.05,0.0,80.0,100.0,0.0
2024-02-01,35,16:45,0.0,0.0,0.0,77.05,0.0,80.0,100.0,0.0
2024-02-01,36,17:00,0.0,0.0,0.0,91.61,0.0,80.0,100.0,0.0
2024-02-01,37,17:15,0.0,0.0,0.0,91.61,0.0,80.0,100.0,0.0
2024-02-01,38,17:30,0.0,0.0,0.0,91.61,0.0,80.0,100.0,0.0
2024-02-01,39,17:45,0.0,0.0,0.0,91.61,0.0,80.0,100.0,0.0
2024-02-01,40,18:00,0.0,0.0,0.0,94.67,0.0,80.0,100.0,0.0
2024-02-01,41,18:15,0.0,0.0,0.0,94.67,0.0,80.0,100.0,0.0
2024-02-01,42,18:30,0.0,0.0,0.0,94.67,0.0,80.0,100.0,0.0
2024-02-01,43,18:45,0.0,0.0,0.0,94.67,0.0,80.0,100.0,0.0
2024-02-01,44,19:00,0.0,0.0,0.0,97.89,0.0,80.0,100.0,0.0
2024-02-01,45,19:15,0.0,0.0,0.0,97.89,0.0,80.0,100.0,0.0
2024-02-01,46,19:30,0.0,0.0,0.0,97.89,0.0,80.0,100.0,0.0
2024-02-01,47,19:45,0.0,0.0,0.0,97.89,0.0,80.0,100.0,0.0
2024-02-01,48,20:00,0.0,0.0,0.0,89.97,0.0,80.0,100.0,0.0
2024-02-01,49,20:15,0.0,0.0,0.0,89.97,0.0,80.0,100.0,0.0
2024-02-01,50,20:30,0.0,0.0,0.0,89.97,0.0,80.0,100.0,0.0
2024-02-01,51,20:45,0.0,0.0,0.0,89.97,0.0,80.0,100.0,0.0
2024-02-01,52,21:00,0.0,0.0,0.0,83.29,0.0,80.0,100.0,0.0
2024-02-01,53,21:15,0.0,0.0,0.0,83.29,0.0,80.0,100.0,0.0
2024-02-01,54,21:30,0.0,0.0,0.0,83.29,0.0,80.0,100.0,0.0
2024-02-01,55,21:45,0.0,0.0,0.0,83.29,0.0,80.0,0.0,100.0
2024-02-02,0,08:00,1.8638,9.5021,11.3659,89.32,0.253801,40.0,0.0,0.0
2024-02-02,1,08:15,6.7293,17.0147,23.744,89.32,0.530202,40.0,0.0,0.0
2024-02-02,2,08:30,5.9956,17.1381,23.1337,89.32,0.516575,40.0,0.0,0.0
2024-02-02,3,08:45,7.1179,16.0793,23.1972,89.32,0.517993,40.0,0.0,0.0
2024-02-02,4,09:00,6.1091,3.2115,9.3206,85.9,0.200159,40.0,0.0,0.0
2024-02-02,5,09:15,5.6324,9.5021,15.1345,85.9,0.325014,0.0,40.0,0.0
2024-02-02,6,09:30,5.8458,17.0147,22.8605,85.9,0.490929,0.0,40.0,0.0
2024-02-02,7,09:45,5.1816,17.1381,22.3197,85.9,0.479315,0.0,40.0,0.0
2024-02-02,8,10:00,6.7301,16.0793,22.8094,80.77,0.460578,0.0,40.0,0.0
2024-02-02,9,10:15,3.9878,3.2115,7.1993,80.77,0.145372,0.0,40.0,0.0
2024-02-02,10,10:30,1.8638,9.5021,11.3659,80.77,0.229507,60.0,80.0,0.0
2024-02-02,11,10:45,6.7293,17.0147,23.744,80.77,0.47945,60.0,80.0,0.0
2024-02-02,12,11:00,5.9956,17.1381,23.1337,75.15,0.434624,60.0,80.0,0.0
2024-02-02,13,11:15,7.1179,16.0793,23.1972,75.15,0.435817,60.0,80.0,0.0
2024-02-02,14,11:30,6.1091,3.2115,9.3206,75.15,0.17511,60.0,80.0,0.0
2024-02-02,15,11:45,5.6324,9.5021,15.1345,75.15,0.28434,20.0,120.0,0.0
2024-02-02,16,12:00,5.8458,17.0147,22.8605,64.8,0.37034,20.0,120.0,0.0
2024-02-02,17,12:15,5.1816,17.1381,22.3197,64.8,0.361579,20.0,120.0,0.0
2024-02-02,18,12:30,6.7301,16.0793,22.8094,64.8,0.369512,20.0,120.0,0.0
2024-02-02,19,12:45,3.9878,3.2115,7.1993,64.8,0.116628,20.0,120.0,0.0
2024-02-02,20,13:00,1.8638,9.5021,11.3659,56.52,0.160601,80.0,160.0,0.0
2024-02-02,21,13:15,6.7293,17.0147,23.744,56.52,0.335502,80.0,160.0,0.0
2024-02-02,22,13:30,5.9956,17.1381,23.1337,56.52,0.326879,80.0,160.0,0.0
2024-02-02,23,13:45,7.1179,16.0793,23.1972,56.52,0.327776,80.0,160.0,0.0
2024-02-02,24,14:00,6.1091,3.2115,9.3206,54.83,0.127762,80.0,160.0,0.0
2024-02-02,25,14:15,5.6324,9.5021,15.1345,54.83,0.207457,40.0,200.0,0.0
2024-02-02,26,14:30,5.8458,17.0147,22.8605,54.83,0.31336,40.0,200.0,0.0
2024-02-02,27,14:45,5.1816,17.1381,22.3197,54.83,0.305947,40.0,200.0,0.0
2024-02-02,28,15:00,6.7301,16.0793,22.8094,53.09,0.302737,40.0,30.0,170.0
2024-02-02,29,15:15,3.9878,3.2115,7.1993,53.09,0.095553,40.0,30.0,0.0
2024-02-02,30,15:30,0.0,9.5021,9.5021,53.09,0.126117,100.0,70.0,0.0
2024-02-02,31,15:45,0.0,17.0147,17.0147,53.09,0.225827,100.0,70.0,0.0
2024-02-02,32,16:00,0.0,17.1381,17.1381,52.73,0.225923,100.0,70.0,0.0
2024-02-02,33,16:15,0.0,16.0793,16.0793,52.73,0.211965,100.0,70.0,0.0
2024-02-02,34,16:30,0.0,3.2115,3.2115,52.73,0.042335,100.0,70.0,0.0
2024-02-02,35,16:45,0.0,9.5021,9.5021,52.73,0.125261,60.0,110.0,0.0
2024-02-02,36,17:00,0.0,17.0147,17.0147,58.5,0.24884,60.0,110.0,0.0
2024-02-02,37,17:15,0.0,17.1381,17.1381,58.5,0.250645,60.0,110.0,0.0
2024-02-02,38,17:30,0.0,16.0793,16.0793,58.5,0.235159,60.0,110.0,0.0
2024-02-02,39,17:45,0.0,3.2115,3.2115,58.5,0.046968,60.0,110.0,0.0
2024-02-02,40,18:00,0.0,0.0,0.0,68.97,0.0,60.0,150.0,0.0
2024-02-02,41,18:15,0.0,0.0,0.0,68.97,0.0,60.0,150.0,0.0
2024-02-02,42,18:30,0.0,0.0,0.0,68.97,0.0,60.0,150.0,0.0
2024-02-02,43,18:45,0.0,0.0,0.0,68.97,0.0,60.0,150.0,0.0
2024-02-02,44,19:00,0.0,0.0,0.0,63.34,0.0,60.0,150.0,0.0
2024-02-02,45,19:15,0.0,0.0,0.0,63.34,0.0,60.0,150.0,0.0
2024-02-02,46,19:30,0.0,0.0,0.0,63.34,0.0,60.0,150.0,0.0
2024-02-02,47,19:45,0.0,0.0,0.0,63.34,0.0,60.0,150.0,0.0
2024-02-02,48,20:00,0.0,0.0,0.0,55.06,0.0,60.0,150.0,0.0
2024-02-02,49,20:15,0.0,0.0,0.0,55.06,0.0,60.0,150.0,0.0
2024-02-02,50,20:30,0.0,0.0,0.0,55.06,0.0,60.0,150.0,0.0
2024-02-02,51,20:45,0.0,0.0,0.0,55.06,0.0,60.0,150.0,0.0
2024-02-02,52,21:00,0.0,0.0,0.0,49.68,0.0,60.0,150.0,0.0
2024-02-02,53,21:15,0.0,0.0,0.0,49.68,0.0,60.0,150.0,0.0
2024-02-02,54,21:30,0.0,0.0,0.0,49.68,0.0,60.0,150.0,0.0
2024-02-02,55,21:45,0.0,0.0,0.0,49.68,0.0,60.0,10.0,140.0
2024-02-05,0,08:00,1.8638,9.5021,11.3659,62.32,0.177081,20.0,10.0,0.0
2024-02-05,1,08:15,6.7293,17.0147,23.744,62.32,0.369931,20.0,10.0,0.0
2024-02-05,2,08:30,5.9956,17.1381,23.1337,62.32,0.360423,20.0,10.0,0.0
2024-02-05,3,08:45,7.1179,16.0793,23.1972,62.32,0.361412,20.0,10.0,0.0
2024-02-05,4,09:00,6.1091,3.2115,9.3206,56.86,0.132492,20.0,10.0,0.0
2024-02-05,5,09:15,5.6324,0.0,5.6324,56.86,0.080065,20.0,50.0,0.0
2024-02-05,6,09:30,5.8458,0.0,5.8458,56.86,0.083098,20.0,50.0,0.0
2024-02-05,7,09:45,5.1816,0.0,5.1816,56.86,0.073656,20.0,50.0,0.0
2024-02-05,8,10:00,6.7301,0.0,6.7301,52.93,0.089056,20.0,50.0,0.0
2024-02-05,9,10:15,3.9878,0.0,3.9878,52.93,0.052769,20.0,50.0,0.0
2024-02-05,10,10:30,1.8638,9.5021,11.3659,52.93,0.1504,80.0,50.0,0.0
2024-02-05,11,10:45,6.7293,17.0147,23.744,52.93,0.314192,80.0,50.0,0.0
2024-02-05,12,11:00,5.9956,17.1381,23.1337,40.15,0.232204,80.0,50.0,0.0
2024-02-05,13,11:15,7.1179,16.0793,23.1972,40.15,0.232842,80.0,50.0,0.0
2024-02-05,14,11:30,6.1091,3.2115,9.3206,40.15,0.093555,80.0,50.0,0.0
2024-02-05,15,11:45,5.6324,9.5021,15.1345,40.15,0.151913,40.0,90.0,0.0
2024-02-05,16,12:00,5.8458,17.0147,22.8605,7.05,0.040292,40.0,90.0,0.0
2024-02-05,17,12:15,5.1816,17.1381,22.3197,7.05,0.039338,40.0,90.0,0.0
2024-02-05,18,12:30,6.7301,16.0793,22.8094,7.05,0.040202,40.0,90.0,0.0
2024-02-05,19,12:45,3.9878,3.2115,7.1993,7.05,0.012689,40.0,90.0,0.0
2024-02-05,20,13:00,1.8638,9.5021,11.3659,1.09,0.003097,100.0,130.0,0.0
2024-02-05,21,13:15,6.7293,17.0147,23.744,1.09,0.00647,100.0,130.0,0.0
2024-02-05,22,13:30,5.9956,17.1381,23.1337,1.09,0.006304,100.0,130.0,0.0
2024-02-05,23,13:45,7.1179,16.0793,23.1972,1.09,0.006321,100.0,130.0,0.0
2024-02-05,24,14:00,6.1091,3.2115,9.3206,5.01,0.011674,100.0,130.0,0.0
2024-02-05,25,14:15,5.6324,9.5021,15.1345,5.01,0.018956,60.0,170.0,0.0
2024-02-05,26,14:30,5.8458,17.0147,22.8605,5.01,0.028633,60.0,170.0,0.0
2024-02-05,27,14:45,5.1816,17.1381,22.3197,5.01,0.027955,60.0,170.0,0.0
2024-02-05,28,15:00,6.7301,16.0793,22.8094,53.1,0.302795,60.0,10.0,160.0
2024-02-05,29,15:15,3.9878,3.2115,7.1993,53.1,0.095571,60.0,10.0,0.0
2024-02-05,30,15:30,0.0,9.5021,9.5021,53.1,0.12614,120.0,50.0,0.0
2024-02-05,31,15:45,0.0,17.0147,17.0147,53.1,0.22587,120.0,50.0,0.0
2024-02-05,32,16:00,0.0,17.1381,17.1381,60.72,0.260156,120.0,50.0,0.0
2024-02-05,33,16:15,0.0,16.0793,16.0793,60.72,0.244083,120.0,50.0,0.0
2024-02-05,34,16:30,0.0,3.2115,3.2115,60.72,0.04875,120.0,50.0,0.0
2024-02-05,35,16:45,0.0,9.5021,9.5021,60.72,0.144242,80.0,90.0,0.0
2024-02-05,36,17:00,0.0,17.0147,17.0147,68.47,0.291249,80.0,90.0,0.0
2024-02-05,37,17:15,0.0,17.1381,17.1381,68.47,0.293361,80.0,90.0,0.0
2024-02-05,38,17:30,0.0,16.0793,16.0793,68.47,0.275237,80.0,90.0,0.0
2024-02-05,39,17:45,0.0,3.2115,3.2115,68.47,0.054973,80.0,90.0,0.0
2024-02-05,40,18:00,0.0,0.0,0.0,68.78,0.0,80.0,130.0,0.0
2024-02-05,41,18:15,0.0,0.0,0.0,68.78,0.0,80.0,130.0,0.0
2024-02-05,42,18:30,0.0,0.0,0.0,68.78,0.0,80.0,130.0,0.0
2024-02-05,43,18:45,0.0,0.0,0.0,68.78,0.0,80.0,130.0,0.0
2024-02-05,44,19:00,0.0,0.0,0.0,61.84,0.0,80.0,130.0,0.0
2024-02-05,45,19:15,0.0,0.0,0.0,61.84,0.0,80.0,130.0,0.0
2024-02-05,46,19:30,0.0,0.0,0.0,61.84,0.0,80.0,130.0,0.0
2024-02-05,47,19:45,0.0,0.0,0.0,61.84,0.0,80.0,130.0,0.0
2024-02-05,48,20:00,0.0,0.0,0.0,60.48,0.0,80.0,130.0,0.0
2024-02-05,49,20:15,0.0,0.0,0.0,60.48,0.0,80.0,130.0,0.0
2024-02-05,50,20:30,0.0,0.0,0.0,60.48,0.0,80.0,130.0,0.0
2024-02-05,51,20:45,0.0,0.0,0.0,60.48,0.0,80.0,130.0,0.0
2024-02-05,52,21:00,0.0,0.0,0.0,59.65,0.0,80.0,130.0,0.0
2024-02-05,53,21:15,0.0,0.0,0.0,59.65,0.0,80.0,130.0,0.0
2024-02-05,54,21:30,0.0,0.0,0.0,59.65,0.0,80.0,130.0,0.0
2024-02-05,55,21:45,0.0,0.0,0.0,59.65,0.0,80.0,0.0,130.0
2024-02-06,0,08:00,1.8638,9.5021,11.3659,62.0,0.176172,40.0,0.0,0.0
2024-02-06,1,08:15,6.7293,17.0147,23.744,62.0,0.368031,40.0,0.0,0.0
2024-02-06,2,08:30,5.9956,17.1381,23.1337,62.0,0.358572,40.0,0.0,0.0
2024-02-06,3,08:45,7.1179,16.0793,23.1972,62.0,0.359556,40.0,0.0,0.0
2024-02-06,4,09:00,6.1091,3.2115,9.3206,61.35,0.142954,40.0,0.0,0.0
2024-02-06,5,09:15,5.6324,9.5021,15.1345,61.35,0.232126,0.0,40.0,0.0
2024-02-06,6,09:30,5.8458,17.0147,22.8605,61.35,0.350623,0.0,40.0,0.0
2024-02-06,7,09:45,5.1816,17.1381,22.3197,61.35,0.342328,0.0,40.0,0.0
2024-02-06,8,10:00,6.7301,16.0793,22.8094,56.56,0.322525,0.0,40.0,0.0
2024-02-06,9,10:15,3.9878,3.2115,7.1993,56.56,0.101798,0.0,40.0,0.0
2024-02-06,10,10:30,1.8638,9.5021,11.3659,56.56,0.160714,60.0,80.0,0.0
2024-02-06,11,10:45,6.7293,17.0147,23.744,56.56,0.33574,60.0,80.0,0.0
2024-02-06,12,11:00,5.9956,17.1381,23.1337,51.7,0.299003,60.0,80.0,0.0
2024-02-06,13,11:15,7.1179,16.0793,23.1972,51.7,0.299823,60.0,80.0,0.0
2024-02-06,14,11:30,6.1091,3.2115,9.3206,51.7,0.120468,60.0,80.0,0.0
2024-02-06,15,11:45,5.6324,9.5021,15.1345,51.7,0.195614,20.0,120.0,0.0
2024-02-06,16,12:00,5.8458,17.0147,22.8605,43.47,0.248436,20.0,120.0,0.0
2024-02-06,17,12:15,5.1816,17.1381,22.3197,43.47,0.242559,20.0,120.0,0.0
2024-02-06,18,12:30,6.7301,16.0793,22.8094,43.47,0.247881,20.0,120.0,0.0
2024-02-06,19,12:45,3.9878,3.2115,7.1993,43.47,0.078238,20.0,120.0,0.0
2024-02-06,20,13:00,0.0,9.5021,9.5021,42.54,0.101055,80.0,160.0,0.0
2024-02-06,21,13:15,0.0,17.0147,17.0147,42.54,0.180951,80.0,160.0,0.0
2024-02-06,22,13:30,0.0,17.1381,17.1381,42.54,0.182264,80.0,160.0,0.0
2024-02-06,23,13:45,0.0,16.0793,16.0793,42.54,0.171003,80.0,160.0,0.0
2024-02-06,24,14:00,0.0,3.2115,3.2115,40.11,0.032203,80.0,160.0,0.0
2024-02-06,25,14:15,0.0,0.0,0.0,40.11,0.0,80.0,200.0,0.0
2024-02-06,26,14:30,0.0,0.0,0.0,40.11,0.0,80.0,200.0,0.0
2024-02-06,27,14:45,0.0,0.0,0.0,40.11,0.0,80.0,200.0,0.0
2024-02-06,28,15:00,0.0,0.0,0.0,49.91,0.0,80.0,50.0,150.0
2024-02-06,29,15:15,0.0,0.0,0.0,49.91,0.0,80.0,50.0,0.0
2024-02-06,30,15:30,0.0,0.0,0.0,49.91,0.0,80.0,50.0,0.0
2024-02-06,31,15:45,0.0,0.0,0.0,49.91,0.0,80.0,50.0,0.0
2024-02-06,32,16:00,0.0,0.0,0.0,56.52,0.0,80.0,50.0,0.0
2024-02-06,33,16:15,0.0,0.0,0.0,56.52,0.0,80.0,50.0,0.0
2024-02-06,34,16:30,0.0,0.0,0.0,56.52,0.0,80.0,50.0,0.0
2024-02-06,35,16:45,0.0,0.0,0.0,56.52,0.0,80.0,50.0,0.0
2024-02-06,36,17:00,0.0,0.0,0.0,62.97,0.0,80.0,50.0,0.0
2024-02-06,37,17:15,0.0,0.0,0.0,62.97,0.0,80.0,50.0,0.0
2024-02-06,38,17:30,0.0,0.0,0.0,62.97,0.0,80.0,50.0,0.0
2024-02-06,39,17:45,0.0,0.0,0.0,62.97,0.0,80.0,50.0,0.0
2024-02-06,40,18:00,0.0,0.0,0.0,61.96,0.0,80.0,50.0,0.0
2024-02-06,41,18:15,0.0,0.0,0.0,61.96,0.0,80.0,50.0,0.0
2024-02-06,42,18:30,0.0,0.0,0.0,61.96,0.0,80.0,50.0,0.0
2024-02-06,43,18:45,0.0,0.0,0.0,61.96,0.0,80.0,50.0,0.0
2024-02-06,44,19:00,0.0,0.0,0.0,61.16,0.0,80.0,50.0,0.0
2024-02-06,45,19:15,0.0,0.0,0.0,61.16,0.0,80.0,50.0,0.0
2024-02-06,46,19:30,0.0,0.0,0.0,61.16,0.0,80.0,50.0,0.0
2024-02-06,47,19:45,0.0,0.0,0.0,61.16,0.0,80.0,50.0,0.0
2024-02-06,48,20:00,0.0,0.0,0.0,59.14,0.0,80.0,50.0,0.0
2024-02-06,49,20:15,0.0,0.0,0.0,59.14,0.0,80.0,50.0,0.0
2024-02-06,50,20:30,0.0,0.0,0.0,59.14,0.0,80.0,50.0,0.0
2024-02-06,51,20:45,0.0,0.0,0.0,59.14,0.0,80.0,50.0,0.0
2024-02-06,52,21:00,0.0,0.0,0.0,56.44,0.0,80.0,50.0,0.0
2024-02-06,53,21:15,0.0,0.0,0.0,56.44,0.0,80.0,50.0,0.0
2024-02-06,54,21:30,0.0,0.0,0.0,56.44,0.0,80.0,50.0,0.0
2024-02-06,55,21:45,0.0,0.0,0.0,56.44,0.0,80.0,50.0,0.0
2024-02-07,0,08:00,1.8638,9.5021,11.3659,87.0,0.247209,40.0,50.0,0.0
2024-02-07,1,08:15,6.7293,17.0147,23.744,87.0,0.516431,40.0,50.0,0.0
2024-02-07,2,08:30,5.9956,17.1381,23.1337,87.0,0.503158,40.0,50.0,0.0
2024-02-07,3,08:45,7.1179,16.0793,23.1972,87.0,0.504539,40.0,50.0,0.0
2024-02-07,4,09:00,6.1091,3.2115,9.3206,85.53,0.199297,40.0,50.0,0.0
2024-02-07,5,09:15,5.6324,9.5021,15.1345,85.53,0.323614,0.0,90.0,0.0
2024-02-07,6,09:30,5.8458,17.0147,22.8605,85.53,0.488814,0.0,90.0,0.0
2024-02-07,7,09:45,5.1816,17.1381,22.3197,85.53,0.47725,0.0,90.0,0.0
2024-02-07,8,10:00,6.7301,16.0793,22.8094,81.17,0.462859,0.0,90.0,0.0
2024-02-07,9,10:15,3.9878,3.2115,7.1993,81.17,0.146092,0.0,90.0,0.0
2024-02-07,10,10:30,1.8638,9.5021,11.3659,81.17,0.230643,60.0,130.0,0.0
2024-02-07,11,10:45,6.7293,17.0147,23.744,81.17,0.481824,60.0,130.0,0.0
2024-02-07,12,11:00,5.9956,17.1381,23.1337,78.01,0.451165,60.0,130.0,0.0
2024-02-07,13,11:15,7.1179,16.0793,23.1972,78.01,0.452403,60.0,130.0,0.0
2024-02-07,14,11:30,6.1091,3.2115,9.3206,78.01,0.181774,60.0,130.0,0.0
2024-02-07,15,11:45,5.6324,9.5021,15.1345,78.01,0.295161,20.0,170.0,0.0
2024-02-07,16,12:00,5.8458,17.0147,22.8605,75.98,0.434235,20.0,170.0,0.0
2024-02-07,17,12:15,5.1816,17.1381,22.3197,75.98,0.423962,20.0,170.0,0.0
2024-02-07,18,12:30,6.7301,16.0793,22.8094,75.98,0.433264,20.0,170.0,0.0
2024-02-07,19,12:45,3.9878,3.2115,7.1993,75.98,0.13675,20.0,170.0,0.0
2024-02-07,20,13:00,1.8638,9.5021,11.3659,79.24,0.225159,80.0,210.0,0.0
2024-02-07,21,13:15,6.7293,17.0147,23.744,79.24,0.470368,80.0,210.0,0.0
2024-02-07,22,13:30,5.9956,17.1381,23.1337,79.24,0.458278,80.0,210.0,0.0
2024-02-07,23,13:45,7.1179,16.0793,23.1972,79.24,0.459536,80.0,210.0,0.0
2024-02-07,24,14:00,6.1091,3.2115,9.3206,77.99,0.181728,80.0,210.0,0.0
2024-02-07,25,14:15,5.6324,9.5021,15.1345,77.99,0.295086,40.0,250.0,0.0
2024-02-07,26,14:30,5.8458,17.0147,22.8605,77.99,0.445722,40.0,250.0,0.0
2024-02-07,27,14:45,5.1816,17.1381,22.3197,77.99,0.435178,40.0,250.0,0.0
2024-02-07,28,15:00,6.7301,16.0793,22.8094,88.21,0.503004,40.0,60.0,190.0
2024-02-07,29,15:15,3.9878,3.2115,7.1993,88.21,0.158762,40.0,60.0,0.0
2024-02-07,30,15:30,0.0,9.5021,9.5021,88.21,0.209545,100.0,100.0,0.0
2024-02-07,31,15:45,0.0,17.0147,17.0147,88.21,0.375216,100.0,100.0,0.0
2024-02-07,32,16:00,0.0,17.1381,17.1381,97.3,0.416884,100.0,100.0,0.0
2024-02-07,33,16:15,0.0,16.0793,16.0793,97.3,0.391128,100.0,100.0,0.0
2024-02-07,34,16:30,0.0,3.2115,3.2115,97.3,0.078119,100.0,100.0,0.0
2024-02-07,35,16:45,0.0,9.5021,9.5021,97.3,0.231138,60.0,140.0,0.0
2024-02-07,36,17:00,0.0,17.0147,17.0147,120.05,0.510653,60.0,140.0,0.0
2024-02-07,37,17:15,0.0,17.1381,17.1381,120.05,0.514357,60.0,140.0,0.0
2024-02-07,38,17:30,0.0,16.0793,16.0793,120.05,0.482579,60.0,140.0,0.0
2024-02-07,39,17:45,0.0,3.2115,3.2115,120.05,0.096385,60.0,140.0,0.0
2024-02-07,40,18:00,0.0,0.0,0.0,136.22,0.0,60.0,180.0,0.0
2024-02-07,41,18:15,0.0,0.0,0.0,136.22,0.0,60.0,180.0,0.0
2024-02-07,42,18:30,0.0,0.0,0.0,136.22,0.0,60.0,180.0,0.0
2024-02-07,43,18:45,0.0,0.0,0.0,136.22,0.0,60.0,180.0,0.0
2024-02-07,44,19:00,0.0,0.0,0.0,109.7,0.0,60.0,180.0,0.0
2024-02-07,45,19:15,0.0,0.0,0.0,109.7,0.0,60.0,180.0,0.0
2024-02-07,46,19:30,0.0,0.0,0.0,109.7,0.0,60.0,180.0,0.0
2024-02-07,47,19:45,0.0,0.0,0.0,109.7,0.0,60.0,180.0,0.0
2024-02-07,48,20:00,0.0,0.0,0.0,99.91,0.0,60.0,180.0,0.0
2024-02-07,49,20:15,0.0,0.0,0.0,99.91,0.0,60.0,180.0,0.0
2024-02-07,50,20:30,0.0,0.0,0.0,99.91,0.0,60.0,180.0,0.0
2024-02-07,51,20:45,0.0,0.0,0.0,99.91,0.0,60.0,180.0,0.0
2024-02-07,52,21:00,0.0,0.0,0.0,87.65,0.0,60.0,180.0,0.0
2024-02-07,53,21:15,0.0,0.0,0.0,87.65,0.0,60.0,180.0,0.0
2024-02-07,54,21:30,0.0,0.0,0.0,87.65,0.0,60.0,180.0,0.0
2024-02-07,55,21:45,0.0,0.0,0.0,87.65,0.0,60.0,0.0,180.0
2024-02-08,0,08:00,1.8638,9.5021,11.3659,133.15,0.378344,20.0,0.0,0.0
2024-02-08,1,08:15,6.7293,17.0147,23.744,133.15,0.790377,20.0,0.0,0.0
2024-02-08,2,08:30,5.9956,17.1381,23.1337,133.15,0.770062,20.0,0.0,0.0
2024-02-08,3,08:45,7.1179,16.0793,23.1972,133.15,0.772176,20.0,0.0,0.0
2024-02-08,4,09:00,6.1091,3.2115,9.3206,113.55,0.264587,20.0,0.0,0.0
2024-02-08,5,09:15,5.6324,0.0,5.6324,113.55,0.159891,20.0,40.0,0.0
2024-02-08,6,09:30,5.8458,0.0,5.8458,113.55,0.165948,20.0,40.0,0.0
2024-02-08,7,09:45,5.1816,0.0,5.1816,113.55,0.147092,20.0,40.0,0.0
2024-02-08,8,10:00,6.7301,0.0,6.7301,97.79,0.164534,20.0,40.0,0.0
2024-02-08,9,10:15,3.9878,0.0,3.9878,97.79,0.097492,20.0,40.0,0.0
2024-02-08,10,10:30,1.8638,9.5021,11.3659,97.79,0.277869,80.0,40.0,0.0
2024-02-08,11,10:45,6.7293,17.0147,23.744,97.79,0.58048,80.0,40.0,0.0
2024-02-08,12,11:00,5.9956,17.1381,23.1337,91.87,0.531323,80.0,40.0,0.0
2024-02-08,13,11:15,7.1179,16.0793,23.1972,91.87,0.532781,80.0,40.0,0.0
2024-02-08,14,11:30,6.1091,3.2115,9.3206,91.87,0.21407,80.0,40.0,0.0
2024-02-08,15,11:45,5.6324,9.5021,15.1345,91.87,0.347603,40.0,80.0,0.0
2024-02-08,16,12:00,5.8458,17.0147,22.8605,89.38,0.510818,40.0,80.0,0.0
2024-02-08,17,12:15,5.1816,17.1381,22.3197,89.38,0.498733,40.0,80.0,0.0
2024-02-08,18,12:30,6.7301,16.0793,22.8094,89.38,0.509676,40.0,80.0,0.0
2024-02-08,19,12:45,3.9878,3.2115,7.1993,89.38,0.160868,40.0,80.0,0.0
2024-02-08,20,13:00,1.8638,9.5021,11.3659,90.98,0.258518,100.0,120.0,0.0
2024-02-08,21,13:15,6.7293,17.0147,23.744,90.98,0.540056,100.0,120.0,0.0
2024-02-08,22,13:30,5.9956,17.1381,23.1337,90.98,0.526176,100.0,120.0,0.0
2024-02-08,23,13:45,7.1179,16.0793,23.1972,90.98,0.52762,100.0,120.0,0.0
2024-02-08,24,14:00,6.1091,3.2115,9.3206,94.9,0.22113,100.0,120.0,0.0
2024-02-08,25,14:15,5.6324,9.5021,15.1345,94.9,0.359067,60.0,160.0,0.0
2024-02-08,26,14:30,5.8458,17.0147,22.8605,94.9,0.542365,60.0,160.0,0.0
2024-02-08,27,14:45,5.1816,17.1381,22.3197,94.9,0.529534,60.0,160.0,0.0
2024-02-08,28,15:00,6.7301,16.0793,22.8094,94.38,0.538187,60.0,20.0,140.0
2024-02-08,29,15:15,3.9878,3.2115,7.1993,94.38,0.169867,60.0,20.0,0.0
2024-02-08,30,15:30,0.0,9.5021,9.5021,94.38,0.224202,120.0,60.0,0.0
2024-02-08,31,15:45,0.0,17.0147,17.0147,94.38,0.401461,120.0,60.0,0.0
2024-02-08,32,16:00,0.0,17.1381,17.1381,93.01,0.398504,120.0,60.0,0.0
2024-02-08,33,16:15,0.0,16.0793,16.0793,93.01,0.373883,120.0,60.0,0.0
2024-02-08,34,16:30,0.0,3.2115,3.2115,93.01,0.074675,120.0,60.0,0.0
2024-02-08,35,16:45,0.0,9.5021,9.5021,93.01,0.220947,80.0,100.0,0.0
2024-02-08,36,17:00,0.0,17.0147,17.0147,103.0,0.438128,80.0,100.0,0.0
2024-02-08,37,17:15,0.0,17.1381,17.1381,103.0,0.441306,80.0,100.0,0.0
2024-02-08,38,17:30,0.0,16.0793,16.0793,103.0,0.414041,80.0,100.0,0.0
2024-02-08,39,17:45,0.0,3.2115,3.2115,103.0,0.082696,80.0,100.0,0.0
2024-02-08,40,18:00,0.0,9.5021,9.5021,94.67,0.224891,40.0,140.0,0.0
2024-02-08,41,18:15,0.0,17.0147,17.0147,94.67,0.402695,40.0,140.0,0.0
2024-02-08,42,18:30,0.0,17.1381,17.1381,94.67,0.405616,40.0,140.0,0.0
2024-02-08,43,18:45,0.0,16.0793,16.0793,94.67,0.380556,40.0,140.0,0.0
2024-02-08,44,19:00,0.0,3.2115,3.2115,86.06,0.069095,40.0,140.0,0.0
2024-02-08,45,19:15,0.0,9.5021,9.5021,86.06,0.204438,0.0,180.0,0.0
2024-02-08,46,19:30,0.0,17.0147,17.0147,86.06,0.366071,0.0,180.0,0.0
2024-02-08,47,19:45,0.0,17.1381,17.1381,86.06,0.368726,0.0,180.0,0.0
2024-02-08,48,20:00,0.0,16.0793,16.0793,83.2,0.334449,0.0,180.0,0.0
2024-02-08,49,20:15,0.0,3.2115,3.2115,83.2,0.066799,0.0,180.0,0.0
2024-02-08,50,20:30,0.0,0.0,0.0,83.2,0.0,0.0,220.0,0.0
2024-02-08,51,20:45,0.0,0.0,0.0,83.2,0.0,0.0,220.0,0.0
2024-02-08,52,21:00,0.0,0.0,0.0,80.61,0.0,0.0,220.0,0.0
2024-02-08,53,21:15,0.0,0.0,0.0,80.61,0.0,0.0,220.0,0.0
2024-02-08,54,21:30,0.0,0.0,0.0,80.61,0.0,0.0,220.0,0.0
2024-02-08,55,21:45,0.0,0.0,0.0,80.61,0.0,0.0,30.0,190.0
2024-02-09,0,08:00,1.8638,0.0,1.8638,70.13,0.032678,0.0,30.0,0.0
2024-02-09,1,08:15,6.7293,0.0,6.7293,70.13,0.117981,0.0,30.0,0.0
2024-02-09,2,08:30,5.9956,0.0,5.9956,70.13,0.105118,0.0,30.0,0.0
2024-02-09,3,08:45,7.1179,0.0,7.1179,70.13,0.124794,0.0,30.0,0.0
2024-02-09,4,09:00,6.1091,0.0,6.1091,68.37,0.104419,0.0,30.0,0.0
2024-02-09,5,09:15,5.6324,0.0,5.6324,68.37,0.096273,0.0,30.0,0.0
2024-02-09,6,09:30,5.8458,0.0,5.8458,68.37,0.09992,0.0,30.0,0.0
2024-02-09,7,09:45,5.1816,0.0,5.1816,68.37,0.088566,0.0,30.0,0.0
2024-02-09,8,10:00,6.7301,0.0,6.7301,69.52,0.116969,0.0,30.0,0.0
2024-02-09,9,10:15,3.9878,0.0,3.9878,69.52,0.069308,0.0,30.0,0.0
2024-02-09,10,10:30,1.8638,9.5021,11.3659,69.52,0.19754,60.0,30.0,0.0
2024-02-09,11,10:45,6.7293,17.0147,23.744,69.52,0.41267,60.0,30.0,0.0
2024-02-09,12,11:00,5.9956,17.1381,23.1337,69.94,0.404492,60.0,30.0,0.0
2024-02-09,13,11:15,7.1179,16.0793,23.1972,69.94,0.405603,60.0,30.0,0.0
2024-02-09,14,11:30,6.1091,3.2115,9.3206,69.94,0.16297,60.0,30.0,0.0
2024-02-09,15,11:45,5.6324,9.5021,15.1345,69.94,0.264627,20.0,70.0,0.0
2024-02-09,16,12:00,5.8458,17.0147,22.8605,67.85,0.387771,20.0,70.0,0.0
2024-02-09,17,12:15,5.1816,17.1381,22.3197,67.85,0.378597,20.0,70.0,0.0
2024-02-09,18,12:30,6.7301,16.0793,22.8094,67.85,0.386904,20.0,70.0,0.0
2024-02-09,19,12:45,3.9878,3.2115,7.1993,67.85,0.122118,20.0,70.0,0.0
2024-02-09,20,13:00,1.8638,9.5021,11.3659,67.74,0.192482,80.0,110.0,0.0
2024-02-09,21,13:15,6.7293,17.0147,23.744,67.74,0.402104,80.0,110.0,0.0
2024-02-09,22,13:30,5.9956,17.1381,23.1337,67.74,0.391769,80.0,110.0,0.0
2024-02-09,23,13:45,7.1179,16.0793,23.1972,67.74,0.392844,80.0,110.0,0.0
2024-02-09,24,14:00,6.1091,3.2115,9.3206,73.22,0.170613,80.0,110.0,0.0
2024-02-09,25,14:15,5.6324,9.5021,15.1345,73.22,0.277038,40.0,150.0,0.0
2024-02-09,26,14:30,5.8458,17.0147,22.8605,73.22,0.418461,40.0,150.0,0.0
2024-02-09,27,14:45,5.1816,17.1381,22.3197,73.22,0.408561,40.0,150.0,0.0
2024-02-09,28,15:00,6.7301,16.0793,22.8094,81.56,0.465083,40.0,40.0,110.0
2024-02-09,29,15:15,3.9878,3.2115,7.1993,81.56,0.146793,40.0,40.0,0.0
2024-02-09,30,15:30,0.0,9.5021,9.5021,81.56,0.193748,100.0,80.0,0.0
2024-02-09,31,15:45,0.0,17.0147,17.0147,81.56,0.346929,100.0,80.0,0.0
2024-02-09,32,16:00,0.0,17.1381,17.1381,90.12,0.386121,100.0,80.0,0.0
2024-02-09,33,16:15,0.0,16.0793,16.0793,90.12,0.362266,100.0,80.0,0.0
2024-02-09,34,16:30,0.0,3.2115,3.2115,90.12,0.072355,100.0,80.0,0.0
2024-02-09,35,16:45,0.0,9.5021,9.5021,90.12,0.214082,60.0,120.0,0.0
2024-02-09,36,17:00,0.0,17.0147,17.0147,95.45,0.406013,60.0,120.0,0.0
2024-02-09,37,17:15,0.0,17.1381,17.1381,95.45,0.408958,60.0,120.0,0.0
2024-02-09,38,17:30,0.0,16.0793,16.0793,95.45,0.383692,60.0,120.0,0.0
2024-02-09,39,17:45,0.0,3.2115,3.2115,95.45,0.076634,60.0,120.0,0.0
2024-02-09,40,18:00,0.0,9.5021,9.5021,95.45,0.226744,20.0,160.0,0.0
2024-02-09,41,18:15,0.0,17.0147,17.0147,95.45,0.406013,20.0,160.0,0.0
2024-02-09,42,18:30,0.0,17.1381,17.1381,95.45,0.408958,20.0,160.0,0.0
2024-02-09,43,18:45,0.0,16.0793,16.0793,95.45,0.383692,20.0,160.0,0.0
2024-02-09,44,19:00,0.0,3.2115,3.2115,87.05,0.06989,20.0,160.0,0.0
2024-02-09,45,19:15,0.0,0.0,0.0,87.05,0.0,20.0,200.0,0.0
2024-02-09,46,19:30,0.0,0.0,0.0,87.05,0.0,20.0,200.0,0.0
2024-02-09,47,19:45,0.0,0.0,0.0,87.05,0.0,20.0,200.0,0.0
2024-02-09,48,20:00,0.0,0.0,0.0,80.44,0.0,20.0,200.0,0.0
2024-02-09,49,20:15,0.0,0.0,0.0,80.44,0.0,20.0,200.0,0.0
2024-02-09,50,20:30,0.0,0.0,0.0,80.44,0.0,20.0,200.0,0.0
2024-02-09,51,20:45,0.0,0.0,0.0,80.44,0.0,20.0,200.0,0.0
2024-02-09,52,21:00,0.0,0.0,0.0,75.2,0.0,20.0,200.0,0.0
2024-02-09,53,21:15,0.0,0.0,0.0,75.2,0.0,20.0,200.0,0.0
2024-02-09,54,21:30,0.0,0.0,0.0,75.2,0.0,20.0,200.0,0.0
2024-02-09,55,21:45,0.0,0.0,0.0,75.2,0.0,20.0,30.0,170.0
2024-02-12,0,08:00,1.8638,0.0,1.8638,104.0,0.04846,20.0,30.0,0.0
2024-02-12,1,08:15,6.7293,0.0,6.7293,104.0,0.174961,20.0,30.0,0.0
2024-02-12,2,08:30,5.9956,0.0,5.9956,104.0,0.155885,20.0,30.0,0.0
2024-02-12,3,08:45,7.1179,0.0,7.1179,104.0,0.185065,20.0,30.0,0.0
2024-02-12,4,09:00,6.1091,0.0,6.1091,96.5,0.147381,20.0,30.0,0.0
2024-02-12,5,09:15,5.6324,0.0,5.6324,96.5,0.135883,20.0,30.0,0.0
2024-02-12,6,09:30,5.8458,0.0,5.8458,96.5,0.14103,20.0,30.0,0.0
2024-02-12,7,09:45,5.1816,0.0,5.1816,96.5,0.125005,20.0,30.0,0.0
2024-02-12,8,10:00,6.7301,0.0,6.7301,85.47,0.143805,20.0,30.0,0.0
2024-02-12,9,10:15,3.9878,0.0,3.9878,85.47,0.085209,20.0,30.0,0.0
2024-02-12,10,10:30,1.8638,9.5021,11.3659,85.47,0.242862,80.0,30.0,0.0
2024-02-12,11,10:45,6.7293,17.0147,23.744,85.47,0.507349,80.0,30.0,0.0
2024-02-12,12,11:00,5.9956,17.1381,23.1337,79.14,0.4577,80.0,30.0,0.0
2024-02-12,13,11:15,7.1179,16.0793,23.1972,79.14,0.458956,80.0,30.0,0.0
2024-02-12,14,11:30,6.1091,3.2115,9.3206,79.14,0.184407,80.0,30.0,0.0
2024-02-12,15,11:45,5.6324,9.5021,15.1345,79.14,0.299437,40.0,70.0,0.0
2024-02-12,16,12:00,5.8458,17.0147,22.8605,67.37,0.385028,40.0,70.0,0.0
2024-02-12,17,12:15,5.1816,17.1381,22.3197,67.37,0.375919,40.0,70.0,0.0
2024-02-12,18,12:30,6.7301,16.0793,22.8094,67.37,0.384167,40.0,70.0,0.0
2024-02-12,19,12:45,3.9878,3.2115,7.1993,67.37,0.121254,40.0,70.0,0.0
2024-02-12,20,13:00,1.8638,9.5021,11.3659,63.75,0.181145,100.0,110.0,0.0
2024-02-12,21,13:15,6.7293,17.0147,23.744,63.75,0.378419,100.0,110.0,0.0
2024-02-12,22,13:30,5.9956,17.1381,23.1337,63.75,0.368693,100.0,110.0,0.0
2024-02-12,23,13:45,7.1179,16.0793,23.1972,63.75,0.369705,100.0,110.0,0.0
2024-02-12,24,14:00,6.1091,3.2115,9.3206,63.95,0.149012,100.0,110.0,0.0
2024-02-12,25,14:15,5.6324,9.5021,15.1345,63.95,0.241963,60.0,150.0,0.0
2024-02-12,26,14:30,5.8458,17.0147,22.8605,63.95,0.365482,60.0,150.0,0.0
2024-02-12,27,14:45,5.1816,17.1381,22.3197,63.95,0.356836,60.0,150.0,0.0
2024-02-12,28,15:00,6.7301,16.0793,22.8094,66.4,0.378636,60.0,70.0,80.0
2024-02-12,29,15:15,3.9878,3.2115,7.1993,66.4,0.119508,60.0,70.0,0.0
2024-02-12,30,15:30,0.0,9.5021,9.5021,66.4,0.157735,120.0,110.0,0.0
2024-02-12,31,15:45,0.0,17.0147,17.0147,66.4,0.282444,120.0,110.0,0.0
2024-02-12,32,16:00,0.0,17.1381,17.1381,78.42,0.335992,120.0,110.0,0.0
2024-02-12,33,16:15,0.0,16.0793,16.0793,78.42,0.315234,120.0,110.0,0.0
2024-02-12,34,16:30,0.0,3.2115,3.2115,78.42,0.062961,120.0,110.0,0.0
2024-02-12,35,16:45,0.0,9.5021,9.5021,78.42,0.186289,80.0,150.0,0.0
2024-02-12,36,17:00,0.0,17.0147,17.0147,93.9,0.399419,80.0,150.0,0.0
2024-02-12,37,17:15,0.0,17.1381,17.1381,93.9,0.402317,80.0,150.0,0.0
2024-02-12,38,17:30,0.0,16.0793,16.0793,93.9,0.377461,80.0,150.0,0.0
2024-02-12,39,17:45,0.0,3.2115,3.2115,93.9,0.07539,80.0,150.0,0.0
2024-02-12,40,18:00,0.0,0.0,0.0,96.0,0.0,80.0,190.0,0.0
2024-02-12,41,18:15,0.0,0.0,0.0,96.0,0.0,80.0,190.0,0.0
2024-02-12,42,18:30,0.0,0.0,0.0,96.0,0.0,80.0,190.0,0.0
2024-02-12,43,18:45,0.0,0.0,0.0,96.0,0.0,80.0,190.0,0.0
2024-02-12,44,19:00,0.0,0.0,0.0,89.08,0.0,80.0,190.0,0.0
2024-02-12,45,19:15,0.0,0.0,0.0,89.08,0.0,80.0,190.0,0.0
2024-02-12,46,19:30,0.0,0.0,0.0,89.08,0.0,80.0,190.0,0.0
2024-02-12,47,19:45,0.0,0.0,0.0,89.08,0.0,80.0,190.0,0.0
2024-02-12,48,20:00,0.0,0.0,0.0,79.15,0.0,80.0,190.0,0.0
2024-02-12,49,20:15,0.0,0.0,0.0,79.15,0.0,80.0,190.0,0.0
2024-02-12,50,20:30,0.0,0.0,0.0,79.15,0.0,80.0,190.0,0.0
2024-02-12,51,20:45,0.0,0.0,0.0,79.15,0.0,80.0,190.0,0.0
2024-02-12,52,21:00,0.0,0.0,0.0,71.54,0.0,80.0,190.0,0.0
2024-02-12,53,21:15,0.0,0.0,0.0,71.54,0.0,80.0,190.0,0.0
2024-02-12,54,21:30,0.0,0.0,0.0,71.54,0.0,80.0,190.0,0.0
2024-02-12,55,21:45,0.0,0.0,0.0,71.54,0.0,80.0,50.0,140.0
2024-02-13,0,08:00,1.8638,9.5021,11.3659,89.1,0.253176,40.0,50.0,0.0
2024-02-13,1,08:15,6.7293,17.0147,23.744,89.1,0.528897,40.0,50.0,0.0
2024-02-13,2,08:30,5.9956,17.1381,23.1337,89.1,0.515303,40.0,50.0,0.0
2024-02-13,3,08:45,7.1179,16.0793,23.1972,89.1,0.516717,40.0,50.0,0.0
2024-02-13,4,09:00,6.1091,3.2115,9.3206,75.12,0.17504,40.0,50.0,0.0
2024-02-13,5,09:15,5.6324,9.5021,15.1345,75.12,0.284227,0.0,90.0,0.0
2024-02-13,6,09:30,5.8458,17.0147,22.8605,75.12,0.42932,0.0,90.0,0.0
2024-02-13,7,09:45,5.1816,17.1381,22.3197,75.12,0.419163,0.0,90.0,0.0
2024-02-13,8,10:00,6.7301,16.0793,22.8094,69.21,0.394659,0.0,90.0,0.0
2024-02-13,9,10:15,3.9878,3.2115,7.1993,69.21,0.124566,0.0,90.0,0.0
2024-02-13,10,10:30,1.8638,9.5021,11.3659,69.21,0.196659,60.0,130.0,0.0
2024-02-13,11,10:45,6.7293,17.0147,23.744,69.21,0.41083,60.0,130.0,0.0
2024-02-13,12,11:00,5.9956,17.1381,23.1337,63.87,0.369387,60.0,130.0,0.0
2024-02-13,13,11:15,7.1179,16.0793,23.1972,63.87,0.370401,60.0,130.0,0.0
2024-02-13,14,11:30,6.1091,3.2115,9.3206,63.87,0.148826,60.0,130.0,0.0
2024-02-13,15,11:45,5.6324,9.5021,15.1345,63.87,0.241661,20.0,170.0,0.0
2024-02-13,16,12:00,5.8458,17.0147,22.8605,60.53,0.345936,20.0,170.0,0.0
2024-02-13,17,12:15,5.1816,17.1381,22.3197,60.53,0.337752,20.0,170.0,0.0
2024-02-13,18,12:30,6.7301,16.0793,22.8094,60.53,0.345163,20.0,170.0,0.0
2024-02-13,19,12:45,3.9878,3.2115,7.1993,60.53,0.108943,20.0,170.0,0.0
2024-02-13,20,13:00,1.8638,9.5021,11.3659,60.26,0.171228,80.0,210.0,0.0
2024-02-13,21,13:15,6.7293,17.0147,23.744,60.26,0.357703,80.0,210.0,0.0
2024-02-13,22,13:30,5.9956,17.1381,23.1337,60.26,0.348509,80.0,210.0,0.0
2024-02-13,23,13:45,7.1179,16.0793,23.1972,60.26,0.349465,80.0,210.0,0.0
2024-02-13,24,14:00,6.1091,3.2115,9.3206,63.1,0.147032,80.0,210.0,0.0
2024-02-13,25,14:15,5.6324,9.5021,15.1345,63.1,0.238747,40.0,250.0,0.0
2024-02-13,26,14:30,5.8458,17.0147,22.8605,63.1,0.360624,40.0,250.0,0.0
2024-02-13,27,14:45,5.1816,17.1381,22.3197,63.1,0.352093,40.0,250.0,0.0
2024-02-13,28,15:00,6.7301,16.0793,22.8094,70.7,0.403156,40.0,60.0,190.0
2024-02-13,29,15:15,3.9878,3.2115,7.1993,70.7,0.127247,40.0,60.0,0.0
2024-02-13,30,15:30,0.0,9.5021,9.5021,70.7,0.167949,100.0,100.0,0.0
2024-02-13,31,15:45,0.0,17.0147,17.0147,70.7,0.300734,100.0,100.0,0.0
2024-02-13,32,16:00,0.0,17.1381,17.1381,78.36,0.335735,100.0,100.0,0.0
2024-02-13,33,16:15,0.0,16.0793,16.0793,78.36,0.314993,100.0,100.0,0.0
2024-02-13,34,16:30,0.0,3.2115,3.2115,78.36,0.062913,100.0,100.0,0.0
2024-02-13,35,16:45,0.0,9.5021,9.5021,78.36,0.186146,60.0,140.0,0.0
2024-02-13,36,17:00,0.0,17.0147,17.0147,95.01,0.404141,60.0,140.0,0.0
2024-02-13,37,17:15,0.0,17.1381,17.1381,95.01,0.407073,60.0,140.0,0.0
2024-02-13,38,17:30,0.0,16.0793,16.0793,95.01,0.381923,60.0,140.0,0.0
2024-02-13,39,17:45,0.0,3.2115,3.2115,95.01,0.076281,60.0,140.0,0.0
2024-02-13,40,18:00,0.0,0.0,0.0,99.88,0.0,60.0,180.0,0.0
2024-02-13,41,18:15,0.0,0.0,0.0,99.88,0.0,60.0,180.0,0.0
2024-02-13,42,18:30,0.0,0.0,0.0,99.88,0.0,60.0,180.0,0.0
2024-02-13,43,18:45,0.0,0.0,0.0,99.88,0.0,60.0,180.0,0.0
2024-02-13,44,19:00,0.0,0.0,0.0,90.99,0.0,60.0,180.0,0.0
2024-02-13,45,19:15,0.0,0.0,0.0,90.99,0.0,60.0,180.0,0.0
2024-02-13,46,19:30,0.0,0.0,0.0,90.99,0.0,60.0,180.0,0.0
2024-02-13,47,19:45,0.0,0.0,0.0,90.99,0.0,60.0,180.0,0.0
2024-02-13,48,20:00,0.0,0.0,0.0,77.97,0.0,60.0,180.0,0.0
2024-02-13,49,20:15,0.0,0.0,0.0,77.97,0.0,60.0,180.0,0.0
2024-02-13,50,20:30,0.0,0.0,0.0,77.97,0.0,60.0,180.0,0.0
2024-02-13,51,20:45,0.0,0.0,0.0,77.97,0.0,60.0,180.0,0.0
2024-02-13,52,21:00,0.0,0.0,0.0,71.86,0.0,60.0,180.0,0.0
2024-02-13,53,21:15,0.0,0.0,0.0,71.86,0.0,60.0,180.0,0.0
2024-02-13,54,21:30,0.0,0.0,0.0,71.86,0.0,60.0,180.0,0.0
2024-02-13,55,21:45,0.0,0.0,0.0,71.86,0.0,60.0,30.0,150.0
2024-02-14,0,08:00,1.8638,9.5021,11.3659,79.73,0.226551,20.0,30.0,0.0
2024-02-14,1,08:15,6.7293,17.0147,23.744,79.73,0.473276,20.0,30.0,0.0
2024-02-14,2,08:30,5.9956,17.1381,23.1337,79.73,0.461112,20.0,30.0,0.0
2024-02-14,3,08:45,7.1179,16.0793,23.1972,79.73,0.462378,20.0,30.0,0.0
2024-02-14,4,09:00,6.1091,3.2115,9.3206,69.65,0.162294,20.0,30.0,0.0
2024-02-14,5,09:15,5.6324,0.0,5.6324,69.65,0.098075,20.0,70.0,0.0
2024-02-14,6,09:30,5.8458,0.0,5.8458,69.65,0.10179,20.0,70.0,0.0
2024-02-14,7,09:45,5.1816,0.0,5.1816,69.65,0.090224,20.0,70.0,0.0
2024-02-14,8,10:00,6.7301,0.0,6.7301,63.86,0.107446,20.0,70.0,0.0
2024-02-14,9,10:15,3.9878,0.0,3.9878,63.86,0.063665,20.0,70.0,0.0
2024-02-14,10,10:30,1.8638,9.5021,11.3659,63.86,0.181457,80.0,70.0,0.0
2024-02-14,11,10:45,6.7293,17.0147,23.744,63.86,0.379072,80.0,70.0,0.0
2024-02-14,12,11:00,5.9956,17.1381,23.1337,63.29,0.366033,80.0,70.0,0.0
2024-02-14,13,11:15,7.1179,16.0793,23.1972,63.29,0.367037,80.0,70.0,0.0
2024-02-14,14,11:30,6.1091,3.2115,9.3206,63.29,0.147475,80.0,70.0,0.0
2024-02-14,15,11:45,5.6324,9.5021,15.1345,63.29,0.239466,40.0,110.0,0.0
2024-02-14,16,12:00,5.8458,17.0147,22.8605,62.63,0.357938,40.0,110.0,0.0
2024-02-14,17,12:15,5.1816,17.1381,22.3197,62.63,0.34947,40.0,110.0,0.0
2024-02-14,18,12:30,6.7301,16.0793,22.8094,62.63,0.357138,40.0,110.0,0.0
2024-02-14,19,12:45,3.9878,3.2115,7.1993,62.63,0.112723,40.0,110.0,0.0
2024-02-14,20,13:00,1.8638,9.5021,11.3659,63.82,0.181343,100.0,150.0,0.0
2024-02-14,21,13:15,6.7293,17.0147,23.744,63.82,0.378835,100.0,150.0,0.0
2024-02-14,22,13:30,5.9956,17.1381,23.1337,63.82,0.369098,100.0,150.0,0.0
2024-02-14,23,13:45,7.1179,16.0793,23.1972,63.82,0.370111,100.0,150.0,0.0
2024-02-14,24,14:00,6.1091,3.2115,9.3206,69.03,0.16085,100.0,150.0,0.0
2024-02-14,25,14:15,5.6324,9.5021,15.1345,69.03,0.261184,60.0,190.0,0.0
2024-02-14,26,14:30,5.8458,17.0147,22.8605,69.03,0.394515,60.0,190.0,0.0
2024-02-14,27,14:45,5.1816,17.1381,22.3197,69.03,0.385182,60.0,190.0,0.0
2024-02-14,28,15:00,6.7301,16.0793,22.8094,72.23,0.41188,60.0,30.0,160.0
2024-02-14,29,15:15,3.9878,3.2115,7.1993,72.23,0.130001,60.0,30.0,0.0
2024-02-14,30,15:30,1.8638,9.5021,11.3659,72.23,0.20524,120.0,70.0,0.0
2024-02-14,31,15:45,6.7293,17.0147,23.744,72.23,0.428756,120.0,70.0,0.0
2024-02-14,32,16:00,5.9956,17.1381,23.1337,78.54,0.45423,120.0,70.0,0.0
2024-02-14,33,16:15,7.1179,16.0793,23.1972,78.54,0.455476,120.0,70.0,0.0
2024-02-14,34,16:30,6.1091,3.2115,9.3206,78.54,0.183009,120.0,70.0,0.0
2024-02-14,35,16:45,5.6324,9.5021,15.1345,78.54,0.297167,80.0,110.0,0.0
2024-02-14,36,17:00,5.8458,17.0147,22.8605,82.97,0.474184,80.0,110.0,0.0
2024-02-14,37,17:15,5.1816,17.1381,22.3197,82.97,0.462966,80.0,110.0,0.0
2024-02-14,38,17:30,6.7301,16.0793,22.8094,82.97,0.473124,80.0,110.0,0.0
2024-02-14,39,17:45,3.9878,3.2115,7.1993,82.97,0.149331,80.0,110.0,0.0
2024-02-14,40,18:00,0.0,9.5021,9.5021,87.58,0.208048,140.0,150.0,0.0
2024-02-14,41,18:15,0.0,17.0147,17.0147,87.58,0.372536,140.0,150.0,0.0
2024-02-14,42,18:30,0.0,17.1381,17.1381,87.58,0.375239,140.0,150.0,0.0
2024-02-14,43,18:45,0.0,16.0793,16.0793,87.58,0.352056,140.0,150.0,0.0
2024-02-14,44,19:00,0.0,3.2115,3.2115,84.47,0.067819,140.0,150.0,0.0
2024-02-14,45,19:15,0.0,9.5021,9.5021,84.47,0.20066,100.0,190.0,0.0
2024-02-14,46,19:30,0.0,17.0147,17.0147,84.47,0.359307,100.0,190.0,0.0
2024-02-14,47,19:45,0.0,17.1381,17.1381,84.47,0.361914,100.0,190.0,0.0
2024-02-14,48,20:00,0.0,16.0793,16.0793,76.48,0.307436,100.0,190.0,0.0
2024-02-14,49,20:15,0.0,3.2115,3.2115,76.48,0.061404,100.0,190.0,0.0
2024-02-14,50,20:30,0.0,9.5021,9.5021,76.48,0.18168,60.0,230.0,0.0
2024-02-14,51,20:45,0.0,17.0147,17.0147,76.48,0.325321,60.0,230.0,0.0
2024-02-14,52,21:00,0.0,17.1381,17.1381,69.68,0.298546,60.0,230.0,0.0
2024-02-14,53,21:15,0.0,16.0793,16.0793,69.68,0.280101,60.0,230.0,0.0
2024-02-14,54,21:30,0.0,3.2115,3.2115,69.68,0.055944,60.0,230.0,0.0
2024-02-14,55,21:45,0.0,0.0,0.0,69.68,0.0,60.0,80.0,190.0
2024-02-15,0,08:00,1.8638,9.5021,11.3659,82.67,0.234905,20.0,80.0,0.0
2024-02-15,1,08:15,6.7293,17.0147,23.744,82.67,0.490728,20.0,80.0,0.0
2024-02-15,2,08:30,5.9956,17.1381,23.1337,82.67,0.478115,20.0,80.0,0.0
2024-02-15,3,08:45,7.1179,16.0793,23.1972,82.67,0.479428,20.0,80.0,0.0
2024-02-15,4,09:00,6.1091,3.2115,9.3206,78.76,0.183522,20.0,80.0,0.0
2024-02-15,5,09:15,5.6324,0.0,5.6324,78.76,0.110903,20.0,120.0,0.0
2024-02-15,6,09:30,5.8458,0.0,5.8458,78.76,0.115104,20.0,120.0,0.0
2024-02-15,7,09:45,5.1816,0.0,5.1816,78.76,0.102025,20.0,120.0,0.0
2024-02-15,8,10:00,6.7301,0.0,6.7301,74.18,0.12481,20.0,120.0,0.0
2024-02-15,9,10:15,3.9878,0.0,3.9878,74.18,0.073954,20.0,120.0,0.0
2024-02-15,10,10:30,1.8638,9.5021,11.3659,74.18,0.210781,80.0,120.0,0.0
2024-02-15,11,10:45,6.7293,17.0147,23.744,74.18,0.440332,80.0,120.0,0.0
2024-02-15,12,11:00,5.9956,17.1381,23.1337,69.96,0.404608,80.0,120.0,0.0
2024-02-15,13,11:15,7.1179,16.0793,23.1972,69.96,0.405719,80.0,120.0,0.0
2024-02-15,14,11:30,6.1091,3.2115,9.3206,69.96,0.163017,80.0,120.0,0.0
2024-02-15,15,11:45,5.6324,9.5021,15.1345,69.96,0.264703,40.0,160.0,0.0
2024-02-15,16,12:00,5.8458,17.0147,22.8605,66.63,0.380799,40.0,160.0,0.0
2024-02-15,17,12:15,5.1816,17.1381,22.3197,66.63,0.37179,40.0,160.0,0.0
2024-02-15,18,12:30,6.7301,16.0793,22.8094,66.63,0.379947,40.0,160.0,0.0
2024-02-15,19,12:45,3.9878,3.2115,7.1993,66.63,0.119922,40.0,160.0,0.0
2024-02-15,20,13:00,1.8638,9.5021,11.3659,66.19,0.188078,100.0,200.0,0.0
2024-02-15,21,13:15,6.7293,17.0147,23.744,66.19,0.392903,100.0,200.0,0.0
2024-02-15,22,13:30,5.9956,17.1381,23.1337,66.19,0.382805,100.0,200.0,0.0
2024-02-15,23,13:45,7.1179,16.0793,23.1972,66.19,0.383855,100.0,200.0,0.0
2024-02-15,24,14:00,6.1091,3.2115,9.3206,69.91,0.1629,100.0,200.0,0.0
2024-02-15,25,14:15,5.6324,9.5021,15.1345,69.91,0.264514,60.0,240.0,0.0
2024-02-15,26,14:30,5.8458,17.0147,22.8605,69.91,0.399544,60.0,240.0,0.0
2024-02-15,27,14:45,5.1816,17.1381,22.3197,69.91,0.390092,60.0,240.0,0.0
2024-02-15,28,15:00,6.7301,16.0793,22.8094,75.05,0.427961,60.0,50.0,190.0
2024-02-15,29,15:15,3.9878,3.2115,7.1993,75.05,0.135077,60.0,50.0,0.0
2024-02-15,30,15:30,0.0,9.5021,9.5021,75.05,0.178283,120.0,90.0,0.0
2024-02-15,31,15:45,0.0,17.0147,17.0147,75.05,0.319238,120.0,90.0,0.0
2024-02-15,32,16:00,0.0,17.1381,17.1381,79.05,0.338692,120.0,90.0,0.0
2024-02-15,33,16:15,0.0,16.0793,16.0793,79.05,0.317767,120.0,90.0,0.0
2024-02-15,34,16:30,0.0,3.2115,3.2115,79.05,0.063467,120.0,90.0,0.0
2024-02-15,35,16:45,0.0,9.5021,9.5021,79.05,0.187785,80.0,130.0,0.0
2024-02-15,36,17:00,0.0,17.0147,17.0147,87.0,0.370069,80.0,130.0,0.0
2024-02-15,37,17:15,0.0,17.1381,17.1381,87.0,0.372754,80.0,130.0,0.0
2024-02-15,38,17:30,0.0,16.0793,16.0793,87.0,0.349724,80.0,130.0,0.0
2024-02-15,39,17:45,0.0,3.2115,3.2115,87.0,0.06985,80.0,130.0,0.0
2024-02-15,40,18:00,0.0,9.5021,9.5021,86.91,0.206457,40.0,170.0,0.0
2024-02-15,41,18:15,0.0,17.0147,17.0147,86.91,0.369686,40.0,170.0,0.0
2024-02-15,42,18:30,0.0,17.1381,17.1381,86.91,0.372368,40.0,170.0,0.0
2024-02-15,43,18:45,0.0,16.0793,16.0793,86.91,0.349363,40.0,170.0,0.0
2024-02-15,44,19:00,0.0,3.2115,3.2115,75.61,0.060705,40.0,170.0,0.0
2024-02-15,45,19:15,0.0,0.0,0.0,75.61,0.0,40.0,210.0,0.0
2024-02-15,46,19:30,0.0,0.0,0.0,75.61,0.0,40.0,210.0,0.0
2024-02-15,47,19:45,0.0,0.0,0.0,75.61,0.0,40.0,210.0,0.0
2024-02-15,48,20:00,0.0,0.0,0.0,70.47,0.0,40.0,210.0,0.0
2024-02-15,49,20:15,0.0,0.0,0.0,70.47,0.0,40.0,210.0,0.0
2024-02-15,50,20:30,0.0,0.0,0.0,70.47,0.0,40.0,210.0,0.0
2024-02-15,51,20:45,0.0,0.0,0.0,70.47,0.0,40.0,210.0,0.0
2024-02-15,52,21:00,0.0,0.0,0.0,62.97,0.0,40.0,210.0,0.0
2024-02-15,53,21:15,0.0,0.0,0.0,62.97,0.0,40.0,210.0,0.0
2024-02-15,54,21:30,0.0,0.0,0.0,62.97,0.0,40.0,210.0,0.0
2024-02-15,55,21:45,0.0,0.0,0.0,62.97,0.0,40.0,20.0,190.0
2024-02-16,0,08:00,1.8638,9.5021,11.3659,70.5,0.200325,0.0,20.0,0.0
2024-02-16,1,08:15,6.7293,17.0147,23.744,70.5,0.418487,0.0,20.0,0.0
2024-02-16,2,08:30,5.9956,17.1381,23.1337,70.5,0.407731,0.0,20.0,0.0
2024-02-16,3,08:45,7.1179,16.0793,23.1972,70.5,0.40885,0.0,20.0,0.0
2024-02-16,4,09:00,6.1091,3.2115,9.3206,64.84,0.151086,0.0,20.0,0.0
2024-02-16,5,09:15,5.6324,0.0,5.6324,64.84,0.091302,0.0,60.0,0.0
2024-02-16,6,09:30,5.8458,0.0,5.8458,64.84,0.094761,0.0,60.0,0.0
2024-02-16,7,09:45,5.1816,0.0,5.1816,64.84,0.083993,0.0,60.0,0.0
2024-02-16,8,10:00,6.7301,0.0,6.7301,54.37,0.091479,0.0,60.0,0.0
2024-02-16,9,10:15,3.9878,0.0,3.9878,54.37,0.054204,0.0,60.0,0.0
2024-02-16,10,10:30,1.8638,9.5021,11.3659,54.37,0.154491,60.0,60.0,0.0
2024-02-16,11,10:45,6.7293,17.0147,23.744,54.37,0.32274,60.0,60.0,0.0
2024-02-16,12,11:00,5.9956,17.1381,23.1337,53.0,0.306521,60.0,60.0,0.0
2024-02-16,13,11:15,7.1179,16.0793,23.1972,53.0,0.307363,60.0,60.0,0.0
2024-02-16,14,11:30,6.1091,3.2115,9.3206,53.0,0.123497,60.0,60.0,0.0
2024-02-16,15,11:45,5.6324,9.5021,15.1345,53.0,0.200533,20.0,100.0,0.0
2024-02-16,16,12:00,5.8458,17.0147,22.8605,52.33,0.299072,20.0,100.0,0.0
2024-02-16,17,12:15,5.1816,17.1381,22.3197,52.33,0.291997,20.0,100.0,0.0
2024-02-16,18,12:30,6.7301,16.0793,22.8094,52.33,0.298404,20.0,100.0,0.0
2024-02-16,19,12:45,3.9878,3.2115,7.1993,52.33,0.094185,20.0,100.0,0.0
2024-02-16,20,13:00,1.8638,9.5021,11.3659,52.31,0.148638,80.0,140.0,0.0
2024-02-16,21,13:15,6.7293,17.0147,23.744,52.31,0.310512,80.0,140.0,0.0
2024-02-16,22,13:30,5.9956,17.1381,23.1337,52.31,0.302531,80.0,140.0,0.0
2024-02-16,23,13:45,7.1179,16.0793,23.1972,52.31,0.303361,80.0,140.0,0.0
2024-02-16,24,14:00,6.1091,3.2115,9.3206,53.78,0.125315,80.0,140.0,0.0
2024-02-16,25,14:15,5.6324,9.5021,15.1345,53.78,0.203484,40.0,180.0,0.0
2024-02-16,26,14:30,5.8458,17.0147,22.8605,53.78,0.307359,40.0,180.0,0.0
2024-02-16,27,14:45,5.1816,17.1381,22.3197,53.78,0.300088,40.0,180.0,0.0
2024-02-16,28,15:00,6.7301,16.0793,22.8094,62.59,0.35691,40.0,30.0,150.0
2024-02-16,29,15:15,3.9878,3.2115,7.1993,62.59,0.112651,40.0,30.0,0.0
2024-02-16,30,15:30,1.8638,9.5021,11.3659,62.59,0.177848,100.0,70.0,0.0
2024-02-16,31,15:45,6.7293,17.0147,23.744,62.59,0.371534,100.0,70.0,0.0
2024-02-16,32,16:00,5.9956,17.1381,23.1337,69.99,0.404782,100.0,70.0,0.0
2024-02-16,33,16:15,7.1179,16.0793,23.1972,69.99,0.405893,100.0,70.0,0.0
2024-02-16,34,16:30,6.1091,3.2115,9.3206,69.99,0.163086,100.0,70.0,0.0
2024-02-16,35,16:45,5.6324,9.5021,15.1345,69.99,0.264817,60.0,110.0,0.0
2024-02-16,36,17:00,5.8458,17.0147,22.8605,72.58,0.414804,60.0,110.0,0.0
2024-02-16,37,17:15,5.1816,17.1381,22.3197,72.58,0.40499,60.0,110.0,0.0
2024-02-16,38,17:30,6.7301,16.0793,22.8094,72.58,0.413876,60.0,110.0,0.0
2024-02-16,39,17:45,3.9878,3.2115,7.1993,72.58,0.130631,60.0,110.0,0.0
2024-02-16,40,18:00,0.0,9.5021,9.5021,77.42,0.183913,120.0,150.0,0.0
2024-02-16,41,18:15,0.0,17.0147,17.0147,77.42,0.329319,120.0,150.0,0.0
2024-02-16,42,18:30,0.0,17.1381,17.1381,77.42,0.331708,120.0,150.0,0.0
2024-02-16,43,18:45,0.0,16.0793,16.0793,77.42,0.311214,120.0,150.0,0.0
2024-02-16,44,19:00,0.0,3.2115,3.2115,76.78,0.061644,120.0,150.0,0.0
2024-02-16,45,19:15,0.0,9.5021,9.5021,76.78,0.182393,80.0,190.0,0.0
2024-02-16,46,19:30,0.0,17.0147,17.0147,76.78,0.326597,80.0,190.0,0.0
2024-02-16,47,19:45,0.0,17.1381,17.1381,76.78,0.328966,80.0,190.0,0.0
2024-02-16,48,20:00,0.0,16.0793,16.0793,72.47,0.291316,80.0,190.0,0.0
2024-02-16,49,20:15,0.0,3.2115,3.2115,72.47,0.058184,80.0,190.0,0.0
2024-02-16,50,20:30,0.0,0.0,0.0,72.47,0.0,80.0,230.0,0.0
2024-02-16,51,20:45,0.0,0.0,0.0,72.47,0.0,80.0,230.0,0.0
2024-02-16,52,21:00,0.0,0.0,0.0,69.4,0.0,80.0,230.0,0.0
2024-02-16,53,21:15,0.0,0.0,0.0,69.4,0.0,80.0,230.0,0.0
2024-02-16,54,21:30,0.0,0.0,0.0,69.4,0.0,80.0,230.0,0.0
2024-02-16,55,21:45,0.0,0.0,0.0,69.4,0.0,80.0,60.0,170.0
2024-02-19,0,08:00,1.8638,9.5021,11.3659,83.84,0.23823,40.0,60.0,0.0
2024-02-19,1,08:15,6.7293,17.0147,23.744,83.84,0.497673,40.0,60.0,0.0
2024-02-19,2,08:30,5.9956,17.1381,23.1337,83.84,0.484882,40.0,60.0,0.0
2024-02-19,3,08:45,7.1179,16.0793,23.1972,83.84,0.486213,40.0,60.0,0.0
2024-02-19,4,09:00,6.1091,3.2115,9.3206,75.03,0.17483,40.0,60.0,0.0
2024-02-19,5,09:15,5.6324,9.5021,15.1345,75.03,0.283886,0.0,100.0,0.0
2024-02-19,6,09:30,5.8458,17.0147,22.8605,75.03,0.428806,0.0,100.0,0.0
2024-02-19,7,09:45,5.1816,17.1381,22.3197,75.03,0.418661,0.0,100.0,0.0
2024-02-19,8,10:00,6.7301,16.0793,22.8094,70.83,0.403897,0.0,100.0,0.0
2024-02-19,9,10:15,3.9878,3.2115,7.1993,70.83,0.127481,0.0,100.0,0.0
2024-02-19,10,10:30,1.8638,9.5021,11.3659,70.83,0.201262,60.0,140.0,0.0
2024-02-19,11,10:45,6.7293,17.0147,23.744,70.83,0.420446,60.0,140.0,0.0
2024-02-19,12,11:00,5.9956,17.1381,23.1337,69.13,0.399808,60.0,140.0,0.0
2024-02-19,13,11:15,7.1179,16.0793,23.1972,69.13,0.400905,60.0,140.0,0.0
2024-02-19,14,11:30,6.1091,3.2115,9.3206,69.13,0.161083,60.0,140.0,0.0
2024-02-19,15,11:45,5.6324,9.5021,15.1345,69.13,0.261563,20.0,180.0,0.0
2024-02-19,16,12:00,5.8458,17.0147,22.8605,62.47,0.357024,20.0,180.0,0.0
2024-02-19,17,12:15,5.1816,17.1381,22.3197,62.47,0.348577,20.0,180.0,0.0
2024-02-19,18,12:30,6.7301,16.0793,22.8094,62.47,0.356225,20.0,180.0,0.0
2024-02-19,19,12:45,3.9878,3.2115,7.1993,62.47,0.112435,20.0,180.0,0.0
2024-02-19,20,13:00,1.8638,9.5021,11.3659,60.99,0.173302,80.0,220.0,0.0
2024-02-19,21,13:15,6.7293,17.0147,23.744,60.99,0.362036,80.0,220.0,0.0
2024-02-19,22,13:30,5.9956,17.1381,23.1337,60.99,0.352731,80.0,220.0,0.0
2024-02-19,23,13:45,7.1179,16.0793,23.1972,60.99,0.353699,80.0,220.0,0.0
2024-02-19,24,14:00,6.1091,3.2115,9.3206,65.96,0.153696,80.0,220.0,0.0
2024-02-19,25,14:15,5.6324,9.5021,15.1345,65.96,0.249569,40.0,260.0,0.0
2024-02-19,26,14:30,5.8458,17.0147,22.8605,65.96,0.376969,40.0,260.0,0.0
2024-02-19,27,14:45,5.1816,17.1381,22.3197,65.96,0.368051,40.0,260.0,0.0
2024-02-19,28,15:00,6.7301,16.0793,22.8094,69.28,0.395058,40.0,70.0,190.0
2024-02-19,29,15:15,3.9878,3.2115,7.1993,69.28,0.124692,40.0,70.0,0.0
2024-02-19,30,15:30,0.0,9.5021,9.5021,69.28,0.164576,100.0,110.0,0.0
2024-02-19,31,15:45,0.0,17.0147,17.0147,69.28,0.294694,100.0,110.0,0.0
2024-02-19,32,16:00,0.0,17.1381,17.1381,71.51,0.306386,100.0,110.0,0.0
2024-02-19,33,16:15,0.0,16.0793,16.0793,71.51,0.287457,100.0,110.0,0.0
2024-02-19,34,16:30,0.0,3.2115,3.2115,71.51,0.057413,100.0,110.0,0.0
2024-02-19,35,16:45,0.0,9.5021,9.5021,71.51,0.169874,60.0,150.0,0.0
2024-02-19,36,17:00,0.0,17.0147,17.0147,76.25,0.324342,60.0,150.0,0.0
2024-02-19,37,17:15,0.0,17.1381,17.1381,76.25,0.326695,60.0,150.0,0.0
2024-02-19,38,17:30,0.0,16.0793,16.0793,76.25,0.306511,60.0,150.0,0.0
2024-02-19,39,17:45,0.0,3.2115,3.2115,76.25,0.061219,60.0,150.0,0.0
2024-02-19,40,18:00,0.0,0.0,0.0,97.65,0.0,60.0,190.0,0.0
2024-02-19,41,18:15,0.0,0.0,0.0,97.65,0.0,60.0,190.0,0.0
2024-02-19,42,18:30,0.0,0.0,0.0,97.65,0.0,60.0,190.0,0.0
2024-02-19,43,18:45,0.0,0.0,0.0,97.65,0.0,60.0,190.0,0.0
2024-02-19,44,19:00,0.0,0.0,0.0,79.98,0.0,60.0,190.0,0.0
2024-02-19,45,19:15,0.0,0.0,0.0,79.98,0.0,60.0,190.0,0.0
2024-02-19,46,19:30,0.0,0.0,0.0,79.98,0.0,60.0,190.0,0.0
2024-02-19,47,19:45,0.0,0.0,0.0,79.98,0.0,60.0,190.0,0.0
2024-02-19,48,20:00,0.0,0.0,0.0,71.86,0.0,60.0,190.0,0.0
2024-02-19,49,20:15,0.0,0.0,0.0,71.86,0.0,60.0,190.0,0.0
2024-02-19,50,20:30,0.0,0.0,0.0,71.86,0.0,60.0,190.0,0.0
2024-02-19,51,20:45,0.0,0.0,0.0,71.86,0.0,60.0,190.0,0.0
2024-02-19,52,21:00,0.0,0.0,0.0,67.47,0.0,60.0,190.0,0.0
2024-02-19,53,21:15,0.0,0.0,0.0,67.47,0.0,60.0,190.0,0.0
2024-02-19,54,21:30,0.0,0.0,0.0,67.47,0.0,60.0,190.0,0.0
2024-02-19,55,21:45,0.0,0.0,0.0,67.47,0.0,60.0,40.0,150.0
2024-02-20,0,08:00,1.8638,9.5021,11.3659,90.89,0.258262,20.0,40.0,0.0
2024-02-20,1,08:15,6.7293,17.0147,23.744,90.89,0.539522,20.0,40.0,0.0
2024-02-20,2,08:30,5.9956,17.1381,23.1337,90.89,0.525655,20.0,40.0,0.0
2024-02-20,3,08:45,7.1179,16.0793,23.1972,90.89,0.527098,20.0,40.0,0.0
2024-02-20,4,09:00,6.1091,3.2115,9.3206,78.55,0.183032,20.0,40.0,0.0
2024-02-20,5,09:15,5.6324,0.0,5.6324,78.55,0.110607,20.0,80.0,0.0
2024-02-20,6,09:30,5.8458,0.0,5.8458,78.55,0.114797,20.0,80.0,0.0
2024-02-20,7,09:45,5.1816,0.0,5.1816,78.55,0.101753,20.0,80.0,0.0
2024-02-20,8,10:00,6.7301,0.0,6.7301,69.84,0.117508,20.0,80.0,0.0
2024-02-20,9,10:15,3.9878,0.0,3.9878,69.84,0.069627,20.0,80.0,0.0
2024-02-20,10,10:30,1.8638,9.5021,11.3659,69.84,0.198449,80.0,80.0,0.0
2024-02-20,11,10:45,6.7293,17.0147,23.744,69.84,0.414569,80.0,80.0,0.0
2024-02-20,12,11:00,5.9956,17.1381,23.1337,60.88,0.352095,80.0,80.0,0.0
2024-02-20,13,11:15,7.1179,16.0793,23.1972,60.88,0.353061,80.0,80.0,0.0
2024-02-20,14,11:30,6.1091,3.2115,9.3206,60.88,0.141859,80.0,80.0,0.0
2024-02-20,15,11:45,5.6324,9.5021,15.1345,60.88,0.230348,40.0,120.0,0.0
2024-02-20,16,12:00,5.8458,17.0147,22.8605,53.52,0.305873,40.0,120.0,0.0
2024-02-20,17,12:15,5.1816,17.1381,22.3197,53.52,0.298637,40.0,120.0,0.0
2024-02-20,18,12:30,6.7301,16.0793,22.8094,53.52,0.30519,40.0,120.0,0.0
2024-02-20,19,12:45,3.9878,3.2115,7.1993,53.52,0.096326,40.0,120.0,0.0
2024-02-20,20,13:00,1.8638,9.5021,11.3659,51.42,0.146109,100.0,160.0,0.0
2024-02-20,21,13:15,6.7293,17.0147,23.744,51.42,0.305229,100.0,160.0,0.0
2024-02-20,22,13:30,5.9956,17.1381,23.1337,51.42,0.297383,100.0,160.0,0.0
2024-02-20,23,13:45,7.1179,16.0793,23.1972,51.42,0.2982,100.0,160.0,0.0
2024-02-20,24,14:00,6.1091,3.2115,9.3206,51.79,0.120678,100.0,160.0,0.0
2024-02-20,25,14:15,5.6324,9.5021,15.1345,51.79,0.195954,60.0,200.0,0.0
2024-02-20,26,14:30,5.8458,17.0147,22.8605,51.79,0.295986,60.0,200.0,0.0
2024-02-20,27,14:45,5.1816,17.1381,22.3197,51.79,0.288984,60.0,200.0,0.0
2024-02-20,28,15:00,6.7301,16.0793,22.8094,56.16,0.320244,60.0,50.0,150.0
2024-02-20,29,15:15,3.9878,3.2115,7.1993,56.16,0.101078,60.0,50.0,0.0
2024-02-20,30,15:30,0.0,9.5021,9.5021,56.16,0.133409,120.0,90.0,0.0
2024-02-20,31,15:45,0.0,17.0147,17.0147,56.16,0.238886,120.0,90.0,0.0
2024-02-20,32,16:00,0.0,17.1381,17.1381,63.08,0.270268,120.0,90.0,0.0
2024-02-20,33,16:15,0.0,16.0793,16.0793,63.08,0.25357,120.0,90.0,0.0
2024-02-20,34,16:30,0.0,3.2115,3.2115,63.08,0.050645,120.0,90.0,0.0
2024-02-20,35,16:45,0.0,9.5021,9.5021,63.08,0.149848,80.0,130.0,0.0
2024-02-20,36,17:00,0.0,17.0147,17.0147,70.54,0.300054,80.0,130.0,0.0
2024-02-20,37,17:15,0.0,17.1381,17.1381,70.54,0.30223,80.0,130.0,0.0
2024-02-20,38,17:30,0.0,16.0793,16.0793,70.54,0.283558,80.0,130.0,0.0
2024-02-20,39,17:45,0.0,3.2115,3.2115,70.54,0.056635,80.0,130.0,0.0
2024-02-20,40,18:00,0.0,0.0,0.0,71.25,0.0,80.0,170.0,0.0
2024-02-20,41,18:15,0.0,0.0,0.0,71.25,0.0,80.0,170.0,0.0
2024-02-20,42,18:30,0.0,0.0,0.0,71.25,0.0,80.0,170.0,0.0
2024-02-20,43,18:45,0.0,0.0,0.0,71.25,0.0,80.0,170.0,0.0
2024-02-20,44,19:00,0.0,0.0,0.0,73.47,0.0,80.0,170.0,0.0
2024-02-20,45,19:15,0.0,0.0,0.0,73.47,0.0,80.0,170.0,0.0
2024-02-20,46,19:30,0.0,0.0,0.0,73.47,0.0,80.0,170.0,0.0
2024-02-20,47,19:45,0.0,0.0,0.0,73.47,0.0,80.0,170.0,0.0
2024-02-20,48,20:00,0.0,0.0,0.0,68.48,0.0,80.0,170.0,0.0
2024-02-20,49,20:15,0.0,0.0,0.0,68.48,0.0,80.0,170.0,0.0
2024-02-20,50,20:30,0.0,0.0,0.0,68.48,0.0,80.0,170.0,0.0
2024-02-20,51,20:45,0.0,0.0,0.0,68.48,0.0,80.0,170.0,0.0
2024-02-20,52,21:00,0.0,0.0,0.0,61.33,0.0,80.0,170.0,0.0
2024-02-20,53,21:15,0.0,0.0,0.0,61.33,0.0,80.0,170.0,0.0
2024-02-20,54,21:30,0.0,0.0,0.0,61.33,0.0,80.0,170.0,0.0
2024-02-20,55,21:45,0.0,0.0,0.0,61.33,0.0,80.0,10.0,160.0
2024-02-21,0,08:00,1.8638,9.5021,11.3659,85.11,0.241839,40.0,10.0,0.0
2024-02-21,1,08:15,6.7293,17.0147,23.744,85.11,0.505212,40.0,10.0,0.0
2024-02-21,2,08:30,5.9956,17.1381,23.1337,85.11,0.492227,40.0,10.0,0.0
2024-02-21,3,08:45,7.1179,16.0793,23.1972,85.11,0.493578,40.0,10.0,0.0
2024-02-21,4,09:00,6.1091,3.2115,9.3206,70.34,0.163902,40.0,10.0,0.0
2024-02-21,5,09:15,5.6324,9.5021,15.1345,70.34,0.266141,0.0,50.0,0.0
2024-02-21,6,09:30,5.8458,17.0147,22.8605,70.34,0.402002,0.0,50.0,0.0
2024-02-21,7,09:45,5.1816,17.1381,22.3197,70.34,0.392491,0.0,50.0,0.0
2024-02-21,8,10:00,6.7301,16.0793,22.8094,64.1,0.36552,0.0,50.0,0.0
2024-02-21,9,10:15,3.9878,3.2115,7.1993,64.1,0.115369,0.0,50.0,0.0
2024-02-21,10,10:30,1.8638,9.5021,11.3659,64.1,0.182139,60.0,90.0,0.0
2024-02-21,11,10:45,6.7293,17.0147,23.744,64.1,0.380497,60.0,90.0,0.0
2024-02-21,12,11:00,5.9956,17.1381,23.1337,60.39,0.349261,60.0,90.0,0.0
2024-02-21,13,11:15,7.1179,16.0793,23.1972,60.39,0.350219,60.0,90.0,0.0
2024-02-21,14,11:30,6.1091,3.2115,9.3206,60.39,0.140717,60.0,90.0,0.0
2024-02-21,15,11:45,5.6324,9.5021,15.1345,60.39,0.228494,20.0,130.0,0.0
2024-02-21,16,12:00,5.8458,17.0147,22.8605,53.01,0.302959,20.0,130.0,0.0
2024-02-21,17,12:15,5.1816,17.1381,22.3197,53.01,0.295791,20.0,130.0,0.0
2024-02-21,18,12:30,6.7301,16.0793,22.8094,53.01,0.302281,20.0,130.0,0.0
2024-02-21,19,12:45,3.9878,3.2115,7.1993,53.01,0.095409,20.0,130.0,0.0
2024-02-21,20,13:00,1.8638,9.5021,11.3659,51.22,0.145541,80.0,170.0,0.0
2024-02-21,21,13:15,6.7293,17.0147,23.744,51.22,0.304041,80.0,170.0,0.0
2024-02-21,22,13:30,5.9956,17.1381,23.1337,51.22,0.296227,80.0,170.0,0.0
2024-02-21,23,13:45,7.1179,16.0793,23.1972,51.22,0.29704,80.0,170.0,0.0
2024-02-21,24,14:00,6.1091,3.2115,9.3206,53.77,0.125292,80.0,170.0,0.0
2024-02-21,25,14:15,5.6324,9.5021,15.1345,53.77,0.203446,40.0,210.0,0.0
2024-02-21,26,14:30,5.8458,17.0147,22.8605,53.77,0.307302,40.0,210.0,0.0
2024-02-21,27,14:45,5.1816,17.1381,22.3197,53.77,0.300032,40.0,210.0,0.0
2024-02-21,28,15:00,6.7301,16.0793,22.8094,65.6,0.374074,40.0,120.0,90.0
2024-02-21,29,15:15,3.9878,3.2115,7.1993,65.6,0.118068,40.0,120.0,0.0
2024-02-21,30,15:30,0.0,9.5021,9.5021,65.6,0.155834,100.0,160.0,0.0
2024-02-21,31,15:45,0.0,17.0147,17.0147,65.6,0.279041,100.0,160.0,0.0
2024-02-21,32,16:00,0.0,17.1381,17.1381,69.92,0.299574,100.0,160.0,0.0
2024-02-21,33,16:15,0.0,16.0793,16.0793,69.92,0.281066,100.0,160.0,0.0
2024-02-21,34,16:30,0.0,3.2115,3.2115,69.92,0.056137,100.0,160.0,0.0
2024-02-21,35,16:45,0.0,9.5021,9.5021,69.92,0.166097,60.0,200.0,0.0
2024-02-21,36,17:00,0.0,17.0147,17.0147,69.63,0.296183,60.0,200.0,0.0
2024-02-21,37,17:15,0.0,17.1381,17.1381,69.63,0.298331,60.0,200.0,0.0
2024-02-21,38,17:30,0.0,16.0793,16.0793,69.63,0.2799,60.0,200.0,0.0
2024-02-21,39,17:45,0.0,3.2115,3.2115,69.63,0.055904,60.0,200.0,0.0
2024-02-21,40,18:00,0.0,0.0,0.0,68.58,0.0,60.0,240.0,0.0
2024-02-21,41,18:15,0.0,0.0,0.0,68.58,0.0,60.0,240.0,0.0
2024-02-21,42,18:30,0.0,0.0,0.0,68.58,0.0,60.0,240.0,0.0
2024-02-21,43,18:45,0.0,0.0,0.0,68.58,0.0,60.0,240.0,0.0
2024-02-21,44,19:00,0.0,0.0,0.0,61.39,0.0,60.0,240.0,0.0
2024-02-21,45,19:15,0.0,0.0,0.0,61.39,0.0,60.0,240.0,0.0
2024-02-21,46,19:30,0.0,0.0,0.0,61.39,0.0,60.0,240.0,0.0
2024-02-21,47,19:45,0.0,0.0,0.0,61.39,0.0,60.0,240.0,0.0
2024-02-21,48,20:00,0.0,0.0,0.0,52.11,0.0,60.0,240.0,0.0
2024-02-21,49,20:15,0.0,0.0,0.0,52.11,0.0,60.0,240.0,0.0
2024-02-21,50,20:30,0.0,0.0,0.0,52.11,0.0,60.0,240.0,0.0
2024-02-21,51,20:45,0.0,0.0,0.0,52.11,0.0,60.0,240.0,0.0
2024-02-21,52,21:00,0.0,0.0,0.0,45.98,0.0,60.0,240.0,0.0
2024-02-21,53,21:15,0.0,0.0,0.0,45.98,0.0,60.0,240.0,0.0
2024-02-21,54,21:30,0.0,0.0,0.0,45.98,0.0,60.0,240.0,0.0
2024-02-21,55,21:45,0.0,0.0,0.0,45.98,0.0,60.0,90.0,150.0
2024-02-22,0,08:00,1.8638,9.5021,11.3659,81.91,0.232746,20.0,90.0,0.0
2024-02-22,1,08:15,6.7293,17.0147,23.744,81.91,0.486217,20.0,90.0,0.0
2024-02-22,2,08:30,5.9956,17.1381,23.1337,81.91,0.47372,20.0,90.0,0.0
2024-02-22,3,08:45,7.1179,16.0793,23.1972,81.91,0.47502,20.0,90.0,0.0
2024-02-22,4,09:00,6.1091,3.2115,9.3206,74.09,0.17264,20.0,90.0,0.0
2024-02-22,5,09:15,5.6324,0.0,5.6324,74.09,0.104327,20.0,130.0,0.0
2024-02-22,6,09:30,5.8458,0.0,5.8458,74.09,0.108279,20.0,130.0,0.0
2024-02-22,7,09:45,5.1816,0.0,5.1816,74.09,0.095976,20.0,130.0,0.0
2024-02-22,8,10:00,6.7301,0.0,6.7301,71.95,0.121058,20.0,130.0,0.0
2024-02-22,9,10:15,3.9878,0.0,3.9878,71.95,0.071731,20.0,130.0,0.0
2024-02-22,10,10:30,1.8638,9.5021,11.3659,71.95,0.204445,80.0,130.0,0.0
2024-02-22,11,10:45,6.7293,17.0147,23.744,71.95,0.427094,80.0,130.0,0.0
2024-02-22,12,11:00,5.9956,17.1381,23.1337,68.53,0.396338,80.0,130.0,0.0
2024-02-22,13,11:15,7.1179,16.0793,23.1972,68.53,0.397426,80.0,130.0,0.0
2024-02-22,14,11:30,6.1091,3.2115,9.3206,68.53,0.159684,80.0,130.0,0.0
2024-02-22,15,11:45,5.6324,9.5021,15.1345,68.53,0.259293,40.0,170.0,0.0
2024-02-22,16,12:00,5.8458,17.0147,22.8605,68.77,0.393029,40.0,170.0,0.0
2024-02-22,17,12:15,5.1816,17.1381,22.3197,68.77,0.383731,40.0,170.0,0.0
2024-02-22,18,12:30,6.7301,16.0793,22.8094,68.77,0.39215,40.0,170.0,0.0
2024-02-22,19,12:45,3.9878,3.2115,7.1993,68.77,0.123774,40.0,170.0,0.0
2024-02-22,20,13:00,1.8638,9.5021,11.3659,68.98,0.196006,100.0,210.0,0.0
2024-02-22,21,13:15,6.7293,17.0147,23.744,68.98,0.409464,100.0,210.0,0.0
2024-02-22,22,13:30,5.9956,17.1381,23.1337,68.98,0.39894,100.0,210.0,0.0
2024-02-22,23,13:45,7.1179,16.0793,23.1972,68.98,0.400035,100.0,210.0,0.0
2024-02-22,24,14:00,6.1091,3.2115,9.3206,64.65,0.150644,100.0,210.0,0.0
2024-02-22,25,14:15,5.6324,9.5021,15.1345,64.65,0.244612,60.0,250.0,0.0
2024-02-22,26,14:30,5.8458,17.0147,22.8605,64.65,0.369483,60.0,250.0,0.0
2024-02-22,27,14:45,5.1816,17.1381,22.3197,64.65,0.360742,60.0,250.0,0.0
2024-02-22,28,15:00,6.7301,16.0793,22.8094,64.75,0.369227,60.0,70.0,180.0
2024-02-22,29,15:15,3.9878,3.2115,7.1993,64.75,0.116538,60.0,70.0,0.0
2024-02-22,30,15:30,0.0,9.5021,9.5021,64.75,0.153815,120.0,110.0,0.0
2024-02-22,31,15:45,0.0,17.0147,17.0147,64.75,0.275425,120.0,110.0,0.0
2024-02-22,32,16:00,0.0,17.1381,17.1381,63.25,0.270996,120.0,110.0,0.0
2024-02-22,33,16:15,0.0,16.0793,16.0793,63.25,0.254254,120.0,110.0,0.0
2024-02-22,34,16:30,0.0,3.2115,3.2115,63.25,0.050782,120.0,110.0,0.0
2024-02-22,35,16:45,0.0,9.5021,9.5021,63.25,0.150252,80.0,150.0,0.0
2024-02-22,36,17:00,0.0,17.0147,17.0147,61.76,0.262707,80.0,150.0,0.0
2024-02-22,37,17:15,0.0,17.1381,17.1381,61.76,0.264612,80.0,150.0,0.0
2024-02-22,38,17:30,0.0,16.0793,16.0793,61.76,0.248264,80.0,150.0,0.0
2024-02-22,39,17:45,0.0,3.2115,3.2115,61.76,0.049585,80.0,150.0,0.0
2024-02-22,40,18:00,0.0,0.0,0.0,59.91,0.0,80.0,190.0,0.0
2024-02-22,41,18:15,0.0,0.0,0.0,59.91,0.0,80.0,190.0,0.0
2024-02-22,42,18:30,0.0,0.0,0.0,59.91,0.0,80.0,190.0,0.0
2024-02-22,43,18:45,0.0,0.0,0.0,59.91,0.0,80.0,190.0,0.0
2024-02-22,44,19:00,0.0,0.0,0.0,52.42,0.0,80.0,190.0,0.0
2024-02-22,45,19:15,0.0,0.0,0.0,52.42,0.0,80.0,190.0,0.0
2024-02-22,46,19:30,0.0,0.0,0.0,52.42,0.0,80.0,190.0,0.0
2024-02-22,47,19:45,0.0,0.0,0.0,52.42,0.0,80.0,190.0,0.0
2024-02-22,48,20:00,0.0,0.0,0.0,42.45,0.0,80.0,190.0,0.0
2024-02-22,49,20:15,0.0,0.0,0.0,42.45,0.0,80.0,190.0,0.0
2024-02-22,50,20:30,0.0,0.0,0.0,42.45,0.0,80.0,190.0,0.0
2024-02-22,51,20:45,0.0,0.0,0.0,42.45,0.0,80.0,190.0,0.0
2024-02-22,52,21:00,0.0,0.0,0.0,24.48,0.0,80.0,190.0,0.0
2024-02-22,53,21:15,0.0,0.0,0.0,24.48,0.0,80.0,190.0,0.0
2024-02-22,54,21:30,0.0,0.0,0.0,24.48,0.0,80.0,190.0,0.0
2024-02-22,55,21:45,0.0,0.0,0.0,24.48,0.0,80.0,60.0,130.0
2024-02-23,0,08:00,1.8638,9.5021,11.3659,59.35,0.168642,40.0,60.0,0.0
2024-02-23,1,08:15,6.7293,17.0147,23.744,59.35,0.352301,40.0,60.0,0.0
2024-02-23,2,08:30,5.9956,17.1381,23.1337,59.35,0.343246,40.0,60.0,0.0
2024-02-23,3,08:45,7.1179,16.0793,23.1972,59.35,0.344188,40.0,60.0,0.0
2024-02-23,4,09:00,6.1091,3.2115,9.3206,51.69,0.120445,40.0,60.0,0.0
2024-02-23,5,09:15,5.6324,9.5021,15.1345,51.69,0.195576,0.0,100.0,0.0
2024-02-23,6,09:30,5.8458,17.0147,22.8605,51.69,0.295415,0.0,100.0,0.0
2024-02-23,7,09:45,5.1816,17.1381,22.3197,51.69,0.288426,0.0,100.0,0.0
2024-02-23,8,10:00,6.7301,16.0793,22.8094,46.64,0.265957,0.0,100.0,0.0
2024-02-23,9,10:15,3.9878,3.2115,7.1993,46.64,0.083944,0.0,100.0,0.0
2024-02-23,10,10:30,0.0,9.5021,9.5021,46.64,0.110794,60.0,140.0,0.0
2024-02-23,11,10:45,0.0,17.0147,17.0147,46.64,0.198391,60.0,140.0,0.0
2024-02-23,12,11:00,0.0,17.1381,17.1381,41.65,0.17845,60.0,140.0,0.0
2024-02-23,13,11:15,0.0,16.0793,16.0793,41.65,0.167426,60.0,140.0,0.0
2024-02-23,14,11:30,0.0,3.2115,3.2115,41.65,0.03344,60.0,140.0,0.0
2024-02-23,15,11:45,0.0,9.5021,9.5021,41.65,0.098941,20.0,180.0,0.0
2024-02-23,16,12:00,0.0,17.0147,17.0147,37.1,0.157811,20.0,180.0,0.0
2024-02-23,17,12:15,0.0,17.1381,17.1381,37.1,0.158956,20.0,180.0,0.0
2024-02-23,18,12:30,0.0,16.0793,16.0793,37.1,0.149135,20.0,180.0,0.0
2024-02-23,19,12:45,0.0,3.2115,3.2115,37.1,0.029787,20.0,180.0,0.0
2024-02-23,20,13:00,0.0,0.0,0.0,33.6,0.0,20.0,220.0,0.0
2024-02-23,21,13:15,0.0,0.0,0.0,33.6,0.0,20.0,220.0,0.0
2024-02-23,22,13:30,0.0,0.0,0.0,33.6,0.0,20.0,220.0,0.0
2024-02-23,23,13:45,0.0,0.0,0.0,33.6,0.0,20.0,220.0,0.0
2024-02-23,24,14:00,0.0,0.0,0.0,39.08,0.0,20.0,220.0,0.0
2024-02-23,25,14:15,0.0,0.0,0.0,39.08,0.0,20.0,220.0,0.0
2024-02-23,26,14:30,0.0,0.0,0.0,39.08,0.0,20.0,220.0,0.0
2024-02-23,27,14:45,0.0,0.0,0.0,39.08,0.0,20.0,220.0,0.0
2024-02-23,28,15:00,0.0,0.0,0.0,49.51,0.0,20.0,30.0,190.0
2024-02-23,29,15:15,0.0,0.0,0.0,49.51,0.0,20.0,30.0,0.0
2024-02-23,30,15:30,0.0,0.0,0.0,49.51,0.0,20.0,30.0,0.0
2024-02-23,31,15:45,0.0,0.0,0.0,49.51,0.0,20.0,30.0,0.0
2024-02-23,32,16:00,0.0,0.0,0.0,63.08,0.0,20.0,30.0,0.0
2024-02-23,33,16:15,0.0,0.0,0.0,63.08,0.0,20.0,30.0,0.0
2024-02-23,34,16:30,0.0,0.0,0.0,63.08,0.0,20.0,30.0,0.0
2024-02-23,35,16:45,0.0,0.0,0.0,63.08,0.0,20.0,30.0,0.0
2024-02-23,36,17:00,0.0,0.0,0.0,73.8,0.0,20.0,30.0,0.0
2024-02-23,37,17:15,0.0,0.0,0.0,73.8,0.0,20.0,30.0,0.0
2024-02-23,38,17:30,0.0,0.0,0.0,73.8,0.0,20.0,30.0,0.0
2024-02-23,39,17:45,0.0,0.0,0.0,73.8,0.0,20.0,30.0,0.0
2024-02-23,40,18:00,0.0,0.0,0.0,86.44,0.0,20.0,30.0,0.0
2024-02-23,41,18:15,0.0,0.0,0.0,86.44,0.0,20.0,30.0,0.0
2024-02-23,42,18:30,0.0,0.0,0.0,86.44,0.0,20.0,30.0,0.0
2024-02-23,43,18:45,0.0,0.0,0.0,86.44,0.0,20.0,30.0,0.0
2024-02-23,44,19:00,0.0,0.0,0.0,84.01,0.0,20.0,30.0,0.0
2024-02-23,45,19:15,0.0,0.0,0.0,84.01,0.0,20.0,30.0,0.0
2024-02-23,46,19:30,0.0,0.0,0.0,84.01,0.0,20.0,30.0,0.0
2024-02-23,47,19:45,0.0,0.0,0.0,84.01,0.0,20.0,30.0,0.0
2024-02-23,48,20:00,0.0,0.0,0.0,72.97,0.0,20.0,30.0,0.0
2024-02-23,49,20:15,0.0,0.0,0.0,72.97,0.0,20.0,30.0,0.0
2024-02-23,50,20:30,0.0,0.0,0.0,72.97,0.0,20.0,30.0,0.0
2024-02-23,51,20:45,0.0,0.0,0.0,72.97,0.0,20.0,30.0,0.0
2024-02-23,52,21:00,0.0,0.0,0.0,69.26,0.0,20.0,30.0,0.0
2024-02-23,53,21:15,0.0,0.0,0.0,69.26,0.0,20.0,30.0,0.0
2024-02-23,54,21:30,0.0,0.0,0.0,69.26,0.0,20.0,30.0,0.0
2024-02-23,55,21:45,0.0,0.0,0.0,69.26,0.0,20.0,30.0,0.0
2024-02-26,0,08:00,1.8638,0.0,1.8638,81.6,0.038022,20.0,30.0,0.0
2024-02-26,1,08:15,6.7293,0.0,6.7293,81.6,0.137277,20.0,30.0,0.0
2024-02-26,2,08:30,5.9956,0.0,5.9956,81.6,0.12231,20.0,30.0,0.0
2024-02-26,3,08:45,7.1179,0.0,7.1179,81.6,0.145205,20.0,30.0,0.0
2024-02-26,4,09:00,6.1091,0.0,6.1091,73.83,0.112758,20.0,30.0,0.0
2024-02-26,5,09:15,5.6324,0.0,5.6324,73.83,0.103961,20.0,30.0,0.0
2024-02-26,6,09:30,5.8458,0.0,5.8458,73.83,0.107899,20.0,30.0,0.0
2024-02-26,7,09:45,5.1816,0.0,5.1816,73.83,0.095639,20.0,30.0,0.0
2024-02-26,8,10:00,6.7301,0.0,6.7301,66.65,0.11214,20.0,30.0,0.0
2024-02-26,9,10:15,3.9878,0.0,3.9878,66.65,0.066447,20.0,30.0,0.0
2024-02-26,10,10:30,1.8638,9.5021,11.3659,66.65,0.189385,80.0,30.0,0.0
2024-02-26,11,10:45,6.7293,17.0147,23.744,66.65,0.395634,80.0,30.0,0.0
2024-02-26,12,11:00,5.9956,17.1381,23.1337,65.03,0.376096,80.0,30.0,0.0
2024-02-26,13,11:15,7.1179,16.0793,23.1972,65.03,0.377128,80.0,30.0,0.0
2024-02-26,14,11:30,6.1091,3.2115,9.3206,65.03,0.151529,80.0,30.0,0.0
2024-02-26,15,11:45,5.6324,9.5021,15.1345,65.03,0.24605,40.0,70.0,0.0
2024-02-26,16,12:00,5.8458,17.0147,22.8605,58.42,0.333877,40.0,70.0,0.0
2024-02-26,17,12:15,5.1816,17.1381,22.3197,58.42,0.325979,40.0,70.0,0.0
2024-02-26,18,12:30,6.7301,16.0793,22.8094,58.42,0.333131,40.0,70.0,0.0
2024-02-26,19,12:45,3.9878,3.2115,7.1993,58.42,0.105146,40.0,70.0,0.0
2024-02-26,20,13:00,1.8638,9.5021,11.3659,58.19,0.165346,100.0,110.0,0.0
2024-02-26,21,13:15,6.7293,17.0147,23.744,58.19,0.345415,100.0,110.0,0.0
2024-02-26,22,13:30,5.9956,17.1381,23.1337,58.19,0.336537,100.0,110.0,0.0
2024-02-26,23,13:45,7.1179,16.0793,23.1972,58.19,0.337461,100.0,110.0,0.0
2024-02-26,24,14:00,6.1091,3.2115,9.3206,61.29,0.142814,100.0,110.0,0.0
2024-02-26,25,14:15,5.6324,9.5021,15.1345,61.29,0.231899,60.0,150.0,0.0
2024-02-26,26,14:30,5.8458,17.0147,22.8605,61.29,0.35028,60.0,150.0,0.0
2024-02-26,27,14:45,5.1816,17.1381,22.3197,61.29,0.341993,60.0,150.0,0.0
2024-02-26,28,15:00,6.7301,16.0793,22.8094,64.95,0.370367,60.0,0.0,150.0
2024-02-26,29,15:15,3.9878,3.2115,7.1993,64.95,0.116898,60.0,0.0,0.0
2024-02-26,30,15:30,0.0,9.5021,9.5021,64.95,0.15429,120.0,40.0,0.0
2024-02-26,31,15:45,0.0,17.0147,17.0147,64.95,0.276276,120.0,40.0,0.0
2024-02-26,32,16:00,0.0,17.1381,17.1381,69.99,0.299874,120.0,40.0,0.0
2024-02-26,33,16:15,0.0,16.0793,16.0793,69.99,0.281347,120.0,40.0,0.0
2024-02-26,34,16:30,0.0,3.2115,3.2115,69.99,0.056193,120.0,40.0,0.0
2024-02-26,35,16:45,0.0,9.5021,9.5021,69.99,0.166263,80.0,80.0,0.0
2024-02-26,36,17:00,0.0,17.0147,17.0147,77.0,0.327532,80.0,80.0,0.0
2024-02-26,37,17:15,0.0,17.1381,17.1381,77.0,0.329908,80.0,80.0,0.0
2024-02-26,38,17:30,0.0,16.0793,16.0793,77.0,0.309526,80.0,80.0,0.0
2024-02-26,39,17:45,0.0,3.2115,3.2115,77.0,0.061821,80.0,80.0,0.0
2024-02-26,40,18:00,0.0,0.0,0.0,85.32,0.0,80.0,120.0,0.0
2024-02-26,41,18:15,0.0,0.0,0.0,85.32,0.0,80.0,120.0,0.0
2024-02-26,42,18:30,0.0,0.0,0.0,85.32,0.0,80.0,120.0,0.0
2024-02-26,43,18:45,0.0,0.0,0.0,85.32,0.0,80.0,120.0,0.0
2024-02-26,44,19:00,0.0,0.0,0.0,81.01,0.0,80.0,120.0,0.0
2024-02-26,45,19:15,0.0,0.0,0.0,81.01,0.0,80.0,120.0,0.0
2024-02-26,46,19:30,0.0,0.0,0.0,81.01,0.0,80.0,120.0,0.0
2024-02-26,47,19:45,0.0,0.0,0.0,81.01,0.0,80.0,120.0,0.0
2024-02-26,48,20:00,0.0,0.0,0.0,72.21,0.0,80.0,120.0,0.0
2024-02-26,49,20:15,0.0,0.0,0.0,72.21,0.0,80.0,120.0,0.0
2024-02-26,50,20:30,0.0,0.0,0.0,72.21,0.0,80.0,120.0,0.0
2024-02-26,51,20:45,0.0,0.0,0.0,72.21,0.0,80.0,120.0,0.0
2024-02-26,52,21:00,0.0,0.0,0.0,65.69,0.0,80.0,120.0,0.0
2024-02-26,53,21:15,0.0,0.0,0.0,65.69,0.0,80.0,120.0,0.0
2024-02-26,54,21:30,0.0,0.0,0.0,65.69,0.0,80.0,120.0,0.0
2024-02-26,55,21:45,0.0,0.0,0.0,65.69,0.0,80.0,40.0,80.0
2024-02-27,0,08:00,1.8638,9.5021,11.3659,95.78,0.272157,40.0,40.0,0.0
2024-02-27,1,08:15,6.7293,17.0147,23.744,95.78,0.568549,40.0,40.0,0.0
2024-02-27,2,08:30,5.9956,17.1381,23.1337,95.78,0.553936,40.0,40.0,0.0
2024-02-27,3,08:45,7.1179,16.0793,23.1972,95.78,0.555456,40.0,40.0,0.0
2024-02-27,4,09:00,6.1091,3.2115,9.3206,80.81,0.188299,40.0,40.0,0.0
2024-02-27,5,09:15,5.6324,9.5021,15.1345,80.81,0.305756,0.0,80.0,0.0
2024-02-27,6,09:30,5.8458,17.0147,22.8605,80.81,0.461839,0.0,80.0,0.0
2024-02-27,7,09:45,5.1816,17.1381,22.3197,80.81,0.450913,0.0,80.0,0.0
2024-02-27,8,10:00,6.7301,16.0793,22.8094,68.71,0.391808,0.0,80.0,0.0
2024-02-27,9,10:15,3.9878,3.2115,7.1993,68.71,0.123666,0.0,80.0,0.0
2024-02-27,10,10:30,1.8638,9.5021,11.3659,68.71,0.195238,60.0,120.0,0.0
2024-02-27,11,10:45,6.7293,17.0147,23.744,68.71,0.407862,60.0,120.0,0.0
2024-02-27,12,11:00,5.9956,17.1381,23.1337,64.93,0.375517,60.0,120.0,0.0
2024-02-27,13,11:15,7.1179,16.0793,23.1972,64.93,0.376548,60.0,120.0,0.0
2024-02-27,14,11:30,6.1091,3.2115,9.3206,64.93,0.151296,60.0,120.0,0.0
2024-02-27,15,11:45,5.6324,9.5021,15.1345,64.93,0.245671,20.0,160.0,0.0
2024-02-27,16,12:00,5.8458,17.0147,22.8605,59.26,0.338678,20.0,160.0,0.0
2024-02-27,17,12:15,5.1816,17.1381,22.3197,59.26,0.330666,20.0,160.0,0.0
2024-02-27,18,12:30,6.7301,16.0793,22.8094,59.26,0.337921,20.0,160.0,0.0
2024-02-27,19,12:45,3.9878,3.2115,7.1993,59.26,0.106657,20.0,160.0,0.0
2024-02-27,20,13:00,1.8638,9.5021,11.3659,59.25,0.168358,80.0,200.0,0.0
2024-02-27,21,13:15,6.7293,17.0147,23.744,59.25,0.351707,80.0,200.0,0.0
2024-02-27,22,13:30,5.9956,17.1381,23.1337,59.25,0.342668,80.0,200.0,0.0
2024-02-27,23,13:45,7.1179,16.0793,23.1972,59.25,0.343608,80.0,200.0,0.0
2024-02-27,24,14:00,6.1091,3.2115,9.3206,64.71,0.150783,80.0,200.0,0.0
2024-02-27,25,14:15,5.6324,9.5021,15.1345,64.71,0.244839,40.0,240.0,0.0
2024-02-27,26,14:30,5.8458,17.0147,22.8605,64.71,0.369826,40.0,240.0,0.0
2024-02-27,27,14:45,5.1816,17.1381,22.3197,64.71,0.361076,40.0,240.0,0.0
2024-02-27,28,15:00,6.7301,16.0793,22.8094,72.06,0.410911,40.0,90.0,150.0
2024-02-27,29,15:15,3.9878,3.2115,7.1993,72.06,0.129695,40.0,90.0,0.0
2024-02-27,30,15:30,0.0,9.5021,9.5021,72.06,0.17118,100.0,130.0,0.0
2024-02-27,31,15:45,0.0,17.0147,17.0147,72.06,0.306519,100.0,130.0,0.0
2024-02-27,32,16:00,0.0,17.1381,17.1381,79.82,0.341991,100.0,130.0,0.0
2024-02-27,33,16:15,0.0,16.0793,16.0793,79.82,0.320862,100.0,130.0,0.0
2024-02-27,34,16:30,0.0,3.2115,3.2115,79.82,0.064085,100.0,130.0,0.0
2024-02-27,35,16:45,0.0,9.5021,9.5021,79.82,0.189614,60.0,170.0,0.0
2024-02-27,36,17:00,0.0,17.0147,17.0147,98.02,0.416945,60.0,170.0,0.0
2024-02-27,37,17:15,0.0,17.1381,17.1381,98.02,0.419969,60.0,170.0,0.0
2024-02-27,38,17:30,0.0,16.0793,16.0793,98.02,0.394023,60.0,170.0,0.0
2024-02-27,39,17:45,0.0,3.2115,3.2115,98.02,0.078697,60.0,170.0,0.0
2024-02-27,40,18:00,0.0,0.0,0.0,111.8,0.0,60.0,210.0,0.0
2024-02-27,41,18:15,0.0,0.0,0.0,111.8,0.0,60.0,210.0,0.0
2024-02-27,42,18:30,0.0,0.0,0.0,111.8,0.0,60.0,210.0,0.0
2024-02-27,43,18:45,0.0,0.0,0.0,111.8,0.0,60.0,210.0,0.0
2024-02-27,44,19:00,0.0,0.0,0.0,105.17,0.0,60.0,210.0,0.0
2024-02-27,45,19:15,0.0,0.0,0.0,105.17,0.0,60.0,210.0,0.0
2024-02-27,46,19:30,0.0,0.0,0.0,105.17,0.0,60.0,210.0,0.0
2024-02-27,47,19:45,0.0,0.0,0.0,105.17,0.0,60.0,210.0,0.0
2024-02-27,48,20:00,0.0,0.0,0.0,84.36,0.0,60.0,210.0,0.0
2024-02-27,49,20:15,0.0,0.0,0.0,84.36,0.0,60.0,210.0,0.0
2024-02-27,50,20:30,0.0,0.0,0.0,84.36,0.0,60.0,210.0,0.0
2024-02-27,51,20:45,0.0,0.0,0.0,84.36,0.0,60.0,210.0,0.0
2024-02-27,52,21:00,0.0,0.0,0.0,72.37,0.0,60.0,210.0,0.0
2024-02-27,53,21:15,0.0,0.0,0.0,72.37,0.0,60.0,210.0,0.0
2024-02-27,54,21:30,0.0,0.0,0.0,72.37,0.0,60.0,210.0,0.0
2024-02-27,55,21:45,0.0,0.0,0.0,72.37,0.0,60.0,20.0,190.0
2024-02-28,0,08:00,1.8638,9.5021,11.3659,104.49,0.296907,20.0,20.0,0.0
2024-02-28,1,08:15,6.7293,17.0147,23.744,104.49,0.620251,20.0,20.0,0.0
2024-02-28,2,08:30,5.9956,17.1381,23.1337,104.49,0.60431,20.0,20.0,0.0
2024-02-28,3,08:45,7.1179,16.0793,23.1972,104.49,0.605968,20.0,20.0,0.0
2024-02-28,4,09:00,6.1091,3.2115,9.3206,85.46,0.199134,20.0,20.0,0.0
2024-02-28,5,09:15,5.6324,0.0,5.6324,85.46,0.120337,20.0,60.0,0.0
2024-02-28,6,09:30,5.8458,0.0,5.8458,85.46,0.124896,20.0,60.0,0.0
2024-02-28,7,09:45,5.1816,0.0,5.1816,85.46,0.110704,20.0,60.0,0.0
2024-02-28,8,10:00,6.7301,0.0,6.7301,73.99,0.12449,20.0,60.0,0.0
2024-02-28,9,10:15,3.9878,0.0,3.9878,73.99,0.073764,20.0,60.0,0.0
2024-02-28,10,10:30,1.8638,9.5021,11.3659,73.99,0.210241,80.0,60.0,0.0
2024-02-28,11,10:45,6.7293,17.0147,23.744,73.99,0.439204,80.0,60.0,0.0
2024-02-28,12,11:00,5.9956,17.1381,23.1337,67.55,0.39067,80.0,60.0,0.0
2024-02-28,13,11:15,7.1179,16.0793,23.1972,67.55,0.391742,80.0,60.0,0.0
2024-02-28,14,11:30,6.1091,3.2115,9.3206,67.55,0.157401,80.0,60.0,0.0
2024-02-28,15,11:45,5.6324,9.5021,15.1345,67.55,0.255585,40.0,100.0,0.0
2024-02-28,16,12:00,5.8458,17.0147,22.8605,63.93,0.365368,40.0,100.0,0.0
2024-02-28,17,12:15,5.1816,17.1381,22.3197,63.93,0.356724,40.0,100.0,0.0
2024-02-28,18,12:30,6.7301,16.0793,22.8094,63.93,0.364551,40.0,100.0,0.0
2024-02-28,19,12:45,3.9878,3.2115,7.1993,63.93,0.115063,40.0,100.0,0.0
2024-02-28,20,13:00,1.8638,9.5021,11.3659,60.72,0.172535,100.0,140.0,0.0
2024-02-28,21,13:15,6.7293,17.0147,23.744,60.72,0.360433,100.0,140.0,0.0
2024-02-28,22,13:30,5.9956,17.1381,23.1337,60.72,0.351169,100.0,140.0,0.0
2024-02-28,23,13:45,7.1179,16.0793,23.1972,60.72,0.352133,100.0,140.0,0.0
2024-02-28,24,14:00,6.1091,3.2115,9.3206,61.51,0.143327,100.0,140.0,0.0
2024-02-28,25,14:15,5.6324,9.5021,15.1345,61.51,0.232731,60.0,180.0,0.0
2024-02-28,26,14:30,5.8458,17.0147,22.8605,61.51,0.351537,60.0,180.0,0.0
2024-02-28,27,14:45,5.1816,17.1381,22.3197,61.51,0.343221,60.0,180.0,0.0
2024-02-28,28,15:00,6.7301,16.0793,22.8094,70.43,0.401616,60.0,50.0,130.0
2024-02-28,29,15:15,3.9878,3.2115,7.1993,70.43,0.126761,60.0,50.0,0.0
2024-02-28,30,15:30,0.0,9.5021,9.5021,70.43,0.167308,120.0,90.0,0.0
2024-02-28,31,15:45,0.0,17.0147,17.0147,70.43,0.299586,120.0,90.0,0.0
2024-02-28,32,16:00,0.0,17.1381,17.1381,74.96,0.321168,120.0,90.0,0.0
2024-02-28,33,16:15,0.0,16.0793,16.0793,74.96,0.301326,120.0,90.0,0.0
2024-02-28,34,16:30,0.0,3.2115,3.2115,74.96,0.060183,120.0,90.0,0.0
2024-02-28,35,16:45,0.0,9.5021,9.5021,74.96,0.178069,80.0,130.0,0.0
2024-02-28,36,17:00,0.0,17.0147,17.0147,93.04,0.395761,80.0,130.0,0.0
2024-02-28,37,17:15,0.0,17.1381,17.1381,93.04,0.398632,80.0,130.0,0.0
2024-02-28,38,17:30,0.0,16.0793,16.0793,93.04,0.374004,80.0,130.0,0.0
2024-02-28,39,17:45,0.0,3.2115,3.2115,93.04,0.074699,80.0,130.0,0.0
2024-02-28,40,18:00,0.0,0.0,0.0,93.24,0.0,80.0,170.0,0.0
2024-02-28,41,18:15,0.0,0.0,0.0,93.24,0.0,80.0,170.0,0.0
2024-02-28,42,18:30,0.0,0.0,0.0,93.24,0.0,80.0,170.0,0.0
2024-02-28,43,18:45,0.0,0.0,0.0,93.24,0.0,80.0,170.0,0.0
2024-02-28,44,19:00,0.0,0.0,0.0,78.29,0.0,80.0,170.0,0.0
2024-02-28,45,19:15,0.0,0.0,0.0,78.29,0.0,80.0,170.0,0.0
2024-02-28,46,19:30,0.0,0.0,0.0,78.29,0.0,80.0,170.0,0.0
2024-02-28,47,19:45,0.0,0.0,0.0,78.29,0.0,80.0,170.0,0.0
2024-02-28,48,20:00,0.0,0.0,0.0,65.44,0.0,80.0,170.0,0.0
2024-02-28,49,20:15,0.0,0.0,0.0,65.44,0.0,80.0,170.0,0.0
2024-02-28,50,20:30,0.0,0.0,0.0,65.44,0.0,80.0,170.0,0.0
2024-02-28,51,20:45,0.0,0.0,0.0,65.44,0.0,80.0,170.0,0.0
2024-02-28,52,21:00,0.0,0.0,0.0,62.59,0.0,80.0,170.0,0.0
2024-02-28,53,21:15,0.0,0.0,0.0,62.59,0.0,80.0,170.0,0.0
2024-02-28,54,21:30,0.0,0.0,0.0,62.59,0.0,80.0,170.0,0.0
2024-02-28,55,21:45,0.0,0.0,0.0,62.59,0.0,80.0,10.0,160.0
2024-02-29,0,08:00,1.8638,9.5021,11.3659,73.89,0.209957,40.0,10.0,0.0
2024-02-29,1,08:15,6.7293,17.0147,23.744,73.89,0.43861,40.0,10.0,0.0
2024-02-29,2,08:30,5.9956,17.1381,23.1337,73.89,0.427337,40.0,10.0,0.0
2024-02-29,3,08:45,7.1179,16.0793,23.1972,73.89,0.42851,40.0,10.0,0.0
2024-02-29,4,09:00,6.1091,3.2115,9.3206,70.39,0.164019,40.0,10.0,0.0
2024-02-29,5,09:15,5.6324,9.5021,15.1345,70.39,0.26633,0.0,50.0,0.0
2024-02-29,6,09:30,5.8458,17.0147,22.8605,70.39,0.402287,0.0,50.0,0.0
2024-02-29,7,09:45,5.1816,17.1381,22.3197,70.39,0.39277,0.0,50.0,0.0
2024-02-29,8,10:00,6.7301,16.0793,22.8094,60.47,0.344821,0.0,50.0,0.0
2024-02-29,9,10:15,3.9878,3.2115,7.1993,60.47,0.108835,0.0,50.0,0.0
2024-02-29,10,10:30,1.8638,9.5021,11.3659,60.47,0.171824,60.0,90.0,0.0
2024-02-29,11,10:45,6.7293,17.0147,23.744,60.47,0.358949,60.0,90.0,0.0
2024-02-29,12,11:00,5.9956,17.1381,23.1337,55.01,0.318146,60.0,90.0,0.0
2024-02-29,13,11:15,7.1179,16.0793,23.1972,55.01,0.319019,60.0,90.0,0.0
2024-02-29,14,11:30,6.1091,3.2115,9.3206,55.01,0.128181,60.0,90.0,0.0
2024-02-29,15,11:45,5.6324,9.5021,15.1345,55.01,0.208138,20.0,130.0,0.0
2024-02-29,16,12:00,5.8458,17.0147,22.8605,53.98,0.308502,20.0,130.0,0.0
2024-02-29,17,12:15,5.1816,17.1381,22.3197,53.98,0.301204,20.0,130.0,0.0
2024-02-29,18,12:30,6.7301,16.0793,22.8094,53.98,0.307813,20.0,130.0,0.0
2024-02-29,19,12:45,3.9878,3.2115,7.1993,53.98,0.097154,20.0,130.0,0.0
2024-02-29,20,13:00,0.0,9.5021,9.5021,56.02,0.133077,80.0,170.0,0.0
2024-02-29,21,13:15,0.0,17.0147,17.0147,56.02,0.238291,80.0,170.0,0.0
2024-02-29,22,13:30,0.0,17.1381,17.1381,56.02,0.240019,80.0,170.0,0.0
2024-02-29,23,13:45,0.0,16.0793,16.0793,56.02,0.22519,80.0,170.0,0.0
2024-02-29,24,14:00,0.0,3.2115,3.2115,55.07,0.044214,80.0,170.0,0.0
2024-02-29,25,14:15,0.0,9.5021,9.5021,55.07,0.13082,40.0,210.0,0.0
2024-02-29,26,14:30,0.0,17.0147,17.0147,55.07,0.23425,40.0,210.0,0.0
2024-02-29,27,14:45,0.0,17.1381,17.1381,55.07,0.235949,40.0,210.0,0.0
2024-02-29,28,15:00,0.0,16.0793,16.0793,64.96,0.261128,40.0,60.0,150.0
2024-02-29,29,15:15,0.0,3.2115,3.2115,64.96,0.052155,40.0,60.0,0.0
2024-02-29,30,15:30,0.0,0.0,0.0,64.96,0.0,40.0,100.0,0.0
2024-02-29,31,15:45,0.0,0.0,0.0,64.96,0.0,40.0,100.0,0.0
2024-02-29,32,16:00,0.0,0.0,0.0,70.98,0.0,40.0,100.0,0.0
2024-02-29,33,16:15,0.0,0.0,0.0,70.98,0.0,40.0,100.0,0.0
2024-02-29,34,16:30,0.0,0.0,0.0,70.98,0.0,40.0,100.0,0.0
2024-02-29,35,16:45,0.0,0.0,0.0,70.98,0.0,40.0,100.0,0.0
2024-02-29,36,17:00,0.0,0.0,0.0,81.28,0.0,40.0,100.0,0.0
2024-02-29,37,17:15,0.0,0.0,0.0,81.28,0.0,40.0,100.0,0.0
2024-02-29,38,17:30,0.0,0.0,0.0,81.28,0.0,40.0,100.0,0.0
2024-02-29,39,17:45,0.0,0.0,0.0,81.28,0.0,40.0,100.0,0.0
2024-02-29,40,18:00,0.0,0.0,0.0,86.26,0.0,40.0,100.0,0.0
2024-02-29,41,18:15,0.0,0.0,0.0,86.26,0.0,40.0,100.0,0.0
2024-02-29,42,18:30,0.0,0.0,0.0,86.26,0.0,40.0,100.0,0.0
2024-02-29,43,18:45,0.0,0.0,0.0,86.26,0.0,40.0,100.0,0.0
2024-02-29,44,19:00,0.0,0.0,0.0,80.99,0.0,40.0,100.0,0.0
2024-02-29,45,19:15,0.0,0.0,0.0,80.99,0.0,40.0,100.0,0.0
2024-02-29,46,19:30,0.0,0.0,0.0,80.99,0.0,40.0,100.0,0.0
2024-02-29,47,19:45,0.0,0.0,0.0,80.99,0.0,40.0,100.0,0.0
2024-02-29,48,20:00,0.0,0.0,0.0,72.77,0.0,40.0,100.0,0.0
2024-02-29,49,20:15,0.0,0.0,0.0,72.77,0.0,40.0,100.0,0.0
2024-02-29,50,20:30,0.0,0.0,0.0,72.77,0.0,40.0,100.0,0.0
2024-02-29,51,20:45,0.0,0.0,0.0,72.77,0.0,40.0,100.0,0.0
2024-02-29,52,21:00,0.0,0.0,0.0,67.25,0.0,40.0,100.0,0.0
2024-02-29,53,21:15,0.0,0.0,0.0,67.25,0.0,40.0,100.0,0.0
2024-02-29,54,21:30,0.0,0.0,0.0,67.25,0.0,40.0,100.0,0.0
2024-02-29,55,21:45,0.0,0.0,0.0,67.25,0.0,40.0,20.0,80.0
2024-03-01,0,08:00,1.8638,9.5021,11.3659,83.79,0.238088,0.0,20.0,0.0
2024-03-01,1,08:15,6.7293,17.0147,23.744,83.79,0.497376,0.0,20.0,0.0
2024-03-01,2,08:30,5.9956,17.1381,23.1337,83.79,0.484593,0.0,20.0,0.0
2024-03-01,3,08:45,7.1179,16.0793,23.1972,83.79,0.485923,0.0,20.0,0.0
2024-03-01,4,09:00,6.1091,3.2115,9.3206,75.88,0.176811,0.0,20.0,0.0
2024-03-01,5,09:15,5.6324,0.0,5.6324,75.88,0.106848,0.0,60.0,0.0
2024-03-01,6,09:30,5.8458,0.0,5.8458,75.88,0.110895,0.0,60.0,0.0
2024-03-01,7,09:45,5.1816,0.0,5.1816,75.88,0.098294,0.0,60.0,0.0
2024-03-01,8,10:00,6.7301,0.0,6.7301,66.52,0.111922,0.0,60.0,0.0
2024-03-01,9,10:15,3.9878,0.0,3.9878,66.52,0.066317,0.0,60.0,0.0
2024-03-01,10,10:30,1.8638,9.5021,11.3659,66.52,0.189015,60.0,60.0,0.0
2024-03-01,11,10:45,6.7293,17.0147,23.744,66.52,0.394862,60.0,60.0,0.0
2024-03-01,12,11:00,5.9956,17.1381,23.1337,64.76,0.374534,60.0,60.0,0.0
2024-03-01,13,11:15,7.1179,16.0793,23.1972,64.76,0.375562,60.0,60.0,0.0
2024-03-01,14,11:30,6.1091,3.2115,9.3206,64.76,0.1509,60.0,60.0,0.0
2024-03-01,15,11:45,5.6324,9.5021,15.1345,64.76,0.245028,20.0,100.0,0.0
2024-03-01,16,12:00,5.8458,17.0147,22.8605,63.08,0.36051,20.0,100.0,0.0
2024-03-01,17,12:15,5.1816,17.1381,22.3197,63.08,0.351981,20.0,100.0,0.0
2024-03-01,18,12:30,6.7301,16.0793,22.8094,63.08,0.359704,20.0,100.0,0.0
2024-03-01,19,12:45,3.9878,3.2115,7.1993,63.08,0.113533,20.0,100.0,0.0
2024-03-01,20,13:00,1.8638,9.5021,11.3659,64.63,0.183645,80.0,140.0,0.0
2024-03-01,21,13:15,6.7293,17.0147,23.744,64.63,0.383643,80.0,140.0,0.0
2024-03-01,22,13:30,5.9956,17.1381,23.1337,64.63,0.373782,80.0,140.0,0.0
2024-03-01,23,13:45,7.1179,16.0793,23.1972,64.63,0.374808,80.0,140.0,0.0
2024-03-01,24,14:00,6.1091,3.2115,9.3206,67.11,0.156376,80.0,140.0,0.0
2024-03-01,25,14:15,5.6324,9.5021,15.1345,67.11,0.25392,40.0,180.0,0.0
2024-03-01,26,14:30,5.8458,17.0147,22.8605,67.11,0.383542,40.0,180.0,0.0
2024-03-01,27,14:45,5.1816,17.1381,22.3197,67.11,0.374468,40.0,180.0,0.0
2024-03-01,28,15:00,6.7301,16.0793,22.8094,72.57,0.413819,40.0,30.0,150.0
2024-03-01,29,15:15,3.9878,3.2115,7.1993,72.57,0.130613,40.0,30.0,0.0
2024-03-01,30,15:30,1.8638,9.5021,11.3659,72.57,0.206206,100.0,70.0,0.0
2024-03-01,31,15:45,6.7293,17.0147,23.744,72.57,0.430775,100.0,70.0,0.0
2024-03-01,32,16:00,5.9956,17.1381,23.1337,78.94,0.456543,100.0,70.0,0.0
2024-03-01,33,16:15,7.1179,16.0793,23.1972,78.94,0.457796,100.0,70.0,0.0
2024-03-01,34,16:30,6.1091,3.2115,9.3206,78.94,0.183941,100.0,70.0,0.0
2024-03-01,35,16:45,5.6324,9.5021,15.1345,78.94,0.29868,60.0,110.0,0.0
2024-03-01,36,17:00,5.8458,17.0147,22.8605,89.4,0.510932,60.0,110.0,0.0
2024-03-01,37,17:15,5.1816,17.1381,22.3197,89.4,0.498845,60.0,110.0,0.0
2024-03-01,38,17:30,6.7301,16.0793,22.8094,89.4,0.50979,60.0,110.0,0.0
2024-03-01,39,17:45,3.9878,3.2115,7.1993,89.4,0.160904,60.0,110.0,0.0
2024-03-01,40,18:00,0.0,9.5021,9.5021,93.73,0.222658,120.0,150.0,0.0
2024-03-01,41,18:15,0.0,17.0147,17.0147,93.73,0.398696,120.0,150.0,0.0
2024-03-01,42,18:30,0.0,17.1381,17.1381,93.73,0.401588,120.0,150.0,0.0
2024-03-01,43,18:45,0.0,16.0793,16.0793,93.73,0.376778,120.0,150.0,0.0
2024-03-01,44,19:00,0.0,3.2115,3.2115,87.19,0.070002,120.0,150.0,0.0
2024-03-01,45,19:15,0.0,9.5021,9.5021,87.19,0.207122,80.0,190.0,0.0
2024-03-01,46,19:30,0.0,17.0147,17.0147,87.19,0.370877,80.0,190.0,0.0
2024-03-01,47,19:45,0.0,17.1381,17.1381,87.19,0.373568,80.0,190.0,0.0
2024-03-01,48,20:00,0.0,16.0793,16.0793,77.49,0.311496,80.0,190.0,0.0
2024-03-01,49,20:15,0.0,3.2115,3.2115,77.49,0.062215,80.0,190.0,0.0
2024-03-01,50,20:30,0.0,0.0,0.0,77.49,0.0,80.0,230.0,0.0
2024-03-01,51,20:45,0.0,0.0,0.0,77.49,0.0,80.0,230.0,0.0
2024-03-01,52,21:00,0.0,0.0,0.0,71.62,0.0,80.0,230.0,0.0
2024-03-01,53,21:15,0.0,0.0,0.0,71.62,0.0,80.0,230.0,0.0
2024-03-01,54,21:30,0.0,0.0,0.0,71.62,0.0,80.0,230.0,0.0
2024-03-01,55,21:45,0.0,0.0,0.0,71.62,0.0,80.0,40.0,190.0
2024-03-04,0,08:00,1.8638,9.5021,11.3659,102.97,0.292588,40.0,40.0,0.0
2024-03-04,1,08:15,6.7293,17.0147,23.744,102.97,0.611229,40.0,40.0,0.0
2024-03-04,2,08:30,5.9956,17.1381,23.1337,102.97,0.595519,40.0,40.0,0.0
2024-03-04,3,08:45,7.1179,16.0793,23.1972,102.97,0.597153,40.0,40.0,0.0
2024-03-04,4,09:00,6.1091,3.2115,9.3206,85.02,0.198109,40.0,40.0,0.0
2024-03-04,5,09:15,5.6324,9.5021,15.1345,85.02,0.321685,0.0,80.0,0.0
2024-03-04,6,09:30,5.8458,17.0147,22.8605,85.02,0.4859,0.0,80.0,0.0
2024-03-04,7,09:45,5.1816,17.1381,22.3197,85.02,0.474405,0.0,80.0,0.0
2024-03-04,8,10:00,6.7301,16.0793,22.8094,71.93,0.41017,0.0,80.0,0.0
2024-03-04,9,10:15,3.9878,3.2115,7.1993,71.93,0.129461,0.0,80.0,0.0
2024-03-04,10,10:30,1.8638,9.5021,11.3659,71.93,0.204388,60.0,120.0,0.0
2024-03-04,11,10:45,6.7293,17.0147,23.744,71.93,0.426976,60.0,120.0,0.0
2024-03-04,12,11:00,5.9956,17.1381,23.1337,64.89,0.375286,60.0,120.0,0.0
2024-03-04,13,11:15,7.1179,16.0793,23.1972,64.89,0.376316,60.0,120.0,0.0
2024-03-04,14,11:30,6.1091,3.2115,9.3206,64.89,0.151203,60.0,120.0,0.0
2024-03-04,15,11:45,5.6324,9.5021,15.1345,64.89,0.24552,20.0,160.0,0.0
2024-03-04,16,12:00,5.8458,17.0147,22.8605,63.93,0.365368,20.0,160.0,0.0
2024-03-04,17,12:15,5.1816,17.1381,22.3197,63.93,0.356724,20.0,160.0,0.0
2024-03-04,18,12:30,6.7301,16.0793,22.8094,63.93,0.364551,20.0,160.0,0.0
2024-03-04,19,12:45,3.9878,3.2115,7.1993,63.93,0.115063,20.0,160.0,0.0
2024-03-04,20,13:00,1.8638,9.5021,11.3659,61.1,0.173615,80.0,200.0,0.0
2024-03-04,21,13:15,6.7293,17.0147,23.744,61.1,0.362689,80.0,200.0,0.0
2024-03-04,22,13:30,5.9956,17.1381,23.1337,61.1,0.353367,80.0,200.0,0.0
2024-03-04,23,13:45,7.1179,16.0793,23.1972,61.1,0.354337,80.0,200.0,0.0
2024-03-04,24,14:00,6.1091,3.2115,9.3206,62.5,0.145634,80.0,200.0,0.0
2024-03-04,25,14:15,5.6324,9.5021,15.1345,62.5,0.236477,40.0,240.0,0.0
2024-03-04,26,14:30,5.8458,17.0147,22.8605,62.5,0.357195,40.0,240.0,0.0
2024-03-04,27,14:45,5.1816,17.1381,22.3197,62.5,0.348745,40.0,240.0,0.0
2024-03-04,28,15:00,6.7301,16.0793,22.8094,69.86,0.398366,40.0,110.0,130.0
2024-03-04,29,15:15,3.9878,3.2115,7.1993,69.86,0.125736,40.0,110.0,0.0
2024-03-04,30,15:30,0.0,9.5021,9.5021,69.86,0.165954,100.0,150.0,0.0
2024-03-04,31,15:45,0.0,17.0147,17.0147,69.86,0.297161,100.0,150.0,0.0
2024-03-04,32,16:00,0.0,17.1381,17.1381,75.95,0.32541,100.0,150.0,0.0
2024-03-04,33,16:15,0.0,16.0793,16.0793,75.95,0.305305,100.0,150.0,0.0
2024-03-04,34,16:30,0.0,3.2115,3.2115,75.95,0.060978,100.0,150.0,0.0
2024-03-04,35,16:45,0.0,9.5021,9.5021,75.95,0.180421,60.0,190.0,0.0
2024-03-04,36,17:00,0.0,17.0147,17.0147,90.59,0.38534,60.0,190.0,0.0
2024-03-04,37,17:15,0.0,17.1381,17.1381,90.59,0.388135,60.0,190.0,0.0
2024-03-04,38,17:30,0.0,16.0793,16.0793,90.59,0.364155,60.0,190.0,0.0
2024-03-04,39,17:45,0.0,3.2115,3.2115,90.59,0.072732,60.0,190.0,0.0
2024-03-04,40,18:00,0.0,0.0,0.0,105.18,0.0,60.0,230.0,0.0
2024-03-04,41,18:15,0.0,0.0,0.0,105.18,0.0,60.0,230.0,0.0
2024-03-04,42,18:30,0.0,0.0,0.0,105.18,0.0,60.0,230.0,0.0
2024-03-04,43,18:45,0.0,0.0,0.0,105.18,0.0,60.0,230.0,0.0
2024-03-04,44,19:00,0.0,0.0,0.0,99.13,0.0,60.0,230.0,0.0
2024-03-04,45,19:15,0.0,0.0,0.0,99.13,0.0,60.0,230.0,0.0
2024-03-04,46,19:30,0.0,0.0,0.0,99.13,0.0,60.0,230.0,0.0
2024-03-04,47,19:45,0.0,0.0,0.0,99.13,0.0,60.0,230.0,0.0
2024-03-04,48,20:00,0.0,0.0,0.0,80.52,0.0,60.0,230.0,0.0
2024-03-04,49,20:15,0.0,0.0,0.0,80.52,0.0,60.0,230.0,0.0
2024-03-04,50,20:30,0.0,0.0,0.0,80.52,0.0,60.0,230.0,0.0
2024-03-04,51,20:45,0.0,0.0,0.0,80.52,0.0,60.0,230.0,0.0
2024-03-04,52,21:00,0.0,0.0,0.0,71.39,0.0,60.0,230.0,0.0
2024-03-04,53,21:15,0.0,0.0,0.0,71.39,0.0,60.0,230.0,0.0
2024-03-04,54,21:30,0.0,0.0,0.0,71.39,0.0,60.0,230.0,0.0
2024-03-04,55,21:45,0.0,0.0,0.0,71.39,0.0,60.0,80.0,150.0
2024-03-05,0,08:00,1.8638,9.5021,11.3659,83.02,0.2359,20.0,80.0,0.0
2024-03-05,1,08:15,6.7293,17.0147,23.744,83.02,0.492806,20.0,80.0,0.0
2024-03-05,2,08:30,5.9956,17.1381,23.1337,83.02,0.48014,20.0,80.0,0.0
2024-03-05,3,08:45,7.1179,16.0793,23.1972,83.02,0.481457,20.0,80.0,0.0
2024-03-05,4,09:00,6.1091,3.2115,9.3206,77.0,0.179421,20.0,80.0,0.0
2024-03-05,5,09:15,5.6324,0.0,5.6324,77.0,0.108425,20.0,120.0,0.0
2024-03-05,6,09:30,5.8458,0.0,5.8458,77.0,0.112532,20.0,120.0,0.0
2024-03-05,7,09:45,5.1816,0.0,5.1816,77.0,0.099745,20.0,120.0,0.0
2024-03-05,8,10:00,6.7301,0.0,6.7301,71.15,0.119712,20.0,120.0,0.0
2024-03-05,9,10:15,3.9878,0.0,3.9878,71.15,0.070933,20.0,120.0,0.0
2024-03-05,10,10:30,1.8638,9.5021,11.3659,71.15,0.202172,80.0,120.0,0.0
2024-03-05,11,10:45,6.7293,17.0147,23.744,71.15,0.422346,80.0,120.0,0.0
2024-03-05,12,11:00,5.9956,17.1381,23.1337,69.72,0.40322,80.0,120.0,0.0
2024-03-05,13,11:15,7.1179,16.0793,23.1972,69.72,0.404327,80.0,120.0,0.0
2024-03-05,14,11:30,6.1091,3.2115,9.3206,69.72,0.162457,80.0,120.0,0.0
2024-03-05,15,11:45,5.6324,9.5021,15.1345,69.72,0.263795,40.0,160.0,0.0
2024-03-05,16,12:00,5.8458,17.0147,22.8605,66.01,0.377255,40.0,160.0,0.0
2024-03-05,17,12:15,5.1816,17.1381,22.3197,66.01,0.36833,40.0,160.0,0.0
2024-03-05,18,12:30,6.7301,16.0793,22.8094,66.01,0.376412,40.0,160.0,0.0
2024-03-05,19,12:45,3.9878,3.2115,7.1993,66.01,0.118806,40.0,160.0,0.0
2024-03-05,20,13:00,1.8638,9.5021,11.3659,65.83,0.187055,100.0,200.0,0.0
2024-03-05,21,13:15,6.7293,17.0147,23.744,65.83,0.390766,100.0,200.0,0.0
2024-03-05,22,13:30,5.9956,17.1381,23.1337,65.83,0.380723,100.0,200.0,0.0
2024-03-05,23,13:45,7.1179,16.0793,23.1972,65.83,0.381767,100.0,200.0,0.0
2024-03-05,24,14:00,6.1091,3.2115,9.3206,69.61,0.162201,100.0,200.0,0.0
2024-03-05,25,14:15,5.6324,9.5021,15.1345,69.61,0.263379,60.0,240.0,0.0
2024-03-05,26,14:30,5.8458,17.0147,22.8605,69.61,0.39783,60.0,240.0,0.0
2024-03-05,27,14:45,5.1816,17.1381,22.3197,69.61,0.388418,60.0,240.0,0.0
2024-03-05,28,15:00,6.7301,16.0793,22.8094,70.67,0.402985,60.0,70.0,170.0
2024-03-05,29,15:15,3.9878,3.2115,7.1993,70.67,0.127193,60.0,70.0,0.0
2024-03-05,30,15:30,0.0,9.5021,9.5021,70.67,0.167878,120.0,110.0,0.0
2024-03-05,31,15:45,0.0,17.0147,17.0147,70.67,0.300607,120.0,110.0,0.0
2024-03-05,32,16:00,0.0,17.1381,17.1381,76.28,0.326823,120.0,110.0,0.0
2024-03-05,33,16:15,0.0,16.0793,16.0793,76.28,0.306632,120.0,110.0,0.0
2024-03-05,34,16:30,0.0,3.2115,3.2115,76.28,0.061243,120.0,110.0,0.0
2024-03-05,35,16:45,0.0,9.5021,9.5021,76.28,0.181205,80.0,150.0,0.0
2024-03-05,36,17:00,0.0,17.0147,17.0147,82.07,0.349099,80.0,150.0,0.0
2024-03-05,37,17:15,0.0,17.1381,17.1381,82.07,0.351631,80.0,150.0,0.0
2024-03-05,38,17:30,0.0,16.0793,16.0793,82.07,0.329907,80.0,150.0,0.0
2024-03-05,39,17:45,0.0,3.2115,3.2115,82.07,0.065892,80.0,150.0,0.0
2024-03-05,40,18:00,0.0,0.0,0.0,104.38,0.0,80.0,190.0,0.0
2024-03-05,41,18:15,0.0,0.0,0.0,104.38,0.0,80.0,190.0,0.0
2024-03-05,42,18:30,0.0,0.0,0.0,104.38,0.0,80.0,190.0,0.0
2024-03-05,43,18:45,0.0,0.0,0.0,104.38,0.0,80.0,190.0,0.0
2024-03-05,44,19:00,0.0,0.0,0.0,112.99,0.0,80.0,190.0,0.0
2024-03-05,45,19:15,0.0,0.0,0.0,112.99,0.0,80.0,190.0,0.0
2024-03-05,46,19:30,0.0,0.0,0.0,112.99,0.0,80.0,190.0,0.0
2024-03-05,47,19:45,0.0,0.0,0.0,112.99,0.0,80.0,190.0,0.0
2024-03-05,48,20:00,0.0,0.0,0.0,93.12,0.0,80.0,190.0,0.0
2024-03-05,49,20:15,0.0,0.0,0.0,93.12,0.0,80.0,190.0,0.0
2024-03-05,50,20:30,0.0,0.0,0.0,93.12,0.0,80.0,190.0,0.0
2024-03-05,51,20:45,0.0,0.0,0.0,93.12,0.0,80.0,190.0,0.0
2024-03-05,52,21:00,0.0,0.0,0.0,82.81,0.0,80.0,190.0,0.0
2024-03-05,53,21:15,0.0,0.0,0.0,82.81,0.0,80.0,190.0,0.0
2024-03-05,54,21:30,0.0,0.0,0.0,82.81,0.0,80.0,190.0,0.0
2024-03-05,55,21:45,0.0,0.0,0.0,82.81,0.0,80.0,20.0,170.0
2024-03-06,0,08:00,1.8638,9.5021,11.3659,108.7,0.308869,40.0,20.0,0.0
2024-03-06,1,08:15,6.7293,17.0147,23.744,108.7,0.645242,40.0,20.0,0.0
2024-03-06,2,08:30,5.9956,17.1381,23.1337,108.7,0.628658,40.0,20.0,0.0
2024-03-06,3,08:45,7.1179,16.0793,23.1972,108.7,0.630383,40.0,20.0,0.0
2024-03-06,4,09:00,6.1091,3.2115,9.3206,87.21,0.203212,40.0,20.0,0.0
2024-03-06,5,09:15,5.6324,9.5021,15.1345,87.21,0.329971,0.0,60.0,0.0
2024-03-06,6,09:30,5.8458,17.0147,22.8605,87.21,0.498416,0.0,60.0,0.0
2024-03-06,7,09:45,5.1816,17.1381,22.3197,87.21,0.486625,0.0,60.0,0.0
2024-03-06,8,10:00,6.7301,16.0793,22.8094,75.92,0.432922,0.0,60.0,0.0
2024-03-06,9,10:15,3.9878,3.2115,7.1993,75.92,0.136642,0.0,60.0,0.0
2024-03-06,10,10:30,1.8638,9.5021,11.3659,75.92,0.215725,60.0,100.0,0.0
2024-03-06,11,10:45,6.7293,17.0147,23.744,75.92,0.45066,60.0,100.0,0.0
2024-03-06,12,11:00,5.9956,17.1381,23.1337,72.02,0.416522,60.0,100.0,0.0
2024-03-06,13,11:15,7.1179,16.0793,23.1972,72.02,0.417665,60.0,100.0,0.0
2024-03-06,14,11:30,6.1091,3.2115,9.3206,72.02,0.167817,60.0,100.0,0.0
2024-03-06,15,11:45,5.6324,9.5021,15.1345,72.02,0.272497,20.0,140.0,0.0
2024-03-06,16,12:00,5.8458,17.0147,22.8605,69.35,0.396344,20.0,140.0,0.0
2024-03-06,17,12:15,5.1816,17.1381,22.3197,69.35,0.386967,20.0,140.0,0.0
2024-03-06,18,12:30,6.7301,16.0793,22.8094,69.35,0.395458,20.0,140.0,0.0
2024-03-06,19,12:45,3.9878,3.2115,7.1993,69.35,0.124818,20.0,140.0,0.0
2024-03-06,20,13:00,0.0,9.5021,9.5021,69.29,0.1646,80.0,180.0,0.0
2024-03-06,21,13:15,0.0,17.0147,17.0147,69.29,0.294737,80.0,180.0,0.0
2024-03-06,22,13:30,0.0,17.1381,17.1381,69.29,0.296875,80.0,180.0,0.0
2024-03-06,23,13:45,0.0,16.0793,16.0793,69.29,0.278533,80.0,180.0,0.0
2024-03-06,24,14:00,0.0,3.2115,3.2115,70.64,0.056715,80.0,180.0,0.0
2024-03-06,25,14:15,0.0,0.0,0.0,70.64,0.0,80.0,220.0,0.0
2024-03-06,26,14:30,0.0,0.0,0.0,70.64,0.0,80.0,220.0,0.0
2024-03-06,27,14:45,0.0,0.0,0.0,70.64,0.0,80.0,220.0,0.0
2024-03-06,28,15:00,0.0,0.0,0.0,72.26,0.0,80.0,140.0,80.0
2024-03-06,29,15:15,0.0,0.0,0.0,72.26,0.0,80.0,140.0,0.0
2024-03-06,30,15:30,0.0,0.0,0.0,72.26,0.0,80.0,140.0,0.0
2024-03-06,31,15:45,0.0,0.0,0.0,72.26,0.0,80.0,140.0,0.0
2024-03-06,32,16:00,0.0,0.0,0.0,81.06,0.0,80.0,140.0,0.0
2024-03-06,33,16:15,0.0,0.0,0.0,81.06,0.0,80.0,140.0,0.0
2024-03-06,34,16:30,0.0,0.0,0.0,81.06,0.0,80.0,140.0,0.0
2024-03-06,35,16:45,0.0,0.0,0.0,81.06,0.0,80.0,140.0,0.0
2024-03-06,36,17:00,0.0,0.0,0.0,100.0,0.0,80.0,140.0,0.0
2024-03-06,37,17:15,0.0,0.0,0.0,100.0,0.0,80.0,140.0,0.0
2024-03-06,38,17:30,0.0,0.0,0.0,100.0,0.0,80.0,140.0,0.0
2024-03-06,39,17:45,0.0,0.0,0.0,100.0,0.0,80.0,140.0,0.0
2024-03-06,40,18:00,0.0,0.0,0.0,119.58,0.0,80.0,140.0,0.0
2024-03-06,41,18:15,0.0,0.0,0.0,119.58,0.0,80.0,140.0,0.0
2024-03-06,42,18:30,0.0,0.0,0.0,119.58,0.0,80.0,140.0,0.0
2024-03-06,43,18:45,0.0,0.0,0.0,119.58,0.0,80.0,140.0,0.0
2024-03-06,44,19:00,0.0,0.0,0.0,119.25,0.0,80.0,140.0,0.0
2024-03-06,45,19:15,0.0,0.0,0.0,119.25,0.0,80.0,140.0,0.0
2024-03-06,46,19:30,0.0,0.0,0.0,119.25,0.0,80.0,140.0,0.0
2024-03-06,47,19:45,0.0,0.0,0.0,119.25,0.0,80.0,140.0,0.0
2024-03-06,48,20:00,0.0,0.0,0.0,93.4,0.0,80.0,140.0,0.0
2024-03-06,49,20:15,0.0,0.0,0.0,93.4,0.0,80.0,140.0,0.0
2024-03-06,50,20:30,0.0,0.0,0.0,93.4,0.0,80.0,140.0,0.0
2024-03-06,51,20:45,0.0,0.0,0.0,93.4,0.0,80.0,140.0,0.0
2024-03-06,52,21:00,0.0,0.0,0.0,80.15,0.0,80.0,140.0,0.0
2024-03-06,53,21:15,0.0,0.0,0.0,80.15,0.0,80.0,140.0,0.0
2024-03-06,54,21:30,0.0,0.0,0.0,80.15,0.0,80.0,140.0,0.0
2024-03-06,55,21:45,0.0,0.0,0.0,80.15,0.0,80.0,30.0,110.0
2024-03-07,0,08:00,1.8638,9.5021,11.3659,96.7,0.274771,40.0,30.0,0.0
2024-03-07,1,08:15,6.7293,17.0147,23.744,96.7,0.57401,40.0,30.0,0.0
2024-03-07,2,08:30,5.9956,17.1381,23.1337,96.7,0.559257,40.0,30.0,0.0
2024-03-07,3,08:45,7.1179,16.0793,23.1972,96.7,0.560792,40.0,30.0,0.0
2024-03-07,4,09:00,6.1091,3.2115,9.3206,79.09,0.184291,40.0,30.0,0.0
2024-03-07,5,09:15,5.6324,9.5021,15.1345,79.09,0.299248,0.0,70.0,0.0
2024-03-07,6,09:30,5.8458,17.0147,22.8605,79.09,0.452009,0.0,70.0,0.0
2024-03-07,7,09:45,5.1816,17.1381,22.3197,79.09,0.441316,0.0,70.0,0.0
2024-03-07,8,10:00,6.7301,16.0793,22.8094,71.31,0.406634,0.0,70.0,0.0
2024-03-07,9,10:15,3.9878,3.2115,7.1993,71.31,0.128345,0.0,70.0,0.0
2024-03-07,10,10:30,1.8638,9.5021,11.3659,71.31,0.202626,60.0,110.0,0.0
2024-03-07,11,10:45,6.7293,17.0147,23.744,71.31,0.423295,60.0,110.0,0.0
2024-03-07,12,11:00,5.9956,17.1381,23.1337,66.16,0.382631,60.0,110.0,0.0
2024-03-07,13,11:15,7.1179,16.0793,23.1972,66.16,0.383681,60.0,110.0,0.0
2024-03-07,14,11:30,6.1091,3.2115,9.3206,66.16,0.154162,60.0,110.0,0.0
2024-03-07,15,11:45,5.6324,9.5021,15.1345,66.16,0.250325,20.0,150.0,0.0
2024-03-07,16,12:00,5.8458,17.0147,22.8605,61.69,0.352566,20.0,150.0,0.0
2024-03-07,17,12:15,5.1816,17.1381,22.3197,61.69,0.344225,20.0,150.0,0.0
2024-03-07,18,12:30,6.7301,16.0793,22.8094,61.69,0.351778,20.0,150.0,0.0
2024-03-07,19,12:45,3.9878,3.2115,7.1993,61.69,0.111031,20.0,150.0,0.0
2024-03-07,20,13:00,1.8638,9.5021,11.3659,60.26,0.171228,80.0,190.0,0.0
2024-03-07,21,13:15,6.7293,17.0147,23.744,60.26,0.357703,80.0,190.0,0.0
2024-03-07,22,13:30,5.9956,17.1381,23.1337,60.26,0.348509,80.0,190.0,0.0
2024-03-07,23,13:45,7.1179,16.0793,23.1972,60.26,0.349465,80.0,190.0,0.0
2024-03-07,24,14:00,6.1091,3.2115,9.3206,63.33,0.147568,80.0,190.0,0.0
2024-03-07,25,14:15,5.6324,9.5021,15.1345,63.33,0.239618,40.0,230.0,0.0
2024-03-07,26,14:30,5.8458,17.0147,22.8605,63.33,0.361939,40.0,230.0,0.0
2024-03-07,27,14:45,5.1816,17.1381,22.3197,63.33,0.353376,40.0,230.0,0.0
2024-03-07,28,15:00,6.7301,16.0793,22.8094,66.04,0.376583,40.0,60.0,170.0
2024-03-07,29,15:15,3.9878,3.2115,7.1993,66.04,0.11886,40.0,60.0,0.0
2024-03-07,30,15:30,0.0,9.5021,9.5021,66.04,0.15688,100.0,100.0,0.0
2024-03-07,31,15:45,0.0,17.0147,17.0147,66.04,0.280912,100.0,100.0,0.0
2024-03-07,32,16:00,0.0,17.1381,17.1381,69.92,0.299574,100.0,100.0,0.0
2024-03-07,33,16:15,0.0,16.0793,16.0793,69.92,0.281066,100.0,100.0,0.0
2024-03-07,34,16:30,0.0,3.2115,3.2115,69.92,0.056137,100.0,100.0,0.0
2024-03-07,35,16:45,0.0,9.5021,9.5021,69.92,0.166097,60.0,140.0,0.0
2024-03-07,36,17:00,0.0,17.0147,17.0147,89.2,0.379427,60.0,140.0,0.0
2024-03-07,37,17:15,0.0,17.1381,17.1381,89.2,0.382179,60.0,140.0,0.0
2024-03-07,38,17:30,0.0,16.0793,16.0793,89.2,0.358568,60.0,140.0,0.0
2024-03-07,39,17:45,0.0,3.2115,3.2115,89.2,0.071616,60.0,140.0,0.0
2024-03-07,40,18:00,0.0,0.0,0.0,105.71,0.0,60.0,180.0,0.0
2024-03-07,41,18:15,0.0,0.0,0.0,105.71,0.0,60.0,180.0,0.0
2024-03-07,42,18:30,0.0,0.0,0.0,105.71,0.0,60.0,180.0,0.0
2024-03-07,43,18:45,0.0,0.0,0.0,105.71,0.0,60.0,180.0,0.0
2024-03-07,44,19:00,0.0,0.0,0.0,90.3,0.0,60.0,180.0,0.0
2024-03-07,45,19:15,0.0,0.0,0.0,90.3,0.0,60.0,180.0,0.0
2024-03-07,46,19:30,0.0,0.0,0.0,90.3,0.0,60.0,180.0,0.0
2024-03-07,47,19:45,0.0,0.0,0.0,90.3,0.0,60.0,180.0,0.0
2024-03-07,48,20:00,0.0,0.0,0.0,82.49,0.0,60.0,180.0,0.0
2024-03-07,49,20:15,0.0,0.0,0.0,82.49,0.0,60.0,180.0,0.0
2024-03-07,50,20:30,0.0,0.0,0.0,82.49,0.0,60.0,180.0,0.0
2024-03-07,51,20:45,0.0,0.0,0.0,82.49,0.0,60.0,180.0,0.0
2024-03-07,52,21:00,0.0,0.0,0.0,73.35,0.0,60.0,180.0,0.0
2024-03-07,53,21:15,0.0,0.0,0.0,73.35,0.0,60.0,180.0,0.0
2024-03-07,54,21:30,0.0,0.0,0.0,73.35,0.0,60.0,180.0,0.0
2024-03-07,55,21:45,0.0,0.0,0.0,73.35,0.0,60.0,60.0,120.0
2024-03-08,0,08:00,1.8638,9.5021,11.3659,88.89,0.252579,20.0,60.0,0.0
2024-03-08,1,08:15,6.7293,17.0147,23.744,88.89,0.52765,20.0,60.0,0.0
2024-03-08,2,08:30,5.9956,17.1381,23.1337,88.89,0.514088,20.0,60.0,0.0
2024-03-08,3,08:45,7.1179,16.0793,23.1972,88.89,0.515499,20.0,60.0,0.0
2024-03-08,4,09:00,6.1091,3.2115,9.3206,74.36,0.173269,20.0,60.0,0.0
2024-03-08,5,09:15,5.6324,0.0,5.6324,74.36,0.104707,20.0,100.0,0.0
2024-03-08,6,09:30,5.8458,0.0,5.8458,74.36,0.108674,20.0,100.0,0.0
2024-03-08,7,09:45,5.1816,0.0,5.1816,74.36,0.096325,20.0,100.0,0.0
2024-03-08,8,10:00,6.7301,0.0,6.7301,57.59,0.096897,20.0,100.0,0.0
2024-03-08,9,10:15,3.9878,0.0,3.9878,57.59,0.057414,20.0,100.0,0.0
2024-03-08,10,10:30,1.8638,9.5021,11.3659,57.59,0.163641,80.0,100.0,0.0
2024-03-08,11,10:45,6.7293,17.0147,23.744,57.59,0.341854,80.0,100.0,0.0
2024-03-08,12,11:00,5.9956,17.1381,23.1337,52.05,0.301027,80.0,100.0,0.0
2024-03-08,13,11:15,7.1179,16.0793,23.1972,52.05,0.301853,80.0,100.0,0.0
2024-03-08,14,11:30,6.1091,3.2115,9.3206,52.05,0.121284,80.0,100.0,0.0
2024-03-08,15,11:45,5.6324,9.5021,15.1345,52.05,0.196938,40.0,140.0,0.0
2024-03-08,16,12:00,5.8458,17.0147,22.8605,21.77,0.124418,40.0,140.0,0.0
2024-03-08,17,12:15,5.1816,17.1381,22.3197,21.77,0.121475,40.0,140.0,0.0
2024-03-08,18,12:30,6.7301,16.0793,22.8094,21.77,0.12414,40.0,140.0,0.0
2024-03-08,19,12:45,3.9878,3.2115,7.1993,21.77,0.039182,40.0,140.0,0.0
2024-03-08,20,13:00,1.8638,9.5021,11.3659,4.26,0.012105,100.0,180.0,0.0
2024-03-08,21,13:15,6.7293,17.0147,23.744,4.26,0.025287,100.0,180.0,0.0
2024-03-08,22,13:30,5.9956,17.1381,23.1337,4.26,0.024637,100.0,180.0,0.0
2024-03-08,23,13:45,7.1179,16.0793,23.1972,4.26,0.024705,100.0,180.0,0.0
2024-03-08,24,14:00,6.1091,3.2115,9.3206,24.2,0.056389,100.0,180.0,0.0
2024-03-08,25,14:15,5.6324,9.5021,15.1345,24.2,0.091564,60.0,220.0,0.0
2024-03-08,26,14:30,5.8458,17.0147,22.8605,24.2,0.138306,60.0,220.0,0.0
2024-03-08,27,14:45,5.1816,17.1381,22.3197,24.2,0.135034,60.0,220.0,0.0
2024-03-08,28,15:00,6.7301,16.0793,22.8094,40.25,0.229519,60.0,60.0,160.0
2024-03-08,29,15:15,3.9878,3.2115,7.1993,40.25,0.072443,60.0,60.0,0.0
2024-03-08,30,15:30,0.0,9.5021,9.5021,40.25,0.095615,120.0,100.0,0.0
2024-03-08,31,15:45,0.0,17.0147,17.0147,40.25,0.17121,120.0,100.0,0.0
2024-03-08,32,16:00,0.0,17.1381,17.1381,55.74,0.238819,120.0,100.0,0.0
2024-03-08,33,16:15,0.0,16.0793,16.0793,55.74,0.224065,120.0,100.0,0.0
2024-03-08,34,16:30,0.0,3.2115,3.2115,55.74,0.044752,120.0,100.0,0.0
2024-03-08,35,16:45,0.0,9.5021,9.5021,55.74,0.132412,80.0,140.0,0.0
2024-03-08,36,17:00,0.0,17.0147,17.0147,71.98,0.306179,80.0,140.0,0.0
2024-03-08,37,17:15,0.0,17.1381,17.1381,71.98,0.3084,80.0,140.0,0.0
2024-03-08,38,17:30,0.0,16.0793,16.0793,71.98,0.289347,80.0,140.0,0.0
2024-03-08,39,17:45,0.0,3.2115,3.2115,71.98,0.057791,80.0,140.0,0.0
2024-03-08,40,18:00,0.0,9.5021,9.5021,83.76,0.198974,40.0,180.0,0.0
2024-03-08,41,18:15,0.0,17.0147,17.0147,83.76,0.356287,40.0,180.0,0.0
2024-03-08,42,18:30,0.0,17.1381,17.1381,83.76,0.358872,40.0,180.0,0.0
2024-03-08,43,18:45,0.0,16.0793,16.0793,83.76,0.3367,40.0,180.0,0.0
2024-03-08,44,19:00,0.0,3.2115,3.2115,79.98,0.064214,40.0,180.0,0.0
2024-03-08,45,19:15,0.0,0.0,0.0,79.98,0.0,40.0,220.0,0.0
2024-03-08,46,19:30,0.0,0.0,0.0,79.98,0.0,40.0,220.0,0.0
2024-03-08,47,19:45,0.0,0.0,0.0,79.98,0.0,40.0,220.0,0.0
2024-03-08,48,20:00,0.0,0.0,0.0,71.46,0.0,40.0,220.0,0.0
2024-03-08,49,20:15,0.0,0.0,0.0,71.46,0.0,40.0,220.0,0.0
2024-03-08,50,20:30,0.0,0.0,0.0,71.46,0.0,40.0,220.0,0.0
2024-03-08,51,20:45,0.0,0.0,0.0,71.46,0.0,40.0,220.0,0.0
2024-03-08,52,21:00,0.0,0.0,0.0,64.9,0.0,40.0,220.0,0.0
2024-03-08,53,21:15,0.0,0.0,0.0,64.9,0.0,40.0,220.0,0.0
2024-03-08,54,21:30,0.0,0.0,0.0,64.9,0.0,40.0,220.0,0.0
2024-03-08,55,21:45,0.0,0.0,0.0,64.9,0.0,40.0,30.0,190.0
2024-03-11,0,08:00,1.8638,9.5021,11.3659,85.59,0.243203,0.0,30.0,0.0
2024-03-11,1,08:15,6.7293,17.0147,23.744,85.59,0.508061,0.0,30.0,0.0
2024-03-11,2,08:30,5.9956,17.1381,23.1337,85.59,0.495003,0.0,30.0,0.0
2024-03-11,3,08:45,7.1179,16.0793,23.1972,85.59,0.496362,0.0,30.0,0.0
2024-03-11,4,09:00,6.1091,3.2115,9.3206,80.45,0.18746,0.0,30.0,0.0
2024-03-11,5,09:15,5.6324,0.0,5.6324,80.45,0.113283,0.0,70.0,0.0
2024-03-11,6,09:30,5.8458,0.0,5.8458,80.45,0.117574,0.0,70.0,0.0
2024-03-11,7,09:45,5.1816,0.0,5.1816,80.45,0.104214,0.0,70.0,0.0
2024-03-11,8,10:00,6.7301,0.0,6.7301,71.2,0.119796,0.0,70.0,0.0
2024-03-11,9,10:15,3.9878,0.0,3.9878,71.2,0.070983,0.0,70.0,0.0
2024-03-11,10,10:30,1.8638,9.5021,11.3659,71.2,0.202314,60.0,70.0,0.0
2024-03-11,11,10:45,6.7293,17.0147,23.744,71.2,0.422642,60.0,70.0,0.0
2024-03-11,12,11:00,5.9956,17.1381,23.1337,65.03,0.376096,60.0,70.0,0.0
2024-03-11,13,11:15,7.1179,16.0793,23.1972,65.03,0.377128,60.0,70.0,0.0
2024-03-11,14,11:30,6.1091,3.2115,9.3206,65.03,0.151529,60.0,70.0,0.0
2024-03-11,15,11:45,5.6324,9.5021,15.1345,65.03,0.24605,20.0,110.0,0.0
2024-03-11,16,12:00,5.8458,17.0147,22.8605,60.79,0.347422,20.0,110.0,0.0
2024-03-11,17,12:15,5.1816,17.1381,22.3197,60.79,0.339203,20.0,110.0,0.0
2024-03-11,18,12:30,6.7301,16.0793,22.8094,60.79,0.346646,20.0,110.0,0.0
2024-03-11,19,12:45,3.9878,3.2115,7.1993,60.79,0.109411,20.0,110.0,0.0
2024-03-11,20,13:00,0.0,9.5021,9.5021,66.25,0.157378,80.0,150.0,0.0
2024-03-11,21,13:15,0.0,17.0147,17.0147,66.25,0.281806,80.0,150.0,0.0
2024-03-11,22,13:30,0.0,17.1381,17.1381,66.25,0.28385,80.0,150.0,0.0
2024-03-11,23,13:45,0.0,16.0793,16.0793,66.25,0.266313,80.0,150.0,0.0
2024-03-11,24,14:00,0.0,3.2115,3.2115,67.0,0.053792,80.0,150.0,0.0
2024-03-11,25,14:15,0.0,0.0,0.0,67.0,0.0,80.0,190.0,0.0
2024-03-11,26,14:30,0.0,0.0,0.0,67.0,0.0,80.0,190.0,0.0
2024-03-11,27,14:45,0.0,0.0,0.0,67.0,0.0,80.0,190.0,0.0
2024-03-11,28,15:00,0.0,0.0,0.0,73.47,0.0,80.0,30.0,160.0
2024-03-11,29,15:15,0.0,0.0,0.0,73.47,0.0,80.0,30.0,0.0
2024-03-11,30,15:30,0.0,0.0,0.0,73.47,0.0,80.0,30.0,0.0
2024-03-11,31,15:45,0.0,0.0,0.0,73.47,0.0,80.0,30.0,0.0
2024-03-11,32,16:00,0.0,0.0,0.0,80.19,0.0,80.0,30.0,0.0
2024-03-11,33,16:15,0.0,0.0,0.0,80.19,0.0,80.0,30.0,0.0
2024-03-11,34,16:30,0.0,0.0,0.0,80.19,0.0,80.0,30.0,0.0
2024-03-11,35,16:45,0.0,0.0,0.0,80.19,0.0,80.0,30.0,0.0
2024-03-11,36,17:00,0.0,0.0,0.0,91.39,0.0,80.0,30.0,0.0
2024-03-11,37,17:15,0.0,0.0,0.0,91.39,0.0,80.0,30.0,0.0
2024-03-11,38,17:30,0.0,0.0,0.0,91.39,0.0,80.0,30.0,0.0
2024-03-11,39,17:45,0.0,0.0,0.0,91.39,0.0,80.0,30.0,0.0
2024-03-11,40,18:00,0.0,0.0,0.0,100.7,0.0,80.0,30.0,0.0
2024-03-11,41,18:15,0.0,0.0,0.0,100.7,0.0,80.0,30.0,0.0
2024-03-11,42,18:30,0.0,0.0,0.0,100.7,0.0,80.0,30.0,0.0
2024-03-11,43,18:45,0.0,0.0,0.0,100.7,0.0,80.0,30.0,0.0
2024-03-11,44,19:00,0.0,0.0,0.0,108.01,0.0,80.0,30.0,0.0
2024-03-11,45,19:15,0.0,0.0,0.0,108.01,0.0,80.0,30.0,0.0
2024-03-11,46,19:30,0.0,0.0,0.0,108.01,0.0,80.0,30.0,0.0
2024-03-11,47,19:45,0.0,0.0,0.0,108.01,0.0,80.0,30.0,0.0
2024-03-11,48,20:00,0.0,0.0,0.0,87.99,0.0,80.0,30.0,0.0
2024-03-11,49,20:15,0.0,0.0,0.0,87.99,0.0,80.0,30.0,0.0
2024-03-11,50,20:30,0.0,0.0,0.0,87.99,0.0,80.0,30.0,0.0
2024-03-11,51,20:45,0.0,0.0,0.0,87.99,0.0,80.0,30.0,0.0
2024-03-11,52,21:00,0.0,0.0,0.0,76.71,0.0,80.0,30.0,0.0
2024-03-11,53,21:15,0.0,0.0,0.0,76.71,0.0,80.0,30.0,0.0
2024-03-11,54,21:30,0.0,0.0,0.0,76.71,0.0,80.0,30.0,0.0
2024-03-11,55,21:45,0.0,0.0,0.0,76.71,0.0,80.0,30.0,0.0
2024-03-12,0,08:00,1.8638,9.5021,11.3659,100.78,0.286365,40.0,30.0,0.0
2024-03-12,1,08:15,6.7293,17.0147,23.744,100.78,0.598229,40.0,30.0,0.0
2024-03-12,2,08:30,5.9956,17.1381,23.1337,100.78,0.582853,40.0,30.0,0.0
2024-03-12,3,08:45,7.1179,16.0793,23.1972,100.78,0.584453,40.0,30.0,0.0
2024-03-12,4,09:00,6.1091,3.2115,9.3206,93.81,0.21859,40.0,30.0,0.0
2024-03-12,5,09:15,5.6324,9.5021,15.1345,93.81,0.354943,0.0,70.0,0.0
2024-03-12,6,09:30,5.8458,17.0147,22.8605,93.81,0.536136,0.0,70.0,0.0
2024-03-12,7,09:45,5.1816,17.1381,22.3197,93.81,0.523452,0.0,70.0,0.0
2024-03-12,8,10:00,6.7301,16.0793,22.8094,85.42,0.487094,0.0,70.0,0.0
2024-03-12,9,10:15,3.9878,3.2115,7.1993,85.42,0.153741,0.0,70.0,0.0
2024-03-12,10,10:30,1.8638,9.5021,11.3659,85.42,0.24272,60.0,110.0,0.0
2024-03-12,11,10:45,6.7293,17.0147,23.744,85.42,0.507052,60.0,110.0,0.0
2024-03-12,12,11:00,5.9956,17.1381,23.1337,80.68,0.466606,60.0,110.0,0.0
2024-03-12,13,11:15,7.1179,16.0793,23.1972,80.68,0.467887,60.0,110.0,0.0
2024-03-12,14,11:30,6.1091,3.2115,9.3206,80.68,0.187996,60.0,110.0,0.0
2024-03-12,15,11:45,5.6324,9.5021,15.1345,80.68,0.305264,20.0,150.0,0.0
2024-03-12,16,12:00,5.8458,17.0147,22.8605,78.44,0.448294,20.0,150.0,0.0
2024-03-12,17,12:15,5.1816,17.1381,22.3197,78.44,0.437689,20.0,150.0,0.0
2024-03-12,18,12:30,6.7301,16.0793,22.8094,78.44,0.447292,20.0,150.0,0.0
2024-03-12,19,12:45,3.9878,3.2115,7.1993,78.44,0.141178,20.0,150.0,0.0
2024-03-12,20,13:00,0.0,9.5021,9.5021,78.26,0.185908,80.0,190.0,0.0
2024-03-12,21,13:15,0.0,17.0147,17.0147,78.26,0.332892,80.0,190.0,0.0
2024-03-12,22,13:30,0.0,17.1381,17.1381,78.26,0.335307,80.0,190.0,0.0
2024-03-12,23,13:45,0.0,16.0793,16.0793,78.26,0.314591,80.0,190.0,0.0
2024-03-12,24,14:00,0.0,3.2115,3.2115,79.02,0.063443,80.0,190.0,0.0
2024-03-12,25,14:15,0.0,9.5021,9.5021,79.02,0.187714,40.0,230.0,0.0
2024-03-12,26,14:30,0.0,17.0147,17.0147,79.02,0.336125,40.0,230.0,0.0
2024-03-12,27,14:45,0.0,17.1381,17.1381,79.02,0.338563,40.0,230.0,0.0
2024-03-12,28,15:00,0.0,16.0793,16.0793,86.34,0.347071,40.0,90.0,140.0
2024-03-12,29,15:15,0.0,3.2115,3.2115,86.34,0.06932,40.0,90.0,0.0
2024-03-12,30,15:30,0.0,0.0,0.0,86.34,0.0,40.0,130.0,0.0
2024-03-12,31,15:45,0.0,0.0,0.0,86.34,0.0,40.0,130.0,0.0
2024-03-12,32,16:00,0.0,0.0,0.0,101.61,0.0,40.0,130.0,0.0
2024-03-12,33,16:15,0.0,0.0,0.0,101.61,0.0,40.0,130.0,0.0
2024-03-12,34,16:30,0.0,0.0,0.0,101.61,0.0,40.0,130.0,0.0
2024-03-12,35,16:45,0.0,0.0,0.0,101.61,0.0,40.0,130.0,0.0
2024-03-12,36,17:00,0.0,0.0,0.0,113.06,0.0,40.0,130.0,0.0
2024-03-12,37,17:15,0.0,0.0,0.0,113.06,0.0,40.0,130.0,0.0
2024-03-12,38,17:30,0.0,0.0,0.0,113.06,0.0,40.0,130.0,0.0
2024-03-12,39,17:45,0.0,0.0,0.0,113.06,0.0,40.0,130.0,0.0
2024-03-12,40,18:00,0.0,0.0,0.0,134.92,0.0,40.0,130.0,0.0
2024-03-12,41,18:15,0.0,0.0,0.0,134.92,0.0,40.0,130.0,0.0
2024-03-12,42,18:30,0.0,0.0,0.0,134.92,0.0,40.0,130.0,0.0
2024-03-12,43,18:45,0.0,0.0,0.0,134.92,0.0,40.0,130.0,0.0
2024-03-12,44,19:00,0.0,0.0,0.0,124.57,0.0,40.0,130.0,0.0
2024-03-12,45,19:15,0.0,0.0,0.0,124.57,0.0,40.0,130.0,0.0
2024-03-12,46,19:30,0.0,0.0,0.0,124.57,0.0,40.0,130.0,0.0
2024-03-12,47,19:45,0.0,0.0,0.0,124.57,0.0,40.0,130.0,0.0
2024-03-12,48,20:00,0.0,0.0,0.0,97.48,0.0,40.0,130.0,0.0
2024-03-12,49,20:15,0.0,0.0,0.0,97.48,0.0,40.0,130.0,0.0
2024-03-12,50,20:30,0.0,0.0,0.0,97.48,0.0,40.0,130.0,0.0
2024-03-12,51,20:45,0.0,0.0,0.0,97.48,0.0,40.0,130.0,0.0
2024-03-12,52,21:00,0.0,0.0,0.0,83.63,0.0,40.0,130.0,0.0
2024-03-12,53,21:15,0.0,0.0,0.0,83.63,0.0,40.0,130.0,0.0
2024-03-12,54,21:30,0.0,0.0,0.0,83.63,0.0,40.0,130.0,0.0
2024-03-12,55,21:45,0.0,0.0,0.0,83.63,0.0,40.0,10.0,120.0
2024-03-13,0,08:00,1.8638,9.5021,11.3659,89.91,0.255478,0.0,10.0,0.0
2024-03-13,1,08:15,6.7293,17.0147,23.744,89.91,0.533705,0.0,10.0,0.0
2024-03-13,2,08:30,5.9956,17.1381,23.1337,89.91,0.519987,0.0,10.0,0.0
2024-03-13,3,08:45,7.1179,16.0793,23.1972,89.91,0.521414,0.0,10.0,0.0
2024-03-13,4,09:00,6.1091,3.2115,9.3206,77.71,0.181075,0.0,10.0,0.0
2024-03-13,5,09:15,5.6324,0.0,5.6324,77.71,0.109424,0.0,50.0,0.0
2024-03-13,6,09:30,5.8458,0.0,5.8458,77.71,0.11357,0.0,50.0,0.0
2024-03-13,7,09:45,5.1816,0.0,5.1816,77.71,0.100665,0.0,50.0,0.0
2024-03-13,8,10:00,6.7301,0.0,6.7301,68.07,0.114529,0.0,50.0,0.0
2024-03-13,9,10:15,3.9878,0.0,3.9878,68.07,0.067862,0.0,50.0,0.0
2024-03-13,10,10:30,1.8638,9.5021,11.3659,68.07,0.19342,60.0,50.0,0.0
2024-03-13,11,10:45,6.7293,17.0147,23.744,68.07,0.404063,60.0,50.0,0.0
2024-03-13,12,11:00,5.9956,17.1381,23.1337,64.85,0.375055,60.0,50.0,0.0
2024-03-13,13,11:15,7.1179,16.0793,23.1972,64.85,0.376084,60.0,50.0,0.0
2024-03-13,14,11:30,6.1091,3.2115,9.3206,64.85,0.15111,60.0,50.0,0.0
2024-03-13,15,11:45,5.6324,9.5021,15.1345,64.85,0.245369,20.0,90.0,0.0
2024-03-13,16,12:00,5.8458,17.0147,22.8605,64.61,0.369254,20.0,90.0,0.0
2024-03-13,17,12:15,5.1816,17.1381,22.3197,64.61,0.360518,20.0,90.0,0.0
2024-03-13,18,12:30,6.7301,16.0793,22.8094,64.61,0.368429,20.0,90.0,0.0
2024-03-13,19,12:45,3.9878,3.2115,7.1993,64.61,0.116286,20.0,90.0,0.0
2024-03-13,20,13:00,0.0,9.5021,9.5021,64.83,0.154005,80.0,130.0,0.0
2024-03-13,21,13:15,0.0,17.0147,17.0147,64.83,0.275765,80.0,130.0,0.0
2024-03-13,22,13:30,0.0,17.1381,17.1381,64.83,0.277766,80.0,130.0,0.0
2024-03-13,23,13:45,0.0,16.0793,16.0793,64.83,0.260605,80.0,130.0,0.0
2024-03-13,24,14:00,0.0,3.2115,3.2115,63.96,0.051352,80.0,130.0,0.0
2024-03-13,25,14:15,0.0,9.5021,9.5021,63.96,0.151938,40.0,170.0,0.0
2024-03-13,26,14:30,0.0,17.0147,17.0147,63.96,0.272065,40.0,170.0,0.0
2024-03-13,27,14:45,0.0,17.1381,17.1381,63.96,0.274038,40.0,170.0,0.0
2024-03-13,28,15:00,0.0,16.0793,16.0793,67.84,0.272705,40.0,40.0,130.0
2024-03-13,29,15:15,0.0,3.2115,3.2115,67.84,0.054467,40.0,40.0,0.0
2024-03-13,30,15:30,0.0,9.5021,9.5021,67.84,0.161156,0.0,80.0,0.0
2024-03-13,31,15:45,0.0,17.0147,17.0147,67.84,0.288569,0.0,80.0,0.0
2024-03-13,32,16:00,0.0,17.1381,17.1381,73.53,0.315041,0.0,80.0,0.0
2024-03-13,33,16:15,0.0,16.0793,16.0793,73.53,0.295577,0.0,80.0,0.0
2024-03-13,34,16:30,0.0,3.2115,3.2115,73.53,0.059035,0.0,80.0,0.0
2024-03-13,35,16:45,0.0,0.0,0.0,73.53,0.0,0.0,120.0,0.0
2024-03-13,36,17:00,0.0,0.0,0.0,89.91,0.0,0.0,120.0,0.0
2024-03-13,37,17:15,0.0,0.0,0.0,89.91,0.0,0.0,120.0,0.0
2024-03-13,38,17:30,0.0,0.0,0.0,89.91,0.0,0.0,120.0,0.0
2024-03-13,39,17:45,0.0,0.0,0.0,89.91,0.0,0.0,120.0,0.0
2024-03-13,40,18:00,0.0,0.0,0.0,97.8,0.0,0.0,120.0,0.0
2024-03-13,41,18:15,0.0,0.0,0.0,97.8,0.0,0.0,120.0,0.0
2024-03-13,42,18:30,0.0,0.0,0.0,97.8,0.0,0.0,120.0,0.0
2024-03-13,43,18:45,0.0,0.0,0.0,97.8,0.0,0.0,120.0,0.0
2024-03-13,44,19:00,0.0,0.0,0.0,94.36,0.0,0.0,120.0,0.0
2024-03-13,45,19:15,0.0,0.0,0.0,94.36,0.0,0.0,120.0,0.0
2024-03-13,46,19:30,0.0,0.0,0.0,94.36,0.0,0.0,120.0,0.0
2024-03-13,47,19:45,0.0,0.0,0.0,94.36,0.0,0.0,120.0,0.0
2024-03-13,48,20:00,0.0,0.0,0.0,76.98,0.0,0.0,120.0,0.0
2024-03-13,49,20:15,0.0,0.0,0.0,76.98,0.0,0.0,120.0,0.0
2024-03-13,50,20:30,0.0,0.0,0.0,76.98,0.0,0.0,120.0,0.0
2024-03-13,51,20:45,0.0,0.0,0.0,76.98,0.0,0.0,120.0,0.0
2024-03-13,52,21:00,0.0,0.0,0.0,66.82,0.0,0.0,120.0,0.0
2024-03-13,53,21:15,0.0,0.0,0.0,66.82,0.0,0.0,120.0,0.0
2024-03-13,54,21:30,0.0,0.0,0.0,66.82,0.0,0.0,120.0,0.0
2024-03-13,55,21:45,0.0,0.0,0.0,66.82,0.0,0.0,10.0,110.0
2024-03-14,0,08:00,1.8638,0.0,1.8638,81.99,0.038204,0.0,10.0,0.0
2024-03-14,1,08:15,6.7293,0.0,6.7293,81.99,0.137933,0.0,10.0,0.0
2024-03-14,2,08:30,5.9956,0.0,5.9956,81.99,0.122895,0.0,10.0,0.0
2024-03-14,3,08:45,7.1179,0.0,7.1179,81.99,0.145899,0.0,10.0,0.0
2024-03-14,4,09:00,6.1091,0.0,6.1091,65.71,0.100357,0.0,10.0,0.0
2024-03-14,5,09:15,5.6324,0.0,5.6324,65.71,0.092527,0.0,10.0,0.0
2024-03-14,6,09:30,5.8458,0.0,5.8458,65.71,0.096032,0.0,10.0,0.0
2024-03-14,7,09:45,5.1816,0.0,5.1816,65.71,0.08512,0.0,10.0,0.0
2024-03-14,8,10:00,6.7301,0.0,6.7301,54.32,0.091395,0.0,10.0,0.0
2024-03-14,9,10:15,3.9878,0.0,3.9878,54.32,0.054154,0.0,10.0,0.0
2024-03-14,10,10:30,1.8638,9.5021,11.3659,54.32,0.154349,60.0,10.0,0.0
2024-03-14,11,10:45,6.7293,17.0147,23.744,54.32,0.322443,60.0,10.0,0.0
2024-03-14,12,11:00,5.9956,17.1381,23.1337,52.37,0.302878,60.0,10.0,0.0
2024-03-14,13,11:15,7.1179,16.0793,23.1972,52.37,0.303709,60.0,10.0,0.0
2024-03-14,14,11:30,6.1091,3.2115,9.3206,52.37,0.122029,60.0,10.0,0.0
2024-03-14,15,11:45,5.6324,9.5021,15.1345,52.37,0.198149,20.0,50.0,0.0
2024-03-14,16,12:00,5.8458,17.0147,22.8605,52.83,0.30193,20.0,50.0,0.0
2024-03-14,17,12:15,5.1816,17.1381,22.3197,52.83,0.294787,20.0,50.0,0.0
2024-03-14,18,12:30,6.7301,16.0793,22.8094,52.83,0.301255,20.0,50.0,0.0
2024-03-14,19,12:45,3.9878,3.2115,7.1993,52.83,0.095085,20.0,50.0,0.0
2024-03-14,20,13:00,1.8638,9.5021,11.3659,49.16,0.139687,80.0,90.0,0.0
2024-03-14,21,13:15,6.7293,17.0147,23.744,49.16,0.291813,80.0,90.0,0.0
2024-03-14,22,13:30,5.9956,17.1381,23.1337,49.16,0.284313,80.0,90.0,0.0
2024-03-14,23,13:45,7.1179,16.0793,23.1972,49.16,0.285093,80.0,90.0,0.0
2024-03-14,24,14:00,6.1091,3.2115,9.3206,52.84,0.123125,80.0,90.0,0.0
2024-03-14,25,14:15,5.6324,9.5021,15.1345,52.84,0.199927,40.0,130.0,0.0
2024-03-14,26,14:30,5.8458,17.0147,22.8605,52.84,0.301987,40.0,130.0,0.0
2024-03-14,27,14:45,5.1816,17.1381,22.3197,52.84,0.294843,40.0,130.0,0.0
2024-03-14,28,15:00,6.7301,16.0793,22.8094,58.91,0.335925,40.0,40.0,90.0
2024-03-14,29,15:15,3.9878,3.2115,7.1993,58.91,0.106027,40.0,40.0,0.0
2024-03-14,30,15:30,1.8638,9.5021,11.3659,58.91,0.167392,100.0,80.0,0.0
2024-03-14,31,15:45,6.7293,17.0147,23.744,58.91,0.349689,100.0,80.0,0.0
2024-03-14,32,16:00,5.9956,17.1381,23.1337,73.21,0.423404,100.0,80.0,0.0
2024-03-14,33,16:15,7.1179,16.0793,23.1972,73.21,0.424566,100.0,80.0,0.0
2024-03-14,34,16:30,6.1091,3.2115,9.3206,73.21,0.17059,100.0,80.0,0.0
2024-03-14,35,16:45,5.6324,9.5021,15.1345,73.21,0.277,60.0,120.0,0.0
2024-03-14,36,17:00,5.8458,17.0147,22.8605,91.04,0.520305,60.0,120.0,0.0
2024-03-14,37,17:15,5.1816,17.1381,22.3197,91.04,0.507996,60.0,120.0,0.0
2024-03-14,38,17:30,6.7301,16.0793,22.8094,91.04,0.519141,60.0,120.0,0.0
2024-03-14,39,17:45,3.9878,3.2115,7.1993,91.04,0.163856,60.0,120.0,0.0
2024-03-14,40,18:00,0.0,9.5021,9.5021,114.77,0.272639,120.0,160.0,0.0
2024-03-14,41,18:15,0.0,17.0147,17.0147,114.77,0.488194,120.0,160.0,0.0
2024-03-14,42,18:30,0.0,17.1381,17.1381,114.77,0.491735,120.0,160.0,0.0
2024-03-14,43,18:45,0.0,16.0793,16.0793,114.77,0.461355,120.0,160.0,0.0
2024-03-14,44,19:00,0.0,3.2115,3.2115,91.04,0.073093,120.0,160.0,0.0
2024-03-14,45,19:15,0.0,9.5021,9.5021,91.04,0.216268,80.0,200.0,0.0
2024-03-14,46,19:30,0.0,17.0147,17.0147,91.04,0.387254,80.0,200.0,0.0
2024-03-14,47,19:45,0.0,17.1381,17.1381,91.04,0.390063,80.0,200.0,0.0
2024-03-14,48,20:00,0.0,16.0793,16.0793,74.09,0.297828,80.0,200.0,0.0
2024-03-14,49,20:15,0.0,3.2115,3.2115,74.09,0.059485,80.0,200.0,0.0
2024-03-14,50,20:30,0.0,0.0,0.0,74.09,0.0,80.0,240.0,0.0
2024-03-14,51,20:45,0.0,0.0,0.0,74.09,0.0,80.0,240.0,0.0
2024-03-14,52,21:00,0.0,0.0,0.0,62.63,0.0,80.0,240.0,0.0
2024-03-14,53,21:15,0.0,0.0,0.0,62.63,0.0,80.0,240.0,0.0
2024-03-14,54,21:30,0.0,0.0,0.0,62.63,0.0,80.0,240.0,0.0
2024-03-14,55,21:45,0.0,0.0,0.0,62.63,0.0,80.0,60.0,180.0
2024-03-15,0,08:00,1.8638,9.5021,11.3659,68.75,0.195352,40.0,60.0,0.0
2024-03-15,1,08:15,6.7293,17.0147,23.744,68.75,0.408099,40.0,60.0,0.0
2024-03-15,2,08:30,5.9956,17.1381,23.1337,68.75,0.39761,40.0,60.0,0.0
2024-03-15,3,08:45,7.1179,16.0793,23.1972,68.75,0.398701,40.0,60.0,0.0
2024-03-15,4,09:00,6.1091,3.2115,9.3206,53.8,0.125362,40.0,60.0,0.0
2024-03-15,5,09:15,5.6324,9.5021,15.1345,53.8,0.20356,0.0,100.0,0.0
2024-03-15,6,09:30,5.8458,17.0147,22.8605,53.8,0.307474,0.0,100.0,0.0
2024-03-15,7,09:45,5.1816,17.1381,22.3197,53.8,0.3002,0.0,100.0,0.0
2024-03-15,8,10:00,6.7301,16.0793,22.8094,46.56,0.265501,0.0,100.0,0.0
2024-03-15,9,10:15,3.9878,3.2115,7.1993,46.56,0.0838,0.0,100.0,0.0
2024-03-15,10,10:30,1.8638,9.5021,11.3659,46.56,0.132299,60.0,140.0,0.0
2024-03-15,11,10:45,6.7293,17.0147,23.744,46.56,0.27638,60.0,140.0,0.0
2024-03-15,12,11:00,5.9956,17.1381,23.1337,39.27,0.227115,60.0,140.0,0.0
2024-03-15,13,11:15,7.1179,16.0793,23.1972,39.27,0.227738,60.0,140.0,0.0
2024-03-15,14,11:30,6.1091,3.2115,9.3206,39.27,0.091505,60.0,140.0,0.0
2024-03-15,15,11:45,5.6324,9.5021,15.1345,39.27,0.148583,20.0,180.0,0.0
2024-03-15,16,12:00,5.8458,17.0147,22.8605,38.34,0.219118,20.0,180.0,0.0
2024-03-15,17,12:15,5.1816,17.1381,22.3197,38.34,0.213934,20.0,180.0,0.0
2024-03-15,18,12:30,6.7301,16.0793,22.8094,38.34,0.218628,20.0,180.0,0.0
2024-03-15,19,12:45,3.9878,3.2115,7.1993,38.34,0.069005,20.0,180.0,0.0
2024-03-15,20,13:00,1.8638,9.5021,11.3659,36.87,0.104765,80.0,220.0,0.0
2024-03-15,21,13:15,6.7293,17.0147,23.744,36.87,0.21886,80.0,220.0,0.0
2024-03-15,22,13:30,5.9956,17.1381,23.1337,36.87,0.213235,80.0,220.0,0.0
2024-03-15,23,13:45,7.1179,16.0793,23.1972,36.87,0.21382,80.0,220.0,0.0
2024-03-15,24,14:00,6.1091,3.2115,9.3206,44.93,0.104693,80.0,220.0,0.0
2024-03-15,25,14:15,5.6324,9.5021,15.1345,44.93,0.169999,40.0,260.0,0.0
2024-03-15,26,14:30,5.8458,17.0147,22.8605,44.93,0.25678,40.0,260.0,0.0
2024-03-15,27,14:45,5.1816,17.1381,22.3197,44.93,0.250706,40.0,260.0,0.0
2024-03-15,28,15:00,6.7301,16.0793,22.8094,51.55,0.293956,40.0,100.0,160.0
2024-03-15,29,15:15,3.9878,3.2115,7.1993,51.55,0.092781,40.0,100.0,0.0
2024-03-15,30,15:30,0.0,9.5021,9.5021,51.55,0.122458,100.0,140.0,0.0
2024-03-15,31,15:45,0.0,17.0147,17.0147,51.55,0.219277,100.0,140.0,0.0
2024-03-15,32,16:00,0.0,17.1381,17.1381,66.7,0.285778,100.0,140.0,0.0
2024-03-15,33,16:15,0.0,16.0793,16.0793,66.7,0.268122,100.0,140.0,0.0
2024-03-15,34,16:30,0.0,3.2115,3.2115,66.7,0.053552,100.0,140.0,0.0
2024-03-15,35,16:45,0.0,9.5021,9.5021,66.7,0.158447,60.0,180.0,0.0
2024-03-15,36,17:00,0.0,17.0147,17.0147,86.92,0.369729,60.0,180.0,0.0
2024-03-15,37,17:15,0.0,17.1381,17.1381,86.92,0.372411,60.0,180.0,0.0
2024-03-15,38,17:30,0.0,16.0793,16.0793,86.92,0.349403,60.0,180.0,0.0
2024-03-15,39,17:45,0.0,3.2115,3.2115,86.92,0.069786,60.0,180.0,0.0
2024-03-15,40,18:00,0.0,0.0,0.0,82.03,0.0,60.0,220.0,0.0
2024-03-15,41,18:15,0.0,0.0,0.0,82.03,0.0,60.0,220.0,0.0
2024-03-15,42,18:30,0.0,0.0,0.0,82.03,0.0,60.0,220.0,0.0
2024-03-15,43,18:45,0.0,0.0,0.0,82.03,0.0,60.0,220.0,0.0
2024-03-15,44,19:00,0.0,0.0,0.0,87.99,0.0,60.0,220.0,0.0
2024-03-15,45,19:15,0.0,0.0,0.0,87.99,0.0,60.0,220.0,0.0
2024-03-15,46,19:30,0.0,0.0,0.0,87.99,0.0,60.0,220.0,0.0
2024-03-15,47,19:45,0.0,0.0,0.0,87.99,0.0,60.0,220.0,0.0
2024-03-15,48,20:00,0.0,0.0,0.0,64.26,0.0,60.0,220.0,0.0
2024-03-15,49,20:15,0.0,0.0,0.0,64.26,0.0,60.0,220.0,0.0
2024-03-15,50,20:30,0.0,0.0,0.0,64.26,0.0,60.0,220.0,0.0
2024-03-15,51,20:45,0.0,0.0,0.0,64.26,0.0,60.0,220.0,0.0
2024-03-15,52,21:00,0.0,0.0,0.0,55.36,0.0,60.0,220.0,0.0
2024-03-15,53,21:15,0.0,0.0,0.0,55.36,0.0,60.0,220.0,0.0
2024-03-15,54,21:30,0.0,0.0,0.0,55.36,0.0,60.0,220.0,0.0
2024-03-15,55,21:45,0.0,0.0,0.0,55.36,0.0,60.0,30.0,190.0
2024-03-18,0,08:00,1.8638,9.5021,11.3659,94.45,0.268378,20.0,30.0,0.0
2024-03-18,1,08:15,6.7293,17.0147,23.744,94.45,0.560654,20.0,30.0,0.0
2024-03-18,2,08:30,5.9956,17.1381,23.1337,94.45,0.546244,20.0,30.0,0.0
2024-03-18,3,08:45,7.1179,16.0793,23.1972,94.45,0.547743,20.0,30.0,0.0
2024-03-18,4,09:00,6.1091,3.2115,9.3206,82.8,0.192936,20.0,30.0,0.0
2024-03-18,5,09:15,5.6324,0.0,5.6324,82.8,0.116592,20.0,70.0,0.0
2024-03-18,6,09:30,5.8458,0.0,5.8458,82.8,0.121008,20.0,70.0,0.0
2024-03-18,7,09:45,5.1816,0.0,5.1816,82.8,0.107259,20.0,70.0,0.0
2024-03-18,8,10:00,6.7301,0.0,6.7301,72.84,0.122555,20.0,70.0,0.0
2024-03-18,9,10:15,3.9878,0.0,3.9878,72.84,0.072618,20.0,70.0,0.0
2024-03-18,10,10:30,1.8638,9.5021,11.3659,72.84,0.206974,80.0,70.0,0.0
2024-03-18,11,10:45,6.7293,17.0147,23.744,72.84,0.432377,80.0,70.0,0.0
2024-03-18,12,11:00,5.9956,17.1381,23.1337,66.64,0.385407,80.0,70.0,0.0
2024-03-18,13,11:15,7.1179,16.0793,23.1972,66.64,0.386465,80.0,70.0,0.0
2024-03-18,14,11:30,6.1091,3.2115,9.3206,66.64,0.155281,80.0,70.0,0.0
2024-03-18,15,11:45,5.6324,9.5021,15.1345,66.64,0.252141,40.0,110.0,0.0
2024-03-18,16,12:00,5.8458,17.0147,22.8605,67.7,0.386914,40.0,110.0,0.0
2024-03-18,17,12:15,5.1816,17.1381,22.3197,67.7,0.37776,40.0,110.0,0.0
2024-03-18,18,12:30,6.7301,16.0793,22.8094,67.7,0.386049,40.0,110.0,0.0
2024-03-18,19,12:45,3.9878,3.2115,7.1993,67.7,0.121848,40.0,110.0,0.0
2024-03-18,20,13:00,1.8638,9.5021,11.3659,68.3,0.194073,100.0,150.0,0.0
2024-03-18,21,13:15,6.7293,17.0147,23.744,68.3,0.405428,100.0,150.0,0.0
2024-03-18,22,13:30,5.9956,17.1381,23.1337,68.3,0.395008,100.0,150.0,0.0
2024-03-18,23,13:45,7.1179,16.0793,23.1972,68.3,0.396092,100.0,150.0,0.0
2024-03-18,24,14:00,6.1091,3.2115,9.3206,68.94,0.16064,100.0,150.0,0.0
2024-03-18,25,14:15,5.6324,9.5021,15.1345,68.94,0.260844,60.0,190.0,0.0
2024-03-18,26,14:30,5.8458,17.0147,22.8605,68.94,0.394,60.0,190.0,0.0
2024-03-18,27,14:45,5.1816,17.1381,22.3197,68.94,0.384679,60.0,190.0,0.0
2024-03-18,28,15:00,6.7301,16.0793,22.8094,73.4,0.418552,60.0,20.0,170.0
2024-03-18,29,15:15,3.9878,3.2115,7.1993,73.4,0.132107,60.0,20.0,0.0
2024-03-18,30,15:30,0.0,9.5021,9.5021,73.4,0.174363,120.0,60.0,0.0
2024-03-18,31,15:45,0.0,17.0147,17.0147,73.4,0.312219,120.0,60.0,0.0
2024-03-18,32,16:00,0.0,17.1381,17.1381,78.98,0.338392,120.0,60.0,0.0
2024-03-18,33,16:15,0.0,16.0793,16.0793,78.98,0.317485,120.0,60.0,0.0
2024-03-18,34,16:30,0.0,3.2115,3.2115,78.98,0.063411,120.0,60.0,0.0
2024-03-18,35,16:45,0.0,9.5021,9.5021,78.98,0.187619,80.0,100.0,0.0
2024-03-18,36,17:00,0.0,17.0147,17.0147,107.65,0.457907,80.0,100.0,0.0
2024-03-18,37,17:15,0.0,17.1381,17.1381,107.65,0.461229,80.0,100.0,0.0
2024-03-18,38,17:30,0.0,16.0793,16.0793,107.65,0.432734,80.0,100.0,0.0
2024-03-18,39,17:45,0.0,3.2115,3.2115,107.65,0.086429,80.0,100.0,0.0
2024-03-18,40,18:00,0.0,0.0,0.0,145.71,0.0,80.0,140.0,0.0
2024-03-18,41,18:15,0.0,0.0,0.0,145.71,0.0,80.0,140.0,0.0
2024-03-18,42,18:30,0.0,0.0,0.0,145.71,0.0,80.0,140.0,0.0
2024-03-18,43,18:45,0.0,0.0,0.0,145.71,0.0,80.0,140.0,0.0
2024-03-18,44,19:00,0.0,0.0,0.0,126.53,0.0,80.0,140.0,0.0
2024-03-18,45,19:15,0.0,0.0,0.0,126.53,0.0,80.0,140.0,0.0
2024-03-18,46,19:30,0.0,0.0,0.0,126.53,0.0,80.0,140.0,0.0
2024-03-18,47,19:45,0.0,0.0,0.0,126.53,0.0,80.0,140.0,0.0
2024-03-18,48,20:00,0.0,0.0,0.0,103.72,0.0,80.0,140.0,0.0
2024-03-18,49,20:15,0.0,0.0,0.0,103.72,0.0,80.0,140.0,0.0
2024-03-18,50,20:30,0.0,0.0,0.0,103.72,0.0,80.0,140.0,0.0
2024-03-18,51,20:45,0.0,0.0,0.0,103.72,0.0,80.0,140.0,0.0
2024-03-18,52,21:00,0.0,0.0,0.0,81.2,0.0,80.0,140.0,0.0
2024-03-18,53,21:15,0.0,0.0,0.0,81.2,0.0,80.0,140.0,0.0
2024-03-18,54,21:30,0.0,0.0,0.0,81.2,0.0,80.0,140.0,0.0
2024-03-18,55,21:45,0.0,0.0,0.0,81.2,0.0,80.0,10.0,130.0
2024-03-19,0,08:00,1.8638,9.5021,11.3659,95.87,0.272413,40.0,10.0,0.0
2024-03-19,1,08:15,6.7293,17.0147,23.744,95.87,0.569083,40.0,10.0,0.0
2024-03-19,2,08:30,5.9956,17.1381,23.1337,95.87,0.554456,40.0,10.0,0.0
2024-03-19,3,08:45,7.1179,16.0793,23.1972,95.87,0.555978,40.0,10.0,0.0
2024-03-19,4,09:00,6.1091,3.2115,9.3206,72.02,0.167817,40.0,10.0,0.0
2024-03-19,5,09:15,5.6324,9.5021,15.1345,72.02,0.272497,0.0,50.0,0.0
2024-03-19,6,09:30,5.8458,17.0147,22.8605,72.02,0.411603,0.0,50.0,0.0
2024-03-19,7,09:45,5.1816,17.1381,22.3197,72.02,0.401866,0.0,50.0,0.0
2024-03-19,8,10:00,6.7301,16.0793,22.8094,65.36,0.372705,0.0,50.0,0.0
2024-03-19,9,10:15,3.9878,3.2115,7.1993,65.36,0.117636,0.0,50.0,0.0
2024-03-19,10,10:30,1.8638,9.5021,11.3659,65.36,0.185719,60.0,90.0,0.0
2024-03-19,11,10:45,6.7293,17.0147,23.744,65.36,0.387976,60.0,90.0,0.0
2024-03-19,12,11:00,5.9956,17.1381,23.1337,58.82,0.340181,60.0,90.0,0.0
2024-03-19,13,11:15,7.1179,16.0793,23.1972,58.82,0.341114,60.0,90.0,0.0
2024-03-19,14,11:30,6.1091,3.2115,9.3206,58.82,0.137059,60.0,90.0,0.0
2024-03-19,15,11:45,5.6324,9.5021,15.1345,58.82,0.222553,20.0,130.0,0.0
2024-03-19,16,12:00,5.8458,17.0147,22.8605,54.47,0.311303,20.0,130.0,0.0
2024-03-19,17,12:15,5.1816,17.1381,22.3197,54.47,0.303938,20.0,130.0,0.0
2024-03-19,18,12:30,6.7301,16.0793,22.8094,54.47,0.310607,20.0,130.0,0.0
2024-03-19,19,12:45,3.9878,3.2115,7.1993,54.47,0.098036,20.0,130.0,0.0
2024-03-19,20,13:00,1.8638,9.5021,11.3659,56.72,0.161169,80.0,170.0,0.0
2024-03-19,21,13:15,6.7293,17.0147,23.744,56.72,0.336689,80.0,170.0,0.0
2024-03-19,22,13:30,5.9956,17.1381,23.1337,56.72,0.328036,80.0,170.0,0.0
2024-03-19,23,13:45,7.1179,16.0793,23.1972,56.72,0.328936,80.0,170.0,0.0
2024-03-19,24,14:00,6.1091,3.2115,9.3206,60.48,0.140927,80.0,170.0,0.0
2024-03-19,25,14:15,5.6324,9.5021,15.1345,60.48,0.228834,40.0,210.0,0.0
2024-03-19,26,14:30,5.8458,17.0147,22.8605,60.48,0.345651,40.0,210.0,0.0
2024-03-19,27,14:45,5.1816,17.1381,22.3197,60.48,0.337473,40.0,210.0,0.0
2024-03-19,28,15:00,6.7301,16.0793,22.8094,70.05,0.399449,40.0,80.0,130.0
2024-03-19,29,15:15,3.9878,3.2115,7.1993,70.05,0.126078,40.0,80.0,0.0
2024-03-19,30,15:30,0.0,9.5021,9.5021,70.05,0.166405,100.0,120.0,0.0
2024-03-19,31,15:45,0.0,17.0147,17.0147,70.05,0.297969,100.0,120.0,0.0
2024-03-19,32,16:00,0.0,17.1381,17.1381,73.7,0.315769,100.0,120.0,0.0
2024-03-19,33,16:15,0.0,16.0793,16.0793,73.7,0.296261,100.0,120.0,0.0
2024-03-19,34,16:30,0.0,3.2115,3.2115,73.7,0.059172,100.0,120.0,0.0
2024-03-19,35,16:45,0.0,9.5021,9.5021,73.7,0.175076,60.0,160.0,0.0
2024-03-19,36,17:00,0.0,17.0147,17.0147,103.95,0.442169,60.0,160.0,0.0
2024-03-19,37,17:15,0.0,17.1381,17.1381,103.95,0.445376,60.0,160.0,0.0
2024-03-19,38,17:30,0.0,16.0793,16.0793,103.95,0.41786,60.0,160.0,0.0
2024-03-19,39,17:45,0.0,3.2115,3.2115,103.95,0.083459,60.0,160.0,0.0
2024-03-19,40,18:00,0.0,0.0,0.0,131.42,0.0,60.0,200.0,0.0
2024-03-19,41,18:15,0.0,0.0,0.0,131.42,0.0,60.0,200.0,0.0
2024-03-19,42,18:30,0.0,0.0,0.0,131.42,0.0,60.0,200.0,0.0
2024-03-19,43,18:45,0.0,0.0,0.0,131.42,0.0,60.0,200.0,0.0
2024-03-19,44,19:00,0.0,0.0,0.0,128.96,0.0,60.0,200.0,0.0
2024-03-19,45,19:15,0.0,0.0,0.0,128.96,0.0,60.0,200.0,0.0
2024-03-19,46,19:30,0.0,0.0,0.0,128.96,0.0,60.0,200.0,0.0
2024-03-19,47,19:45,0.0,0.0,0.0,128.96,0.0,60.0,200.0,0.0
2024-03-19,48,20:00,0.0,0.0,0.0,110.0,0.0,60.0,200.0,0.0
2024-03-19,49,20:15,0.0,0.0,0.0,110.0,0.0,60.0,200.0,0.0
2024-03-19,50,20:30,0.0,0.0,0.0,110.0,0.0,60.0,200.0,0.0
2024-03-19,51,20:45,0.0,0.0,0.0,110.0,0.0,60.0,200.0,0.0
2024-03-19,52,21:00,0.0,0.0,0.0,89.02,0.0,60.0,200.0,0.0
2024-03-19,53,21:15,0.0,0.0,0.0,89.02,0.0,60.0,200.0,0.0
2024-03-19,54,21:30,0.0,0.0,0.0,89.02,0.0,60.0,200.0,0.0
2024-03-19,55,21:45,0.0,0.0,0.0,89.02,0.0,60.0,50.0,150.0
2024-03-20,0,08:00,1.8638,9.5021,11.3659,98.33,0.279403,20.0,50.0,0.0
2024-03-20,1,08:15,6.7293,17.0147,23.744,98.33,0.583686,20.0,50.0,0.0
2024-03-20,2,08:30,5.9956,17.1381,23.1337,98.33,0.568684,20.0,50.0,0.0
2024-03-20,3,08:45,7.1179,16.0793,23.1972,98.33,0.570245,20.0,50.0,0.0
2024-03-20,4,09:00,6.1091,3.2115,9.3206,70.63,0.164578,20.0,50.0,0.0
2024-03-20,5,09:15,5.6324,0.0,5.6324,70.63,0.099455,20.0,90.0,0.0
2024-03-20,6,09:30,5.8458,0.0,5.8458,70.63,0.103222,20.0,90.0,0.0
2024-03-20,7,09:45,5.1816,0.0,5.1816,70.63,0.091494,20.0,90.0,0.0
2024-03-20,8,10:00,6.7301,0.0,6.7301,66.0,0.111047,20.0,90.0,0.0
2024-03-20,9,10:15,3.9878,0.0,3.9878,66.0,0.065799,20.0,90.0,0.0
2024-03-20,10,10:30,1.8638,9.5021,11.3659,66.0,0.187538,80.0,90.0,0.0
2024-03-20,11,10:45,6.7293,17.0147,23.744,66.0,0.391775,80.0,90.0,0.0
2024-03-20,12,11:00,5.9956,17.1381,23.1337,65.39,0.378178,80.0,90.0,0.0
2024-03-20,13,11:15,7.1179,16.0793,23.1972,65.39,0.379216,80.0,90.0,0.0
2024-03-20,14,11:30,6.1091,3.2115,9.3206,65.39,0.152368,80.0,90.0,0.0
2024-03-20,15,11:45,5.6324,9.5021,15.1345,65.39,0.247412,40.0,130.0,0.0
2024-03-20,16,12:00,5.8458,17.0147,22.8605,61.43,0.35108,40.0,130.0,0.0
2024-03-20,17,12:15,5.1816,17.1381,22.3197,61.43,0.342774,40.0,130.0,0.0
2024-03-20,18,12:30,6.7301,16.0793,22.8094,61.43,0.350295,40.0,130.0,0.0
2024-03-20,19,12:45,3.9878,3.2115,7.1993,61.43,0.110563,40.0,130.0,0.0
2024-03-20,20,13:00,1.8638,9.5021,11.3659,63.95,0.181713,100.0,170.0,0.0
2024-03-20,21,13:15,6.7293,17.0147,23.744,63.95,0.379606,100.0,170.0,0.0
2024-03-20,22,13:30,5.9956,17.1381,23.1337,63.95,0.36985,100.0,170.0,0.0
2024-03-20,23,13:45,7.1179,16.0793,23.1972,63.95,0.370865,100.0,170.0,0.0
2024-03-20,24,14:00,6.1091,3.2115,9.3206,64.35,0.149945,100.0,170.0,0.0
2024-03-20,25,14:15,5.6324,9.5021,15.1345,64.35,0.243477,60.0,210.0,0.0
2024-03-20,26,14:30,5.8458,17.0147,22.8605,64.35,0.367768,60.0,210.0,0.0
2024-03-20,27,14:45,5.1816,17.1381,22.3197,64.35,0.359068,60.0,210.0,0.0
2024-03-20,28,15:00,6.7301,16.0793,22.8094,70.78,0.403612,60.0,20.0,190.0
2024-03-20,29,15:15,3.9878,3.2115,7.1993,70.78,0.127391,60.0,20.0,0.0
2024-03-20,30,15:30,1.8638,9.5021,11.3659,70.78,0.20112,120.0,60.0,0.0
2024-03-20,31,15:45,6.7293,17.0147,23.744,70.78,0.420149,120.0,60.0,0.0
2024-03-20,32,16:00,5.9956,17.1381,23.1337,87.07,0.503562,120.0,60.0,0.0
2024-03-20,33,16:15,7.1179,16.0793,23.1972,87.07,0.504944,120.0,60.0,0.0
2024-03-20,34,16:30,6.1091,3.2115,9.3206,87.07,0.202885,120.0,60.0,0.0
2024-03-20,35,16:45,5.6324,9.5021,15.1345,87.07,0.329441,80.0,100.0,0.0
2024-03-20,36,17:00,5.8458,17.0147,22.8605,119.68,0.683986,80.0,100.0,0.0
2024-03-20,37,17:15,5.1816,17.1381,22.3197,119.68,0.667804,80.0,100.0,0.0
2024-03-20,38,17:30,6.7301,16.0793,22.8094,119.68,0.682457,80.0,100.0,0.0
2024-03-20,39,17:45,3.9878,3.2115,7.1993,119.68,0.215403,80.0,100.0,0.0
2024-03-20,40,18:00,0.0,9.5021,9.5021,168.54,0.400371,140.0,140.0,0.0
2024-03-20,41,18:15,0.0,17.0147,17.0147,168.54,0.716913,140.0,140.0,0.0
2024-03-20,42,18:30,0.0,17.1381,17.1381,168.54,0.722114,140.0,140.0,0.0
2024-03-20,43,18:45,0.0,16.0793,16.0793,168.54,0.6775,140.0,140.0,0.0
2024-03-20,44,19:00,0.0,3.2115,3.2115,159.05,0.127697,140.0,140.0,0.0
2024-03-20,45,19:15,0.0,9.5021,9.5021,159.05,0.377827,100.0,180.0,0.0
2024-03-20,46,19:30,0.0,17.0147,17.0147,159.05,0.676546,100.0,180.0,0.0
2024-03-20,47,19:45,0.0,17.1381,17.1381,159.05,0.681453,100.0,180.0,0.0
2024-03-20,48,20:00,0.0,16.0793,16.0793,124.95,0.502277,100.0,180.0,0.0
2024-03-20,49,20:15,0.0,3.2115,3.2115,124.95,0.100319,100.0,180.0,0.0
2024-03-20,50,20:30,0.0,9.5021,9.5021,124.95,0.296822,60.0,220.0,0.0
2024-03-20,51,20:45,0.0,17.0147,17.0147,124.95,0.531496,60.0,220.0,0.0
2024-03-20,52,21:00,0.0,17.1381,17.1381,106.52,0.456387,60.0,220.0,0.0
2024-03-20,53,21:15,0.0,16.0793,16.0793,106.52,0.428191,60.0,220.0,0.0
2024-03-20,54,21:30,0.0,3.2115,3.2115,106.52,0.085522,60.0,220.0,0.0
2024-03-20,55,21:45,0.0,0.0,0.0,106.52,0.0,60.0,90.0,170.0
2024-03-21,0,08:00,1.8638,9.5021,11.3659,102.29,0.290655,20.0,90.0,0.0
2024-03-21,1,08:15,6.7293,17.0147,23.744,102.29,0.607192,20.0,90.0,0.0
2024-03-21,2,08:30,5.9956,17.1381,23.1337,102.29,0.591586,20.0,90.0,0.0
2024-03-21,3,08:45,7.1179,16.0793,23.1972,102.29,0.59321,20.0,90.0,0.0
2024-03-21,4,09:00,6.1091,3.2115,9.3206,80.0,0.186411,20.0,90.0,0.0
2024-03-21,5,09:15,5.6324,0.0,5.6324,80.0,0.112649,20.0,130.0,0.0
2024-03-21,6,09:30,5.8458,0.0,5.8458,80.0,0.116916,20.0,130.0,0.0
2024-03-21,7,09:45,5.1816,0.0,5.1816,80.0,0.103631,20.0,130.0,0.0
2024-03-21,8,10:00,6.7301,0.0,6.7301,72.41,0.121832,20.0,130.0,0.0
2024-03-21,9,10:15,3.9878,0.0,3.9878,72.41,0.072189,20.0,130.0,0.0
2024-03-21,10,10:30,1.8638,9.5021,11.3659,72.41,0.205752,80.0,130.0,0.0
2024-03-21,11,10:45,6.7293,17.0147,23.744,72.41,0.429825,80.0,130.0,0.0
2024-03-21,12,11:00,5.9956,17.1381,23.1337,68.03,0.393446,80.0,130.0,0.0
2024-03-21,13,11:15,7.1179,16.0793,23.1972,68.03,0.394526,80.0,130.0,0.0
2024-03-21,14,11:30,6.1091,3.2115,9.3206,68.03,0.158519,80.0,130.0,0.0
2024-03-21,15,11:45,5.6324,9.5021,15.1345,68.03,0.257401,40.0,170.0,0.0
2024-03-21,16,12:00,5.8458,17.0147,22.8605,64.64,0.369425,40.0,170.0,0.0
2024-03-21,17,12:15,5.1816,17.1381,22.3197,64.64,0.360686,40.0,170.0,0.0
2024-03-21,18,12:30,6.7301,16.0793,22.8094,64.64,0.3686,40.0,170.0,0.0
2024-03-21,19,12:45,3.9878,3.2115,7.1993,64.64,0.11634,40.0,170.0,0.0
2024-03-21,20,13:00,1.8638,9.5021,11.3659,59.96,0.170375,100.0,210.0,0.0
2024-03-21,21,13:15,6.7293,17.0147,23.744,59.96,0.355922,100.0,210.0,0.0
2024-03-21,22,13:30,5.9956,17.1381,23.1337,59.96,0.346774,100.0,210.0,0.0
2024-03-21,23,13:45,7.1179,16.0793,23.1972,59.96,0.347726,100.0,210.0,0.0
2024-03-21,24,14:00,6.1091,3.2115,9.3206,66.85,0.15577,100.0,210.0,0.0
2024-03-21,25,14:15,5.6324,9.5021,15.1345,66.85,0.252936,60.0,250.0,0.0
2024-03-21,26,14:30,5.8458,17.0147,22.8605,66.85,0.382056,60.0,250.0,0.0
2024-03-21,27,14:45,5.1816,17.1381,22.3197,66.85,0.373017,60.0,250.0,0.0
2024-03-21,28,15:00,6.7301,16.0793,22.8094,66.28,0.377951,60.0,60.0,190.0
2024-03-21,29,15:15,3.9878,3.2115,7.1993,66.28,0.119292,60.0,60.0,0.0
2024-03-21,30,15:30,0.0,9.5021,9.5021,66.28,0.15745,120.0,100.0,0.0
2024-03-21,31,15:45,0.0,17.0147,17.0147,66.28,0.281933,120.0,100.0,0.0
2024-03-21,32,16:00,0.0,17.1381,17.1381,75.27,0.322496,120.0,100.0,0.0
2024-03-21,33,16:15,0.0,16.0793,16.0793,75.27,0.302572,120.0,100.0,0.0
2024-03-21,34,16:30,0.0,3.2115,3.2115,75.27,0.060432,120.0,100.0,0.0
2024-03-21,35,16:45,0.0,9.5021,9.5021,75.27,0.178806,80.0,140.0,0.0
2024-03-21,36,17:00,0.0,17.0147,17.0147,100.9,0.429195,80.0,140.0,0.0
2024-03-21,37,17:15,0.0,17.1381,17.1381,100.9,0.432308,80.0,140.0,0.0
2024-03-21,38,17:30,0.0,16.0793,16.0793,100.9,0.4056,80.0,140.0,0.0
2024-03-21,39,17:45,0.0,3.2115,3.2115,100.9,0.08101,80.0,140.0,0.0
2024-03-21,40,18:00,0.0,0.0,0.0,127.13,0.0,80.0,180.0,0.0
2024-03-21,41,18:15,0.0,0.0,0.0,127.13,0.0,80.0,180.0,0.0
2024-03-21,42,18:30,0.0,0.0,0.0,127.13,0.0,80.0,180.0,0.0
2024-03-21,43,18:45,0.0,0.0,0.0,127.13,0.0,80.0,180.0,0.0
2024-03-21,44,19:00,0.0,0.0,0.0,122.85,0.0,80.0,180.0,0.0
2024-03-21,45,19:15,0.0,0.0,0.0,122.85,0.0,80.0,180.0,0.0
2024-03-21,46,19:30,0.0,0.0,0.0,122.85,0.0,80.0,180.0,0.0
2024-03-21,47,19:45,0.0,0.0,0.0,122.85,0.0,80.0,180.0,0.0
2024-03-21,48,20:00,0.0,0.0,0.0,94.04,0.0,80.0,180.0,0.0
2024-03-21,49,20:15,0.0,0.0,0.0,94.04,0.0,80.0,180.0,0.0
2024-03-21,50,20:30,0.0,0.0,0.0,94.04,0.0,80.0,180.0,0.0
2024-03-21,51,20:45,0.0,0.0,0.0,94.04,0.0,80.0,180.0,0.0
2024-03-21,52,21:00,0.0,0.0,0.0,79.6,0.0,80.0,180.0,0.0
2024-03-21,53,21:15,0.0,0.0,0.0,79.6,0.0,80.0,180.0,0.0
2024-03-21,54,21:30,0.0,0.0,0.0,79.6,0.0,80.0,180.0,0.0
2024-03-21,55,21:45,0.0,0.0,0.0,79.6,0.0,80.0,20.0,160.0
2024-03-22,0,08:00,1.8638,9.5021,11.3659,68.09,0.193477,40.0,20.0,0.0
2024-03-22,1,08:15,6.7293,17.0147,23.744,68.09,0.404181,40.0,20.0,0.0
2024-03-22,2,08:30,5.9956,17.1381,23.1337,68.09,0.393793,40.0,20.0,0.0
2024-03-22,3,08:45,7.1179,16.0793,23.1972,68.09,0.394874,40.0,20.0,0.0
2024-03-22,4,09:00,6.1091,3.2115,9.3206,56.32,0.131233,40.0,20.0,0.0
2024-03-22,5,09:15,5.6324,9.5021,15.1345,56.32,0.213094,0.0,60.0,0.0
2024-03-22,6,09:30,5.8458,17.0147,22.8605,56.32,0.321876,0.0,60.0,0.0
2024-03-22,7,09:45,5.1816,17.1381,22.3197,56.32,0.314261,0.0,60.0,0.0
2024-03-22,8,10:00,6.7301,16.0793,22.8094,51.81,0.295438,0.0,60.0,0.0
2024-03-22,9,10:15,3.9878,3.2115,7.1993,51.81,0.093249,0.0,60.0,0.0
2024-03-22,10,10:30,1.8638,9.5021,11.3659,51.81,0.147217,60.0,100.0,0.0
2024-03-22,11,10:45,6.7293,17.0147,23.744,51.81,0.307544,60.0,100.0,0.0
2024-03-22,12,11:00,5.9956,17.1381,23.1337,49.85,0.288303,60.0,100.0,0.0
2024-03-22,13,11:15,7.1179,16.0793,23.1972,49.85,0.289095,60.0,100.0,0.0
2024-03-22,14,11:30,6.1091,3.2115,9.3206,49.85,0.116157,60.0,100.0,0.0
2024-03-22,15,11:45,5.6324,9.5021,15.1345,49.85,0.188614,20.0,140.0,0.0
2024-03-22,16,12:00,5.8458,17.0147,22.8605,49.76,0.284384,20.0,140.0,0.0
2024-03-22,17,12:15,5.1816,17.1381,22.3197,49.76,0.277657,20.0,140.0,0.0
2024-03-22,18,12:30,6.7301,16.0793,22.8094,49.76,0.283749,20.0,140.0,0.0
2024-03-22,19,12:45,3.9878,3.2115,7.1993,49.76,0.089559,20.0,140.0,0.0
2024-03-22,20,13:00,1.8638,9.5021,11.3659,51.49,0.146308,80.0,180.0,0.0
2024-03-22,21,13:15,6.7293,17.0147,23.744,51.49,0.305644,80.0,180.0,0.0
2024-03-22,22,13:30,5.9956,17.1381,23.1337,51.49,0.297788,80.0,180.0,0.0
2024-03-22,23,13:45,7.1179,16.0793,23.1972,51.49,0.298606,80.0,180.0,0.0
2024-03-22,24,14:00,6.1091,3.2115,9.3206,52.39,0.122076,80.0,180.0,0.0
2024-03-22,25,14:15,5.6324,9.5021,15.1345,52.39,0.198225,40.0,220.0,0.0
2024-03-22,26,14:30,5.8458,17.0147,22.8605,52.39,0.299415,40.0,220.0,0.0
2024-03-22,27,14:45,5.1816,17.1381,22.3197,52.39,0.292332,40.0,220.0,0.0
2024-03-22,28,15:00,6.7301,16.0793,22.8094,59.97,0.34197,40.0,30.0,190.0
2024-03-22,29,15:15,3.9878,3.2115,7.1993,59.97,0.107935,40.0,30.0,0.0
2024-03-22,30,15:30,1.8638,9.5021,11.3659,59.97,0.170404,100.0,70.0,0.0
2024-03-22,31,15:45,6.7293,17.0147,23.744,59.97,0.355981,100.0,70.0,0.0
2024-03-22,32,16:00,5.9956,17.1381,23.1337,76.87,0.444571,100.0,70.0,0.0
2024-03-22,33,16:15,7.1179,16.0793,23.1972,76.87,0.445792,100.0,70.0,0.0
2024-03-22,34,16:30,6.1091,3.2115,9.3206,76.87,0.179118,100.0,70.0,0.0
2024-03-22,35,16:45,5.6324,9.5021,15.1345,76.87,0.290848,60.0,110.0,0.0
2024-03-22,36,17:00,5.8458,17.0147,22.8605,88.98,0.508532,60.0,110.0,0.0
2024-03-22,37,17:15,5.1816,17.1381,22.3197,88.98,0.496501,60.0,110.0,0.0
2024-03-22,38,17:30,6.7301,16.0793,22.8094,88.98,0.507395,60.0,110.0,0.0
2024-03-22,39,17:45,3.9878,3.2115,7.1993,88.98,0.160148,60.0,110.0,0.0
2024-03-22,40,18:00,0.0,9.5021,9.5021,121.59,0.28884,120.0,150.0,0.0
2024-03-22,41,18:15,0.0,17.0147,17.0147,121.59,0.517204,120.0,150.0,0.0
2024-03-22,42,18:30,0.0,17.1381,17.1381,121.59,0.520955,120.0,150.0,0.0
2024-03-22,43,18:45,0.0,16.0793,16.0793,121.59,0.48877,120.0,150.0,0.0
2024-03-22,44,19:00,0.0,3.2115,3.2115,118.71,0.095309,120.0,150.0,0.0
2024-03-22,45,19:15,0.0,9.5021,9.5021,118.71,0.281998,80.0,190.0,0.0
2024-03-22,46,19:30,0.0,17.0147,17.0147,118.71,0.504953,80.0,190.0,0.0
2024-03-22,47,19:45,0.0,17.1381,17.1381,118.71,0.508616,80.0,190.0,0.0
2024-03-22,48,20:00,0.0,16.0793,16.0793,95.0,0.381883,80.0,190.0,0.0
2024-03-22,49,20:15,0.0,3.2115,3.2115,95.0,0.076273,80.0,190.0,0.0
2024-03-22,50,20:30,0.0,0.0,0.0,95.0,0.0,80.0,230.0,0.0
2024-03-22,51,20:45,0.0,0.0,0.0,95.0,0.0,80.0,230.0,0.0
2024-03-22,52,21:00,0.0,0.0,0.0,82.25,0.0,80.0,230.0,0.0
2024-03-22,53,21:15,0.0,0.0,0.0,82.25,0.0,80.0,230.0,0.0
2024-03-22,54,21:30,0.0,0.0,0.0,82.25,0.0,80.0,230.0,0.0
2024-03-22,55,21:45,0.0,0.0,0.0,82.25,0.0,80.0,80.0,150.0
2024-03-25,0,08:00,1.8638,9.5021,11.3659,99.68,0.283239,40.0,80.0,0.0
2024-03-25,1,08:15,6.7293,17.0147,23.744,99.68,0.591699,40.0,80.0,0.0
2024-03-25,2,08:30,5.9956,17.1381,23.1337,99.68,0.576491,40.0,80.0,0.0
2024-03-25,3,08:45,7.1179,16.0793,23.1972,99.68,0.578074,40.0,80.0,0.0
2024-03-25,4,09:00,6.1091,3.2115,9.3206,77.43,0.180423,40.0,80.0,0.0
2024-03-25,5,09:15,5.6324,9.5021,15.1345,77.43,0.292967,0.0,120.0,0.0
2024-03-25,6,09:30,5.8458,17.0147,22.8605,77.43,0.442522,0.0,120.0,0.0
2024-03-25,7,09:45,5.1816,17.1381,22.3197,77.43,0.432053,0.0,120.0,0.0
2024-03-25,8,10:00,6.7301,16.0793,22.8094,70.05,0.399449,0.0,120.0,0.0
2024-03-25,9,10:15,3.9878,3.2115,7.1993,70.05,0.126078,0.0,120.0,0.0
2024-03-25,10,10:30,1.8638,9.5021,11.3659,70.05,0.199046,60.0,160.0,0.0
2024-03-25,11,10:45,6.7293,17.0147,23.744,70.05,0.415816,60.0,160.0,0.0
2024-03-25,12,11:00,5.9956,17.1381,23.1337,63.66,0.368173,60.0,160.0,0.0
2024-03-25,13,11:15,7.1179,16.0793,23.1972,63.66,0.369183,60.0,160.0,0.0
2024-03-25,14,11:30,6.1091,3.2115,9.3206,63.66,0.148337,60.0,160.0,0.0
2024-03-25,15,11:45,5.6324,9.5021,15.1345,63.66,0.240866,20.0,200.0,0.0
2024-03-25,16,12:00,5.8458,17.0147,22.8605,61.85,0.35348,20.0,200.0,0.0
2024-03-25,17,12:15,5.1816,17.1381,22.3197,61.85,0.345118,20.0,200.0,0.0
2024-03-25,18,12:30,6.7301,16.0793,22.8094,61.85,0.35269,20.0,200.0,0.0
2024-03-25,19,12:45,3.9878,3.2115,7.1993,61.85,0.111319,20.0,200.0,0.0
2024-03-25,20,13:00,1.8638,9.5021,11.3659,63.22,0.179639,80.0,240.0,0.0
2024-03-25,21,13:15,6.7293,17.0147,23.744,63.22,0.375273,80.0,240.0,0.0
2024-03-25,22,13:30,5.9956,17.1381,23.1337,63.22,0.365628,80.0,240.0,0.0
2024-03-25,23,13:45,7.1179,16.0793,23.1972,63.22,0.366631,80.0,240.0,0.0
2024-03-25,24,14:00,6.1091,3.2115,9.3206,64.52,0.150341,80.0,240.0,0.0
2024-03-25,25,14:15,5.6324,9.5021,15.1345,64.52,0.24412,40.0,280.0,0.0
2024-03-25,26,14:30,5.8458,17.0147,22.8605,64.52,0.36874,40.0,280.0,0.0
2024-03-25,27,14:45,5.1816,17.1381,22.3197,64.52,0.360016,40.0,280.0,0.0
2024-03-25,28,15:00,6.7301,16.0793,22.8094,73.97,0.421802,40.0,90.0,190.0
2024-03-25,29,15:15,3.9878,3.2115,7.1993,73.97,0.133133,40.0,90.0,0.0
2024-03-25,30,15:30,0.0,9.5021,9.5021,73.97,0.175717,100.0,130.0,0.0
2024-03-25,31,15:45,0.0,17.0147,17.0147,73.97,0.314644,100.0,130.0,0.0
2024-03-25,32,16:00,0.0,17.1381,17.1381,81.05,0.347261,100.0,130.0,0.0
2024-03-25,33,16:15,0.0,16.0793,16.0793,81.05,0.325806,100.0,130.0,0.0
2024-03-25,34,16:30,0.0,3.2115,3.2115,81.05,0.065073,100.0,130.0,0.0
2024-03-25,35,16:45,0.0,9.5021,9.5021,81.05,0.192536,60.0,170.0,0.0
2024-03-25,36,17:00,0.0,17.0147,17.0147,111.88,0.4759,60.0,170.0,0.0
2024-03-25,37,17:15,0.0,17.1381,17.1381,111.88,0.479352,60.0,170.0,0.0
2024-03-25,38,17:30,0.0,16.0793,16.0793,111.88,0.449737,60.0,170.0,0.0
2024-03-25,39,17:45,0.0,3.2115,3.2115,111.88,0.089825,60.0,170.0,0.0
2024-03-25,40,18:00,0.0,0.0,0.0,174.7,0.0,60.0,210.0,0.0
2024-03-25,41,18:15,0.0,0.0,0.0,174.7,0.0,60.0,210.0,0.0
2024-03-25,42,18:30,0.0,0.0,0.0,174.7,0.0,60.0,210.0,0.0
2024-03-25,43,18:45,0.0,0.0,0.0,174.7,0.0,60.0,210.0,0.0
2024-03-25,44,19:00,0.0,0.0,0.0,149.75,0.0,60.0,210.0,0.0
2024-03-25,45,19:15,0.0,0.0,0.0,149.75,0.0,60.0,210.0,0.0
2024-03-25,46,19:30,0.0,0.0,0.0,149.75,0.0,60.0,210.0,0.0
2024-03-25,47,19:45,0.0,0.0,0.0,149.75,0.0,60.0,210.0,0.0
2024-03-25,48,20:00,0.0,0.0,0.0,102.73,0.0,60.0,210.0,0.0
2024-03-25,49,20:15,0.0,0.0,0.0,102.73,0.0,60.0,210.0,0.0
2024-03-25,50,20:30,0.0,0.0,0.0,102.73,0.0,60.0,210.0,0.0
2024-03-25,51,20:45,0.0,0.0,0.0,102.73,0.0,60.0,210.0,0.0
2024-03-25,52,21:00,0.0,0.0,0.0,82.39,0.0,60.0,210.0,0.0
2024-03-25,53,21:15,0.0,0.0,0.0,82.39,0.0,60.0,210.0,0.0
2024-03-25,54,21:30,0.0,0.0,0.0,82.39,0.0,60.0,210.0,0.0
2024-03-25,55,21:45,0.0,0.0,0.0,82.39,0.0,60.0,30.0,180.0
2024-03-26,0,08:00,1.8638,9.5021,11.3659,72.1,0.204871,20.0,30.0,0.0
2024-03-26,1,08:15,6.7293,17.0147,23.744,72.1,0.427985,20.0,30.0,0.0
2024-03-26,2,08:30,5.9956,17.1381,23.1337,72.1,0.416985,20.0,30.0,0.0
2024-03-26,3,08:45,7.1179,16.0793,23.1972,72.1,0.418129,20.0,30.0,0.0
2024-03-26,4,09:00,6.1091,3.2115,9.3206,62.0,0.144469,20.0,30.0,0.0
2024-03-26,5,09:15,5.6324,0.0,5.6324,62.0,0.087303,20.0,70.0,0.0
2024-03-26,6,09:30,5.8458,0.0,5.8458,62.0,0.09061,20.0,70.0,0.0
2024-03-26,7,09:45,5.1816,0.0,5.1816,62.0,0.080314,20.0,70.0,0.0
2024-03-26,8,10:00,6.7301,0.0,6.7301,49.5,0.083285,20.0,70.0,0.0
2024-03-26,9,10:15,3.9878,0.0,3.9878,49.5,0.049349,20.0,70.0,0.0
2024-03-26,10,10:30,1.8638,9.5021,11.3659,49.5,0.140653,80.0,70.0,0.0
2024-03-26,11,10:45,6.7293,17.0147,23.744,49.5,0.293831,80.0,70.0,0.0
2024-03-26,12,11:00,5.9956,17.1381,23.1337,37.03,0.21416,80.0,70.0,0.0
2024-03-26,13,11:15,7.1179,16.0793,23.1972,37.03,0.214748,80.0,70.0,0.0
2024-03-26,14,11:30,6.1091,3.2115,9.3206,37.03,0.086285,80.0,70.0,0.0
2024-03-26,15,11:45,5.6324,9.5021,15.1345,37.03,0.140108,40.0,110.0,0.0
2024-03-26,16,12:00,5.8458,17.0147,22.8605,11.49,0.065667,40.0,110.0,0.0
2024-03-26,17,12:15,5.1816,17.1381,22.3197,11.49,0.064113,40.0,110.0,0.0
2024-03-26,18,12:30,6.7301,16.0793,22.8094,11.49,0.06552,40.0,110.0,0.0
2024-03-26,19,12:45,3.9878,3.2115,7.1993,11.49,0.02068,40.0,110.0,0.0
2024-03-26,20,13:00,1.8638,9.5021,11.3659,27.35,0.077715,100.0,150.0,0.0
2024-03-26,21,13:15,6.7293,17.0147,23.744,27.35,0.162349,100.0,150.0,0.0
2024-03-26,22,13:30,5.9956,17.1381,23.1337,27.35,0.158177,100.0,150.0,0.0
2024-03-26,23,13:45,7.1179,16.0793,23.1972,27.35,0.158611,100.0,150.0,0.0
2024-03-26,24,14:00,6.1091,3.2115,9.3206,37.1,0.086448,100.0,150.0,0.0
2024-03-26,25,14:15,5.6324,9.5021,15.1345,37.1,0.140373,60.0,190.0,0.0
2024-03-26,26,14:30,5.8458,17.0147,22.8605,37.1,0.212031,60.0,190.0,0.0
2024-03-26,27,14:45,5.1816,17.1381,22.3197,37.1,0.207015,60.0,190.0,0.0
2024-03-26,28,15:00,6.7301,16.0793,22.8094,51.93,0.296123,60.0,10.0,180.0
2024-03-26,29,15:15,3.9878,3.2115,7.1993,51.93,0.093465,60.0,10.0,0.0
2024-03-26,30,15:30,0.0,9.5021,9.5021,51.93,0.123361,120.0,50.0,0.0
2024-03-26,31,15:45,0.0,17.0147,17.0147,51.93,0.220893,120.0,50.0,0.0
2024-03-26,32,16:00,0.0,17.1381,17.1381,68.06,0.291605,120.0,50.0,0.0
2024-03-26,33,16:15,0.0,16.0793,16.0793,68.06,0.273589,120.0,50.0,0.0
2024-03-26,34,16:30,0.0,3.2115,3.2115,68.06,0.054643,120.0,50.0,0.0
2024-03-26,35,16:45,0.0,9.5021,9.5021,68.06,0.161678,80.0,90.0,0.0
2024-03-26,36,17:00,0.0,17.0147,17.0147,81.05,0.34476,80.0,90.0,0.0
2024-03-26,37,17:15,0.0,17.1381,17.1381,81.05,0.347261,80.0,90.0,0.0
2024-03-26,38,17:30,0.0,16.0793,16.0793,81.05,0.325806,80.0,90.0,0.0
2024-03-26,39,17:45,0.0,3.2115,3.2115,81.05,0.065073,80.0,90.0,0.0
2024-03-26,40,18:00,0.0,9.5021,9.5021,100.75,0.239334,40.0,130.0,0.0
2024-03-26,41,18:15,0.0,17.0147,17.0147,100.75,0.428557,40.0,130.0,0.0
2024-03-26,42,18:30,0.0,17.1381,17.1381,100.75,0.431666,40.0,130.0,0.0
2024-03-26,43,18:45,0.0,16.0793,16.0793,100.75,0.404997,40.0,130.0,0.0
2024-03-26,44,19:00,0.0,3.2115,3.2115,100.3,0.080528,40.0,130.0,0.0
2024-03-26,45,19:15,0.0,0.0,0.0,100.3,0.0,40.0,170.0,0.0
2024-03-26,46,19:30,0.0,0.0,0.0,100.3,0.0,40.0,170.0,0.0
2024-03-26,47,19:45,0.0,0.0,0.0,100.3,0.0,40.0,170.0,0.0
2024-03-26,48,20:00,0.0,0.0,0.0,80.0,0.0,40.0,170.0,0.0
2024-03-26,49,20:15,0.0,0.0,0.0,80.0,0.0,40.0,170.0,0.0
2024-03-26,50,20:30,0.0,0.0,0.0,80.0,0.0,40.0,170.0,0.0
2024-03-26,51,20:45,0.0,0.0,0.0,80.0,0.0,40.0,170.0,0.0
2024-03-26,52,21:00,0.0,0.0,0.0,77.05,0.0,40.0,170.0,0.0
2024-03-26,53,21:15,0.0,0.0,0.0,77.05,0.0,40.0,170.0,0.0
2024-03-26,54,21:30,0.0,0.0,0.0,77.05,0.0,40.0,170.0,0.0
2024-03-26,55,21:45,0.0,0.0,0.0,77.05,0.0,40.0,20.0,150.0
2024-03-27,0,08:00,1.8638,9.5021,11.3659,80.01,0.227347,0.0,20.0,0.0
2024-03-27,1,08:15,6.7293,17.0147,23.744,80.01,0.474938,0.0,20.0,0.0
2024-03-27,2,08:30,5.9956,17.1381,23.1337,80.01,0.462731,0.0,20.0,0.0
2024-03-27,3,08:45,7.1179,16.0793,23.1972,80.01,0.464001,0.0,20.0,0.0
2024-03-27,4,09:00,6.1091,3.2115,9.3206,68.12,0.158729,0.0,20.0,0.0
2024-03-27,5,09:15,5.6324,0.0,5.6324,68.12,0.095921,0.0,60.0,0.0
2024-03-27,6,09:30,5.8458,0.0,5.8458,68.12,0.099554,0.0,60.0,0.0
2024-03-27,7,09:45,5.1816,0.0,5.1816,68.12,0.088242,0.0,60.0,0.0
2024-03-27,8,10:00,6.7301,0.0,6.7301,63.9,0.107513,0.0,60.0,0.0
2024-03-27,9,10:15,3.9878,0.0,3.9878,63.9,0.063705,0.0,60.0,0.0
2024-03-27,10,10:30,1.8638,9.5021,11.3659,63.9,0.181571,60.0,60.0,0.0
2024-03-27,11,10:45,6.7293,17.0147,23.744,63.9,0.37931,60.0,60.0,0.0
2024-03-27,12,11:00,5.9956,17.1381,23.1337,57.13,0.330407,60.0,60.0,0.0
2024-03-27,13,11:15,7.1179,16.0793,23.1972,57.13,0.331314,60.0,60.0,0.0
2024-03-27,14,11:30,6.1091,3.2115,9.3206,57.13,0.133121,60.0,60.0,0.0
2024-03-27,15,11:45,5.6324,9.5021,15.1345,57.13,0.216159,20.0,100.0,0.0
2024-03-27,16,12:00,5.8458,17.0147,22.8605,57.66,0.329534,20.0,100.0,0.0
2024-03-27,17,12:15,5.1816,17.1381,22.3197,57.66,0.321738,20.0,100.0,0.0
2024-03-27,18,12:30,6.7301,16.0793,22.8094,57.66,0.328797,20.0,100.0,0.0
2024-03-27,19,12:45,3.9878,3.2115,7.1993,57.66,0.103778,20.0,100.0,0.0
2024-03-27,20,13:00,1.8638,9.5021,11.3659,60.0,0.170489,80.0,140.0,0.0
2024-03-27,21,13:15,6.7293,17.0147,23.744,60.0,0.356159,80.0,140.0,0.0
2024-03-27,22,13:30,5.9956,17.1381,23.1337,60.0,0.347005,80.0,140.0,0.0
2024-03-27,23,13:45,7.1179,16.0793,23.1972,60.0,0.347958,80.0,140.0,0.0
2024-03-27,24,14:00,6.1091,3.2115,9.3206,67.8,0.157983,80.0,140.0,0.0
2024-03-27,25,14:15,5.6324,9.5021,15.1345,67.8,0.25653,40.0,180.0,0.0
2024-03-27,26,14:30,5.8458,17.0147,22.8605,67.8,0.387485,40.0,180.0,0.0
2024-03-27,27,14:45,5.1816,17.1381,22.3197,67.8,0.378318,40.0,180.0,0.0
2024-03-27,28,15:00,6.7301,16.0793,22.8094,78.93,0.450086,40.0,30.0,150.0
2024-03-27,29,15:15,3.9878,3.2115,7.1993,78.93,0.14206,40.0,30.0,0.0
2024-03-27,30,15:30,0.0,9.5021,9.5021,78.93,0.1875,100.0,70.0,0.0
2024-03-27,31,15:45,0.0,17.0147,17.0147,78.93,0.335742,100.0,70.0,0.0
2024-03-27,32,16:00,0.0,17.1381,17.1381,84.14,0.3605,100.0,70.0,0.0
2024-03-27,33,16:15,0.0,16.0793,16.0793,84.14,0.338228,100.0,70.0,0.0
2024-03-27,34,16:30,0.0,3.2115,3.2115,84.14,0.067554,100.0,70.0,0.0
2024-03-27,35,16:45,0.0,9.5021,9.5021,84.14,0.199877,60.0,110.0,0.0
2024-03-27,36,17:00,0.0,17.0147,17.0147,100.53,0.427621,60.0,110.0,0.0
2024-03-27,37,17:15,0.0,17.1381,17.1381,100.53,0.430723,60.0,110.0,0.0
2024-03-27,38,17:30,0.0,16.0793,16.0793,100.53,0.404113,60.0,110.0,0.0
2024-03-27,39,17:45,0.0,3.2115,3.2115,100.53,0.080713,60.0,110.0,0.0
2024-03-27,40,18:00,0.0,0.0,0.0,125.93,0.0,60.0,150.0,0.0
2024-03-27,41,18:15,0.0,0.0,0.0,125.93,0.0,60.0,150.0,0.0
2024-03-27,42,18:30,0.0,0.0,0.0,125.93,0.0,60.0,150.0,0.0
2024-03-27,43,18:45,0.0,0.0,0.0,125.93,0.0,60.0,150.0,0.0
2024-03-27,44,19:00,0.0,0.0,0.0,118.94,0.0,60.0,150.0,0.0
2024-03-27,45,19:15,0.0,0.0,0.0,118.94,0.0,60.0,150.0,0.0
2024-03-27,46,19:30,0.0,0.0,0.0,118.94,0.0,60.0,150.0,0.0
2024-03-27,47,19:45,0.0,0.0,0.0,118.94,0.0,60.0,150.0,0.0
2024-03-27,48,20:00,0.0,0.0,0.0,99.42,0.0,60.0,150.0,0.0
2024-03-27,49,20:15,0.0,0.0,0.0,99.42,0.0,60.0,150.0,0.0
2024-03-27,50,20:30,0.0,0.0,0.0,99.42,0.0,60.0,150.0,0.0
2024-03-27,51,20:45,0.0,0.0,0.0,99.42,0.0,60.0,150.0,0.0
2024-03-27,52,21:00,0.0,0.0,0.0,84.25,0.0,60.0,150.0,0.0
2024-03-27,53,21:15,0.0,0.0,0.0,84.25,0.0,60.0,150.0,0.0
2024-03-27,54,21:30,0.0,0.0,0.0,84.25,0.0,60.0,150.0,0.0
2024-03-27,55,21:45,0.0,0.0,0.0,84.25,0.0,60.0,0.0,150.0
2024-03-28,0,08:00,1.8638,9.5021,11.3659,80.92,0.229933,20.0,0.0,0.0
2024-03-28,1,08:15,6.7293,17.0147,23.744,80.92,0.48034,20.0,0.0,0.0
2024-03-28,2,08:30,5.9956,17.1381,23.1337,80.92,0.467994,20.0,0.0,0.0
2024-03-28,3,08:45,7.1179,16.0793,23.1972,80.92,0.469279,20.0,0.0,0.0
2024-03-28,4,09:00,6.1091,3.2115,9.3206,63.24,0.147358,20.0,0.0,0.0
2024-03-28,5,09:15,5.6324,0.0,5.6324,63.24,0.089049,20.0,40.0,0.0
2024-03-28,6,09:30,5.8458,0.0,5.8458,63.24,0.092422,20.0,40.0,0.0
2024-03-28,7,09:45,5.1816,0.0,5.1816,63.24,0.081921,20.0,40.0,0.0
2024-03-28,8,10:00,6.7301,0.0,6.7301,47.07,0.079196,20.0,40.0,0.0
2024-03-28,9,10:15,3.9878,0.0,3.9878,47.07,0.046926,20.0,40.0,0.0
2024-03-28,10,10:30,1.8638,9.5021,11.3659,47.07,0.133749,80.0,40.0,0.0
2024-03-28,11,10:45,6.7293,17.0147,23.744,47.07,0.279407,80.0,40.0,0.0
2024-03-28,12,11:00,5.9956,17.1381,23.1337,37.0,0.213987,80.0,40.0,0.0
2024-03-28,13,11:15,7.1179,16.0793,23.1972,37.0,0.214574,80.0,40.0,0.0
2024-03-28,14,11:30,6.1091,3.2115,9.3206,37.0,0.086215,80.0,40.0,0.0
2024-03-28,15,11:45,5.6324,9.5021,15.1345,37.0,0.139994,40.0,80.0,0.0
2024-03-28,16,12:00,5.8458,17.0147,22.8605,6.74,0.03852,40.0,80.0,0.0
2024-03-28,17,12:15,5.1816,17.1381,22.3197,6.74,0.037609,40.0,80.0,0.0
2024-03-28,18,12:30,6.7301,16.0793,22.8094,6.74,0.038434,40.0,80.0,0.0
2024-03-28,19,12:45,3.9878,3.2115,7.1993,6.74,0.012131,40.0,80.0,0.0
2024-03-28,20,13:00,1.8638,9.5021,11.3659,0.05,0.000142,100.0,120.0,0.0
2024-03-28,21,13:15,6.7293,17.0147,23.744,0.05,0.000297,100.0,120.0,0.0
2024-03-28,22,13:30,5.9956,17.1381,23.1337,0.05,0.000289,100.0,120.0,0.0
2024-03-28,23,13:45,7.1179,16.0793,23.1972,0.05,0.00029,100.0,120.0,0.0
2024-03-28,24,14:00,6.1091,3.2115,9.3206,0.04,9.3e-05,100.0,120.0,0.0
2024-03-28,25,14:15,5.6324,9.5021,15.1345,0.04,0.000151,60.0,160.0,0.0
2024-03-28,26,14:30,5.8458,17.0147,22.8605,0.04,0.000229,60.0,160.0,0.0
2024-03-28,27,14:45,5.1816,17.1381,22.3197,0.04,0.000223,60.0,160.0,0.0
2024-03-28,28,15:00,6.7301,16.0793,22.8094,9.82,0.055997,60.0,30.0,130.0
2024-03-28,29,15:15,3.9878,3.2115,7.1993,9.82,0.017674,60.0,30.0,0.0
2024-03-28,30,15:30,0.0,9.5021,9.5021,9.82,0.023328,120.0,70.0,0.0
2024-03-28,31,15:45,0.0,17.0147,17.0147,9.82,0.041771,120.0,70.0,0.0
2024-03-28,32,16:00,0.0,17.1381,17.1381,33.17,0.142118,120.0,70.0,0.0
2024-03-28,33,16:15,0.0,16.0793,16.0793,33.17,0.133337,120.0,70.0,0.0
2024-03-28,34,16:30,0.0,3.2115,3.2115,33.17,0.026631,120.0,70.0,0.0
2024-03-28,35,16:45,0.0,9.5021,9.5021,33.17,0.078796,80.0,110.0,0.0
2024-03-28,36,17:00,0.0,17.0147,17.0147,52.72,0.224253,80.0,110.0,0.0
2024-03-28,37,17:15,0.0,17.1381,17.1381,52.72,0.22588,80.0,110.0,0.0
2024-03-28,38,17:30,0.0,16.0793,16.0793,52.72,0.211925,80.0,110.0,0.0
2024-03-28,39,17:45,0.0,3.2115,3.2115,52.72,0.042327,80.0,110.0,0.0
2024-03-28,40,18:00,0.0,0.0,0.0,73.97,0.0,80.0,150.0,0.0
2024-03-28,41,18:15,0.0,0.0,0.0,73.97,0.0,80.0,150.0,0.0
2024-03-28,42,18:30,0.0,0.0,0.0,73.97,0.0,80.0,150.0,0.0
2024-03-28,43,18:45,0.0,0.0,0.0,73.97,0.0,80.0,150.0,0.0
2024-03-28,44,19:00,0.0,0.0,0.0,70.33,0.0,80.0,150.0,0.0
2024-03-28,45,19:15,0.0,0.0,0.0,70.33,0.0,80.0,150.0,0.0
2024-03-28,46,19:30,0.0,0.0,0.0,70.33,0.0,80.0,150.0,0.0
2024-03-28,47,19:45,0.0,0.0,0.0,70.33,0.0,80.0,150.0,0.0
2024-03-28,48,20:00,0.0,0.0,0.0,62.54,0.0,80.0,150.0,0.0
2024-03-28,49,20:15,0.0,0.0,0.0,62.54,0.0,80.0,150.0,0.0
2024-03-28,50,20:30,0.0,0.0,0.0,62.54,0.0,80.0,150.0,0.0
2024-03-28,51,20:45,0.0,0.0,0.0,62.54,0.0,80.0,150.0,0.0
2024-03-28,52,21:00,0.0,0.0,0.0,51.83,0.0,80.0,150.0,0.0
2024-03-28,53,21:15,0.0,0.0,0.0,51.83,0.0,80.0,150.0,0.0
2024-03-28,54,21:30,0.0,0.0,0.0,51.83,0.0,80.0,150.0,0.0
2024-03-28,55,21:45,0.0,0.0,0.0,51.83,0.0,80.0,30.0,120.0
2024-04-02,0,08:00,1.8638,9.5021,11.3659,68.93,0.195863,40.0,30.0,0.0
2024-04-02,1,08:15,6.7293,17.0147,23.744,68.93,0.409168,40.0,30.0,0.0
2024-04-02,2,08:30,5.9956,17.1381,23.1337,68.93,0.398651,40.0,30.0,0.0
2024-04-02,3,08:45,7.1179,16.0793,23.1972,68.93,0.399745,40.0,30.0,0.0
2024-04-02,4,09:00,6.1091,3.2115,9.3206,46.98,0.10947,40.0,30.0,0.0
2024-04-02,5,09:15,5.6324,9.5021,15.1345,46.98,0.177755,0.0,70.0,0.0
2024-04-02,6,09:30,5.8458,17.0147,22.8605,46.98,0.268496,0.0,70.0,0.0
2024-04-02,7,09:45,5.1816,17.1381,22.3197,46.98,0.262144,0.0,70.0,0.0
2024-04-02,8,10:00,6.7301,16.0793,22.8094,2.66,0.015168,0.0,70.0,0.0
2024-04-02,9,10:15,3.9878,3.2115,7.1993,2.66,0.004788,0.0,70.0,0.0
2024-04-02,10,10:30,1.8638,9.5021,11.3659,2.66,0.007558,60.0,110.0,0.0
2024-04-02,11,10:45,6.7293,17.0147,23.744,2.66,0.01579,60.0,110.0,0.0
2024-04-02,12,11:00,5.9956,17.1381,23.1337,-0.06,-0.000347,60.0,110.0,0.0
2024-04-02,13,11:15,7.1179,16.0793,23.1972,-0.06,-0.000348,60.0,110.0,0.0
2024-04-02,14,11:30,6.1091,3.2115,9.3206,-0.06,-0.00014,60.0,110.0,0.0
2024-04-02,15,11:45,5.6324,9.5021,15.1345,-0.06,-0.000227,20.0,150.0,0.0
2024-04-02,16,12:00,5.8458,17.0147,22.8605,-1.09,-0.006229,20.0,150.0,0.0
2024-04-02,17,12:15,5.1816,17.1381,22.3197,-1.09,-0.006082,20.0,150.0,0.0
2024-04-02,18,12:30,6.7301,16.0793,22.8094,-1.09,-0.006216,20.0,150.0,0.0
2024-04-02,19,12:45,3.9878,3.2115,7.1993,-1.09,-0.001962,20.0,150.0,0.0
2024-04-02,20,13:00,0.0,9.5021,9.5021,-0.97,-0.002304,80.0,190.0,0.0
2024-04-02,21,13:15,0.0,17.0147,17.0147,-0.97,-0.004126,80.0,190.0,0.0
2024-04-02,22,13:30,0.0,17.1381,17.1381,-0.97,-0.004156,80.0,190.0,0.0
2024-04-02,23,13:45,0.0,16.0793,16.0793,-0.97,-0.003899,80.0,190.0,0.0
2024-04-02,24,14:00,0.0,3.2115,3.2115,-0.07,-5.6e-05,80.0,190.0,0.0
2024-04-02,25,14:15,0.0,9.5021,9.5021,-0.07,-0.000166,40.0,230.0,0.0
2024-04-02,26,14:30,0.0,17.0147,17.0147,-0.07,-0.000298,40.0,230.0,0.0
2024-04-02,27,14:45,0.0,17.1381,17.1381,-0.07,-0.0003,40.0,230.0,0.0
2024-04-02,28,15:00,0.0,16.0793,16.0793,0.0,0.0,40.0,90.0,140.0
2024-04-02,29,15:15,0.0,3.2115,3.2115,0.0,0.0,40.0,90.0,0.0
2024-04-02,30,15:30,0.0,0.0,0.0,0.0,0.0,40.0,130.0,0.0
2024-04-02,31,15:45,0.0,0.0,0.0,0.0,0.0,40.0,130.0,0.0
2024-04-02,32,16:00,0.0,0.0,0.0,4.31,0.0,40.0,130.0,0.0
2024-04-02,33,16:15,0.0,0.0,0.0,4.31,0.0,40.0,130.0,0.0
2024-04-02,34,16:30,0.0,0.0,0.0,4.31,0.0,40.0,130.0,0.0
2024-04-02,35,16:45,0.0,0.0,0.0,4.31,0.0,40.0,130.0,0.0
2024-04-02,36,17:00,0.0,0.0,0.0,41.46,0.0,40.0,130.0,0.0
2024-04-02,37,17:15,0.0,0.0,0.0,41.46,0.0,40.0,130.0,0.0
2024-04-02,38,17:30,0.0,0.0,0.0,41.46,0.0,40.0,130.0,0.0
2024-04-02,39,17:45,0.0,0.0,0.0,41.46,0.0,40.0,130.0,0.0
2024-04-02,40,18:00,0.0,0.0,0.0,72.7,0.0,40.0,130.0,0.0
2024-04-02,41,18:15,0.0,0.0,0.0,72.7,0.0,40.0,130.0,0.0
2024-04-02,42,18:30,0.0,0.0,0.0,72.7,0.0,40.0,130.0,0.0
2024-04-02,43,18:45,0.0,0.0,0.0,72.7,0.0,40.0,130.0,0.0
2024-04-02,44,19:00,0.0,0.0,0.0,95.39,0.0,40.0,130.0,0.0
2024-04-02,45,19:15,0.0,0.0,0.0,95.39,0.0,40.0,130.0,0.0
2024-04-02,46,19:30,0.0,0.0,0.0,95.39,0.0,40.0,130.0,0.0
2024-04-02,47,19:45,0.0,0.0,0.0,95.39,0.0,40.0,130.0,0.0
2024-04-02,48,20:00,0.0,0.0,0.0,94.88,0.0,40.0,130.0,0.0
2024-04-02,49,20:15,0.0,0.0,0.0,94.88,0.0,40.0,130.0,0.0
2024-04-02,50,20:30,0.0,0.0,0.0,94.88,0.0,40.0,130.0,0.0
2024-04-02,51,20:45,0.0,0.0,0.0,94.88,0.0,40.0,130.0,0.0
2024-04-02,52,21:00,0.0,0.0,0.0,78.13,0.0,40.0,130.0,0.0
2024-04-02,53,21:15,0.0,0.0,0.0,78.13,0.0,40.0,130.0,0.0
2024-04-02,54,21:30,0.0,0.0,0.0,78.13,0.0,40.0,130.0,0.0
2024-04-02,55,21:45,0.0,0.0,0.0,78.13,0.0,40.0,10.0,120.0
2024-04-03,0,08:00,1.8638,9.5021,11.3659,117.93,0.335096,0.0,10.0,0.0
2024-04-03,1,08:15,6.7293,17.0147,23.744,117.93,0.700031,0.0,10.0,0.0
2024-04-03,2,08:30,5.9956,17.1381,23.1337,117.93,0.682039,0.0,10.0,0.0
2024-04-03,3,08:45,7.1179,16.0793,23.1972,117.93,0.683911,0.0,10.0,0.0
2024-04-03,4,09:00,6.1091,3.2115,9.3206,100.98,0.235298,0.0,10.0,0.0
2024-04-03,5,09:15,5.6324,0.0,5.6324,100.98,0.142191,0.0,50.0,0.0
2024-04-03,6,09:30,5.8458,0.0,5.8458,100.98,0.147578,0.0,50.0,0.0
2024-04-03,7,09:45,5.1816,0.0,5.1816,100.98,0.130809,0.0,50.0,0.0
2024-04-03,8,10:00,6.7301,0.0,6.7301,107.35,0.180619,0.0,50.0,0.0
2024-04-03,9,10:15,3.9878,0.0,3.9878,107.35,0.107023,0.0,50.0,0.0
2024-04-03,10,10:30,1.8638,9.5021,11.3659,107.35,0.305033,60.0,50.0,0.0
2024-04-03,11,10:45,6.7293,17.0147,23.744,107.35,0.637228,60.0,50.0,0.0
2024-04-03,12,11:00,5.9956,17.1381,23.1337,90.81,0.525192,60.0,50.0,0.0
2024-04-03,13,11:15,7.1179,16.0793,23.1972,90.81,0.526634,60.0,50.0,0.0
2024-04-03,14,11:30,6.1091,3.2115,9.3206,90.81,0.2116,60.0,50.0,0.0
2024-04-03,15,11:45,5.6324,9.5021,15.1345,90.81,0.343592,20.0,90.0,0.0
2024-04-03,16,12:00,5.8458,17.0147,22.8605,82.03,0.468811,20.0,90.0,0.0
2024-04-03,17,12:15,5.1816,17.1381,22.3197,82.03,0.457721,20.0,90.0,0.0
2024-04-03,18,12:30,6.7301,16.0793,22.8094,82.03,0.467763,20.0,90.0,0.0
2024-04-03,19,12:45,3.9878,3.2115,7.1993,82.03,0.147639,20.0,90.0,0.0
2024-04-03,20,13:00,1.8638,9.5021,11.3659,76.88,0.218453,80.0,130.0,0.0
2024-04-03,21,13:15,6.7293,17.0147,23.744,76.88,0.456359,80.0,130.0,0.0
2024-04-03,22,13:30,5.9956,17.1381,23.1337,76.88,0.444629,80.0,130.0,0.0
2024-04-03,23,13:45,7.1179,16.0793,23.1972,76.88,0.44585,80.0,130.0,0.0
2024-04-03,24,14:00,6.1091,3.2115,9.3206,73.04,0.170193,80.0,130.0,0.0
2024-04-03,25,14:15,5.6324,9.5021,15.1345,73.04,0.276357,40.0,170.0,0.0
2024-04-03,26,14:30,5.8458,17.0147,22.8605,73.04,0.417432,40.0,170.0,0.0
2024-04-03,27,14:45,5.1816,17.1381,22.3197,73.04,0.407557,40.0,170.0,0.0
2024-04-03,28,15:00,6.7301,16.0793,22.8094,73.07,0.41667,40.0,10.0,160.0
2024-04-03,29,15:15,3.9878,3.2115,7.1993,73.07,0.131513,40.0,10.0,0.0
2024-04-03,30,15:30,1.8638,9.5021,11.3659,73.07,0.207627,100.0,50.0,0.0
2024-04-03,31,15:45,6.7293,17.0147,23.744,73.07,0.433743,100.0,50.0,0.0
2024-04-03,32,16:00,5.9956,17.1381,23.1337,76.7,0.443588,100.0,50.0,0.0
2024-04-03,33,16:15,7.1179,16.0793,23.1972,76.7,0.444806,100.0,50.0,0.0
2024-04-03,34,16:30,6.1091,3.2115,9.3206,76.7,0.178722,100.0,50.0,0.0
2024-04-03,35,16:45,5.6324,9.5021,15.1345,76.7,0.290205,60.0,90.0,0.0
2024-04-03,36,17:00,5.8458,17.0147,22.8605,92.44,0.528306,60.0,90.0,0.0
2024-04-03,37,17:15,5.1816,17.1381,22.3197,92.44,0.515807,60.0,90.0,0.0
2024-04-03,38,17:30,6.7301,16.0793,22.8094,92.44,0.527125,60.0,90.0,0.0
2024-04-03,39,17:45,3.9878,3.2115,7.1993,92.44,0.166376,60.0,90.0,0.0
2024-04-03,40,18:00,0.0,9.5021,9.5021,108.14,0.256889,120.0,130.0,0.0
2024-04-03,41,18:15,0.0,17.0147,17.0147,108.14,0.459992,120.0,130.0,0.0
2024-04-03,42,18:30,0.0,17.1381,17.1381,108.14,0.463328,120.0,130.0,0.0
2024-04-03,43,18:45,0.0,16.0793,16.0793,108.14,0.434703,120.0,130.0,0.0
2024-04-03,44,19:00,0.0,3.2115,3.2115,123.3,0.098994,120.0,130.0,0.0
2024-04-03,45,19:15,0.0,9.5021,9.5021,123.3,0.292902,80.0,170.0,0.0
2024-04-03,46,19:30,0.0,17.0147,17.0147,123.3,0.524477,80.0,170.0,0.0
2024-04-03,47,19:45,0.0,17.1381,17.1381,123.3,0.528282,80.0,170.0,0.0
2024-04-03,48,20:00,0.0,16.0793,16.0793,101.58,0.408333,80.0,170.0,0.0
2024-04-03,49,20:15,0.0,3.2115,3.2115,101.58,0.081556,80.0,170.0,0.0
2024-04-03,50,20:30,0.0,0.0,0.0,101.58,0.0,80.0,210.0,0.0
2024-04-03,51,20:45,0.0,0.0,0.0,101.58,0.0,80.0,210.0,0.0
2024-04-03,52,21:00,0.0,0.0,0.0,80.97,0.0,80.0,210.0,0.0
2024-04-03,53,21:15,0.0,0.0,0.0,80.97,0.0,80.0,210.0,0.0
2024-04-03,54,21:30,0.0,0.0,0.0,80.97,0.0,80.0,210.0,0.0
2024-04-03,55,21:45,0.0,0.0,0.0,80.97,0.0,80.0,40.0,170.0
2024-04-04,0,08:00,1.8638,9.5021,11.3659,77.18,0.219306,40.0,40.0,0.0
2024-04-04,1,08:15,6.7293,17.0147,23.744,77.18,0.45814,40.0,40.0,0.0
2024-04-04,2,08:30,5.9956,17.1381,23.1337,77.18,0.446364,40.0,40.0,0.0
2024-04-04,3,08:45,7.1179,16.0793,23.1972,77.18,0.447589,40.0,40.0,0.0
2024-04-04,4,09:00,6.1091,3.2115,9.3206,71.94,0.16763,40.0,40.0,0.0
2024-04-04,5,09:15,5.6324,9.5021,15.1345,71.94,0.272195,0.0,80.0,0.0
2024-04-04,6,09:30,5.8458,17.0147,22.8605,71.94,0.411146,0.0,80.0,0.0
2024-04-04,7,09:45,5.1816,17.1381,22.3197,71.94,0.401419,0.0,80.0,0.0
2024-04-04,8,10:00,6.7301,16.0793,22.8094,69.45,0.396028,0.0,80.0,0.0
2024-04-04,9,10:15,3.9878,3.2115,7.1993,69.45,0.124998,0.0,80.0,0.0
2024-04-04,10,10:30,1.8638,9.5021,11.3659,69.45,0.197341,60.0,120.0,0.0
2024-04-04,11,10:45,6.7293,17.0147,23.744,69.45,0.412254,60.0,120.0,0.0
2024-04-04,12,11:00,5.9956,17.1381,23.1337,63.06,0.364702,60.0,120.0,0.0
2024-04-04,13,11:15,7.1179,16.0793,23.1972,63.06,0.365703,60.0,120.0,0.0
2024-04-04,14,11:30,6.1091,3.2115,9.3206,63.06,0.146939,60.0,120.0,0.0
2024-04-04,15,11:45,5.6324,9.5021,15.1345,63.06,0.238596,20.0,160.0,0.0
2024-04-04,16,12:00,5.8458,17.0147,22.8605,58.08,0.331934,20.0,160.0,0.0
2024-04-04,17,12:15,5.1816,17.1381,22.3197,58.08,0.324082,20.0,160.0,0.0
2024-04-04,18,12:30,6.7301,16.0793,22.8094,58.08,0.331192,20.0,160.0,0.0
2024-04-04,19,12:45,3.9878,3.2115,7.1993,58.08,0.104534,20.0,160.0,0.0
2024-04-04,20,13:00,1.8638,9.5021,11.3659,56.22,0.159748,80.0,200.0,0.0
2024-04-04,21,13:15,6.7293,17.0147,23.744,56.22,0.333721,80.0,200.0,0.0
2024-04-04,22,13:30,5.9956,17.1381,23.1337,56.22,0.325144,80.0,200.0,0.0
2024-04-04,23,13:45,7.1179,16.0793,23.1972,56.22,0.326036,80.0,200.0,0.0
2024-04-04,24,14:00,6.1091,3.2115,9.3206,55.49,0.129299,80.0,200.0,0.0
2024-04-04,25,14:15,5.6324,9.5021,15.1345,55.49,0.209954,40.0,240.0,0.0
2024-04-04,26,14:30,5.8458,17.0147,22.8605,55.49,0.317132,40.0,240.0,0.0
2024-04-04,27,14:45,5.1816,17.1381,22.3197,55.49,0.30963,40.0,240.0,0.0
2024-04-04,28,15:00,6.7301,16.0793,22.8094,56.17,0.320301,40.0,70.0,170.0
2024-04-04,29,15:15,3.9878,3.2115,7.1993,56.17,0.101096,40.0,70.0,0.0
2024-04-04,30,15:30,0.0,9.5021,9.5021,56.17,0.133433,100.0,110.0,0.0
2024-04-04,31,15:45,0.0,17.0147,17.0147,56.17,0.238929,100.0,110.0,0.0
2024-04-04,32,16:00,0.0,17.1381,17.1381,57.08,0.244561,100.0,110.0,0.0
2024-04-04,33,16:15,0.0,16.0793,16.0793,57.08,0.229451,100.0,110.0,0.0
2024-04-04,34,16:30,0.0,3.2115,3.2115,57.08,0.045828,100.0,110.0,0.0
2024-04-04,35,16:45,0.0,9.5021,9.5021,57.08,0.135595,60.0,150.0,0.0
2024-04-04,36,17:00,0.0,17.0147,17.0147,69.08,0.293843,60.0,150.0,0.0
2024-04-04,37,17:15,0.0,17.1381,17.1381,69.08,0.295975,60.0,150.0,0.0
2024-04-04,38,17:30,0.0,16.0793,16.0793,69.08,0.277689,60.0,150.0,0.0
2024-04-04,39,17:45,0.0,3.2115,3.2115,69.08,0.055462,60.0,150.0,0.0
2024-04-04,40,18:00,0.0,0.0,0.0,75.36,0.0,60.0,190.0,0.0
2024-04-04,41,18:15,0.0,0.0,0.0,75.36,0.0,60.0,190.0,0.0
2024-04-04,42,18:30,0.0,0.0,0.0,75.36,0.0,60.0,190.0,0.0
2024-04-04,43,18:45,0.0,0.0,0.0,75.36,0.0,60.0,190.0,0.0
2024-04-04,44,19:00,0.0,0.0,0.0,90.66,0.0,60.0,190.0,0.0
2024-04-04,45,19:15,0.0,0.0,0.0,90.66,0.0,60.0,190.0,0.0
2024-04-04,46,19:30,0.0,0.0,0.0,90.66,0.0,60.0,190.0,0.0
2024-04-04,47,19:45,0.0,0.0,0.0,90.66,0.0,60.0,190.0,0.0
2024-04-04,48,20:00,0.0,0.0,0.0,80.58,0.0,60.0,190.0,0.0
2024-04-04,49,20:15,0.0,0.0,0.0,80.58,0.0,60.0,190.0,0.0
2024-04-04,50,20:30,0.0,0.0,0.0,80.58,0.0,60.0,190.0,0.0
2024-04-04,51,20:45,0.0,0.0,0.0,80.58,0.0,60.0,190.0,0.0
2024-04-04,52,21:00,0.0,0.0,0.0,73.29,0.0,60.0,190.0,0.0
2024-04-04,53,21:15,0.0,0.0,0.0,73.29,0.0,60.0,190.0,0.0
2024-04-04,54,21:30,0.0,0.0,0.0,73.29,0.0,60.0,190.0,0.0
2024-04-04,55,21:45,0.0,0.0,0.0,73.29,0.0,60.0,60.0,130.0
2024-04-05,0,08:00,1.8638,9.5021,11.3659,81.0,0.23016,20.0,60.0,0.0
2024-04-05,1,08:15,6.7293,17.0147,23.744,81.0,0.480815,20.0,60.0,0.0
2024-04-05,2,08:30,5.9956,17.1381,23.1337,81.0,0.468457,20.0,60.0,0.0
2024-04-05,3,08:45,7.1179,16.0793,23.1972,81.0,0.469743,20.0,60.0,0.0
2024-04-05,4,09:00,6.1091,3.2115,9.3206,67.59,0.157494,20.0,60.0,0.0
2024-04-05,5,09:15,5.6324,0.0,5.6324,67.59,0.095174,20.0,100.0,0.0
2024-04-05,6,09:30,5.8458,0.0,5.8458,67.59,0.09878,20.0,100.0,0.0
2024-04-05,7,09:45,5.1816,0.0,5.1816,67.59,0.087556,20.0,100.0,0.0
2024-04-05,8,10:00,6.7301,0.0,6.7301,50.5,0.084968,20.0,100.0,0.0
2024-04-05,9,10:15,3.9878,0.0,3.9878,50.5,0.050346,20.0,100.0,0.0
2024-04-05,10,10:30,1.8638,9.5021,11.3659,50.5,0.143495,80.0,100.0,0.0
2024-04-05,11,10:45,6.7293,17.0147,23.744,50.5,0.299767,80.0,100.0,0.0
2024-04-05,12,11:00,5.9956,17.1381,23.1337,25.97,0.150195,80.0,100.0,0.0
2024-04-05,13,11:15,7.1179,16.0793,23.1972,25.97,0.150608,80.0,100.0,0.0
2024-04-05,14,11:30,6.1091,3.2115,9.3206,25.97,0.060514,80.0,100.0,0.0
2024-04-05,15,11:45,5.6324,9.5021,15.1345,25.97,0.098261,40.0,140.0,0.0
2024-04-05,16,12:00,5.8458,17.0147,22.8605,9.16,0.052351,40.0,140.0,0.0
2024-04-05,17,12:15,5.1816,17.1381,22.3197,9.16,0.051112,40.0,140.0,0.0
2024-04-05,18,12:30,6.7301,16.0793,22.8094,9.16,0.052233,40.0,140.0,0.0
2024-04-05,19,12:45,3.9878,3.2115,7.1993,9.16,0.016486,40.0,140.0,0.0
2024-04-05,20,13:00,1.8638,9.5021,11.3659,0.0,0.0,100.0,180.0,0.0
2024-04-05,21,13:15,6.7293,17.0147,23.744,0.0,0.0,100.0,180.0,0.0
2024-04-05,22,13:30,5.9956,17.1381,23.1337,0.0,0.0,100.0,180.0,0.0
2024-04-05,23,13:45,7.1179,16.0793,23.1972,0.0,0.0,100.0,180.0,0.0
2024-04-05,24,14:00,6.1091,3.2115,9.3206,-0.1,-0.000233,100.0,180.0,0.0
2024-04-05,25,14:15,5.6324,9.5021,15.1345,-0.1,-0.000378,60.0,220.0,0.0
2024-04-05,26,14:30,5.8458,17.0147,22.8605,-0.1,-0.000572,60.0,220.0,0.0
2024-04-05,27,14:45,5.1816,17.1381,22.3197,-0.1,-0.000558,60.0,220.0,0.0
2024-04-05,28,15:00,6.7301,16.0793,22.8094,0.05,0.000285,60.0,70.0,150.0
2024-04-05,29,15:15,3.9878,3.2115,7.1993,0.05,9e-05,60.0,70.0,0.0
2024-04-05,30,15:30,0.0,9.5021,9.5021,0.05,0.000119,120.0,110.0,0.0
2024-04-05,31,15:45,0.0,17.0147,17.0147,0.05,0.000213,120.0,110.0,0.0
2024-04-05,32,16:00,0.0,17.1381,17.1381,8.09,0.034662,120.0,110.0,0.0
2024-04-05,33,16:15,0.0,16.0793,16.0793,8.09,0.03252,120.0,110.0,0.0
2024-04-05,34,16:30,0.0,3.2115,3.2115,8.09,0.006495,120.0,110.0,0.0
2024-04-05,35,16:45,0.0,9.5021,9.5021,8.09,0.019218,80.0,150.0,0.0
2024-04-05,36,17:00,0.0,17.0147,17.0147,37.46,0.159342,80.0,150.0,0.0
2024-04-05,37,17:15,0.0,17.1381,17.1381,37.46,0.160498,80.0,150.0,0.0
2024-04-05,38,17:30,0.0,16.0793,16.0793,37.46,0.150582,80.0,150.0,0.0
2024-04-05,39,17:45,0.0,3.2115,3.2115,37.46,0.030076,80.0,150.0,0.0
2024-04-05,40,18:00,0.0,0.0,0.0,49.65,0.0,80.0,190.0,0.0
2024-04-05,41,18:15,0.0,0.0,0.0,49.65,0.0,80.0,190.0,0.0
2024-04-05,42,18:30,0.0,0.0,0.0,49.65,0.0,80.0,190.0,0.0
2024-04-05,43,18:45,0.0,0.0,0.0,49.65,0.0,80.0,190.0,0.0
2024-04-05,44,19:00,0.0,0.0,0.0,55.94,0.0,80.0,190.0,0.0
2024-04-05,45,19:15,0.0,0.0,0.0,55.94,0.0,80.0,190.0,0.0
2024-04-05,46,19:30,0.0,0.0,0.0,55.94,0.0,80.0,190.0,0.0
2024-04-05,47,19:45,0.0,0.0,0.0,55.94,0.0,80.0,190.0,0.0
2024-04-05,48,20:00,0.0,0.0,0.0,55.64,0.0,80.0,190.0,0.0
2024-04-05,49,20:15,0.0,0.0,0.0,55.64,0.0,80.0,190.0,0.0
2024-04-05,50,20:30,0.0,0.0,0.0,55.64,0.0,80.0,190.0,0.0
2024-04-05,51,20:45,0.0,0.0,0.0,55.64,0.0,80.0,190.0,0.0
2024-04-05,52,21:00,0.0,0.0,0.0,54.71,0.0,80.0,190.0,0.0
2024-04-05,53,21:15,0.0,0.0,0.0,54.71,0.0,80.0,190.0,0.0
2024-04-05,54,21:30,0.0,0.0,0.0,54.71,0.0,80.0,190.0,0.0
2024-04-05,55,21:45,0.0,0.0,0.0,54.71,0.0,80.0,70.0,120.0
2024-04-08,0,08:00,1.8638,9.5021,11.3659,128.52,0.365187,40.0,70.0,0.0
2024-04-08,1,08:15,6.7293,17.0147,23.744,128.52,0.762893,40.0,70.0,0.0
2024-04-08,2,08:30,5.9956,17.1381,23.1337,128.52,0.743285,40.0,70.0,0.0
2024-04-08,3,08:45,7.1179,16.0793,23.1972,128.52,0.745325,40.0,70.0,0.0
2024-04-08,4,09:00,6.1091,3.2115,9.3206,85.51,0.19925,40.0,70.0,0.0
2024-04-08,5,09:15,5.6324,9.5021,15.1345,85.51,0.323539,0.0,110.0,0.0
2024-04-08,6,09:30,5.8458,17.0147,22.8605,85.51,0.4887,0.0,110.0,0.0
2024-04-08,7,09:45,5.1816,17.1381,22.3197,85.51,0.477139,0.0,110.0,0.0
2024-04-08,8,10:00,6.7301,16.0793,22.8094,80.6,0.459609,0.0,110.0,0.0
2024-04-08,9,10:15,3.9878,3.2115,7.1993,80.6,0.145066,0.0,110.0,0.0
2024-04-08,10,10:30,0.0,9.5021,9.5021,80.6,0.191467,60.0,150.0,0.0
2024-04-08,11,10:45,0.0,17.0147,17.0147,80.6,0.342846,60.0,150.0,0.0
2024-04-08,12,11:00,0.0,17.1381,17.1381,71.23,0.305187,60.0,150.0,0.0
2024-04-08,13,11:15,0.0,16.0793,16.0793,71.23,0.286332,60.0,150.0,0.0
2024-04-08,14,11:30,0.0,3.2115,3.2115,71.23,0.057189,60.0,150.0,0.0
2024-04-08,15,11:45,0.0,0.0,0.0,71.23,0.0,60.0,190.0,0.0
2024-04-08,16,12:00,0.0,0.0,0.0,64.7,0.0,60.0,190.0,0.0
2024-04-08,17,12:15,0.0,0.0,0.0,64.7,0.0,60.0,190.0,0.0
2024-04-08,18,12:30,0.0,0.0,0.0,64.7,0.0,60.0,190.0,0.0
2024-04-08,19,12:45,0.0,0.0,0.0,64.7,0.0,60.0,190.0,0.0
2024-04-08,20,13:00,0.0,0.0,0.0,60.0,0.0,60.0,190.0,0.0
2024-04-08,21,13:15,0.0,0.0,0.0,60.0,0.0,60.0,190.0,0.0
2024-04-08,22,13:30,0.0,0.0,0.0,60.0,0.0,60.0,190.0,0.0
2024-04-08,23,13:45,0.0,0.0,0.0,60.0,0.0,60.0,190.0,0.0
2024-04-08,24,14:00,0.0,0.0,0.0,57.89,0.0,60.0,190.0,0.0
2024-04-08,25,14:15,0.0,0.0,0.0,57.89,0.0,60.0,190.0,0.0
2024-04-08,26,14:30,0.0,0.0,0.0,57.89,0.0,60.0,190.0,0.0
2024-04-08,27,14:45,0.0,0.0,0.0,57.89,0.0,60.0,190.0,0.0
2024-04-08,28,15:00,0.0,0.0,0.0,63.4,0.0,60.0,20.0,170.0
2024-04-08,29,15:15,0.0,0.0,0.0,63.4,0.0,60.0,20.0,0.0
2024-04-08,30,15:30,0.0,0.0,0.0,63.4,0.0,60.0,20.0,0.0
2024-04-08,31,15:45,0.0,0.0,0.0,63.4,0.0,60.0,20.0,0.0
2024-04-08,32,16:00,0.0,0.0,0.0,70.0,0.0,60.0,20.0,0.0
2024-04-08,33,16:15,0.0,0.0,0.0,70.0,0.0,60.0,20.0,0.0
2024-04-08,34,16:30,0.0,0.0,0.0,70.0,0.0,60.0,20.0,0.0
2024-04-08,35,16:45,0.0,0.0,0.0,70.0,0.0,60.0,20.0,0.0
2024-04-08,36,17:00,0.0,0.0,0.0,75.01,0.0,60.0,20.0,0.0
2024-04-08,37,17:15,0.0,0.0,0.0,75.01,0.0,60.0,20.0,0.0
2024-04-08,38,17:30,0.0,0.0,0.0,75.01,0.0,60.0,20.0,0.0
2024-04-08,39,17:45,0.0,0.0,0.0,75.01,0.0,60.0,20.0,0.0
2024-04-08,40,18:00,0.0,0.0,0.0,104.9,0.0,60.0,20.0,0.0
2024-04-08,41,18:15,0.0,0.0,0.0,104.9,0.0,60.0,20.0,0.0
2024-04-08,42,18:30,0.0,0.0,0.0,104.9,0.0,60.0,20.0,0.0
2024-04-08,43,18:45,0.0,0.0,0.0,104.9,0.0,60.0,20.0,0.0
2024-04-08,44,19:00,0.0,0.0,0.0,137.3,0.0,60.0,20.0,0.0
2024-04-08,45,19:15,0.0,0.0,0.0,137.3,0.0,60.0,20.0,0.0
2024-04-08,46,19:30,0.0,0.0,0.0,137.3,0.0,60.0,20.0,0.0
2024-04-08,47,19:45,0.0,0.0,0.0,137.3,0.0,60.0,20.0,0.0
2024-04-08,48,20:00,0.0,0.0,0.0,124.8,0.0,60.0,20.0,0.0
2024-04-08,49,20:15,0.0,0.0,0.0,124.8,0.0,60.0,20.0,0.0
2024-04-08,50,20:30,0.0,0.0,0.0,124.8,0.0,60.0,20.0,0.0
2024-04-08,51,20:45,0.0,0.0,0.0,124.8,0.0,60.0,20.0,0.0
2024-04-08,52,21:00,0.0,0.0,0.0,84.85,0.0,60.0,20.0,0.0
2024-04-08,53,21:15,0.0,0.0,0.0,84.85,0.0,60.0,20.0,0.0
2024-04-08,54,21:30,0.0,0.0,0.0,84.85,0.0,60.0,20.0,0.0
2024-04-08,55,21:45,0.0,0.0,0.0,84.85,0.0,60.0,20.0,0.0
2024-04-09,0,08:00,1.8638,9.5021,11.3659,79.78,0.226694,20.0,20.0,0.0
2024-04-09,1,08:15,6.7293,17.0147,23.744,79.78,0.473573,20.0,20.0,0.0
2024-04-09,2,08:30,5.9956,17.1381,23.1337,79.78,0.461401,20.0,20.0,0.0
2024-04-09,3,08:45,7.1179,16.0793,23.1972,79.78,0.462668,20.0,20.0,0.0
2024-04-09,4,09:00,6.1091,3.2115,9.3206,68.3,0.159149,20.0,20.0,0.0
2024-04-09,5,09:15,5.6324,0.0,5.6324,68.3,0.096174,20.0,60.0,0.0
2024-04-09,6,09:30,5.8458,0.0,5.8458,68.3,0.099817,20.0,60.0,0.0
2024-04-09,7,09:45,5.1816,0.0,5.1816,68.3,0.088475,20.0,60.0,0.0
2024-04-09,8,10:00,6.7301,0.0,6.7301,51.6,0.086818,20.0,60.0,0.0
2024-04-09,9,10:15,3.9878,0.0,3.9878,51.6,0.051443,20.0,60.0,0.0
2024-04-09,10,10:30,1.8638,9.5021,11.3659,51.6,0.146621,80.0,60.0,0.0
2024-04-09,11,10:45,6.7293,17.0147,23.744,51.6,0.306297,80.0,60.0,0.0
2024-04-09,12,11:00,5.9956,17.1381,23.1337,43.98,0.254355,80.0,60.0,0.0
2024-04-09,13,11:15,7.1179,16.0793,23.1972,43.98,0.255053,80.0,60.0,0.0
2024-04-09,14,11:30,6.1091,3.2115,9.3206,43.98,0.10248,80.0,60.0,0.0
2024-04-09,15,11:45,5.6324,9.5021,15.1345,43.98,0.166404,40.0,100.0,0.0
2024-04-09,16,12:00,5.8458,17.0147,22.8605,36.05,0.20603,40.0,100.0,0.0
2024-04-09,17,12:15,5.1816,17.1381,22.3197,36.05,0.201156,40.0,100.0,0.0
2024-04-09,18,12:30,6.7301,16.0793,22.8094,36.05,0.20557,40.0,100.0,0.0
2024-04-09,19,12:45,3.9878,3.2115,7.1993,36.05,0.064884,40.0,100.0,0.0
2024-04-09,20,13:00,1.8638,9.5021,11.3659,10.09,0.028671,100.0,140.0,0.0
2024-04-09,21,13:15,6.7293,17.0147,23.744,10.09,0.059894,100.0,140.0,0.0
2024-04-09,22,13:30,5.9956,17.1381,23.1337,10.09,0.058355,100.0,140.0,0.0
2024-04-09,23,13:45,7.1179,16.0793,23.1972,10.09,0.058515,100.0,140.0,0.0
2024-04-09,24,14:00,6.1091,3.2115,9.3206,10.5,0.024466,100.0,140.0,0.0
2024-04-09,25,14:15,5.6324,9.5021,15.1345,10.5,0.039728,60.0,180.0,0.0
2024-04-09,26,14:30,5.8458,17.0147,22.8605,10.5,0.060009,60.0,180.0,0.0
2024-04-09,27,14:45,5.1816,17.1381,22.3197,10.5,0.058589,60.0,180.0,0.0
2024-04-09,28,15:00,6.7301,16.0793,22.8094,29.04,0.165596,60.0,30.0,150.0
2024-04-09,29,15:15,3.9878,3.2115,7.1993,29.04,0.052267,60.0,30.0,0.0
2024-04-09,30,15:30,0.0,9.5021,9.5021,29.04,0.068985,120.0,70.0,0.0
2024-04-09,31,15:45,0.0,17.0147,17.0147,29.04,0.123527,120.0,70.0,0.0
2024-04-09,32,16:00,0.0,17.1381,17.1381,38.27,0.163969,120.0,70.0,0.0
2024-04-09,33,16:15,0.0,16.0793,16.0793,38.27,0.153839,120.0,70.0,0.0
2024-04-09,34,16:30,0.0,3.2115,3.2115,38.27,0.030726,120.0,70.0,0.0
2024-04-09,35,16:45,0.0,9.5021,9.5021,38.27,0.090911,80.0,110.0,0.0
2024-04-09,36,17:00,0.0,17.0147,17.0147,50.15,0.213321,80.0,110.0,0.0
2024-04-09,37,17:15,0.0,17.1381,17.1381,50.15,0.214869,80.0,110.0,0.0
2024-04-09,38,17:30,0.0,16.0793,16.0793,50.15,0.201594,80.0,110.0,0.0
2024-04-09,39,17:45,0.0,3.2115,3.2115,50.15,0.040264,80.0,110.0,0.0
2024-04-09,40,18:00,0.0,9.5021,9.5021,65.9,0.156547,40.0,150.0,0.0
2024-04-09,41,18:15,0.0,17.0147,17.0147,65.9,0.280317,40.0,150.0,0.0
2024-04-09,42,18:30,0.0,17.1381,17.1381,65.9,0.28235,40.0,150.0,0.0
2024-04-09,43,18:45,0.0,16.0793,16.0793,65.9,0.264906,40.0,150.0,0.0
2024-04-09,44,19:00,0.0,3.2115,3.2115,81.75,0.065635,40.0,150.0,0.0
2024-04-09,45,19:15,0.0,0.0,0.0,81.75,0.0,40.0,190.0,0.0
2024-04-09,46,19:30,0.0,0.0,0.0,81.75,0.0,40.0,190.0,0.0
2024-04-09,47,19:45,0.0,0.0,0.0,81.75,0.0,40.0,190.0,0.0
2024-04-09,48,20:00,0.0,0.0,0.0,81.74,0.0,40.0,190.0,0.0
2024-04-09,49,20:15,0.0,0.0,0.0,81.74,0.0,40.0,190.0,0.0
2024-04-09,50,20:30,0.0,0.0,0.0,81.74,0.0,40.0,190.0,0.0
2024-04-09,51,20:45,0.0,0.0,0.0,81.74,0.0,40.0,190.0,0.0
2024-04-09,52,21:00,0.0,0.0,0.0,67.98,0.0,40.0,190.0,0.0
2024-04-09,53,21:15,0.0,0.0,0.0,67.98,0.0,40.0,190.0,0.0
2024-04-09,54,21:30,0.0,0.0,0.0,67.98,0.0,40.0,190.0,0.0
2024-04-09,55,21:45,0.0,0.0,0.0,67.98,0.0,40.0,20.0,170.0
2024-04-10,0,08:00,1.8638,9.5021,11.3659,106.02,0.301254,0.0,20.0,0.0
2024-04-10,1,08:15,6.7293,17.0147,23.744,106.02,0.629333,0.0,20.0,0.0
2024-04-10,2,08:30,5.9956,17.1381,23.1337,106.02,0.613158,0.0,20.0,0.0
2024-04-10,3,08:45,7.1179,16.0793,23.1972,106.02,0.614841,0.0,20.0,0.0
2024-04-10,4,09:00,6.1091,3.2115,9.3206,80.46,0.187483,0.0,20.0,0.0
2024-04-10,5,09:15,5.6324,0.0,5.6324,80.46,0.113297,0.0,60.0,0.0
2024-04-10,6,09:30,5.8458,0.0,5.8458,80.46,0.117589,0.0,60.0,0.0
2024-04-10,7,09:45,5.1816,0.0,5.1816,80.46,0.104227,0.0,60.0,0.0
2024-04-10,8,10:00,6.7301,0.0,6.7301,67.66,0.11384,0.0,60.0,0.0
2024-04-10,9,10:15,3.9878,0.0,3.9878,67.66,0.067454,0.0,60.0,0.0
2024-04-10,10,10:30,1.8638,9.5021,11.3659,67.66,0.192255,60.0,60.0,0.0
2024-04-10,11,10:45,6.7293,17.0147,23.744,67.66,0.401629,60.0,60.0,0.0
2024-04-10,12,11:00,5.9956,17.1381,23.1337,56.05,0.324161,60.0,60.0,0.0
2024-04-10,13,11:15,7.1179,16.0793,23.1972,56.05,0.32505,60.0,60.0,0.0
2024-04-10,14,11:30,6.1091,3.2115,9.3206,56.05,0.130604,60.0,60.0,0.0
2024-04-10,15,11:45,5.6324,9.5021,15.1345,56.05,0.212073,20.0,100.0,0.0
2024-04-10,16,12:00,5.8458,17.0147,22.8605,55.62,0.317875,20.0,100.0,0.0
2024-04-10,17,12:15,5.1816,17.1381,22.3197,55.62,0.310355,20.0,100.0,0.0
2024-04-10,18,12:30,6.7301,16.0793,22.8094,55.62,0.317164,20.0,100.0,0.0
2024-04-10,19,12:45,3.9878,3.2115,7.1993,55.62,0.100106,20.0,100.0,0.0
2024-04-10,20,13:00,1.8638,9.5021,11.3659,30.32,0.086154,80.0,140.0,0.0
2024-04-10,21,13:15,6.7293,17.0147,23.744,30.32,0.179979,80.0,140.0,0.0
2024-04-10,22,13:30,5.9956,17.1381,23.1337,30.32,0.175353,80.0,140.0,0.0
2024-04-10,23,13:45,7.1179,16.0793,23.1972,30.32,0.175835,80.0,140.0,0.0
2024-04-10,24,14:00,6.1091,3.2115,9.3206,31.29,0.07291,80.0,140.0,0.0
2024-04-10,25,14:15,5.6324,9.5021,15.1345,31.29,0.11839,40.0,180.0,0.0
2024-04-10,26,14:30,5.8458,17.0147,22.8605,31.29,0.178826,40.0,180.0,0.0
2024-04-10,27,14:45,5.1816,17.1381,22.3197,31.29,0.174596,40.0,180.0,0.0
2024-04-10,28,15:00,6.7301,16.0793,22.8094,55.35,0.315625,40.0,0.0,180.0
2024-04-10,29,15:15,3.9878,3.2115,7.1993,55.35,0.09962,40.0,0.0,0.0
2024-04-10,30,15:30,1.8638,9.5021,11.3659,55.35,0.157276,100.0,40.0,0.0
2024-04-10,31,15:45,6.7293,17.0147,23.744,55.35,0.328557,100.0,40.0,0.0
2024-04-10,32,16:00,5.9956,17.1381,23.1337,62.91,0.363835,100.0,40.0,0.0
2024-04-10,33,16:15,7.1179,16.0793,23.1972,62.91,0.364834,100.0,40.0,0.0
2024-04-10,34,16:30,6.1091,3.2115,9.3206,62.91,0.146589,100.0,40.0,0.0
2024-04-10,35,16:45,5.6324,9.5021,15.1345,62.91,0.238028,60.0,80.0,0.0
2024-04-10,36,17:00,5.8458,17.0147,22.8605,75.32,0.430463,60.0,80.0,0.0
2024-04-10,37,17:15,5.1816,17.1381,22.3197,75.32,0.420279,60.0,80.0,0.0
2024-04-10,38,17:30,6.7301,16.0793,22.8094,75.32,0.429501,60.0,80.0,0.0
2024-04-10,39,17:45,3.9878,3.2115,7.1993,75.32,0.135563,60.0,80.0,0.0
2024-04-10,40,18:00,0.0,9.5021,9.5021,100.83,0.239524,120.0,120.0,0.0
2024-04-10,41,18:15,0.0,17.0147,17.0147,100.83,0.428897,120.0,120.0,0.0
2024-04-10,42,18:30,0.0,17.1381,17.1381,100.83,0.432008,120.0,120.0,0.0
2024-04-10,43,18:45,0.0,16.0793,16.0793,100.83,0.405318,120.0,120.0,0.0
2024-04-10,44,19:00,0.0,3.2115,3.2115,191.15,0.153469,120.0,120.0,0.0
2024-04-10,45,19:15,0.0,9.5021,9.5021,191.15,0.454081,80.0,160.0,0.0
2024-04-10,46,19:30,0.0,17.0147,17.0147,191.15,0.813089,80.0,160.0,0.0
2024-04-10,47,19:45,0.0,17.1381,17.1381,191.15,0.818987,80.0,160.0,0.0
2024-04-10,48,20:00,0.0,16.0793,16.0793,191.19,0.768549,80.0,160.0,0.0
2024-04-10,49,20:15,0.0,3.2115,3.2115,191.19,0.153501,80.0,160.0,0.0
2024-04-10,50,20:30,0.0,0.0,0.0,191.19,0.0,80.0,200.0,0.0
2024-04-10,51,20:45,0.0,0.0,0.0,191.19,0.0,80.0,200.0,0.0
2024-04-10,52,21:00,0.0,0.0,0.0,115.59,0.0,80.0,200.0,0.0
2024-04-10,53,21:15,0.0,0.0,0.0,115.59,0.0,80.0,200.0,0.0
2024-04-10,54,21:30,0.0,0.0,0.0,115.59,0.0,80.0,200.0,0.0
2024-04-10,55,21:45,0.0,0.0,0.0,115.59,0.0,80.0,20.0,180.0
2024-04-11,0,08:00,1.8638,9.5021,11.3659,52.2,0.148325,40.0,20.0,0.0
2024-04-11,1,08:15,6.7293,17.0147,23.744,52.2,0.309859,40.0,20.0,0.0
2024-04-11,2,08:30,5.9956,17.1381,23.1337,52.2,0.301895,40.0,20.0,0.0
2024-04-11,3,08:45,7.1179,16.0793,23.1972,52.2,0.302723,40.0,20.0,0.0
2024-04-11,4,09:00,6.1091,3.2115,9.3206,30.0,0.069904,40.0,20.0,0.0
2024-04-11,5,09:15,5.6324,9.5021,15.1345,30.0,0.113509,0.0,60.0,0.0
2024-04-11,6,09:30,5.8458,17.0147,22.8605,30.0,0.171454,0.0,60.0,0.0
2024-04-11,7,09:45,5.1816,17.1381,22.3197,30.0,0.167398,0.0,60.0,0.0
2024-04-11,8,10:00,6.7301,16.0793,22.8094,10.05,0.057309,0.0,60.0,0.0
2024-04-11,9,10:15,3.9878,3.2115,7.1993,10.05,0.018088,0.0,60.0,0.0
2024-04-11,10,10:30,0.0,9.5021,9.5021,10.05,0.023874,60.0,100.0,0.0
2024-04-11,11,10:45,0.0,17.0147,17.0147,10.05,0.042749,60.0,100.0,0.0
2024-04-11,12,11:00,0.0,17.1381,17.1381,0.86,0.003685,60.0,100.0,0.0
2024-04-11,13,11:15,0.0,16.0793,16.0793,0.86,0.003457,60.0,100.0,0.0
2024-04-11,14,11:30,0.0,3.2115,3.2115,0.86,0.00069,60.0,100.0,0.0
2024-04-11,15,11:45,0.0,9.5021,9.5021,0.86,0.002043,20.0,140.0,0.0
2024-04-11,16,12:00,0.0,17.0147,17.0147,0.91,0.003871,20.0,140.0,0.0
2024-04-11,17,12:15,0.0,17.1381,17.1381,0.91,0.003899,20.0,140.0,0.0
2024-04-11,18,12:30,0.0,16.0793,16.0793,0.91,0.003658,20.0,140.0,0.0
2024-04-11,19,12:45,0.0,3.2115,3.2115,0.91,0.000731,20.0,140.0,0.0
2024-04-11,20,13:00,0.0,0.0,0.0,1.1,0.0,20.0,180.0,0.0
2024-04-11,21,13:15,0.0,0.0,0.0,1.1,0.0,20.0,180.0,0.0
2024-04-11,22,13:30,0.0,0.0,0.0,1.1,0.0,20.0,180.0,0.0
2024-04-11,23,13:45,0.0,0.0,0.0,1.1,0.0,20.0,180.0,0.0
2024-04-11,24,14:00,0.0,0.0,0.0,0.57,0.0,20.0,180.0,0.0
2024-04-11,25,14:15,0.0,0.0,0.0,0.57,0.0,20.0,180.0,0.0
2024-04-11,26,14:30,0.0,0.0,0.0,0.57,0.0,20.0,180.0,0.0
2024-04-11,27,14:45,0.0,0.0,0.0,0.57,0.0,20.0,180.0,0.0
2024-04-11,28,15:00,0.0,0.0,0.0,29.57,0.0,20.0,180.0,0.0
2024-04-11,29,15:15,0.0,0.0,0.0,29.57,0.0,20.0,180.0,0.0
2024-04-11,30,15:30,0.0,0.0,0.0,29.57,0.0,20.0,180.0,0.0
2024-04-11,31,15:45,0.0,0.0,0.0,29.57,0.0,20.0,180.0,0.0
2024-04-11,32,16:00,0.0,0.0,0.0,59.74,0.0,20.0,180.0,0.0
2024-04-11,33,16:15,0.0,0.0,0.0,59.74,0.0,20.0,180.0,0.0
2024-04-11,34,16:30,0.0,0.0,0.0,59.74,0.0,20.0,180.0,0.0
2024-04-11,35,16:45,0.0,0.0,0.0,59.74,0.0,20.0,180.0,0.0
2024-04-11,36,17:00,0.0,0.0,0.0,76.74,0.0,20.0,180.0,0.0
2024-04-11,37,17:15,0.0,0.0,0.0,76.74,0.0,20.0,180.0,0.0
2024-04-11,38,17:30,0.0,0.0,0.0,76.74,0.0,20.0,180.0,0.0
2024-04-11,39,17:45,0.0,0.0,0.0,76.74,0.0,20.0,180.0,0.0
2024-04-11,40,18:00,0.0,0.0,0.0,100.7,0.0,20.0,180.0,0.0
2024-04-11,41,18:15,0.0,0.0,0.0,100.7,0.0,20.0,180.0,0.0
2024-04-11,42,18:30,0.0,0.0,0.0,100.7,0.0,20.0,180.0,0.0
2024-04-11,43,18:45,0.0,0.0,0.0,100.7,0.0,20.0,180.0,0.0
2024-04-11,44,19:00,0.0,0.0,0.0,134.36,0.0,20.0,180.0,0.0
2024-04-11,45,19:15,0.0,0.0,0.0,134.36,0.0,20.0,180.0,0.0
2024-04-11,46,19:30,0.0,0.0,0.0,134.36,0.0,20.0,180.0,0.0
2024-04-11,47,19:45,0.0,0.0,0.0,134.36,0.0,20.0,180.0,0.0
2024-04-11,48,20:00,0.0,0.0,0.0,137.82,0.0,20.0,180.0,0.0
2024-04-11,49,20:15,0.0,0.0,0.0,137.82,0.0,20.0,180.0,0.0
2024-04-11,50,20:30,0.0,0.0,0.0,137.82,0.0,20.0,180.0,0.0
2024-04-11,51,20:45,0.0,0.0,0.0,137.82,0.0,20.0,180.0,0.0
2024-04-11,52,21:00,0.0,0.0,0.0,98.79,0.0,20.0,180.0,0.0
2024-04-11,53,21:15,0.0,0.0,0.0,98.79,0.0,20.0,180.0,0.0
2024-04-11,54,21:30,0.0,0.0,0.0,98.79,0.0,20.0,180.0,0.0
2024-04-11,55,21:45,0.0,0.0,0.0,98.79,0.0,20.0,20.0,160.0
2024-04-12,0,08:00,1.8638,0.0,1.8638,86.83,0.040459,20.0,20.0,0.0
2024-04-12,1,08:15,6.7293,0.0,6.7293,86.83,0.146076,20.0,20.0,0.0
2024-04-12,2,08:30,5.9956,0.0,5.9956,86.83,0.130149,20.0,20.0,0.0
2024-04-12,3,08:45,7.1179,0.0,7.1179,86.83,0.154512,20.0,20.0,0.0
2024-04-12,4,09:00,6.1091,0.0,6.1091,70.98,0.108406,20.0,20.0,0.0
2024-04-12,5,09:15,5.6324,0.0,5.6324,70.98,0.099948,20.0,20.0,0.0
2024-04-12,6,09:30,5.8458,0.0,5.8458,70.98,0.103734,20.0,20.0,0.0
2024-04-12,7,09:45,5.1816,0.0,5.1816,70.98,0.091947,20.0,20.0,0.0
2024-04-12,8,10:00,6.7301,0.0,6.7301,42.86,0.072113,20.0,20.0,0.0
2024-04-12,9,10:15,3.9878,0.0,3.9878,42.86,0.042729,20.0,20.0,0.0
2024-04-12,10,10:30,1.8638,9.5021,11.3659,42.86,0.121786,80.0,20.0,0.0
2024-04-12,11,10:45,6.7293,17.0147,23.744,42.86,0.254416,80.0,20.0,0.0
2024-04-12,12,11:00,5.9956,17.1381,23.1337,18.86,0.109075,80.0,20.0,0.0
2024-04-12,13,11:15,7.1179,16.0793,23.1972,18.86,0.109375,80.0,20.0,0.0
2024-04-12,14,11:30,6.1091,3.2115,9.3206,18.86,0.043946,80.0,20.0,0.0
2024-04-12,15,11:45,5.6324,9.5021,15.1345,18.86,0.071359,40.0,60.0,0.0
2024-04-12,16,12:00,5.8458,17.0147,22.8605,0.0,0.0,40.0,60.0,0.0
2024-04-12,17,12:15,5.1816,17.1381,22.3197,0.0,0.0,40.0,60.0,0.0
2024-04-12,18,12:30,6.7301,16.0793,22.8094,0.0,0.0,40.0,60.0,0.0
2024-04-12,19,12:45,3.9878,3.2115,7.1993,0.0,0.0,40.0,60.0,0.0
2024-04-12,20,13:00,1.8638,9.5021,11.3659,-0.07,-0.000199,100.0,100.0,0.0
2024-04-12,21,13:15,6.7293,17.0147,23.744,-0.07,-0.000416,100.0,100.0,0.0
2024-04-12,22,13:30,5.9956,17.1381,23.1337,-0.07,-0.000405,100.0,100.0,0.0
2024-04-12,23,13:45,7.1179,16.0793,23.1972,-0.07,-0.000406,100.0,100.0,0.0
2024-04-12,24,14:00,6.1091,3.2115,9.3206,0.01,2.3e-05,100.0,100.0,0.0
2024-04-12,25,14:15,5.6324,9.5021,15.1345,0.01,3.8e-05,60.0,140.0,0.0
2024-04-12,26,14:30,5.8458,17.0147,22.8605,0.01,5.7e-05,60.0,140.0,0.0
2024-04-12,27,14:45,5.1816,17.1381,22.3197,0.01,5.6e-05,60.0,140.0,0.0
2024-04-12,28,15:00,6.7301,16.0793,22.8094,0.18,0.001026,60.0,0.0,140.0
2024-04-12,29,15:15,3.9878,3.2115,7.1993,0.18,0.000324,60.0,0.0,0.0
2024-04-12,30,15:30,0.0,9.5021,9.5021,0.18,0.000428,120.0,40.0,0.0
2024-04-12,31,15:45,0.0,17.0147,17.0147,0.18,0.000766,120.0,40.0,0.0
2024-04-12,32,16:00,0.0,17.1381,17.1381,0.22,0.000943,120.0,40.0,0.0
2024-04-12,33,16:15,0.0,16.0793,16.0793,0.22,0.000884,120.0,40.0,0.0
2024-04-12,34,16:30,0.0,3.2115,3.2115,0.22,0.000177,120.0,40.0,0.0
2024-04-12,35,16:45,0.0,9.5021,9.5021,0.22,0.000523,80.0,80.0,0.0
2024-04-12,36,17:00,0.0,17.0147,17.0147,57.37,0.244033,80.0,80.0,0.0
2024-04-12,37,17:15,0.0,17.1381,17.1381,57.37,0.245803,80.0,80.0,0.0
2024-04-12,38,17:30,0.0,16.0793,16.0793,57.37,0.230617,80.0,80.0,0.0
2024-04-12,39,17:45,0.0,3.2115,3.2115,57.37,0.046061,80.0,80.0,0.0
2024-04-12,40,18:00,0.0,9.5021,9.5021,81.93,0.194627,40.0,120.0,0.0
2024-04-12,41,18:15,0.0,17.0147,17.0147,81.93,0.348503,40.0,120.0,0.0
2024-04-12,42,18:30,0.0,17.1381,17.1381,81.93,0.351031,40.0,120.0,0.0
2024-04-12,43,18:45,0.0,16.0793,16.0793,81.93,0.329344,40.0,120.0,0.0
2024-04-12,44,19:00,0.0,3.2115,3.2115,125.95,0.101122,40.0,120.0,0.0
2024-04-12,45,19:15,0.0,0.0,0.0,125.95,0.0,40.0,160.0,0.0
2024-04-12,46,19:30,0.0,0.0,0.0,125.95,0.0,40.0,160.0,0.0
2024-04-12,47,19:45,0.0,0.0,0.0,125.95,0.0,40.0,160.0,0.0
2024-04-12,48,20:00,0.0,0.0,0.0,124.13,0.0,40.0,160.0,0.0
2024-04-12,49,20:15,0.0,0.0,0.0,124.13,0.0,40.0,160.0,0.0
2024-04-12,50,20:30,0.0,0.0,0.0,124.13,0.0,40.0,160.0,0.0
2024-04-12,51,20:45,0.0,0.0,0.0,124.13,0.0,40.0,160.0,0.0
2024-04-12,52,21:00,0.0,0.0,0.0,86.6,0.0,40.0,160.0,0.0
2024-04-12,53,21:15,0.0,0.0,0.0,86.6,0.0,40.0,160.0,0.0
2024-04-12,54,21:30,0.0,0.0,0.0,86.6,0.0,40.0,160.0,0.0
2024-04-12,55,21:45,0.0,0.0,0.0,86.6,0.0,40.0,30.0,130.0
2024-04-15,0,08:00,1.8638,9.5021,11.3659,153.24,0.435429,0.0,30.0,0.0
2024-04-15,1,08:15,6.7293,17.0147,23.744,153.24,0.909631,0.0,30.0,0.0
2024-04-15,2,08:30,5.9956,17.1381,23.1337,153.24,0.886251,0.0,30.0,0.0
2024-04-15,3,08:45,7.1179,16.0793,23.1972,153.24,0.888684,0.0,30.0,0.0
2024-04-15,4,09:00,6.1091,3.2115,9.3206,91.56,0.213348,0.0,30.0,0.0
2024-04-15,5,09:15,5.6324,0.0,5.6324,91.56,0.128927,0.0,70.0,0.0
2024-04-15,6,09:30,5.8458,0.0,5.8458,91.56,0.133811,0.0,70.0,0.0
2024-04-15,7,09:45,5.1816,0.0,5.1816,91.56,0.118606,0.0,70.0,0.0
2024-04-15,8,10:00,6.7301,0.0,6.7301,80.55,0.135527,0.0,70.0,0.0
2024-04-15,9,10:15,3.9878,0.0,3.9878,80.55,0.080304,0.0,70.0,0.0
2024-04-15,10,10:30,1.8638,9.5021,11.3659,80.55,0.228881,60.0,70.0,0.0
2024-04-15,11,10:45,6.7293,17.0147,23.744,80.55,0.478144,60.0,70.0,0.0
2024-04-15,12,11:00,5.9956,17.1381,23.1337,63.15,0.365223,60.0,70.0,0.0
2024-04-15,13,11:15,7.1179,16.0793,23.1972,63.15,0.366225,60.0,70.0,0.0
2024-04-15,14,11:30,6.1091,3.2115,9.3206,63.15,0.147148,60.0,70.0,0.0
2024-04-15,15,11:45,5.6324,9.5021,15.1345,63.15,0.238937,20.0,110.0,0.0
2024-04-15,16,12:00,5.8458,17.0147,22.8605,44.15,0.252323,20.0,110.0,0.0
2024-04-15,17,12:15,5.1816,17.1381,22.3197,44.15,0.246353,20.0,110.0,0.0
2024-04-15,18,12:30,6.7301,16.0793,22.8094,44.15,0.251759,20.0,110.0,0.0
2024-04-15,19,12:45,3.9878,3.2115,7.1993,44.15,0.079462,20.0,110.0,0.0
2024-04-15,20,13:00,1.8638,9.5021,11.3659,31.74,0.090189,80.0,150.0,0.0
2024-04-15,21,13:15,6.7293,17.0147,23.744,31.74,0.188408,80.0,150.0,0.0
2024-04-15,22,13:30,5.9956,17.1381,23.1337,31.74,0.183566,80.0,150.0,0.0
2024-04-15,23,13:45,7.1179,16.0793,23.1972,31.74,0.18407,80.0,150.0,0.0
2024-04-15,24,14:00,6.1091,3.2115,9.3206,12.96,0.030199,80.0,150.0,0.0
2024-04-15,25,14:15,5.6324,9.5021,15.1345,12.96,0.049036,40.0,190.0,0.0
2024-04-15,26,14:30,5.8458,17.0147,22.8605,12.96,0.074068,40.0,190.0,0.0
2024-04-15,27,14:45,5.1816,17.1381,22.3197,12.96,0.072316,40.0,190.0,0.0
2024-04-15,28,15:00,6.7301,16.0793,22.8094,7.8,0.044478,40.0,0.0,190.0
2024-04-15,29,15:15,3.9878,3.2115,7.1993,7.8,0.014039,40.0,0.0,0.0
2024-04-15,30,15:30,1.8638,9.5021,11.3659,7.8,0.022164,100.0,40.0,0.0
2024-04-15,31,15:45,6.7293,17.0147,23.744,7.8,0.046301,100.0,40.0,0.0
2024-04-15,32,16:00,5.9956,17.1381,23.1337,7.99,0.04621,100.0,40.0,0.0
2024-04-15,33,16:15,7.1179,16.0793,23.1972,7.99,0.046336,100.0,40.0,0.0
2024-04-15,34,16:30,6.1091,3.2115,9.3206,7.99,0.018618,100.0,40.0,0.0
2024-04-15,35,16:45,5.6324,9.5021,15.1345,7.99,0.030231,60.0,80.0,0.0
2024-04-15,36,17:00,5.8458,17.0147,22.8605,46.3,0.26461,60.0,80.0,0.0
2024-04-15,37,17:15,5.1816,17.1381,22.3197,46.3,0.25835,60.0,80.0,0.0
2024-04-15,38,17:30,6.7301,16.0793,22.8094,46.3,0.264019,60.0,80.0,0.0
2024-04-15,39,17:45,3.9878,3.2115,7.1993,46.3,0.083332,60.0,80.0,0.0
2024-04-15,40,18:00,0.0,9.5021,9.5021,69.2,0.164386,120.0,120.0,0.0
2024-04-15,41,18:15,0.0,17.0147,17.0147,69.2,0.294354,120.0,120.0,0.0
2024-04-15,42,18:30,0.0,17.1381,17.1381,69.2,0.296489,120.0,120.0,0.0
2024-04-15,43,18:45,0.0,16.0793,16.0793,69.2,0.278172,120.0,120.0,0.0
2024-04-15,44,19:00,0.0,3.2115,3.2115,78.92,0.063363,120.0,120.0,0.0
2024-04-15,45,19:15,0.0,9.5021,9.5021,78.92,0.187476,80.0,160.0,0.0
2024-04-15,46,19:30,0.0,17.0147,17.0147,78.92,0.3357,80.0,160.0,0.0
2024-04-15,47,19:45,0.0,17.1381,17.1381,78.92,0.338135,80.0,160.0,0.0
2024-04-15,48,20:00,0.0,16.0793,16.0793,77.02,0.309607,80.0,160.0,0.0
2024-04-15,49,20:15,0.0,3.2115,3.2115,77.02,0.061837,80.0,160.0,0.0
2024-04-15,50,20:30,0.0,0.0,0.0,77.02,0.0,80.0,200.0,0.0
2024-04-15,51,20:45,0.0,0.0,0.0,77.02,0.0,80.0,200.0,0.0
2024-04-15,52,21:00,0.0,0.0,0.0,66.31,0.0,80.0,200.0,0.0
2024-04-15,53,21:15,0.0,0.0,0.0,66.31,0.0,80.0,200.0,0.0
2024-04-15,54,21:30,0.0,0.0,0.0,66.31,0.0,80.0,200.0,0.0
2024-04-15,55,21:45,0.0,0.0,0.0,66.31,0.0,80.0,50.0,150.0
2024-04-16,0,08:00,1.8638,9.5021,11.3659,74.26,0.211009,40.0,50.0,0.0
2024-04-16,1,08:15,6.7293,17.0147,23.744,74.26,0.440806,40.0,50.0,0.0
2024-04-16,2,08:30,5.9956,17.1381,23.1337,74.26,0.429477,40.0,50.0,0.0
2024-04-16,3,08:45,7.1179,16.0793,23.1972,74.26,0.430656,40.0,50.0,0.0
2024-04-16,4,09:00,6.1091,3.2115,9.3206,64.81,0.151016,40.0,50.0,0.0
2024-04-16,5,09:15,5.6324,9.5021,15.1345,64.81,0.245217,0.0,90.0,0.0
2024-04-16,6,09:30,5.8458,17.0147,22.8605,64.81,0.370397,0.0,90.0,0.0
2024-04-16,7,09:45,5.1816,17.1381,22.3197,64.81,0.361634,0.0,90.0,0.0
2024-04-16,8,10:00,6.7301,16.0793,22.8094,51.03,0.290991,0.0,90.0,0.0
2024-04-16,9,10:15,3.9878,3.2115,7.1993,51.03,0.091845,0.0,90.0,0.0
2024-04-16,10,10:30,1.8638,9.5021,11.3659,51.03,0.145001,60.0,130.0,0.0
2024-04-16,11,10:45,6.7293,17.0147,23.744,51.03,0.302913,60.0,130.0,0.0
2024-04-16,12,11:00,5.9956,17.1381,23.1337,42.64,0.246605,60.0,130.0,0.0
2024-04-16,13,11:15,7.1179,16.0793,23.1972,42.64,0.247282,60.0,130.0,0.0
2024-04-16,14,11:30,6.1091,3.2115,9.3206,42.64,0.099357,60.0,130.0,0.0
2024-04-16,15,11:45,5.6324,9.5021,15.1345,42.64,0.161334,20.0,170.0,0.0
2024-04-16,16,12:00,5.8458,17.0147,22.8605,40.0,0.228605,20.0,170.0,0.0
2024-04-16,17,12:15,5.1816,17.1381,22.3197,40.0,0.223197,20.0,170.0,0.0
2024-04-16,18,12:30,6.7301,16.0793,22.8094,40.0,0.228094,20.0,170.0,0.0
2024-04-16,19,12:45,3.9878,3.2115,7.1993,40.0,0.071993,20.0,170.0,0.0
2024-04-16,20,13:00,0.0,9.5021,9.5021,40.22,0.095544,80.0,210.0,0.0
2024-04-16,21,13:15,0.0,17.0147,17.0147,40.22,0.171083,80.0,210.0,0.0
2024-04-16,22,13:30,0.0,17.1381,17.1381,40.22,0.172324,80.0,210.0,0.0
2024-04-16,23,13:45,0.0,16.0793,16.0793,40.22,0.161677,80.0,210.0,0.0
2024-04-16,24,14:00,0.0,3.2115,3.2115,42.08,0.033785,80.0,210.0,0.0
2024-04-16,25,14:15,0.0,9.5021,9.5021,42.08,0.099962,40.0,250.0,0.0
2024-04-16,26,14:30,0.0,17.0147,17.0147,42.08,0.178994,40.0,250.0,0.0
2024-04-16,27,14:45,0.0,17.1381,17.1381,42.08,0.180293,40.0,250.0,0.0
2024-04-16,28,15:00,0.0,16.0793,16.0793,48.53,0.195082,40.0,110.0,140.0
2024-04-16,29,15:15,0.0,3.2115,3.2115,48.53,0.038963,40.0,110.0,0.0
2024-04-16,30,15:30,0.0,0.0,0.0,48.53,0.0,40.0,150.0,0.0
2024-04-16,31,15:45,0.0,0.0,0.0,48.53,0.0,40.0,150.0,0.0
2024-04-16,32,16:00,0.0,0.0,0.0,62.84,0.0,40.0,150.0,0.0
2024-04-16,33,16:15,0.0,0.0,0.0,62.84,0.0,40.0,150.0,0.0
2024-04-16,34,16:30,0.0,0.0,0.0,62.84,0.0,40.0,150.0,0.0
2024-04-16,35,16:45,0.0,0.0,0.0,62.84,0.0,40.0,150.0,0.0
2024-04-16,36,17:00,0.0,0.0,0.0,79.67,0.0,40.0,150.0,0.0
2024-04-16,37,17:15,0.0,0.0,0.0,79.67,0.0,40.0,150.0,0.0
2024-04-16,38,17:30,0.0,0.0,0.0,79.67,0.0,40.0,150.0,0.0
2024-04-16,39,17:45,0.0,0.0,0.0,79.67,0.0,40.0,150.0,0.0
2024-04-16,40,18:00,0.0,0.0,0.0,92.92,0.0,40.0,150.0,0.0
2024-04-16,41,18:15,0.0,0.0,0.0,92.92,0.0,40.0,150.0,0.0
2024-04-16,42,18:30,0.0,0.0,0.0,92.92,0.0,40.0,150.0,0.0
2024-04-16,43,18:45,0.0,0.0,0.0,92.92,0.0,40.0,150.0,0.0
2024-04-16,44,19:00,0.0,0.0,0.0,113.99,0.0,40.0,150.0,0.0
2024-04-16,45,19:15,0.0,0.0,0.0,113.99,0.0,40.0,150.0,0.0
2024-04-16,46,19:30,0.0,0.0,0.0,113.99,0.0,40.0,150.0,0.0
2024-04-16,47,19:45,0.0,0.0,0.0,113.99,0.0,40.0,150.0,0.0
2024-04-16,48,20:00,0.0,0.0,0.0,124.52,0.0,40.0,150.0,0.0
2024-04-16,49,20:15,0.0,0.0,0.0,124.52,0.0,40.0,150.0,0.0
2024-04-16,50,20:30,0.0,0.0,0.0,124.52,0.0,40.0,150.0,0.0
2024-04-16,51,20:45,0.0,0.0,0.0,124.52,0.0,40.0,150.0,0.0
2024-04-16,52,21:00,0.0,0.0,0.0,104.46,0.0,40.0,150.0,0.0
2024-04-16,53,21:15,0.0,0.0,0.0,104.46,0.0,40.0,150.0,0.0
2024-04-16,54,21:30,0.0,0.0,0.0,104.46,0.0,40.0,150.0,0.0
2024-04-16,55,21:45,0.0,0.0,0.0,104.46,0.0,40.0,10.0,140.0
2024-04-17,0,08:00,1.8638,9.5021,11.3659,155.17,0.440913,0.0,10.0,0.0
2024-04-17,1,08:15,6.7293,17.0147,23.744,155.17,0.921087,0.0,10.0,0.0
2024-04-17,2,08:30,5.9956,17.1381,23.1337,155.17,0.897413,0.0,10.0,0.0
2024-04-17,3,08:45,7.1179,16.0793,23.1972,155.17,0.899876,0.0,10.0,0.0
2024-04-17,4,09:00,6.1091,3.2115,9.3206,104.62,0.243779,0.0,10.0,0.0
2024-04-17,5,09:15,5.6324,0.0,5.6324,104.62,0.147317,0.0,50.0,0.0
2024-04-17,6,09:30,5.8458,0.0,5.8458,104.62,0.152897,0.0,50.0,0.0
2024-04-17,7,09:45,5.1816,0.0,5.1816,104.62,0.135524,0.0,50.0,0.0
2024-04-17,8,10:00,6.7301,0.0,6.7301,83.9,0.141164,0.0,50.0,0.0
2024-04-17,9,10:15,3.9878,0.0,3.9878,83.9,0.083644,0.0,50.0,0.0
2024-04-17,10,10:30,1.8638,9.5021,11.3659,83.9,0.2384,60.0,50.0,0.0
2024-04-17,11,10:45,6.7293,17.0147,23.744,83.9,0.498029,60.0,50.0,0.0
2024-04-17,12,11:00,5.9956,17.1381,23.1337,79.9,0.462095,60.0,50.0,0.0
2024-04-17,13,11:15,7.1179,16.0793,23.1972,79.9,0.463364,60.0,50.0,0.0
2024-04-17,14,11:30,6.1091,3.2115,9.3206,79.9,0.186178,60.0,50.0,0.0
2024-04-17,15,11:45,5.6324,9.5021,15.1345,79.9,0.302312,20.0,90.0,0.0
2024-04-17,16,12:00,5.8458,17.0147,22.8605,82.98,0.474241,20.0,90.0,0.0
2024-04-17,17,12:15,5.1816,17.1381,22.3197,82.98,0.463021,20.0,90.0,0.0
2024-04-17,18,12:30,6.7301,16.0793,22.8094,82.98,0.473181,20.0,90.0,0.0
2024-04-17,19,12:45,3.9878,3.2115,7.1993,82.98,0.149349,20.0,90.0,0.0
2024-04-17,20,13:00,1.8638,9.5021,11.3659,80.82,0.229649,80.0,130.0,0.0
2024-04-17,21,13:15,6.7293,17.0147,23.744,80.82,0.479747,80.0,130.0,0.0
2024-04-17,22,13:30,5.9956,17.1381,23.1337,80.82,0.467416,80.0,130.0,0.0
2024-04-17,23,13:45,7.1179,16.0793,23.1972,80.82,0.468699,80.0,130.0,0.0
2024-04-17,24,14:00,6.1091,3.2115,9.3206,77.71,0.181075,80.0,130.0,0.0
2024-04-17,25,14:15,5.6324,9.5021,15.1345,77.71,0.294026,40.0,170.0,0.0
2024-04-17,26,14:30,5.8458,17.0147,22.8605,77.71,0.444122,40.0,170.0,0.0
2024-04-17,27,14:45,5.1816,17.1381,22.3197,77.71,0.433615,40.0,170.0,0.0
2024-04-17,28,15:00,6.7301,16.0793,22.8094,77.03,0.439252,40.0,20.0,150.0
2024-04-17,29,15:15,3.9878,3.2115,7.1993,77.03,0.13864,40.0,20.0,0.0
2024-04-17,30,15:30,1.8638,9.5021,11.3659,77.03,0.218879,100.0,60.0,0.0
2024-04-17,31,15:45,6.7293,17.0147,23.744,77.03,0.457249,100.0,60.0,0.0
2024-04-17,32,16:00,5.9956,17.1381,23.1337,80.0,0.462674,100.0,60.0,0.0
2024-04-17,33,16:15,7.1179,16.0793,23.1972,80.0,0.463943,100.0,60.0,0.0
2024-04-17,34,16:30,6.1091,3.2115,9.3206,80.0,0.186411,100.0,60.0,0.0
2024-04-17,35,16:45,5.6324,9.5021,15.1345,80.0,0.302691,60.0,100.0,0.0
2024-04-17,36,17:00,5.8458,17.0147,22.8605,86.9,0.496644,60.0,100.0,0.0
2024-04-17,37,17:15,5.1816,17.1381,22.3197,86.9,0.484895,60.0,100.0,0.0
2024-04-17,38,17:30,6.7301,16.0793,22.8094,86.9,0.495534,60.0,100.0,0.0
2024-04-17,39,17:45,3.9878,3.2115,7.1993,86.9,0.156405,60.0,100.0,0.0
2024-04-17,40,18:00,0.0,9.5021,9.5021,114.97,0.273114,120.0,140.0,0.0
2024-04-17,41,18:15,0.0,17.0147,17.0147,114.97,0.489044,120.0,140.0,0.0
2024-04-17,42,18:30,0.0,17.1381,17.1381,114.97,0.492592,120.0,140.0,0.0
2024-04-17,43,18:45,0.0,16.0793,16.0793,114.97,0.462159,120.0,140.0,0.0
2024-04-17,44,19:00,0.0,3.2115,3.2115,159.92,0.128395,120.0,140.0,0.0
2024-04-17,45,19:15,0.0,9.5021,9.5021,159.92,0.379894,80.0,180.0,0.0
2024-04-17,46,19:30,0.0,17.0147,17.0147,159.92,0.680247,80.0,180.0,0.0
2024-04-17,47,19:45,0.0,17.1381,17.1381,159.92,0.685181,80.0,180.0,0.0
2024-04-17,48,20:00,0.0,16.0793,16.0793,169.9,0.682967,80.0,180.0,0.0
2024-04-17,49,20:15,0.0,3.2115,3.2115,169.9,0.136408,80.0,180.0,0.0
2024-04-17,50,20:30,0.0,0.0,0.0,169.9,0.0,80.0,220.0,0.0
2024-04-17,51,20:45,0.0,0.0,0.0,169.9,0.0,80.0,220.0,0.0
2024-04-17,52,21:00,0.0,0.0,0.0,130.06,0.0,80.0,220.0,0.0
2024-04-17,53,21:15,0.0,0.0,0.0,130.06,0.0,80.0,220.0,0.0
2024-04-17,54,21:30,0.0,0.0,0.0,130.06,0.0,80.0,220.0,0.0
2024-04-17,55,21:45,0.0,0.0,0.0,130.06,0.0,80.0,80.0,140.0
2024-04-18,0,08:00,1.8638,9.5021,11.3659,131.19,0.372774,40.0,80.0,0.0
2024-04-18,1,08:15,6.7293,17.0147,23.744,131.19,0.778742,40.0,80.0,0.0
2024-04-18,2,08:30,5.9956,17.1381,23.1337,131.19,0.758727,40.0,80.0,0.0
2024-04-18,3,08:45,7.1179,16.0793,23.1972,131.19,0.760809,40.0,80.0,0.0
2024-04-18,4,09:00,6.1091,3.2115,9.3206,101.12,0.235624,40.0,80.0,0.0
2024-04-18,5,09:15,5.6324,9.5021,15.1345,101.12,0.382601,0.0,120.0,0.0
2024-04-18,6,09:30,5.8458,17.0147,22.8605,101.12,0.577913,0.0,120.0,0.0
2024-04-18,7,09:45,5.1816,17.1381,22.3197,101.12,0.564241,0.0,120.0,0.0
2024-04-18,8,10:00,6.7301,16.0793,22.8094,90.21,0.514409,0.0,120.0,0.0
2024-04-18,9,10:15,3.9878,3.2115,7.1993,90.21,0.162362,0.0,120.0,0.0
2024-04-18,10,10:30,1.8638,9.5021,11.3659,90.21,0.25633,60.0,160.0,0.0
2024-04-18,11,10:45,6.7293,17.0147,23.744,90.21,0.535486,60.0,160.0,0.0
2024-04-18,12,11:00,5.9956,17.1381,23.1337,83.87,0.485055,60.0,160.0,0.0
2024-04-18,13,11:15,7.1179,16.0793,23.1972,83.87,0.486387,60.0,160.0,0.0
2024-04-18,14,11:30,6.1091,3.2115,9.3206,83.87,0.195429,60.0,160.0,0.0
2024-04-18,15,11:45,5.6324,9.5021,15.1345,83.87,0.317333,20.0,200.0,0.0
2024-04-18,16,12:00,5.8458,17.0147,22.8605,80.64,0.460867,20.0,200.0,0.0
2024-04-18,17,12:15,5.1816,17.1381,22.3197,80.64,0.449964,20.0,200.0,0.0
2024-04-18,18,12:30,6.7301,16.0793,22.8094,80.64,0.459837,20.0,200.0,0.0
2024-04-18,19,12:45,3.9878,3.2115,7.1993,80.64,0.145138,20.0,200.0,0.0
2024-04-18,20,13:00,0.0,9.5021,9.5021,77.2,0.18339,80.0,240.0,0.0
2024-04-18,21,13:15,0.0,17.0147,17.0147,77.2,0.328383,80.0,240.0,0.0
2024-04-18,22,13:30,0.0,17.1381,17.1381,77.2,0.330765,80.0,240.0,0.0
2024-04-18,23,13:45,0.0,16.0793,16.0793,77.2,0.31033,80.0,240.0,0.0
2024-04-18,24,14:00,0.0,3.2115,3.2115,73.01,0.058618,80.0,240.0,0.0
2024-04-18,25,14:15,0.0,9.5021,9.5021,73.01,0.173437,40.0,280.0,0.0
2024-04-18,26,14:30,0.0,17.0147,17.0147,73.01,0.31056,40.0,280.0,0.0
2024-04-18,27,14:45,0.0,17.1381,17.1381,73.01,0.312813,40.0,280.0,0.0
2024-04-18,28,15:00,0.0,16.0793,16.0793,70.7,0.284201,40.0,110.0,170.0
2024-04-18,29,15:15,0.0,3.2115,3.2115,70.7,0.056763,40.0,110.0,0.0
2024-04-18,30,15:30,0.0,0.0,0.0,70.7,0.0,40.0,150.0,0.0
2024-04-18,31,15:45,0.0,0.0,0.0,70.7,0.0,40.0,150.0,0.0
2024-04-18,32,16:00,0.0,0.0,0.0,70.88,0.0,40.0,150.0,0.0
2024-04-18,33,16:15,0.0,0.0,0.0,70.88,0.0,40.0,150.0,0.0
2024-04-18,34,16:30,0.0,0.0,0.0,70.88,0.0,40.0,150.0,0.0
2024-04-18,35,16:45,0.0,0.0,0.0,70.88,0.0,40.0,150.0,0.0
2024-04-18,36,17:00,0.0,0.0,0.0,81.33,0.0,40.0,150.0,0.0
2024-04-18,37,17:15,0.0,0.0,0.0,81.33,0.0,40.0,150.0,0.0
2024-04-18,38,17:30,0.0,0.0,0.0,81.33,0.0,40.0,150.0,0.0
2024-04-18,39,17:45,0.0,0.0,0.0,81.33,0.0,40.0,150.0,0.0
2024-04-18,40,18:00,0.0,0.0,0.0,94.03,0.0,40.0,150.0,0.0
2024-04-18,41,18:15,0.0,0.0,0.0,94.03,0.0,40.0,150.0,0.0
2024-04-18,42,18:30,0.0,0.0,0.0,94.03,0.0,40.0,150.0,0.0
2024-04-18,43,18:45,0.0,0.0,0.0,94.03,0.0,40.0,150.0,0.0
2024-04-18,44,19:00,0.0,0.0,0.0,125.24,0.0,40.0,150.0,0.0
2024-04-18,45,19:15,0.0,0.0,0.0,125.24,0.0,40.0,150.0,0.0
2024-04-18,46,19:30,0.0,0.0,0.0,125.24,0.0,40.0,150.0,0.0
2024-04-18,47,19:45,0.0,0.0,0.0,125.24,0.0,40.0,150.0,0.0
2024-04-18,48,20:00,0.0,0.0,0.0,128.83,0.0,40.0,150.0,0.0
2024-04-18,49,20:15,0.0,0.0,0.0,128.83,0.0,40.0,150.0,0.0
2024-04-18,50,20:30,0.0,0.0,0.0,128.83,0.0,40.0,150.0,0.0
2024-04-18,51,20:45,0.0,0.0,0.0,128.83,0.0,40.0,150.0,0.0
2024-04-18,52,21:00,0.0,0.0,0.0,105.92,0.0,40.0,150.0,0.0
2024-04-18,53,21:15,0.0,0.0,0.0,105.92,0.0,40.0,150.0,0.0
2024-04-18,54,21:30,0.0,0.0,0.0,105.92,0.0,40.0,150.0,0.0
2024-04-18,55,21:45,0.0,0.0,0.0,105.92,0.0,40.0,10.0,140.0
2024-04-19,0,08:00,1.8638,9.5021,11.3659,76.0,0.215953,0.0,10.0,0.0
2024-04-19,1,08:15,6.7293,17.0147,23.744,76.0,0.451135,0.0,10.0,0.0
2024-04-19,2,08:30,5.9956,17.1381,23.1337,76.0,0.43954,0.0,10.0,0.0
2024-04-19,3,08:45,7.1179,16.0793,23.1972,76.0,0.440746,0.0,10.0,0.0
2024-04-19,4,09:00,6.1091,3.2115,9.3206,68.3,0.159149,0.0,10.0,0.0
2024-04-19,5,09:15,5.6324,0.0,5.6324,68.3,0.096174,0.0,50.0,0.0
2024-04-19,6,09:30,5.8458,0.0,5.8458,68.3,0.099817,0.0,50.0,0.0
2024-04-19,7,09:45,5.1816,0.0,5.1816,68.3,0.088475,0.0,50.0,0.0
2024-04-19,8,10:00,6.7301,0.0,6.7301,60.2,0.101288,0.0,50.0,0.0
2024-04-19,9,10:15,3.9878,0.0,3.9878,60.2,0.060016,0.0,50.0,0.0
2024-04-19,10,10:30,1.8638,9.5021,11.3659,60.2,0.171057,60.0,50.0,0.0
2024-04-19,11,10:45,6.7293,17.0147,23.744,60.2,0.357346,60.0,50.0,0.0
2024-04-19,12,11:00,5.9956,17.1381,23.1337,56.08,0.324334,60.0,50.0,0.0
2024-04-19,13,11:15,7.1179,16.0793,23.1972,56.08,0.325224,60.0,50.0,0.0
2024-04-19,14,11:30,6.1091,3.2115,9.3206,56.08,0.130674,60.0,50.0,0.0
2024-04-19,15,11:45,5.6324,9.5021,15.1345,56.08,0.212186,20.0,90.0,0.0
2024-04-19,16,12:00,5.8458,17.0147,22.8605,50.91,0.290957,20.0,90.0,0.0
2024-04-19,17,12:15,5.1816,17.1381,22.3197,50.91,0.284074,20.0,90.0,0.0
2024-04-19,18,12:30,6.7301,16.0793,22.8094,50.91,0.290306,20.0,90.0,0.0
2024-04-19,19,12:45,3.9878,3.2115,7.1993,50.91,0.091629,20.0,90.0,0.0
2024-04-19,20,13:00,1.8638,9.5021,11.3659,47.0,0.13355,80.0,130.0,0.0
2024-04-19,21,13:15,6.7293,17.0147,23.744,47.0,0.278991,80.0,130.0,0.0
2024-04-19,22,13:30,5.9956,17.1381,23.1337,47.0,0.271821,80.0,130.0,0.0
2024-04-19,23,13:45,7.1179,16.0793,23.1972,47.0,0.272567,80.0,130.0,0.0
2024-04-19,24,14:00,6.1091,3.2115,9.3206,44.94,0.104716,80.0,130.0,0.0
2024-04-19,25,14:15,5.6324,9.5021,15.1345,44.94,0.170037,40.0,170.0,0.0
2024-04-19,26,14:30,5.8458,17.0147,22.8605,44.94,0.256838,40.0,170.0,0.0
2024-04-19,27,14:45,5.1816,17.1381,22.3197,44.94,0.250761,40.0,170.0,0.0
2024-04-19,28,15:00,6.7301,16.0793,22.8094,44.56,0.254096,40.0,10.0,160.0
2024-04-19,29,15:15,3.9878,3.2115,7.1993,44.56,0.0802,40.0,10.0,0.0
2024-04-19,30,15:30,0.0,9.5021,9.5021,44.56,0.105853,100.0,50.0,0.0
2024-04-19,31,15:45,0.0,17.0147,17.0147,44.56,0.189543,100.0,50.0,0.0
2024-04-19,32,16:00,0.0,17.1381,17.1381,50.91,0.218125,100.0,50.0,0.0
2024-04-19,33,16:15,0.0,16.0793,16.0793,50.91,0.204649,100.0,50.0,0.0
2024-04-19,34,16:30,0.0,3.2115,3.2115,50.91,0.040874,100.0,50.0,0.0
2024-04-19,35,16:45,0.0,9.5021,9.5021,50.91,0.120938,60.0,90.0,0.0
2024-04-19,36,17:00,0.0,17.0147,17.0147,58.77,0.249988,60.0,90.0,0.0
2024-04-19,37,17:15,0.0,17.1381,17.1381,58.77,0.251801,60.0,90.0,0.0
2024-04-19,38,17:30,0.0,16.0793,16.0793,58.77,0.236245,60.0,90.0,0.0
2024-04-19,39,17:45,0.0,3.2115,3.2115,58.77,0.047185,60.0,90.0,0.0
2024-04-19,40,18:00,0.0,0.0,0.0,63.49,0.0,60.0,130.0,0.0
2024-04-19,41,18:15,0.0,0.0,0.0,63.49,0.0,60.0,130.0,0.0
2024-04-19,42,18:30,0.0,0.0,0.0,63.49,0.0,60.0,130.0,0.0
2024-04-19,43,18:45,0.0,0.0,0.0,63.49,0.0,60.0,130.0,0.0
2024-04-19,44,19:00,0.0,0.0,0.0,65.32,0.0,60.0,130.0,0.0
2024-04-19,45,19:15,0.0,0.0,0.0,65.32,0.0,60.0,130.0,0.0
2024-04-19,46,19:30,0.0,0.0,0.0,65.32,0.0,60.0,130.0,0.0
2024-04-19,47,19:45,0.0,0.0,0.0,65.32,0.0,60.0,130.0,0.0
2024-04-19,48,20:00,0.0,0.0,0.0,66.28,0.0,60.0,130.0,0.0
2024-04-19,49,20:15,0.0,0.0,0.0,66.28,0.0,60.0,130.0,0.0
2024-04-19,50,20:30,0.0,0.0,0.0,66.28,0.0,60.0,130.0,0.0
2024-04-19,51,20:45,0.0,0.0,0.0,66.28,0.0,60.0,130.0,0.0
2024-04-19,52,21:00,0.0,0.0,0.0,66.2,0.0,60.0,130.0,0.0
2024-04-19,53,21:15,0.0,0.0,0.0,66.2,0.0,60.0,130.0,0.0
2024-04-19,54,21:30,0.0,0.0,0.0,66.2,0.0,60.0,130.0,0.0
2024-04-19,55,21:45,0.0,0.0,0.0,66.2,0.0,60.0,10.0,120.0
2024-04-22,0,08:00,1.8638,9.5021,11.3659,117.46,0.333761,20.0,10.0,0.0
2024-04-22,1,08:15,6.7293,17.0147,23.744,117.46,0.697241,20.0,10.0,0.0
2024-04-22,2,08:30,5.9956,17.1381,23.1337,117.46,0.679321,20.0,10.0,0.0
2024-04-22,3,08:45,7.1179,16.0793,23.1972,117.46,0.681185,20.0,10.0,0.0
2024-04-22,4,09:00,6.1091,3.2115,9.3206,97.05,0.22614,20.0,10.0,0.0
2024-04-22,5,09:15,5.6324,0.0,5.6324,97.05,0.136657,20.0,50.0,0.0
2024-04-22,6,09:30,5.8458,0.0,5.8458,97.05,0.141834,20.0,50.0,0.0
2024-04-22,7,09:45,5.1816,0.0,5.1816,97.05,0.125718,20.0,50.0,0.0
2024-04-22,8,10:00,6.7301,0.0,6.7301,81.86,0.137731,20.0,50.0,0.0
2024-04-22,9,10:15,3.9878,0.0,3.9878,81.86,0.08161,20.0,50.0,0.0
2024-04-22,10,10:30,1.8638,9.5021,11.3659,81.86,0.232604,80.0,50.0,0.0
2024-04-22,11,10:45,6.7293,17.0147,23.744,81.86,0.48592,80.0,50.0,0.0
2024-04-22,12,11:00,5.9956,17.1381,23.1337,81.24,0.469845,80.0,50.0,0.0
2024-04-22,13,11:15,7.1179,16.0793,23.1972,81.24,0.471135,80.0,50.0,0.0
2024-04-22,14,11:30,6.1091,3.2115,9.3206,81.24,0.189301,80.0,50.0,0.0
2024-04-22,15,11:45,5.6324,9.5021,15.1345,81.24,0.307383,40.0,90.0,0.0
2024-04-22,16,12:00,5.8458,17.0147,22.8605,77.05,0.44035,40.0,90.0,0.0
2024-04-22,17,12:15,5.1816,17.1381,22.3197,77.05,0.429933,40.0,90.0,0.0
2024-04-22,18,12:30,6.7301,16.0793,22.8094,77.05,0.439366,40.0,90.0,0.0
2024-04-22,19,12:45,3.9878,3.2115,7.1993,77.05,0.138676,40.0,90.0,0.0
2024-04-22,20,13:00,1.8638,9.5021,11.3659,73.67,0.209332,100.0,130.0,0.0
2024-04-22,21,13:15,6.7293,17.0147,23.744,73.67,0.437304,100.0,130.0,0.0
2024-04-22,22,13:30,5.9956,17.1381,23.1337,73.67,0.426065,100.0,130.0,0.0
2024-04-22,23,13:45,7.1179,16.0793,23.1972,73.67,0.427234,100.0,130.0,0.0
2024-04-22,24,14:00,6.1091,3.2115,9.3206,74.17,0.172826,100.0,130.0,0.0
2024-04-22,25,14:15,5.6324,9.5021,15.1345,74.17,0.280632,60.0,170.0,0.0
2024-04-22,26,14:30,5.8458,17.0147,22.8605,74.17,0.423891,60.0,170.0,0.0
2024-04-22,27,14:45,5.1816,17.1381,22.3197,74.17,0.413862,60.0,170.0,0.0
2024-04-22,28,15:00,6.7301,16.0793,22.8094,78.48,0.44752,60.0,20.0,150.0
2024-04-22,29,15:15,3.9878,3.2115,7.1993,78.48,0.14125,60.0,20.0,0.0
2024-04-22,30,15:30,0.0,9.5021,9.5021,78.48,0.186431,120.0,60.0,0.0
2024-04-22,31,15:45,0.0,17.0147,17.0147,78.48,0.333828,120.0,60.0,0.0
2024-04-22,32,16:00,0.0,17.1381,17.1381,81.57,0.349489,120.0,60.0,0.0
2024-04-22,33,16:15,0.0,16.0793,16.0793,81.57,0.327897,120.0,60.0,0.0
2024-04-22,34,16:30,0.0,3.2115,3.2115,81.57,0.06549,120.0,60.0,0.0
2024-04-22,35,16:45,0.0,9.5021,9.5021,81.57,0.193771,80.0,100.0,0.0
2024-04-22,36,17:00,0.0,17.0147,17.0147,96.79,0.411713,80.0,100.0,0.0
2024-04-22,37,17:15,0.0,17.1381,17.1381,96.79,0.414699,80.0,100.0,0.0
2024-04-22,38,17:30,0.0,16.0793,16.0793,96.79,0.389078,80.0,100.0,0.0
2024-04-22,39,17:45,0.0,3.2115,3.2115,96.79,0.07771,80.0,100.0,0.0
2024-04-22,40,18:00,0.0,9.5021,9.5021,118.2,0.280787,40.0,140.0,0.0
2024-04-22,41,18:15,0.0,17.0147,17.0147,118.2,0.502784,40.0,140.0,0.0
2024-04-22,42,18:30,0.0,17.1381,17.1381,118.2,0.506431,40.0,140.0,0.0
2024-04-22,43,18:45,0.0,16.0793,16.0793,118.2,0.475143,40.0,140.0,0.0
2024-04-22,44,19:00,0.0,3.2115,3.2115,164.05,0.131711,40.0,140.0,0.0
2024-04-22,45,19:15,0.0,0.0,0.0,164.05,0.0,40.0,180.0,0.0
2024-04-22,46,19:30,0.0,0.0,0.0,164.05,0.0,40.0,180.0,0.0
2024-04-22,47,19:45,0.0,0.0,0.0,164.05,0.0,40.0,180.0,0.0
2024-04-22,48,20:00,0.0,0.0,0.0,170.96,0.0,40.0,180.0,0.0
2024-04-22,49,20:15,0.0,0.0,0.0,170.96,0.0,40.0,180.0,0.0
2024-04-22,50,20:30,0.0,0.0,0.0,170.96,0.0,40.0,180.0,0.0
2024-04-22,51,20:45,0.0,0.0,0.0,170.96,0.0,40.0,180.0,0.0
2024-04-22,52,21:00,0.0,0.0,0.0,130.05,0.0,40.0,180.0,0.0
2024-04-22,53,21:15,0.0,0.0,0.0,130.05,0.0,40.0,180.0,0.0
2024-04-22,54,21:30,0.0,0.0,0.0,130.05,0.0,40.0,180.0,0.0
2024-04-22,55,21:45,0.0,0.0,0.0,130.05,0.0,40.0,30.0,150.0
2024-04-23,0,08:00,1.8638,9.5021,11.3659,136.28,0.387237,0.0,30.0,0.0
2024-04-23,1,08:15,6.7293,17.0147,23.744,136.28,0.808956,0.0,30.0,0.0
2024-04-23,2,08:30,5.9956,17.1381,23.1337,136.28,0.788164,0.0,30.0,0.0
2024-04-23,3,08:45,7.1179,16.0793,23.1972,136.28,0.790328,0.0,30.0,0.0
2024-04-23,4,09:00,6.1091,3.2115,9.3206,98.38,0.229239,0.0,30.0,0.0
2024-04-23,5,09:15,5.6324,0.0,5.6324,98.38,0.13853,0.0,70.0,0.0
2024-04-23,6,09:30,5.8458,0.0,5.8458,98.38,0.143778,0.0,70.0,0.0
2024-04-23,7,09:45,5.1816,0.0,5.1816,98.38,0.127441,0.0,70.0,0.0
2024-04-23,8,10:00,6.7301,0.0,6.7301,82.87,0.139431,0.0,70.0,0.0
2024-04-23,9,10:15,3.9878,0.0,3.9878,82.87,0.082617,0.0,70.0,0.0
2024-04-23,10,10:30,1.8638,9.5021,11.3659,82.87,0.235474,60.0,70.0,0.0
2024-04-23,11,10:45,6.7293,17.0147,23.744,82.87,0.491915,60.0,70.0,0.0
2024-04-23,12,11:00,5.9956,17.1381,23.1337,77.26,0.446827,60.0,70.0,0.0
2024-04-23,13,11:15,7.1179,16.0793,23.1972,77.26,0.448053,60.0,70.0,0.0
2024-04-23,14,11:30,6.1091,3.2115,9.3206,77.26,0.180027,60.0,70.0,0.0
2024-04-23,15,11:45,5.6324,9.5021,15.1345,77.26,0.292324,20.0,110.0,0.0
2024-04-23,16,12:00,5.8458,17.0147,22.8605,77.46,0.442693,20.0,110.0,0.0
2024-04-23,17,12:15,5.1816,17.1381,22.3197,77.46,0.43222,20.0,110.0,0.0
2024-04-23,18,12:30,6.7301,16.0793,22.8094,77.46,0.441704,20.0,110.0,0.0
2024-04-23,19,12:45,3.9878,3.2115,7.1993,77.46,0.139414,20.0,110.0,0.0
2024-04-23,20,13:00,1.8638,9.5021,11.3659,79.38,0.225557,80.0,150.0,0.0
2024-04-23,21,13:15,6.7293,17.0147,23.744,79.38,0.471199,80.0,150.0,0.0
2024-04-23,22,13:30,5.9956,17.1381,23.1337,79.38,0.459088,80.0,150.0,0.0
2024-04-23,23,13:45,7.1179,16.0793,23.1972,79.38,0.460348,80.0,150.0,0.0
2024-04-23,24,14:00,6.1091,3.2115,9.3206,78.62,0.183196,80.0,150.0,0.0
2024-04-23,25,14:15,5.6324,9.5021,15.1345,78.62,0.297469,40.0,190.0,0.0
2024-04-23,26,14:30,5.8458,17.0147,22.8605,78.62,0.449323,40.0,190.0,0.0
2024-04-23,27,14:45,5.1816,17.1381,22.3197,78.62,0.438693,40.0,190.0,0.0
2024-04-23,28,15:00,6.7301,16.0793,22.8094,80.02,0.456302,40.0,40.0,150.0
2024-04-23,29,15:15,3.9878,3.2115,7.1993,80.02,0.144022,40.0,40.0,0.0
2024-04-23,30,15:30,0.0,9.5021,9.5021,80.02,0.190089,100.0,80.0,0.0
2024-04-23,31,15:45,0.0,17.0147,17.0147,80.02,0.340379,100.0,80.0,0.0
2024-04-23,32,16:00,0.0,17.1381,17.1381,83.02,0.355701,100.0,80.0,0.0
2024-04-23,33,16:15,0.0,16.0793,16.0793,83.02,0.333725,100.0,80.0,0.0
2024-04-23,34,16:30,0.0,3.2115,3.2115,83.02,0.066654,100.0,80.0,0.0
2024-04-23,35,16:45,0.0,9.5021,9.5021,83.02,0.197216,60.0,120.0,0.0
2024-04-23,36,17:00,0.0,17.0147,17.0147,89.97,0.382703,60.0,120.0,0.0
2024-04-23,37,17:15,0.0,17.1381,17.1381,89.97,0.385479,60.0,120.0,0.0
2024-04-23,38,17:30,0.0,16.0793,16.0793,89.97,0.361663,60.0,120.0,0.0
2024-04-23,39,17:45,0.0,3.2115,3.2115,89.97,0.072234,60.0,120.0,0.0
2024-04-23,40,18:00,0.0,0.0,0.0,102.4,0.0,60.0,160.0,0.0
2024-04-23,41,18:15,0.0,0.0,0.0,102.4,0.0,60.0,160.0,0.0
2024-04-23,42,18:30,0.0,0.0,0.0,102.4,0.0,60.0,160.0,0.0
2024-04-23,43,18:45,0.0,0.0,0.0,102.4,0.0,60.0,160.0,0.0
2024-04-23,44,19:00,0.0,0.0,0.0,123.01,0.0,60.0,160.0,0.0
2024-04-23,45,19:15,0.0,0.0,0.0,123.01,0.0,60.0,160.0,0.0
2024-04-23,46,19:30,0.0,0.0,0.0,123.01,0.0,60.0,160.0,0.0
2024-04-23,47,19:45,0.0,0.0,0.0,123.01,0.0,60.0,160.0,0.0
2024-04-23,48,20:00,0.0,0.0,0.0,125.07,0.0,60.0,160.0,0.0
2024-04-23,49,20:15,0.0,0.0,0.0,125.07,0.0,60.0,160.0,0.0
2024-04-23,50,20:30,0.0,0.0,0.0,125.07,0.0,60.0,160.0,0.0
2024-04-23,51,20:45,0.0,0.0,0.0,125.07,0.0,60.0,160.0,0.0
2024-04-23,52,21:00,0.0,0.0,0.0,105.1,0.0,60.0,160.0,0.0
2024-04-23,53,21:15,0.0,0.0,0.0,105.1,0.0,60.0,160.0,0.0
2024-04-23,54,21:30,0.0,0.0,0.0,105.1,0.0,60.0,160.0,0.0
2024-04-23,55,21:45,0.0,0.0,0.0,105.1,0.0,60.0,20.0,140.0
2024-04-24,0,08:00,1.8638,9.5021,11.3659,107.07,0.304238,20.0,20.0,0.0
2024-04-24,1,08:15,6.7293,17.0147,23.744,107.07,0.635566,20.0,20.0,0.0
2024-04-24,2,08:30,5.9956,17.1381,23.1337,107.07,0.619231,20.0,20.0,0.0
2024-04-24,3,08:45,7.1179,16.0793,23.1972,107.07,0.62093,20.0,20.0,0.0
2024-04-24,4,09:00,6.1091,3.2115,9.3206,91.81,0.21393,20.0,20.0,0.0
2024-04-24,5,09:15,5.6324,0.0,5.6324,91.81,0.129279,20.0,60.0,0.0
2024-04-24,6,09:30,5.8458,0.0,5.8458,91.81,0.134176,20.0,60.0,0.0
2024-04-24,7,09:45,5.1816,0.0,5.1816,91.81,0.11893,20.0,60.0,0.0
2024-04-24,8,10:00,6.7301,0.0,6.7301,90.74,0.152672,20.0,60.0,0.0
2024-04-24,9,10:15,3.9878,0.0,3.9878,90.74,0.090463,20.0,60.0,0.0
2024-04-24,10,10:30,1.8638,9.5021,11.3659,90.74,0.257836,80.0,60.0,0.0
2024-04-24,11,10:45,6.7293,17.0147,23.744,90.74,0.538632,80.0,60.0,0.0
2024-04-24,12,11:00,5.9956,17.1381,23.1337,88.35,0.510965,80.0,60.0,0.0
2024-04-24,13,11:15,7.1179,16.0793,23.1972,88.35,0.512368,80.0,60.0,0.0
2024-04-24,14,11:30,6.1091,3.2115,9.3206,88.35,0.205868,80.0,60.0,0.0
2024-04-24,15,11:45,5.6324,9.5021,15.1345,88.35,0.334284,40.0,100.0,0.0
2024-04-24,16,12:00,5.8458,17.0147,22.8605,82.6,0.472069,40.0,100.0,0.0
2024-04-24,17,12:15,5.1816,17.1381,22.3197,82.6,0.460901,40.0,100.0,0.0
2024-04-24,18,12:30,6.7301,16.0793,22.8094,82.6,0.471014,40.0,100.0,0.0
2024-04-24,19,12:45,3.9878,3.2115,7.1993,82.6,0.148665,40.0,100.0,0.0
2024-04-24,20,13:00,1.8638,9.5021,11.3659,80.09,0.227574,100.0,140.0,0.0
2024-04-24,21,13:15,6.7293,17.0147,23.744,80.09,0.475413,100.0,140.0,0.0
2024-04-24,22,13:30,5.9956,17.1381,23.1337,80.09,0.463194,100.0,140.0,0.0
2024-04-24,23,13:45,7.1179,16.0793,23.1972,80.09,0.464465,100.0,140.0,0.0
2024-04-24,24,14:00,6.1091,3.2115,9.3206,76.53,0.178326,100.0,140.0,0.0
2024-04-24,25,14:15,5.6324,9.5021,15.1345,76.53,0.289562,60.0,180.0,0.0
2024-04-24,26,14:30,5.8458,17.0147,22.8605,76.53,0.437378,60.0,180.0,0.0
2024-04-24,27,14:45,5.1816,17.1381,22.3197,76.53,0.427031,60.0,180.0,0.0
2024-04-24,28,15:00,6.7301,16.0793,22.8094,80.71,0.460236,60.0,60.0,120.0
2024-04-24,29,15:15,3.9878,3.2115,7.1993,80.71,0.145264,60.0,60.0,0.0
2024-04-24,30,15:30,0.0,9.5021,9.5021,80.71,0.191728,120.0,100.0,0.0
2024-04-24,31,15:45,0.0,17.0147,17.0147,80.71,0.343314,120.0,100.0,0.0
2024-04-24,32,16:00,0.0,17.1381,17.1381,81.12,0.347561,120.0,100.0,0.0
2024-04-24,33,16:15,0.0,16.0793,16.0793,81.12,0.326088,120.0,100.0,0.0
2024-04-24,34,16:30,0.0,3.2115,3.2115,81.12,0.065129,120.0,100.0,0.0
2024-04-24,35,16:45,0.0,9.5021,9.5021,81.12,0.192702,80.0,140.0,0.0
2024-04-24,36,17:00,0.0,17.0147,17.0147,86.6,0.368368,80.0,140.0,0.0
2024-04-24,37,17:15,0.0,17.1381,17.1381,86.6,0.37104,80.0,140.0,0.0
2024-04-24,38,17:30,0.0,16.0793,16.0793,86.6,0.348116,80.0,140.0,0.0
2024-04-24,39,17:45,0.0,3.2115,3.2115,86.6,0.069529,80.0,140.0,0.0
2024-04-24,40,18:00,0.0,9.5021,9.5021,101.54,0.241211,40.0,180.0,0.0
2024-04-24,41,18:15,0.0,17.0147,17.0147,101.54,0.431917,40.0,180.0,0.0
2024-04-24,42,18:30,0.0,17.1381,17.1381,101.54,0.43505,40.0,180.0,0.0
2024-04-24,43,18:45,0.0,16.0793,16.0793,101.54,0.408173,40.0,180.0,0.0
2024-04-24,44,19:00,0.0,3.2115,3.2115,135.2,0.108548,40.0,180.0,0.0
2024-04-24,45,19:15,0.0,0.0,0.0,135.2,0.0,40.0,220.0,0.0
2024-04-24,46,19:30,0.0,0.0,0.0,135.2,0.0,40.0,220.0,0.0
2024-04-24,47,19:45,0.0,0.0,0.0,135.2,0.0,40.0,220.0,0.0
2024-04-24,48,20:00,0.0,0.0,0.0,143.44,0.0,40.0,220.0,0.0
2024-04-24,49,20:15,0.0,0.0,0.0,143.44,0.0,40.0,220.0,0.0
2024-04-24,50,20:30,0.0,0.0,0.0,143.44,0.0,40.0,220.0,0.0
2024-04-24,51,20:45,0.0,0.0,0.0,143.44,0.0,40.0,220.0,0.0
2024-04-24,52,21:00,0.0,0.0,0.0,121.16,0.0,40.0,220.0,0.0
2024-04-24,53,21:15,0.0,0.0,0.0,121.16,0.0,40.0,220.0,0.0
2024-04-24,54,21:30,0.0,0.0,0.0,121.16,0.0,40.0,220.0,0.0
2024-04-24,55,21:45,0.0,0.0,0.0,121.16,0.0,40.0,30.0,190.0
2024-04-25,0,08:00,1.8638,9.5021,11.3659,112.71,0.320264,0.0,30.0,0.0
2024-04-25,1,08:15,6.7293,17.0147,23.744,112.71,0.669045,0.0,30.0,0.0
2024-04-25,2,08:30,5.9956,17.1381,23.1337,112.71,0.651849,0.0,30.0,0.0
2024-04-25,3,08:45,7.1179,16.0793,23.1972,112.71,0.653638,0.0,30.0,0.0
2024-04-25,4,09:00,6.1091,3.2115,9.3206,92.1,0.214606,0.0,30.0,0.0
2024-04-25,5,09:15,5.6324,0.0,5.6324,92.1,0.129687,0.0,70.0,0.0
2024-04-25,6,09:30,5.8458,0.0,5.8458,92.1,0.1346,0.0,70.0,0.0
2024-04-25,7,09:45,5.1816,0.0,5.1816,92.1,0.119306,0.0,70.0,0.0
2024-04-25,8,10:00,6.7301,0.0,6.7301,80.01,0.134619,0.0,70.0,0.0
2024-04-25,9,10:15,3.9878,0.0,3.9878,80.01,0.079766,0.0,70.0,0.0
2024-04-25,10,10:30,0.0,9.5021,9.5021,80.01,0.190066,60.0,70.0,0.0
2024-04-25,11,10:45,0.0,17.0147,17.0147,80.01,0.340336,60.0,70.0,0.0
2024-04-25,12,11:00,0.0,17.1381,17.1381,78.2,0.33505,60.0,70.0,0.0
2024-04-25,13,11:15,0.0,16.0793,16.0793,78.2,0.31435,60.0,70.0,0.0
2024-04-25,14,11:30,0.0,3.2115,3.2115,78.2,0.062785,60.0,70.0,0.0
2024-04-25,15,11:45,0.0,9.5021,9.5021,78.2,0.185766,20.0,110.0,0.0
2024-04-25,16,12:00,0.0,17.0147,17.0147,73.92,0.314431,20.0,110.0,0.0
2024-04-25,17,12:15,0.0,17.1381,17.1381,73.92,0.316712,20.0,110.0,0.0
2024-04-25,18,12:30,0.0,16.0793,16.0793,73.92,0.297145,20.0,110.0,0.0
2024-04-25,19,12:45,0.0,3.2115,3.2115,73.92,0.059348,20.0,110.0,0.0
2024-04-25,20,13:00,0.0,0.0,0.0,68.67,0.0,20.0,150.0,0.0
2024-04-25,21,13:15,0.0,0.0,0.0,68.67,0.0,20.0,150.0,0.0
2024-04-25,22,13:30,0.0,0.0,0.0,68.67,0.0,20.0,150.0,0.0
2024-04-25,23,13:45,0.0,0.0,0.0,68.67,0.0,20.0,150.0,0.0
2024-04-25,24,14:00,0.0,0.0,0.0,66.41,0.0,20.0,150.0,0.0
2024-04-25,25,14:15,0.0,0.0,0.0,66.41,0.0,20.0,150.0,0.0
2024-04-25,26,14:30,0.0,0.0,0.0,66.41,0.0,20.0,150.0,0.0
2024-04-25,27,14:45,0.0,0.0,0.0,66.41,0.0,20.0,150.0,0.0
2024-04-25,28,15:00,0.0,0.0,0.0,69.32,0.0,20.0,150.0,0.0
2024-04-25,29,15:15,0.0,0.0,0.0,69.32,0.0,20.0,150.0,0.0
2024-04-25,30,15:30,0.0,0.0,0.0,69.32,0.0,20.0,150.0,0.0
2024-04-25,31,15:45,0.0,0.0,0.0,69.32,0.0,20.0,150.0,0.0
2024-04-25,32,16:00,0.0,0.0,0.0,72.81,0.0,20.0,150.0,0.0
2024-04-25,33,16:15,0.0,0.0,0.0,72.81,0.0,20.0,150.0,0.0
2024-04-25,34,16:30,0.0,0.0,0.0,72.81,0.0,20.0,150.0,0.0
2024-04-25,35,16:45,0.0,0.0,0.0,72.81,0.0,20.0,150.0,0.0
2024-04-25,36,17:00,0.0,0.0,0.0,79.88,0.0,20.0,150.0,0.0
2024-04-25,37,17:15,0.0,0.0,0.0,79.88,0.0,20.0,150.0,0.0
2024-04-25,38,17:30,0.0,0.0,0.0,79.88,0.0,20.0,150.0,0.0
2024-04-25,39,17:45,0.0,0.0,0.0,79.88,0.0,20.0,150.0,0.0
2024-04-25,40,18:00,0.0,0.0,0.0,95.17,0.0,20.0,150.0,0.0
2024-04-25,41,18:15,0.0,0.0,0.0,95.17,0.0,20.0,150.0,0.0
2024-04-25,42,18:30,0.0,0.0,0.0,95.17,0.0,20.0,150.0,0.0
2024-04-25,43,18:45,0.0,0.0,0.0,95.17,0.0,20.0,150.0,0.0
2024-04-25,44,19:00,0.0,0.0,0.0,141.09,0.0,20.0,150.0,0.0
2024-04-25,45,19:15,0.0,0.0,0.0,141.09,0.0,20.0,150.0,0.0
2024-04-25,46,19:30,0.0,0.0,0.0,141.09,0.0,20.0,150.0,0.0
2024-04-25,47,19:45,0.0,0.0,0.0,141.09,0.0,20.0,150.0,0.0
2024-04-25,48,20:00,0.0,0.0,0.0,152.29,0.0,20.0,150.0,0.0
2024-04-25,49,20:15,0.0,0.0,0.0,152.29,0.0,20.0,150.0,0.0
2024-04-25,50,20:30,0.0,0.0,0.0,152.29,0.0,20.0,150.0,0.0
2024-04-25,51,20:45,0.0,0.0,0.0,152.29,0.0,20.0,150.0,0.0
2024-04-25,52,21:00,0.0,0.0,0.0,113.71,0.0,20.0,150.0,0.0
2024-04-25,53,21:15,0.0,0.0,0.0,113.71,0.0,20.0,150.0,0.0
2024-04-25,54,21:30,0.0,0.0,0.0,113.71,0.0,20.0,150.0,0.0
2024-04-25,55,21:45,0.0,0.0,0.0,113.71,0.0,20.0,30.0,120.0
2024-04-26,0,08:00,1.8638,0.0,1.8638,96.06,0.04476,20.0,30.0,0.0
2024-04-26,1,08:15,6.7293,0.0,6.7293,96.06,0.161604,20.0,30.0,0.0
2024-04-26,2,08:30,5.9956,0.0,5.9956,96.06,0.143984,20.0,30.0,0.0
2024-04-26,3,08:45,7.1179,0.0,7.1179,96.06,0.170936,20.0,30.0,0.0
2024-04-26,4,09:00,6.1091,0.0,6.1091,81.08,0.123831,20.0,30.0,0.0
2024-04-26,5,09:15,5.6324,0.0,5.6324,81.08,0.11417,20.0,30.0,0.0
2024-04-26,6,09:30,5.8458,0.0,5.8458,81.08,0.118495,20.0,30.0,0.0
2024-04-26,7,09:45,5.1816,0.0,5.1816,81.08,0.10503,20.0,30.0,0.0
2024-04-26,8,10:00,6.7301,0.0,6.7301,77.81,0.130917,20.0,30.0,0.0
2024-04-26,9,10:15,3.9878,0.0,3.9878,77.81,0.077573,20.0,30.0,0.0
2024-04-26,10,10:30,1.8638,9.5021,11.3659,77.81,0.221096,80.0,30.0,0.0
2024-04-26,11,10:45,6.7293,17.0147,23.744,77.81,0.461879,80.0,30.0,0.0
2024-04-26,12,11:00,5.9956,17.1381,23.1337,72.95,0.4219,80.0,30.0,0.0
2024-04-26,13,11:15,7.1179,16.0793,23.1972,72.95,0.423058,80.0,30.0,0.0
2024-04-26,14,11:30,6.1091,3.2115,9.3206,72.95,0.169984,80.0,30.0,0.0
2024-04-26,15,11:45,5.6324,9.5021,15.1345,72.95,0.276016,40.0,70.0,0.0
2024-04-26,16,12:00,5.8458,17.0147,22.8605,70.35,0.402059,40.0,70.0,0.0
2024-04-26,17,12:15,5.1816,17.1381,22.3197,70.35,0.392547,40.0,70.0,0.0
2024-04-26,18,12:30,6.7301,16.0793,22.8094,70.35,0.40116,40.0,70.0,0.0
2024-04-26,19,12:45,3.9878,3.2115,7.1993,70.35,0.126617,40.0,70.0,0.0
2024-04-26,20,13:00,1.8638,9.5021,11.3659,68.74,0.195324,100.0,110.0,0.0
2024-04-26,21,13:15,6.7293,17.0147,23.744,68.74,0.40804,100.0,110.0,0.0
2024-04-26,22,13:30,5.9956,17.1381,23.1337,68.74,0.397552,100.0,110.0,0.0
2024-04-26,23,13:45,7.1179,16.0793,23.1972,68.74,0.398643,100.0,110.0,0.0
2024-04-26,24,14:00,6.1091,3.2115,9.3206,65.37,0.152321,100.0,110.0,0.0
2024-04-26,25,14:15,5.6324,9.5021,15.1345,65.37,0.247336,60.0,150.0,0.0
2024-04-26,26,14:30,5.8458,17.0147,22.8605,65.37,0.373598,60.0,150.0,0.0
2024-04-26,27,14:45,5.1816,17.1381,22.3197,65.37,0.364759,60.0,150.0,0.0
2024-04-26,28,15:00,6.7301,16.0793,22.8094,69.92,0.398708,60.0,10.0,140.0
2024-04-26,29,15:15,3.9878,3.2115,7.1993,69.92,0.125844,60.0,10.0,0.0
2024-04-26,30,15:30,0.0,9.5021,9.5021,69.92,0.166097,120.0,50.0,0.0
2024-04-26,31,15:45,0.0,17.0147,17.0147,69.92,0.297416,120.0,50.0,0.0
2024-04-26,32,16:00,0.0,17.1381,17.1381,71.7,0.3072,120.0,50.0,0.0
2024-04-26,33,16:15,0.0,16.0793,16.0793,71.7,0.288221,120.0,50.0,0.0
2024-04-26,34,16:30,0.0,3.2115,3.2115,71.7,0.057566,120.0,50.0,0.0
2024-04-26,35,16:45,0.0,9.5021,9.5021,71.7,0.170325,80.0,90.0,0.0
2024-04-26,36,17:00,0.0,17.0147,17.0147,80.46,0.34225,80.0,90.0,0.0
2024-04-26,37,17:15,0.0,17.1381,17.1381,80.46,0.344733,80.0,90.0,0.0
2024-04-26,38,17:30,0.0,16.0793,16.0793,80.46,0.323435,80.0,90.0,0.0
2024-04-26,39,17:45,0.0,3.2115,3.2115,80.46,0.064599,80.0,90.0,0.0
2024-04-26,40,18:00,0.0,9.5021,9.5021,94.78,0.225152,40.0,130.0,0.0
2024-04-26,41,18:15,0.0,17.0147,17.0147,94.78,0.403163,40.0,130.0,0.0
2024-04-26,42,18:30,0.0,17.1381,17.1381,94.78,0.406087,40.0,130.0,0.0
2024-04-26,43,18:45,0.0,16.0793,16.0793,94.78,0.380999,40.0,130.0,0.0
2024-04-26,44,19:00,0.0,3.2115,3.2115,131.9,0.105899,40.0,130.0,0.0
2024-04-26,45,19:15,0.0,9.5021,9.5021,131.9,0.313332,0.0,170.0,0.0
2024-04-26,46,19:30,0.0,17.0147,17.0147,131.9,0.561059,0.0,170.0,0.0
2024-04-26,47,19:45,0.0,17.1381,17.1381,131.9,0.565129,0.0,170.0,0.0
2024-04-26,48,20:00,0.0,16.0793,16.0793,141.58,0.569126,0.0,170.0,0.0
2024-04-26,49,20:15,0.0,3.2115,3.2115,141.58,0.113671,0.0,170.0,0.0
2024-04-26,50,20:30,0.0,0.0,0.0,141.58,0.0,0.0,210.0,0.0
2024-04-26,51,20:45,0.0,0.0,0.0,141.58,0.0,0.0,210.0,0.0
2024-04-26,52,21:00,0.0,0.0,0.0,110.0,0.0,0.0,210.0,0.0
2024-04-26,53,21:15,0.0,0.0,0.0,110.0,0.0,0.0,210.0,0.0
2024-04-26,54,21:30,0.0,0.0,0.0,110.0,0.0,0.0,210.0,0.0
2024-04-26,55,21:45,0.0,0.0,0.0,110.0,0.0,0.0,30.0,180.0
2024-04-29,0,08:00,1.8638,0.0,1.8638,100.69,0.046918,0.0,30.0,0.0
2024-04-29,1,08:15,6.7293,0.0,6.7293,100.69,0.169393,0.0,30.0,0.0
2024-04-29,2,08:30,5.9956,0.0,5.9956,100.69,0.150924,0.0,30.0,0.0
2024-04-29,3,08:45,7.1179,0.0,7.1179,100.69,0.179175,0.0,30.0,0.0
2024-04-29,4,09:00,6.1091,0.0,6.1091,75.17,0.114805,0.0,30.0,0.0
2024-04-29,5,09:15,5.6324,0.0,5.6324,75.17,0.105848,0.0,30.0,0.0
2024-04-29,6,09:30,5.8458,0.0,5.8458,75.17,0.109857,0.0,30.0,0.0
2024-04-29,7,09:45,5.1816,0.0,5.1816,75.17,0.097375,0.0,30.0,0.0
2024-04-29,8,10:00,6.7301,0.0,6.7301,59.21,0.099622,0.0,30.0,0.0
2024-04-29,9,10:15,3.9878,0.0,3.9878,59.21,0.059029,0.0,30.0,0.0
2024-04-29,10,10:30,1.8638,9.5021,11.3659,59.21,0.168244,60.0,30.0,0.0
2024-04-29,11,10:45,6.7293,17.0147,23.744,59.21,0.35147,60.0,30.0,0.0
2024-04-29,12,11:00,5.9956,17.1381,23.1337,36.46,0.210863,60.0,30.0,0.0
2024-04-29,13,11:15,7.1179,16.0793,23.1972,36.46,0.211442,60.0,30.0,0.0
2024-04-29,14,11:30,6.1091,3.2115,9.3206,36.46,0.084957,60.0,30.0,0.0
2024-04-29,15,11:45,5.6324,9.5021,15.1345,36.46,0.137951,20.0,70.0,0.0
2024-04-29,16,12:00,5.8458,17.0147,22.8605,36.18,0.206773,20.0,70.0,0.0
2024-04-29,17,12:15,5.1816,17.1381,22.3197,36.18,0.201881,20.0,70.0,0.0
2024-04-29,18,12:30,6.7301,16.0793,22.8094,36.18,0.206311,20.0,70.0,0.0
2024-04-29,19,12:45,3.9878,3.2115,7.1993,36.18,0.065118,20.0,70.0,0.0
2024-04-29,20,13:00,1.8638,9.5021,11.3659,35.59,0.101128,80.0,110.0,0.0
2024-04-29,21,13:15,6.7293,17.0147,23.744,35.59,0.211262,80.0,110.0,0.0
2024-04-29,22,13:30,5.9956,17.1381,23.1337,35.59,0.205832,80.0,110.0,0.0
2024-04-29,23,13:45,7.1179,16.0793,23.1972,35.59,0.206397,80.0,110.0,0.0
2024-04-29,24,14:00,6.1091,3.2115,9.3206,33.63,0.078363,80.0,110.0,0.0
2024-04-29,25,14:15,5.6324,9.5021,15.1345,33.63,0.127244,40.0,150.0,0.0
2024-04-29,26,14:30,5.8458,17.0147,22.8605,33.63,0.1922,40.0,150.0,0.0
2024-04-29,27,14:45,5.1816,17.1381,22.3197,33.63,0.187653,40.0,150.0,0.0
2024-04-29,28,15:00,6.7301,16.0793,22.8094,35.57,0.202832,40.0,0.0,150.0
2024-04-29,29,15:15,3.9878,3.2115,7.1993,35.57,0.06402,40.0,0.0,0.0
2024-04-29,30,15:30,1.8638,9.5021,11.3659,35.57,0.101072,100.0,40.0,0.0
2024-04-29,31,15:45,6.7293,17.0147,23.744,35.57,0.211143,100.0,40.0,0.0
2024-04-29,32,16:00,5.9956,17.1381,23.1337,47.68,0.275753,100.0,40.0,0.0
2024-04-29,33,16:15,7.1179,16.0793,23.1972,47.68,0.27651,100.0,40.0,0.0
2024-04-29,34,16:30,6.1091,3.2115,9.3206,47.68,0.111101,100.0,40.0,0.0
2024-04-29,35,16:45,5.6324,9.5021,15.1345,47.68,0.180404,60.0,80.0,0.0
2024-04-29,36,17:00,5.8458,17.0147,22.8605,85.75,0.490072,60.0,80.0,0.0
2024-04-29,37,17:15,5.1816,17.1381,22.3197,85.75,0.478478,60.0,80.0,0.0
2024-04-29,38,17:30,6.7301,16.0793,22.8094,85.75,0.488976,60.0,80.0,0.0
2024-04-29,39,17:45,3.9878,3.2115,7.1993,85.75,0.154335,60.0,80.0,0.0
2024-04-29,40,18:00,0.0,9.5021,9.5021,104.73,0.248789,120.0,120.0,0.0
2024-04-29,41,18:15,0.0,17.0147,17.0147,104.73,0.445487,120.0,120.0,0.0
2024-04-29,42,18:30,0.0,17.1381,17.1381,104.73,0.448718,120.0,120.0,0.0
2024-04-29,43,18:45,0.0,16.0793,16.0793,104.73,0.420996,120.0,120.0,0.0
2024-04-29,44,19:00,0.0,3.2115,3.2115,180.04,0.144549,120.0,120.0,0.0
2024-04-29,45,19:15,0.0,9.5021,9.5021,180.04,0.427689,80.0,160.0,0.0
2024-04-29,46,19:30,0.0,17.0147,17.0147,180.04,0.76583,80.0,160.0,0.0
2024-04-29,47,19:45,0.0,17.1381,17.1381,180.04,0.771386,80.0,160.0,0.0
2024-04-29,48,20:00,0.0,16.0793,16.0793,204.57,0.822335,80.0,160.0,0.0
2024-04-29,49,20:15,0.0,3.2115,3.2115,204.57,0.164243,80.0,160.0,0.0
2024-04-29,50,20:30,0.0,0.0,0.0,204.57,0.0,80.0,200.0,0.0
2024-04-29,51,20:45,0.0,0.0,0.0,204.57,0.0,80.0,200.0,0.0
2024-04-29,52,21:00,0.0,0.0,0.0,108.55,0.0,80.0,200.0,0.0
2024-04-29,53,21:15,0.0,0.0,0.0,108.55,0.0,80.0,200.0,0.0
2024-04-29,54,21:30,0.0,0.0,0.0,108.55,0.0,80.0,200.0,0.0
2024-04-29,55,21:45,0.0,0.0,0.0,108.55,0.0,80.0,10.0,190.0
2024-04-30,0,08:00,1.8638,9.5021,11.3659,88.46,0.251358,40.0,10.0,0.0
2024-04-30,1,08:15,6.7293,17.0147,23.744,88.46,0.525098,40.0,10.0,0.0
2024-04-30,2,08:30,5.9956,17.1381,23.1337,88.46,0.511601,40.0,10.0,0.0
2024-04-30,3,08:45,7.1179,16.0793,23.1972,88.46,0.513005,40.0,10.0,0.0
2024-04-30,4,09:00,6.1091,3.2115,9.3206,77.0,0.179421,40.0,10.0,0.0
2024-04-30,5,09:15,5.6324,9.5021,15.1345,77.0,0.29134,0.0,50.0,0.0
2024-04-30,6,09:30,5.8458,17.0147,22.8605,77.0,0.440064,0.0,50.0,0.0
2024-04-30,7,09:45,5.1816,17.1381,22.3197,77.0,0.429654,0.0,50.0,0.0
2024-04-30,8,10:00,6.7301,16.0793,22.8094,62.06,0.353888,0.0,50.0,0.0
2024-04-30,9,10:15,3.9878,3.2115,7.1993,62.06,0.111697,0.0,50.0,0.0
2024-04-30,10,10:30,1.8638,9.5021,11.3659,62.06,0.176342,60.0,90.0,0.0
2024-04-30,11,10:45,6.7293,17.0147,23.744,62.06,0.368387,60.0,90.0,0.0
2024-04-30,12,11:00,5.9956,17.1381,23.1337,47.1,0.272399,60.0,90.0,0.0
2024-04-30,13,11:15,7.1179,16.0793,23.1972,47.1,0.273147,60.0,90.0,0.0
2024-04-30,14,11:30,6.1091,3.2115,9.3206,47.1,0.10975,60.0,90.0,0.0
2024-04-30,15,11:45,5.6324,9.5021,15.1345,47.1,0.178209,20.0,130.0,0.0
2024-04-30,16,12:00,5.8458,17.0147,22.8605,28.05,0.160309,20.0,130.0,0.0
2024-04-30,17,12:15,5.1816,17.1381,22.3197,28.05,0.156517,20.0,130.0,0.0
2024-04-30,18,12:30,6.7301,16.0793,22.8094,28.05,0.159951,20.0,130.0,0.0
2024-04-30,19,12:45,3.9878,3.2115,7.1993,28.05,0.050485,20.0,130.0,0.0
2024-04-30,20,13:00,1.8638,9.5021,11.3659,11.3,0.032109,80.0,170.0,0.0
2024-04-30,21,13:15,6.7293,17.0147,23.744,11.3,0.067077,80.0,170.0,0.0
2024-04-30,22,13:30,5.9956,17.1381,23.1337,11.3,0.065353,80.0,170.0,0.0
2024-04-30,23,13:45,7.1179,16.0793,23.1972,11.3,0.065532,80.0,170.0,0.0
2024-04-30,24,14:00,6.1091,3.2115,9.3206,10.0,0.023301,80.0,170.0,0.0
2024-04-30,25,14:15,5.6324,9.5021,15.1345,10.0,0.037836,40.0,210.0,0.0
2024-04-30,26,14:30,5.8458,17.0147,22.8605,10.0,0.057151,40.0,210.0,0.0
2024-04-30,27,14:45,5.1816,17.1381,22.3197,10.0,0.055799,40.0,210.0,0.0
2024-04-30,28,15:00,6.7301,16.0793,22.8094,19.14,0.109143,40.0,70.0,140.0
2024-04-30,29,15:15,3.9878,3.2115,7.1993,19.14,0.034449,40.0,70.0,0.0
2024-04-30,30,15:30,1.8638,9.5021,11.3659,19.14,0.054386,100.0,110.0,0.0
2024-04-30,31,15:45,6.7293,17.0147,23.744,19.14,0.113615,100.0,110.0,0.0
2024-04-30,32,16:00,5.9956,17.1381,23.1337,45.84,0.265112,100.0,110.0,0.0
2024-04-30,33,16:15,7.1179,16.0793,23.1972,45.84,0.26584,100.0,110.0,0.0
2024-04-30,34,16:30,6.1091,3.2115,9.3206,45.84,0.106814,100.0,110.0,0.0
2024-04-30,35,16:45,5.6324,9.5021,15.1345,45.84,0.173442,60.0,150.0,0.0
2024-04-30,36,17:00,5.8458,17.0147,22.8605,66.95,0.382627,60.0,150.0,0.0
2024-04-30,37,17:15,5.1816,17.1381,22.3197,66.95,0.373575,60.0,150.0,0.0
2024-04-30,38,17:30,6.7301,16.0793,22.8094,66.95,0.381772,60.0,150.0,0.0
2024-04-30,39,17:45,3.9878,3.2115,7.1993,66.95,0.120498,60.0,150.0,0.0
2024-04-30,40,18:00,0.0,9.5021,9.5021,86.2,0.20477,120.0,190.0,0.0
2024-04-30,41,18:15,0.0,17.0147,17.0147,86.2,0.366666,120.0,190.0,0.0
2024-04-30,42,18:30,0.0,17.1381,17.1381,86.2,0.369326,120.0,190.0,0.0
2024-04-30,43,18:45,0.0,16.0793,16.0793,86.2,0.346508,120.0,190.0,0.0
2024-04-30,44,19:00,0.0,3.2115,3.2115,122.01,0.097958,120.0,190.0,0.0
2024-04-30,45,19:15,0.0,9.5021,9.5021,122.01,0.289838,80.0,230.0,0.0
2024-04-30,46,19:30,0.0,17.0147,17.0147,122.01,0.51899,80.0,230.0,0.0
2024-04-30,47,19:45,0.0,17.1381,17.1381,122.01,0.522755,80.0,230.0,0.0
2024-04-30,48,20:00,0.0,16.0793,16.0793,132.41,0.532264,80.0,230.0,0.0
2024-04-30,49,20:15,0.0,3.2115,3.2115,132.41,0.106308,80.0,230.0,0.0
2024-04-30,50,20:30,0.0,0.0,0.0,132.41,0.0,80.0,270.0,0.0
2024-04-30,51,20:45,0.0,0.0,0.0,132.41,0.0,80.0,270.0,0.0
2024-04-30,52,21:00,0.0,0.0,0.0,88.37,0.0,80.0,270.0,0.0
2024-04-30,53,21:15,0.0,0.0,0.0,88.37,0.0,80.0,270.0,0.0
2024-04-30,54,21:30,0.0,0.0,0.0,88.37,0.0,80.0,270.0,0.0
2024-04-30,55,21:45,0.0,0.0,0.0,88.37,0.0,80.0,100.0,170.0
2024-05-02,0,08:00,1.8638,9.5021,11.3659,62.9,0.178729,40.0,100.0,0.0
2024-05-02,1,08:15,6.7293,17.0147,23.744,62.9,0.373374,40.0,100.0,0.0
2024-05-02,2,08:30,5.9956,17.1381,23.1337,62.9,0.363777,40.0,100.0,0.0
2024-05-02,3,08:45,7.1179,16.0793,23.1972,62.9,0.364776,40.0,100.0,0.0
2024-05-02,4,09:00,6.1091,3.2115,9.3206,31.45,0.073283,40.0,100.0,0.0
2024-05-02,5,09:15,5.6324,9.5021,15.1345,31.45,0.118995,0.0,140.0,0.0
2024-05-02,6,09:30,5.8458,17.0147,22.8605,31.45,0.179741,0.0,140.0,0.0
2024-05-02,7,09:45,5.1816,17.1381,22.3197,31.45,0.175488,0.0,140.0,0.0
2024-05-02,8,10:00,6.7301,16.0793,22.8094,5.1,0.029082,0.0,140.0,0.0
2024-05-02,9,10:15,3.9878,3.2115,7.1993,5.1,0.009179,0.0,140.0,0.0
2024-05-02,10,10:30,1.8638,9.5021,11.3659,5.1,0.014492,60.0,180.0,0.0
2024-05-02,11,10:45,6.7293,17.0147,23.744,5.1,0.030274,60.0,180.0,0.0
2024-05-02,12,11:00,5.9956,17.1381,23.1337,-0.08,-0.000463,60.0,180.0,0.0
2024-05-02,13,11:15,7.1179,16.0793,23.1972,-0.08,-0.000464,60.0,180.0,0.0
2024-05-02,14,11:30,6.1091,3.2115,9.3206,-0.08,-0.000186,60.0,180.0,0.0
2024-05-02,15,11:45,5.6324,9.5021,15.1345,-0.08,-0.000303,20.0,220.0,0.0
2024-05-02,16,12:00,5.8458,17.0147,22.8605,-1.73,-0.009887,20.0,220.0,0.0
2024-05-02,17,12:15,5.1816,17.1381,22.3197,-1.73,-0.009653,20.0,220.0,0.0
2024-05-02,18,12:30,6.7301,16.0793,22.8094,-1.73,-0.009865,20.0,220.0,0.0
2024-05-02,19,12:45,3.9878,3.2115,7.1993,-1.73,-0.003114,20.0,220.0,0.0
2024-05-02,20,13:00,1.8638,9.5021,11.3659,-4.19,-0.011906,80.0,260.0,0.0
2024-05-02,21,13:15,6.7293,17.0147,23.744,-4.19,-0.024872,80.0,260.0,0.0
2024-05-02,22,13:30,5.9956,17.1381,23.1337,-4.19,-0.024233,80.0,260.0,0.0
2024-05-02,23,13:45,7.1179,16.0793,23.1972,-4.19,-0.024299,80.0,260.0,0.0
2024-05-02,24,14:00,6.1091,3.2115,9.3206,-0.05,-0.000117,80.0,260.0,0.0
2024-05-02,25,14:15,5.6324,9.5021,15.1345,-0.05,-0.000189,40.0,300.0,0.0
2024-05-02,26,14:30,5.8458,17.0147,22.8605,-0.05,-0.000286,40.0,300.0,0.0
2024-05-02,27,14:45,5.1816,17.1381,22.3197,-0.05,-0.000279,40.0,300.0,0.0
2024-05-02,28,15:00,6.7301,16.0793,22.8094,-1.39,-0.007926,40.0,110.0,190.0
2024-05-02,29,15:15,3.9878,3.2115,7.1993,-1.39,-0.002502,40.0,110.0,0.0
2024-05-02,30,15:30,0.0,9.5021,9.5021,-1.39,-0.003302,100.0,150.0,0.0
2024-05-02,31,15:45,0.0,17.0147,17.0147,-1.39,-0.005913,100.0,150.0,0.0
2024-05-02,32,16:00,0.0,17.1381,17.1381,4.04,0.017309,100.0,150.0,0.0
2024-05-02,33,16:15,0.0,16.0793,16.0793,4.04,0.01624,100.0,150.0,0.0
2024-05-02,34,16:30,0.0,3.2115,3.2115,4.04,0.003244,100.0,150.0,0.0
2024-05-02,35,16:45,0.0,9.5021,9.5021,4.04,0.009597,60.0,190.0,0.0
2024-05-02,36,17:00,0.0,17.0147,17.0147,55.16,0.234632,60.0,190.0,0.0
2024-05-02,37,17:15,0.0,17.1381,17.1381,55.16,0.236334,60.0,190.0,0.0
2024-05-02,38,17:30,0.0,16.0793,16.0793,55.16,0.221733,60.0,190.0,0.0
2024-05-02,39,17:45,0.0,3.2115,3.2115,55.16,0.044286,60.0,190.0,0.0
2024-05-02,40,18:00,0.0,0.0,0.0,81.22,0.0,60.0,230.0,0.0
2024-05-02,41,18:15,0.0,0.0,0.0,81.22,0.0,60.0,230.0,0.0
2024-05-02,42,18:30,0.0,0.0,0.0,81.22,0.0,60.0,230.0,0.0
2024-05-02,43,18:45,0.0,0.0,0.0,81.22,0.0,60.0,230.0,0.0
2024-05-02,44,19:00,0.0,0.0,0.0,87.96,0.0,60.0,230.0,0.0
2024-05-02,45,19:15,0.0,0.0,0.0,87.96,0.0,60.0,230.0,0.0
2024-05-02,46,19:30,0.0,0.0,0.0,87.96,0.0,60.0,230.0,0.0
2024-05-02,47,19:45,0.0,0.0,0.0,87.96,0.0,60.0,230.0,0.0
2024-05-02,48,20:00,0.0,0.0,0.0,85.14,0.0,60.0,230.0,0.0
2024-05-02,49,20:15,0.0,0.0,0.0,85.14,0.0,60.0,230.0,0.0
2024-05-02,50,20:30,0.0,0.0,0.0,85.14,0.0,60.0,230.0,0.0
2024-05-02,51,20:45,0.0,0.0,0.0,85.14,0.0,60.0,230.0,0.0
2024-05-02,52,21:00,0.0,0.0,0.0,82.31,0.0,60.0,230.0,0.0
2024-05-02,53,21:15,0.0,0.0,0.0,82.31,0.0,60.0,230.0,0.0
2024-05-02,54,21:30,0.0,0.0,0.0,82.31,0.0,60.0,230.0,0.0
2024-05-02,55,21:45,0.0,0.0,0.0,82.31,0.0,60.0,40.0,190.0
2024-05-03,0,08:00,1.8638,9.5021,11.3659,92.31,0.262297,20.0,40.0,0.0
2024-05-03,1,08:15,6.7293,17.0147,23.744,92.31,0.547951,20.0,40.0,0.0
2024-05-03,2,08:30,5.9956,17.1381,23.1337,92.31,0.533868,20.0,40.0,0.0
2024-05-03,3,08:45,7.1179,16.0793,23.1972,92.31,0.535333,20.0,40.0,0.0
2024-05-03,4,09:00,6.1091,3.2115,9.3206,88.25,0.205635,20.0,40.0,0.0
2024-05-03,5,09:15,5.6324,0.0,5.6324,88.25,0.124266,20.0,80.0,0.0
2024-05-03,6,09:30,5.8458,0.0,5.8458,88.25,0.128973,20.0,80.0,0.0
2024-05-03,7,09:45,5.1816,0.0,5.1816,88.25,0.114318,20.0,80.0,0.0
2024-05-03,8,10:00,6.7301,0.0,6.7301,77.95,0.131153,20.0,80.0,0.0
2024-05-03,9,10:15,3.9878,0.0,3.9878,77.95,0.077712,20.0,80.0,0.0
2024-05-03,10,10:30,1.8638,9.5021,11.3659,77.95,0.221494,80.0,80.0,0.0
2024-05-03,11,10:45,6.7293,17.0147,23.744,77.95,0.46271,80.0,80.0,0.0
2024-05-03,12,11:00,5.9956,17.1381,23.1337,72.58,0.419761,80.0,80.0,0.0
2024-05-03,13,11:15,7.1179,16.0793,23.1972,72.58,0.420913,80.0,80.0,0.0
2024-05-03,14,11:30,6.1091,3.2115,9.3206,72.58,0.169122,80.0,80.0,0.0
2024-05-03,15,11:45,5.6324,9.5021,15.1345,72.58,0.274616,40.0,120.0,0.0
2024-05-03,16,12:00,5.8458,17.0147,22.8605,64.11,0.366396,40.0,120.0,0.0
2024-05-03,17,12:15,5.1816,17.1381,22.3197,64.11,0.357728,40.0,120.0,0.0
2024-05-03,18,12:30,6.7301,16.0793,22.8094,64.11,0.365577,40.0,120.0,0.0
2024-05-03,19,12:45,3.9878,3.2115,7.1993,64.11,0.115387,40.0,120.0,0.0
2024-05-03,20,13:00,0.0,9.5021,9.5021,59.33,0.14094,100.0,160.0,0.0
2024-05-03,21,13:15,0.0,17.0147,17.0147,59.33,0.25237,100.0,160.0,0.0
2024-05-03,22,13:30,0.0,17.1381,17.1381,59.33,0.254201,100.0,160.0,0.0
2024-05-03,23,13:45,0.0,16.0793,16.0793,59.33,0.238496,100.0,160.0,0.0
2024-05-03,24,14:00,0.0,3.2115,3.2115,60.05,0.048212,100.0,160.0,0.0
2024-05-03,25,14:15,0.0,9.5021,9.5021,60.05,0.14265,60.0,200.0,0.0
2024-05-03,26,14:30,0.0,17.0147,17.0147,60.05,0.255433,60.0,200.0,0.0
2024-05-03,27,14:45,0.0,17.1381,17.1381,60.05,0.257286,60.0,200.0,0.0
2024-05-03,28,15:00,0.0,16.0793,16.0793,64.69,0.260042,60.0,70.0,130.0
2024-05-03,29,15:15,0.0,3.2115,3.2115,64.69,0.051938,60.0,70.0,0.0
2024-05-03,30,15:30,0.0,9.5021,9.5021,64.69,0.153673,20.0,110.0,0.0
2024-05-03,31,15:45,0.0,17.0147,17.0147,64.69,0.27517,20.0,110.0,0.0
2024-05-03,32,16:00,0.0,17.1381,17.1381,72.29,0.309728,20.0,110.0,0.0
2024-05-03,33,16:15,0.0,16.0793,16.0793,72.29,0.290593,20.0,110.0,0.0
2024-05-03,34,16:30,0.0,3.2115,3.2115,72.29,0.05804,20.0,110.0,0.0
2024-05-03,35,16:45,0.0,0.0,0.0,72.29,0.0,20.0,150.0,0.0
2024-05-03,36,17:00,0.0,0.0,0.0,79.55,0.0,20.0,150.0,0.0
2024-05-03,37,17:15,0.0,0.0,0.0,79.55,0.0,20.0,150.0,0.0
2024-05-03,38,17:30,0.0,0.0,0.0,79.55,0.0,20.0,150.0,0.0
2024-05-03,39,17:45,0.0,0.0,0.0,79.55,0.0,20.0,150.0,0.0
2024-05-03,40,18:00,0.0,0.0,0.0,88.89,0.0,20.0,150.0,0.0
2024-05-03,41,18:15,0.0,0.0,0.0,88.89,0.0,20.0,150.0,0.0
2024-05-03,42,18:30,0.0,0.0,0.0,88.89,0.0,20.0,150.0,0.0
2024-05-03,43,18:45,0.0,0.0,0.0,88.89,0.0,20.0,150.0,0.0
2024-05-03,44,19:00,0.0,0.0,0.0,105.49,0.0,20.0,150.0,0.0
2024-05-03,45,19:15,0.0,0.0,0.0,105.49,0.0,20.0,150.0,0.0
2024-05-03,46,19:30,0.0,0.0,0.0,105.49,0.0,20.0,150.0,0.0
2024-05-03,47,19:45,0.0,0.0,0.0,105.49,0.0,20.0,150.0,0.0
2024-05-03,48,20:00,0.0,0.0,0.0,119.94,0.0,20.0,150.0,0.0
2024-05-03,49,20:15,0.0,0.0,0.0,119.94,0.0,20.0,150.0,0.0
2024-05-03,50,20:30,0.0,0.0,0.0,119.94,0.0,20.0,150.0,0.0
2024-05-03,51,20:45,0.0,0.0,0.0,119.94,0.0,20.0,150.0,0.0
2024-05-03,52,21:00,0.0,0.0,0.0,107.95,0.0,20.0,150.0,0.0
2024-05-03,53,21:15,0.0,0.0,0.0,107.95,0.0,20.0,150.0,0.0
2024-05-03,54,21:30,0.0,0.0,0.0,107.95,0.0,20.0,150.0,0.0
2024-05-03,55,21:45,0.0,0.0,0.0,107.95,0.0,20.0,0.0,150.0
2024-05-06,0,08:00,1.8638,0.0,1.8638,101.35,0.047225,20.0,0.0,0.0
2024-05-06,1,08:15,6.7293,0.0,6.7293,101.35,0.170503,20.0,0.0,0.0
2024-05-06,2,08:30,5.9956,0.0,5.9956,101.35,0.151913,20.0,0.0,0.0
2024-05-06,3,08:45,7.1179,0.0,7.1179,101.35,0.18035,20.0,0.0,0.0
2024-05-06,4,09:00,6.1091,0.0,6.1091,89.0,0.135927,20.0,0.0,0.0
2024-05-06,5,09:15,5.6324,0.0,5.6324,89.0,0.125322,20.0,0.0,0.0
2024-05-06,6,09:30,5.8458,0.0,5.8458,89.0,0.130069,20.0,0.0,0.0
2024-05-06,7,09:45,5.1816,0.0,5.1816,89.0,0.11529,20.0,0.0,0.0
2024-05-06,8,10:00,6.7301,0.0,6.7301,81.11,0.13647,20.0,0.0,0.0
2024-05-06,9,10:15,3.9878,0.0,3.9878,81.11,0.080863,20.0,0.0,0.0
2024-05-06,10,10:30,1.8638,9.5021,11.3659,81.11,0.230473,80.0,0.0,0.0
2024-05-06,11,10:45,6.7293,17.0147,23.744,81.11,0.481468,80.0,0.0,0.0
2024-05-06,12,11:00,5.9956,17.1381,23.1337,76.23,0.44087,80.0,0.0,0.0
2024-05-06,13,11:15,7.1179,16.0793,23.1972,76.23,0.44208,80.0,0.0,0.0
2024-05-06,14,11:30,6.1091,3.2115,9.3206,76.23,0.177627,80.0,0.0,0.0
2024-05-06,15,11:45,5.6324,9.5021,15.1345,76.23,0.288426,40.0,40.0,0.0
2024-05-06,16,12:00,5.8458,17.0147,22.8605,76.26,0.435835,40.0,40.0,0.0
2024-05-06,17,12:15,5.1816,17.1381,22.3197,76.26,0.425524,40.0,40.0,0.0
2024-05-06,18,12:30,6.7301,16.0793,22.8094,76.26,0.434861,40.0,40.0,0.0
2024-05-06,19,12:45,3.9878,3.2115,7.1993,76.26,0.137254,40.0,40.0,0.0
2024-05-06,20,13:00,1.8638,9.5021,11.3659,74.71,0.212287,100.0,80.0,0.0
2024-05-06,21,13:15,6.7293,17.0147,23.744,74.71,0.443478,100.0,80.0,0.0
2024-05-06,22,13:30,5.9956,17.1381,23.1337,74.71,0.432079,100.0,80.0,0.0
2024-05-06,23,13:45,7.1179,16.0793,23.1972,74.71,0.433265,100.0,80.0,0.0
2024-05-06,24,14:00,6.1091,3.2115,9.3206,74.89,0.174504,100.0,80.0,0.0
2024-05-06,25,14:15,5.6324,9.5021,15.1345,74.89,0.283356,60.0,120.0,0.0
2024-05-06,26,14:30,5.8458,17.0147,22.8605,74.89,0.428005,60.0,120.0,0.0
2024-05-06,27,14:45,5.1816,17.1381,22.3197,74.89,0.41788,60.0,120.0,0.0
2024-05-06,28,15:00,6.7301,16.0793,22.8094,81.11,0.462517,60.0,0.0,120.0
2024-05-06,29,15:15,3.9878,3.2115,7.1993,81.11,0.145984,60.0,0.0,0.0
2024-05-06,30,15:30,1.8638,9.5021,11.3659,81.11,0.230473,120.0,40.0,0.0
2024-05-06,31,15:45,6.7293,17.0147,23.744,81.11,0.481468,120.0,40.0,0.0
2024-05-06,32,16:00,5.9956,17.1381,23.1337,81.62,0.472043,120.0,40.0,0.0
2024-05-06,33,16:15,7.1179,16.0793,23.1972,81.62,0.473338,120.0,40.0,0.0
2024-05-06,34,16:30,6.1091,3.2115,9.3206,81.62,0.190186,120.0,40.0,0.0
2024-05-06,35,16:45,5.6324,9.5021,15.1345,81.62,0.30882,80.0,80.0,0.0
2024-05-06,36,17:00,5.8458,17.0147,22.8605,93.36,0.533564,80.0,80.0,0.0
2024-05-06,37,17:15,5.1816,17.1381,22.3197,93.36,0.520941,80.0,80.0,0.0
2024-05-06,38,17:30,6.7301,16.0793,22.8094,93.36,0.532371,80.0,80.0,0.0
2024-05-06,39,17:45,3.9878,3.2115,7.1993,93.36,0.168031,80.0,80.0,0.0
2024-05-06,40,18:00,0.0,9.5021,9.5021,108.37,0.257435,140.0,120.0,0.0
2024-05-06,41,18:15,0.0,17.0147,17.0147,108.37,0.46097,140.0,120.0,0.0
2024-05-06,42,18:30,0.0,17.1381,17.1381,108.37,0.464314,140.0,120.0,0.0
2024-05-06,43,18:45,0.0,16.0793,16.0793,108.37,0.435628,140.0,120.0,0.0
2024-05-06,44,19:00,0.0,3.2115,3.2115,136.65,0.109712,140.0,120.0,0.0
2024-05-06,45,19:15,0.0,9.5021,9.5021,136.65,0.324615,100.0,160.0,0.0
2024-05-06,46,19:30,0.0,17.0147,17.0147,136.65,0.581264,100.0,160.0,0.0
2024-05-06,47,19:45,0.0,17.1381,17.1381,136.65,0.58548,100.0,160.0,0.0
2024-05-06,48,20:00,0.0,16.0793,16.0793,143.99,0.578814,100.0,160.0,0.0
2024-05-06,49,20:15,0.0,3.2115,3.2115,143.99,0.115605,100.0,160.0,0.0
2024-05-06,50,20:30,0.0,9.5021,9.5021,143.99,0.342052,60.0,200.0,0.0
2024-05-06,51,20:45,0.0,17.0147,17.0147,143.99,0.612486,60.0,200.0,0.0
2024-05-06,52,21:00,0.0,17.1381,17.1381,107.98,0.462643,60.0,200.0,0.0
2024-05-06,53,21:15,0.0,16.0793,16.0793,107.98,0.43406,60.0,200.0,0.0
2024-05-06,54,21:30,0.0,3.2115,3.2115,107.98,0.086694,60.0,200.0,0.0
2024-05-06,55,21:45,0.0,0.0,0.0,107.98,0.0,60.0,50.0,190.0
2024-05-07,0,08:00,1.8638,9.5021,11.3659,112.66,0.320122,20.0,50.0,0.0
2024-05-07,1,08:15,6.7293,17.0147,23.744,112.66,0.668748,20.0,50.0,0.0
2024-05-07,2,08:30,5.9956,17.1381,23.1337,112.66,0.65156,20.0,50.0,0.0
2024-05-07,3,08:45,7.1179,16.0793,23.1972,112.66,0.653348,20.0,50.0,0.0
2024-05-07,4,09:00,6.1091,3.2115,9.3206,91.75,0.21379,20.0,50.0,0.0
2024-05-07,5,09:15,5.6324,0.0,5.6324,91.75,0.129194,20.0,90.0,0.0
2024-05-07,6,09:30,5.8458,0.0,5.8458,91.75,0.134088,20.0,90.0,0.0
2024-05-07,7,09:45,5.1816,0.0,5.1816,91.75,0.118852,20.0,90.0,0.0
2024-05-07,8,10:00,6.7301,0.0,6.7301,85.21,0.143368,20.0,90.0,0.0
2024-05-07,9,10:15,3.9878,0.0,3.9878,85.21,0.08495,20.0,90.0,0.0
2024-05-07,10,10:30,1.8638,9.5021,11.3659,85.21,0.242123,80.0,90.0,0.0
2024-05-07,11,10:45,6.7293,17.0147,23.744,85.21,0.505806,80.0,90.0,0.0
2024-05-07,12,11:00,5.9956,17.1381,23.1337,81.08,0.46892,80.0,90.0,0.0
2024-05-07,13,11:15,7.1179,16.0793,23.1972,81.08,0.470207,80.0,90.0,0.0
2024-05-07,14,11:30,6.1091,3.2115,9.3206,81.08,0.188928,80.0,90.0,0.0
2024-05-07,15,11:45,5.6324,9.5021,15.1345,81.08,0.306777,40.0,130.0,0.0
2024-05-07,16,12:00,5.8458,17.0147,22.8605,74.73,0.427091,40.0,130.0,0.0
2024-05-07,17,12:15,5.1816,17.1381,22.3197,74.73,0.416987,40.0,130.0,0.0
2024-05-07,18,12:30,6.7301,16.0793,22.8094,74.73,0.426136,40.0,130.0,0.0
2024-05-07,19,12:45,3.9878,3.2115,7.1993,74.73,0.134501,40.0,130.0,0.0
2024-05-07,20,13:00,1.8638,9.5021,11.3659,70.43,0.200126,100.0,170.0,0.0
2024-05-07,21,13:15,6.7293,17.0147,23.744,70.43,0.418072,100.0,170.0,0.0
2024-05-07,22,13:30,5.9956,17.1381,23.1337,70.43,0.407326,100.0,170.0,0.0
2024-05-07,23,13:45,7.1179,16.0793,23.1972,70.43,0.408444,100.0,170.0,0.0
2024-05-07,24,14:00,6.1091,3.2115,9.3206,65.53,0.152694,100.0,170.0,0.0
2024-05-07,25,14:15,5.6324,9.5021,15.1345,65.53,0.247942,60.0,210.0,0.0
2024-05-07,26,14:30,5.8458,17.0147,22.8605,65.53,0.374512,60.0,210.0,0.0
2024-05-07,27,14:45,5.1816,17.1381,22.3197,65.53,0.365652,60.0,210.0,0.0
2024-05-07,28,15:00,6.7301,16.0793,22.8094,74.05,0.422259,60.0,60.0,150.0
2024-05-07,29,15:15,3.9878,3.2115,7.1993,74.05,0.133277,60.0,60.0,0.0
2024-05-07,30,15:30,0.0,9.5021,9.5021,74.05,0.175908,120.0,100.0,0.0
2024-05-07,31,15:45,0.0,17.0147,17.0147,74.05,0.314984,120.0,100.0,0.0
2024-05-07,32,16:00,0.0,17.1381,17.1381,83.12,0.35613,120.0,100.0,0.0
2024-05-07,33,16:15,0.0,16.0793,16.0793,83.12,0.334127,120.0,100.0,0.0
2024-05-07,34,16:30,0.0,3.2115,3.2115,83.12,0.066735,120.0,100.0,0.0
2024-05-07,35,16:45,0.0,9.5021,9.5021,83.12,0.197453,80.0,140.0,0.0
2024-05-07,36,17:00,0.0,17.0147,17.0147,90.82,0.386318,80.0,140.0,0.0
2024-05-07,37,17:15,0.0,17.1381,17.1381,90.82,0.38912,80.0,140.0,0.0
2024-05-07,38,17:30,0.0,16.0793,16.0793,90.82,0.36508,80.0,140.0,0.0
2024-05-07,39,17:45,0.0,3.2115,3.2115,90.82,0.072917,80.0,140.0,0.0
2024-05-07,40,18:00,0.0,0.0,0.0,105.86,0.0,80.0,180.0,0.0
2024-05-07,41,18:15,0.0,0.0,0.0,105.86,0.0,80.0,180.0,0.0
2024-05-07,42,18:30,0.0,0.0,0.0,105.86,0.0,80.0,180.0,0.0
2024-05-07,43,18:45,0.0,0.0,0.0,105.86,0.0,80.0,180.0,0.0
2024-05-07,44,19:00,0.0,0.0,0.0,133.85,0.0,80.0,180.0,0.0
2024-05-07,45,19:15,0.0,0.0,0.0,133.85,0.0,80.0,180.0,0.0
2024-05-07,46,19:30,0.0,0.0,0.0,133.85,0.0,80.0,180.0,0.0
2024-05-07,47,19:45,0.0,0.0,0.0,133.85,0.0,80.0,180.0,0.0
2024-05-07,48,20:00,0.0,0.0,0.0,151.05,0.0,80.0,180.0,0.0
2024-05-07,49,20:15,0.0,0.0,0.0,151.05,0.0,80.0,180.0,0.0
2024-05-07,50,20:30,0.0,0.0,0.0,151.05,0.0,80.0,180.0,0.0
2024-05-07,51,20:45,0.0,0.0,0.0,151.05,0.0,80.0,180.0,0.0
2024-05-07,52,21:00,0.0,0.0,0.0,122.04,0.0,80.0,180.0,0.0
2024-05-07,53,21:15,0.0,0.0,0.0,122.04,0.0,80.0,180.0,0.0
2024-05-07,54,21:30,0.0,0.0,0.0,122.04,0.0,80.0,180.0,0.0
2024-05-07,55,21:45,0.0,0.0,0.0,122.04,0.0,80.0,20.0,160.0
2024-05-08,0,08:00,1.8638,9.5021,11.3659,110.12,0.312904,40.0,20.0,0.0
2024-05-08,1,08:15,6.7293,17.0147,23.744,110.12,0.653671,40.0,20.0,0.0
2024-05-08,2,08:30,5.9956,17.1381,23.1337,110.12,0.63687,40.0,20.0,0.0
2024-05-08,3,08:45,7.1179,16.0793,23.1972,110.12,0.638618,40.0,20.0,0.0
2024-05-08,4,09:00,6.1091,3.2115,9.3206,92.41,0.215328,40.0,20.0,0.0
2024-05-08,5,09:15,5.6324,9.5021,15.1345,92.41,0.349646,0.0,60.0,0.0
2024-05-08,6,09:30,5.8458,17.0147,22.8605,92.41,0.528134,0.0,60.0,0.0
2024-05-08,7,09:45,5.1816,17.1381,22.3197,92.41,0.51564,0.0,60.0,0.0
2024-05-08,8,10:00,6.7301,16.0793,22.8094,85.4,0.48698,0.0,60.0,0.0
2024-05-08,9,10:15,3.9878,3.2115,7.1993,85.4,0.153705,0.0,60.0,0.0
2024-05-08,10,10:30,1.8638,9.5021,11.3659,85.4,0.242663,60.0,100.0,0.0
2024-05-08,11,10:45,6.7293,17.0147,23.744,85.4,0.506933,60.0,100.0,0.0
2024-05-08,12,11:00,5.9956,17.1381,23.1337,79.48,0.459666,60.0,100.0,0.0
2024-05-08,13,11:15,7.1179,16.0793,23.1972,79.48,0.460928,60.0,100.0,0.0
2024-05-08,14,11:30,6.1091,3.2115,9.3206,79.48,0.1852,60.0,100.0,0.0
2024-05-08,15,11:45,5.6324,9.5021,15.1345,79.48,0.300723,20.0,140.0,0.0
2024-05-08,16,12:00,5.8458,17.0147,22.8605,72.93,0.416804,20.0,140.0,0.0
2024-05-08,17,12:15,5.1816,17.1381,22.3197,72.93,0.406943,20.0,140.0,0.0
2024-05-08,18,12:30,6.7301,16.0793,22.8094,72.93,0.415872,20.0,140.0,0.0
2024-05-08,19,12:45,3.9878,3.2115,7.1993,72.93,0.131261,20.0,140.0,0.0
2024-05-08,20,13:00,1.8638,9.5021,11.3659,68.79,0.195466,80.0,180.0,0.0
2024-05-08,21,13:15,6.7293,17.0147,23.744,68.79,0.408337,80.0,180.0,0.0
2024-05-08,22,13:30,5.9956,17.1381,23.1337,68.79,0.397841,80.0,180.0,0.0
2024-05-08,23,13:45,7.1179,16.0793,23.1972,68.79,0.398933,80.0,180.0,0.0
2024-05-08,24,14:00,6.1091,3.2115,9.3206,66.58,0.155141,80.0,180.0,0.0
2024-05-08,25,14:15,5.6324,9.5021,15.1345,66.58,0.251914,40.0,220.0,0.0
2024-05-08,26,14:30,5.8458,17.0147,22.8605,66.58,0.380513,40.0,220.0,0.0
2024-05-08,27,14:45,5.1816,17.1381,22.3197,66.58,0.371511,40.0,220.0,0.0
2024-05-08,28,15:00,6.7301,16.0793,22.8094,66.95,0.381772,40.0,30.0,190.0
2024-05-08,29,15:15,3.9878,3.2115,7.1993,66.95,0.120498,40.0,30.0,0.0
2024-05-08,30,15:30,0.0,9.5021,9.5021,66.95,0.159041,100.0,70.0,0.0
2024-05-08,31,15:45,0.0,17.0147,17.0147,66.95,0.284783,100.0,70.0,0.0
2024-05-08,32,16:00,0.0,17.1381,17.1381,75.72,0.324424,100.0,70.0,0.0
2024-05-08,33,16:15,0.0,16.0793,16.0793,75.72,0.304381,100.0,70.0,0.0
2024-05-08,34,16:30,0.0,3.2115,3.2115,75.72,0.060793,100.0,70.0,0.0
2024-05-08,35,16:45,0.0,9.5021,9.5021,75.72,0.179875,60.0,110.0,0.0
2024-05-08,36,17:00,0.0,17.0147,17.0147,91.1,0.387509,60.0,110.0,0.0
2024-05-08,37,17:15,0.0,17.1381,17.1381,91.1,0.39032,60.0,110.0,0.0
2024-05-08,38,17:30,0.0,16.0793,16.0793,91.1,0.366206,60.0,110.0,0.0
2024-05-08,39,17:45,0.0,3.2115,3.2115,91.1,0.073142,60.0,110.0,0.0
2024-05-08,40,18:00,0.0,0.0,0.0,106.5,0.0,60.0,150.0,0.0
2024-05-08,41,18:15,0.0,0.0,0.0,106.5,0.0,60.0,150.0,0.0
2024-05-08,42,18:30,0.0,0.0,0.0,106.5,0.0,60.0,150.0,0.0
2024-05-08,43,18:45,0.0,0.0,0.0,106.5,0.0,60.0,150.0,0.0
2024-05-08,44,19:00,0.0,0.0,0.0,127.54,0.0,60.0,150.0,0.0
2024-05-08,45,19:15,0.0,0.0,0.0,127.54,0.0,60.0,150.0,0.0
2024-05-08,46,19:30,0.0,0.0,0.0,127.54,0.0,60.0,150.0,0.0
2024-05-08,47,19:45,0.0,0.0,0.0,127.54,0.0,60.0,150.0,0.0
2024-05-08,48,20:00,0.0,0.0,0.0,134.42,0.0,60.0,150.0,0.0
2024-05-08,49,20:15,0.0,0.0,0.0,134.42,0.0,60.0,150.0,0.0
2024-05-08,50,20:30,0.0,0.0,0.0,134.42,0.0,60.0,150.0,0.0
2024-05-08,51,20:45,0.0,0.0,0.0,134.42,0.0,60.0,150.0,0.0
2024-05-08,52,21:00,0.0,0.0,0.0,114.65,0.0,60.0,150.0,0.0
2024-05-08,53,21:15,0.0,0.0,0.0,114.65,0.0,60.0,150.0,0.0
2024-05-08,54,21:30,0.0,0.0,0.0,114.65,0.0,60.0,150.0,0.0
2024-05-08,55,21:45,0.0,0.0,0.0,114.65,0.0,60.0,10.0,140.0
2024-05-10,0,08:00,1.8638,9.5021,11.3659,95.6,0.271646,20.0,10.0,0.0
2024-05-10,1,08:15,6.7293,17.0147,23.744,95.6,0.56748,20.0,10.0,0.0
2024-05-10,2,08:30,5.9956,17.1381,23.1337,95.6,0.552895,20.0,10.0,0.0
2024-05-10,3,08:45,7.1179,16.0793,23.1972,95.6,0.554412,20.0,10.0,0.0
2024-05-10,4,09:00,6.1091,3.2115,9.3206,67.39,0.157028,20.0,10.0,0.0
2024-05-10,5,09:15,5.6324,0.0,5.6324,67.39,0.094893,20.0,50.0,0.0
2024-05-10,6,09:30,5.8458,0.0,5.8458,67.39,0.098487,20.0,50.0,0.0
2024-05-10,7,09:45,5.1816,0.0,5.1816,67.39,0.087297,20.0,50.0,0.0
2024-05-10,8,10:00,6.7301,0.0,6.7301,20.84,0.035064,20.0,50.0,0.0
2024-05-10,9,10:15,3.9878,0.0,3.9878,20.84,0.020776,20.0,50.0,0.0
2024-05-10,10,10:30,1.8638,9.5021,11.3659,20.84,0.059217,80.0,50.0,0.0
2024-05-10,11,10:45,6.7293,17.0147,23.744,20.84,0.123706,80.0,50.0,0.0
2024-05-10,12,11:00,5.9956,17.1381,23.1337,2.87,0.016598,80.0,50.0,0.0
2024-05-10,13,11:15,7.1179,16.0793,23.1972,2.87,0.016644,80.0,50.0,0.0
2024-05-10,14,11:30,6.1091,3.2115,9.3206,2.87,0.006688,80.0,50.0,0.0
2024-05-10,15,11:45,5.6324,9.5021,15.1345,2.87,0.010859,40.0,90.0,0.0
2024-05-10,16,12:00,5.8458,17.0147,22.8605,0.52,0.002972,40.0,90.0,0.0
2024-05-10,17,12:15,5.1816,17.1381,22.3197,0.52,0.002902,40.0,90.0,0.0
2024-05-10,18,12:30,6.7301,16.0793,22.8094,0.52,0.002965,40.0,90.0,0.0
2024-05-10,19,12:45,3.9878,3.2115,7.1993,0.52,0.000936,40.0,90.0,0.0
2024-05-10,20,13:00,1.8638,9.5021,11.3659,0.02,5.7e-05,100.0,130.0,0.0
2024-05-10,21,13:15,6.7293,17.0147,23.744,0.02,0.000119,100.0,130.0,0.0
2024-05-10,22,13:30,5.9956,17.1381,23.1337,0.02,0.000116,100.0,130.0,0.0
2024-05-10,23,13:45,7.1179,16.0793,23.1972,0.02,0.000116,100.0,130.0,0.0
2024-05-10,24,14:00,6.1091,3.2115,9.3206,0.02,4.7e-05,100.0,130.0,0.0
2024-05-10,25,14:15,5.6324,9.5021,15.1345,0.02,7.6e-05,60.0,170.0,0.0
2024-05-10,26,14:30,5.8458,17.0147,22.8605,0.02,0.000114,60.0,170.0,0.0
2024-05-10,27,14:45,5.1816,17.1381,22.3197,0.02,0.000112,60.0,170.0,0.0
2024-05-10,28,15:00,6.7301,16.0793,22.8094,20.42,0.116442,60.0,10.0,160.0
2024-05-10,29,15:15,3.9878,3.2115,7.1993,20.42,0.036752,60.0,10.0,0.0
2024-05-10,30,15:30,0.0,9.5021,9.5021,20.42,0.048508,120.0,50.0,0.0
2024-05-10,31,15:45,0.0,17.0147,17.0147,20.42,0.08686,120.0,50.0,0.0
2024-05-10,32,16:00,0.0,17.1381,17.1381,65.46,0.280465,120.0,50.0,0.0
2024-05-10,33,16:15,0.0,16.0793,16.0793,65.46,0.263137,120.0,50.0,0.0
2024-05-10,34,16:30,0.0,3.2115,3.2115,65.46,0.052556,120.0,50.0,0.0
2024-05-10,35,16:45,0.0,9.5021,9.5021,65.46,0.155502,80.0,90.0,0.0
2024-05-10,36,17:00,0.0,17.0147,17.0147,85.88,0.365305,80.0,90.0,0.0
2024-05-10,37,17:15,0.0,17.1381,17.1381,85.88,0.367955,80.0,90.0,0.0
2024-05-10,38,17:30,0.0,16.0793,16.0793,85.88,0.345222,80.0,90.0,0.0
2024-05-10,39,17:45,0.0,3.2115,3.2115,85.88,0.068951,80.0,90.0,0.0
2024-05-10,40,18:00,0.0,0.0,0.0,105.91,0.0,80.0,130.0,0.0
2024-05-10,41,18:15,0.0,0.0,0.0,105.91,0.0,80.0,130.0,0.0
2024-05-10,42,18:30,0.0,0.0,0.0,105.91,0.0,80.0,130.0,0.0
2024-05-10,43,18:45,0.0,0.0,0.0,105.91,0.0,80.0,130.0,0.0
2024-05-10,44,19:00,0.0,0.0,0.0,136.26,0.0,80.0,130.0,0.0
2024-05-10,45,19:15,0.0,0.0,0.0,136.26,0.0,80.0,130.0,0.0
2024-05-10,46,19:30,0.0,0.0,0.0,136.26,0.0,80.0,130.0,0.0
2024-05-10,47,19:45,0.0,0.0,0.0,136.26,0.0,80.0,130.0,0.0
2024-05-10,48,20:00,0.0,0.0,0.0,170.72,0.0,80.0,130.0,0.0
2024-05-10,49,20:15,0.0,0.0,0.0,170.72,0.0,80.0,130.0,0.0
2024-05-10,50,20:30,0.0,0.0,0.0,170.72,0.0,80.0,130.0,0.0
2024-05-10,51,20:45,0.0,0.0,0.0,170.72,0.0,80.0,130.0,0.0
2024-05-10,52,21:00,0.0,0.0,0.0,136.31,0.0,80.0,130.0,0.0
2024-05-10,53,21:15,0.0,0.0,0.0,136.31,0.0,80.0,130.0,0.0
2024-05-10,54,21:30,0.0,0.0,0.0,136.31,0.0,80.0,130.0,0.0
2024-05-10,55,21:45,0.0,0.0,0.0,136.31,0.0,80.0,10.0,120.0
2024-05-13,0,08:00,1.8638,9.5021,11.3659,78.47,0.222971,40.0,10.0,0.0
2024-05-13,1,08:15,6.7293,17.0147,23.744,78.47,0.465797,40.0,10.0,0.0
2024-05-13,2,08:30,5.9956,17.1381,23.1337,78.47,0.453825,40.0,10.0,0.0
2024-05-13,3,08:45,7.1179,16.0793,23.1972,78.47,0.455071,40.0,10.0,0.0
2024-05-13,4,09:00,6.1091,3.2115,9.3206,43.51,0.101384,40.0,10.0,0.0
2024-05-13,5,09:15,5.6324,9.5021,15.1345,43.51,0.164626,0.0,50.0,0.0
2024-05-13,6,09:30,5.8458,17.0147,22.8605,43.51,0.248665,0.0,50.0,0.0
2024-05-13,7,09:45,5.1816,17.1381,22.3197,43.51,0.242782,0.0,50.0,0.0
2024-05-13,8,10:00,6.7301,16.0793,22.8094,10.38,0.05919,0.0,50.0,0.0
2024-05-13,9,10:15,3.9878,3.2115,7.1993,10.38,0.018682,0.0,50.0,0.0
2024-05-13,10,10:30,1.8638,9.5021,11.3659,10.38,0.029495,60.0,90.0,0.0
2024-05-13,11,10:45,6.7293,17.0147,23.744,10.38,0.061616,60.0,90.0,0.0
2024-05-13,12,11:00,5.9956,17.1381,23.1337,-0.97,-0.00561,60.0,90.0,0.0
2024-05-13,13,11:15,7.1179,16.0793,23.1972,-0.97,-0.005625,60.0,90.0,0.0
2024-05-13,14,11:30,6.1091,3.2115,9.3206,-0.97,-0.00226,60.0,90.0,0.0
2024-05-13,15,11:45,5.6324,9.5021,15.1345,-0.97,-0.00367,20.0,130.0,0.0
2024-05-13,16,12:00,5.8458,17.0147,22.8605,-2.69,-0.015374,20.0,130.0,0.0
2024-05-13,17,12:15,5.1816,17.1381,22.3197,-2.69,-0.01501,20.0,130.0,0.0
2024-05-13,18,12:30,6.7301,16.0793,22.8094,-2.69,-0.015339,20.0,130.0,0.0
2024-05-13,19,12:45,3.9878,3.2115,7.1993,-2.69,-0.004842,20.0,130.0,0.0
2024-05-13,20,13:00,0.0,9.5021,9.5021,-2.27,-0.005392,80.0,170.0,0.0
2024-05-13,21,13:15,0.0,17.0147,17.0147,-2.27,-0.009656,80.0,170.0,0.0
2024-05-13,22,13:30,0.0,17.1381,17.1381,-2.27,-0.009726,80.0,170.0,0.0
2024-05-13,23,13:45,0.0,16.0793,16.0793,-2.27,-0.009125,80.0,170.0,0.0
2024-05-13,24,14:00,0.0,3.2115,3.2115,-2.46,-0.001975,80.0,170.0,0.0
2024-05-13,25,14:15,0.0,9.5021,9.5021,-2.46,-0.005844,40.0,210.0,0.0
2024-05-13,26,14:30,0.0,17.0147,17.0147,-2.46,-0.010464,40.0,210.0,0.0
2024-05-13,27,14:45,0.0,17.1381,17.1381,-2.46,-0.01054,40.0,210.0,0.0
2024-05-13,28,15:00,0.0,16.0793,16.0793,-0.73,-0.002934,40.0,40.0,170.0
2024-05-13,29,15:15,0.0,3.2115,3.2115,-0.73,-0.000586,40.0,40.0,0.0
2024-05-13,30,15:30,0.0,9.5021,9.5021,-0.73,-0.001734,0.0,80.0,0.0
2024-05-13,31,15:45,0.0,17.0147,17.0147,-0.73,-0.003105,0.0,80.0,0.0
2024-05-13,32,16:00,0.0,17.1381,17.1381,0.07,0.0003,0.0,80.0,0.0
2024-05-13,33,16:15,0.0,16.0793,16.0793,0.07,0.000281,0.0,80.0,0.0
2024-05-13,34,16:30,0.0,3.2115,3.2115,0.07,5.6e-05,0.0,80.0,0.0
2024-05-13,35,16:45,0.0,0.0,0.0,0.07,0.0,0.0,120.0,0.0
2024-05-13,36,17:00,0.0,0.0,0.0,55.01,0.0,0.0,120.0,0.0
2024-05-13,37,17:15,0.0,0.0,0.0,55.01,0.0,0.0,120.0,0.0
2024-05-13,38,17:30,0.0,0.0,0.0,55.01,0.0,0.0,120.0,0.0
2024-05-13,39,17:45,0.0,0.0,0.0,55.01,0.0,0.0,120.0,0.0
2024-05-13,40,18:00,0.0,0.0,0.0,83.12,0.0,0.0,120.0,0.0
2024-05-13,41,18:15,0.0,0.0,0.0,83.12,0.0,0.0,120.0,0.0
2024-05-13,42,18:30,0.0,0.0,0.0,83.12,0.0,0.0,120.0,0.0
2024-05-13,43,18:45,0.0,0.0,0.0,83.12,0.0,0.0,120.0,0.0
2024-05-13,44,19:00,0.0,0.0,0.0,146.18,0.0,0.0,120.0,0.0
2024-05-13,45,19:15,0.0,0.0,0.0,146.18,0.0,0.0,120.0,0.0
2024-05-13,46,19:30,0.0,0.0,0.0,146.18,0.0,0.0,120.0,0.0
2024-05-13,47,19:45,0.0,0.0,0.0,146.18,0.0,0.0,120.0,0.0
2024-05-13,48,20:00,0.0,0.0,0.0,139.0,0.0,0.0,120.0,0.0
2024-05-13,49,20:15,0.0,0.0,0.0,139.0,0.0,0.0,120.0,0.0
2024-05-13,50,20:30,0.0,0.0,0.0,139.0,0.0,0.0,120.0,0.0
2024-05-13,51,20:45,0.0,0.0,0.0,139.0,0.0,0.0,120.0,0.0
2024-05-13,52,21:00,0.0,0.0,0.0,88.7,0.0,0.0,120.0,0.0
2024-05-13,53,21:15,0.0,0.0,0.0,88.7,0.0,0.0,120.0,0.0
2024-05-13,54,21:30,0.0,0.0,0.0,88.7,0.0,0.0,120.0,0.0
2024-05-13,55,21:45,0.0,0.0,0.0,88.7,0.0,0.0,0.0,120.0
2024-05-14,0,08:00,1.8638,0.0,1.8638,51.5,0.023997,0.0,0.0,0.0
2024-05-14,1,08:15,6.7293,0.0,6.7293,51.5,0.086639,0.0,0.0,0.0
2024-05-14,2,08:30,5.9956,0.0,5.9956,51.5,0.077193,0.0,0.0,0.0
2024-05-14,3,08:45,7.1179,0.0,7.1179,51.5,0.091643,0.0,0.0,0.0
2024-05-14,4,09:00,6.1091,0.0,6.1091,5.64,0.008614,0.0,0.0,0.0
2024-05-14,5,09:15,5.6324,0.0,5.6324,5.64,0.007942,0.0,0.0,0.0
2024-05-14,6,09:30,5.8458,0.0,5.8458,5.64,0.008243,0.0,0.0,0.0
2024-05-14,7,09:45,5.1816,0.0,5.1816,5.64,0.007306,0.0,0.0,0.0
2024-05-14,8,10:00,6.7301,0.0,6.7301,-2.33,-0.00392,0.0,0.0,0.0
2024-05-14,9,10:15,3.9878,0.0,3.9878,-2.33,-0.002323,0.0,0.0,0.0
2024-05-14,10,10:30,1.8638,9.5021,11.3659,-2.33,-0.006621,60.0,0.0,0.0
2024-05-14,11,10:45,6.7293,17.0147,23.744,-2.33,-0.013831,60.0,0.0,0.0
2024-05-14,12,11:00,5.9956,17.1381,23.1337,-11.12,-0.064312,60.0,0.0,0.0
2024-05-14,13,11:15,7.1179,16.0793,23.1972,-11.12,-0.064488,60.0,0.0,0.0
2024-05-14,14,11:30,6.1091,3.2115,9.3206,-11.12,-0.025911,60.0,0.0,0.0
2024-05-14,15,11:45,5.6324,9.5021,15.1345,-11.12,-0.042074,20.0,40.0,0.0
2024-05-14,16,12:00,5.8458,17.0147,22.8605,-36.33,-0.20763,20.0,40.0,0.0
2024-05-14,17,12:15,5.1816,17.1381,22.3197,-36.33,-0.202718,20.0,40.0,0.0
2024-05-14,18,12:30,6.7301,16.0793,22.8094,-36.33,-0.207166,20.0,40.0,0.0
2024-05-14,19,12:45,3.9878,3.2115,7.1993,-36.33,-0.065388,20.0,40.0,0.0
2024-05-14,20,13:00,0.0,9.5021,9.5021,-42.95,-0.102029,80.0,80.0,0.0
2024-05-14,21,13:15,0.0,17.0147,17.0147,-42.95,-0.182695,80.0,80.0,0.0
2024-05-14,22,13:30,0.0,17.1381,17.1381,-42.95,-0.18402,80.0,80.0,0.0
2024-05-14,23,13:45,0.0,16.0793,16.0793,-42.95,-0.172651,80.0,80.0,0.0
2024-05-14,24,14:00,0.0,3.2115,3.2115,-39.66,-0.031842,80.0,80.0,0.0
2024-05-14,25,14:15,0.0,9.5021,9.5021,-39.66,-0.094213,40.0,120.0,0.0
2024-05-14,26,14:30,0.0,17.0147,17.0147,-39.66,-0.1687,40.0,120.0,0.0
2024-05-14,27,14:45,0.0,17.1381,17.1381,-39.66,-0.169924,40.0,120.0,0.0
2024-05-14,28,15:00,0.0,16.0793,16.0793,-19.86,-0.079834,40.0,120.0,0.0
2024-05-14,29,15:15,0.0,3.2115,3.2115,-19.86,-0.015945,40.0,120.0,0.0
2024-05-14,30,15:30,0.0,0.0,0.0,-19.86,-0.0,40.0,160.0,0.0
2024-05-14,31,15:45,0.0,0.0,0.0,-19.86,-0.0,40.0,160.0,0.0
2024-05-14,32,16:00,0.0,0.0,0.0,-2.93,-0.0,40.0,160.0,0.0
2024-05-14,33,16:15,0.0,0.0,0.0,-2.93,-0.0,40.0,160.0,0.0
2024-05-14,34,16:30,0.0,0.0,0.0,-2.93,-0.0,40.0,160.0,0.0
2024-05-14,35,16:45,0.0,0.0,0.0,-2.93,-0.0,40.0,160.0,0.0
2024-05-14,36,17:00,0.0,0.0,0.0,-0.04,-0.0,40.0,160.0,0.0
2024-05-14,37,17:15,0.0,0.0,0.0,-0.04,-0.0,40.0,160.0,0.0
2024-05-14,38,17:30,0.0,0.0,0.0,-0.04,-0.0,40.0,160.0,0.0
2024-05-14,39,17:45,0.0,0.0,0.0,-0.04,-0.0,40.0,160.0,0.0
2024-05-14,40,18:00,0.0,0.0,0.0,43.74,0.0,40.0,160.0,0.0
2024-05-14,41,18:15,0.0,0.0,0.0,43.74,0.0,40.0,160.0,0.0
2024-05-14,42,18:30,0.0,0.0,0.0,43.74,0.0,40.0,160.0,0.0
2024-05-14,43,18:45,0.0,0.0,0.0,43.74,0.0,40.0,160.0,0.0
2024-05-14,44,19:00,0.0,0.0,0.0,83.9,0.0,40.0,160.0,0.0
2024-05-14,45,19:15,0.0,0.0,0.0,83.9,0.0,40.0,160.0,0.0
2024-05-14,46,19:30,0.0,0.0,0.0,83.9,0.0,40.0,160.0,0.0
2024-05-14,47,19:45,0.0,0.0,0.0,83.9,0.0,40.0,160.0,0.0
2024-05-14,48,20:00,0.0,0.0,0.0,93.47,0.0,40.0,160.0,0.0
2024-05-14,49,20:15,0.0,0.0,0.0,93.47,0.0,40.0,160.0,0.0
2024-05-14,50,20:30,0.0,0.0,0.0,93.47,0.0,40.0,160.0,0.0
2024-05-14,51,20:45,0.0,0.0,0.0,93.47,0.0,40.0,160.0,0.0
2024-05-14,52,21:00,0.0,0.0,0.0,76.41,0.0,40.0,160.0,0.0
2024-05-14,53,21:15,0.0,0.0,0.0,76.41,0.0,40.0,160.0,0.0
2024-05-14,54,21:30,0.0,0.0,0.0,76.41,0.0,40.0,160.0,0.0
2024-05-14,55,21:45,0.0,0.0,0.0,76.41,0.0,40.0,20.0,140.0
2024-05-15,0,08:00,1.8638,9.5021,11.3659,84.45,0.239963,0.0,20.0,0.0
2024-05-15,1,08:15,6.7293,17.0147,23.744,84.45,0.501294,0.0,20.0,0.0
2024-05-15,2,08:30,5.9956,17.1381,23.1337,84.45,0.48841,0.0,20.0,0.0
2024-05-15,3,08:45,7.1179,16.0793,23.1972,84.45,0.48975,0.0,20.0,0.0
2024-05-15,4,09:00,6.1091,3.2115,9.3206,48.42,0.112825,0.0,20.0,0.0
2024-05-15,5,09:15,5.6324,0.0,5.6324,48.42,0.068181,0.0,60.0,0.0
2024-05-15,6,09:30,5.8458,0.0,5.8458,48.42,0.070764,0.0,60.0,0.0
2024-05-15,7,09:45,5.1816,0.0,5.1816,48.42,0.062723,0.0,60.0,0.0
2024-05-15,8,10:00,6.7301,0.0,6.7301,7.36,0.012383,0.0,60.0,0.0
2024-05-15,9,10:15,3.9878,0.0,3.9878,7.36,0.007338,0.0,60.0,0.0
2024-05-15,10,10:30,1.8638,9.5021,11.3659,7.36,0.020913,60.0,60.0,0.0
2024-05-15,11,10:45,6.7293,17.0147,23.744,7.36,0.043689,60.0,60.0,0.0
2024-05-15,12,11:00,5.9956,17.1381,23.1337,-0.08,-0.000463,60.0,60.0,0.0
2024-05-15,13,11:15,7.1179,16.0793,23.1972,-0.08,-0.000464,60.0,60.0,0.0
2024-05-15,14,11:30,6.1091,3.2115,9.3206,-0.08,-0.000186,60.0,60.0,0.0
2024-05-15,15,11:45,5.6324,9.5021,15.1345,-0.08,-0.000303,20.0,100.0,0.0
2024-05-15,16,12:00,5.8458,17.0147,22.8605,-9.95,-0.056865,20.0,100.0,0.0
2024-05-15,17,12:15,5.1816,17.1381,22.3197,-9.95,-0.05552,20.0,100.0,0.0
2024-05-15,18,12:30,6.7301,16.0793,22.8094,-9.95,-0.056738,20.0,100.0,0.0
2024-05-15,19,12:45,3.9878,3.2115,7.1993,-9.95,-0.017908,20.0,100.0,0.0
2024-05-15,20,13:00,1.8638,9.5021,11.3659,-11.18,-0.031768,80.0,140.0,0.0
2024-05-15,21,13:15,6.7293,17.0147,23.744,-11.18,-0.066364,80.0,140.0,0.0
2024-05-15,22,13:30,5.9956,17.1381,23.1337,-11.18,-0.064659,80.0,140.0,0.0
2024-05-15,23,13:45,7.1179,16.0793,23.1972,-11.18,-0.064836,80.0,140.0,0.0
2024-05-15,24,14:00,6.1091,3.2115,9.3206,-9.91,-0.023092,80.0,140.0,0.0
2024-05-15,25,14:15,5.6324,9.5021,15.1345,-9.91,-0.037496,40.0,180.0,0.0
2024-05-15,26,14:30,5.8458,17.0147,22.8605,-9.91,-0.056637,40.0,180.0,0.0
2024-05-15,27,14:45,5.1816,17.1381,22.3197,-9.91,-0.055297,40.0,180.0,0.0
2024-05-15,28,15:00,6.7301,16.0793,22.8094,-0.09,-0.000513,40.0,40.0,140.0
2024-05-15,29,15:15,3.9878,3.2115,7.1993,-0.09,-0.000162,40.0,40.0,0.0
2024-05-15,30,15:30,0.0,9.5021,9.5021,-0.09,-0.000214,100.0,80.0,0.0
2024-05-15,31,15:45,0.0,17.0147,17.0147,-0.09,-0.000383,100.0,80.0,0.0
2024-05-15,32,16:00,0.0,17.1381,17.1381,1.73,0.007412,100.0,80.0,0.0
2024-05-15,33,16:15,0.0,16.0793,16.0793,1.73,0.006954,100.0,80.0,0.0
2024-05-15,34,16:30,0.0,3.2115,3.2115,1.73,0.001389,100.0,80.0,0.0
2024-05-15,35,16:45,0.0,9.5021,9.5021,1.73,0.00411,60.0,120.0,0.0
2024-05-15,36,17:00,0.0,17.0147,17.0147,30.33,0.129014,60.0,120.0,0.0
2024-05-15,37,17:15,0.0,17.1381,17.1381,30.33,0.12995,60.0,120.0,0.0
2024-05-15,38,17:30,0.0,16.0793,16.0793,30.33,0.121921,60.0,120.0,0.0
2024-05-15,39,17:45,0.0,3.2115,3.2115,30.33,0.024351,60.0,120.0,0.0
2024-05-15,40,18:00,0.0,0.0,0.0,73.66,0.0,60.0,160.0,0.0
2024-05-15,41,18:15,0.0,0.0,0.0,73.66,0.0,60.0,160.0,0.0
2024-05-15,42,18:30,0.0,0.0,0.0,73.66,0.0,60.0,160.0,0.0
2024-05-15,43,18:45,0.0,0.0,0.0,73.66,0.0,60.0,160.0,0.0
2024-05-15,44,19:00,0.0,0.0,0.0,101.24,0.0,60.0,160.0,0.0
2024-05-15,45,19:15,0.0,0.0,0.0,101.24,0.0,60.0,160.0,0.0
2024-05-15,46,19:30,0.0,0.0,0.0,101.24,0.0,60.0,160.0,0.0
2024-05-15,47,19:45,0.0,0.0,0.0,101.24,0.0,60.0,160.0,0.0
2024-05-15,48,20:00,0.0,0.0,0.0,110.2,0.0,60.0,160.0,0.0
2024-05-15,49,20:15,0.0,0.0,0.0,110.2,0.0,60.0,160.0,0.0
2024-05-15,50,20:30,0.0,0.0,0.0,110.2,0.0,60.0,160.0,0.0
2024-05-15,51,20:45,0.0,0.0,0.0,110.2,0.0,60.0,160.0,0.0
2024-05-15,52,21:00,0.0,0.0,0.0,83.8,0.0,60.0,160.0,0.0
2024-05-15,53,21:15,0.0,0.0,0.0,83.8,0.0,60.0,160.0,0.0
2024-05-15,54,21:30,0.0,0.0,0.0,83.8,0.0,60.0,160.0,0.0
2024-05-15,55,21:45,0.0,0.0,0.0,83.8,0.0,60.0,10.0,150.0
2024-05-16,0,08:00,1.8638,9.5021,11.3659,82.98,0.235786,20.0,10.0,0.0
2024-05-16,1,08:15,6.7293,17.0147,23.744,82.98,0.492568,20.0,10.0,0.0
2024-05-16,2,08:30,5.9956,17.1381,23.1337,82.98,0.479908,20.0,10.0,0.0
2024-05-16,3,08:45,7.1179,16.0793,23.1972,82.98,0.481225,20.0,10.0,0.0
2024-05-16,4,09:00,6.1091,3.2115,9.3206,53.1,0.12373,20.0,10.0,0.0
2024-05-16,5,09:15,5.6324,0.0,5.6324,53.1,0.074771,20.0,50.0,0.0
2024-05-16,6,09:30,5.8458,0.0,5.8458,53.1,0.077603,20.0,50.0,0.0
2024-05-16,7,09:45,5.1816,0.0,5.1816,53.1,0.068785,20.0,50.0,0.0
2024-05-16,8,10:00,6.7301,0.0,6.7301,11.5,0.019349,20.0,50.0,0.0
2024-05-16,9,10:15,3.9878,0.0,3.9878,11.5,0.011465,20.0,50.0,0.0
2024-05-16,10,10:30,1.8638,9.5021,11.3659,11.5,0.032677,80.0,50.0,0.0
2024-05-16,11,10:45,6.7293,17.0147,23.744,11.5,0.068264,80.0,50.0,0.0
2024-05-16,12,11:00,5.9956,17.1381,23.1337,0.08,0.000463,80.0,50.0,0.0
2024-05-16,13,11:15,7.1179,16.0793,23.1972,0.08,0.000464,80.0,50.0,0.0
2024-05-16,14,11:30,6.1091,3.2115,9.3206,0.08,0.000186,80.0,50.0,0.0
2024-05-16,15,11:45,5.6324,9.5021,15.1345,0.08,0.000303,40.0,90.0,0.0
2024-05-16,16,12:00,5.8458,17.0147,22.8605,-0.02,-0.000114,40.0,90.0,0.0
2024-05-16,17,12:15,5.1816,17.1381,22.3197,-0.02,-0.000112,40.0,90.0,0.0
2024-05-16,18,12:30,6.7301,16.0793,22.8094,-0.02,-0.000114,40.0,90.0,0.0
2024-05-16,19,12:45,3.9878,3.2115,7.1993,-0.02,-3.6e-05,40.0,90.0,0.0
2024-05-16,20,13:00,0.0,9.5021,9.5021,-0.71,-0.001687,100.0,130.0,0.0
2024-05-16,21,13:15,0.0,17.0147,17.0147,-0.71,-0.00302,100.0,130.0,0.0
2024-05-16,22,13:30,0.0,17.1381,17.1381,-0.71,-0.003042,100.0,130.0,0.0
2024-05-16,23,13:45,0.0,16.0793,16.0793,-0.71,-0.002854,100.0,130.0,0.0
2024-05-16,24,14:00,0.0,3.2115,3.2115,-0.16,-0.000128,100.0,130.0,0.0
2024-05-16,25,14:15,0.0,9.5021,9.5021,-0.16,-0.00038,60.0,170.0,0.0
2024-05-16,26,14:30,0.0,17.0147,17.0147,-0.16,-0.000681,60.0,170.0,0.0
2024-05-16,27,14:45,0.0,17.1381,17.1381,-0.16,-0.000686,60.0,170.0,0.0
2024-05-16,28,15:00,0.0,16.0793,16.0793,0.01,4e-05,60.0,70.0,100.0
2024-05-16,29,15:15,0.0,3.2115,3.2115,0.01,8e-06,60.0,70.0,0.0
2024-05-16,30,15:30,0.0,9.5021,9.5021,0.01,2.4e-05,20.0,110.0,0.0
2024-05-16,31,15:45,0.0,17.0147,17.0147,0.01,4.3e-05,20.0,110.0,0.0
2024-05-16,32,16:00,0.0,17.1381,17.1381,10.0,0.042845,20.0,110.0,0.0
2024-05-16,33,16:15,0.0,16.0793,16.0793,10.0,0.040198,20.0,110.0,0.0
2024-05-16,34,16:30,0.0,3.2115,3.2115,10.0,0.008029,20.0,110.0,0.0
2024-05-16,35,16:45,0.0,0.0,0.0,10.0,0.0,20.0,150.0,0.0
2024-05-16,36,17:00,0.0,0.0,0.0,44.95,0.0,20.0,150.0,0.0
2024-05-16,37,17:15,0.0,0.0,0.0,44.95,0.0,20.0,150.0,0.0
2024-05-16,38,17:30,0.0,0.0,0.0,44.95,0.0,20.0,150.0,0.0
2024-05-16,39,17:45,0.0,0.0,0.0,44.95,0.0,20.0,150.0,0.0
2024-05-16,40,18:00,0.0,0.0,0.0,74.96,0.0,20.0,150.0,0.0
2024-05-16,41,18:15,0.0,0.0,0.0,74.96,0.0,20.0,150.0,0.0
2024-05-16,42,18:30,0.0,0.0,0.0,74.96,0.0,20.0,150.0,0.0
2024-05-16,43,18:45,0.0,0.0,0.0,74.96,0.0,20.0,150.0,0.0
2024-05-16,44,19:00,0.0,0.0,0.0,96.06,0.0,20.0,150.0,0.0
2024-05-16,45,19:15,0.0,0.0,0.0,96.06,0.0,20.0,150.0,0.0
2024-05-16,46,19:30,0.0,0.0,0.0,96.06,0.0,20.0,150.0,0.0
2024-05-16,47,19:45,0.0,0.0,0.0,96.06,0.0,20.0,150.0,0.0
2024-05-16,48,20:00,0.0,0.0,0.0,109.91,0.0,20.0,150.0,0.0
2024-05-16,49,20:15,0.0,0.0,0.0,109.91,0.0,20.0,150.0,0.0
2024-05-16,50,20:30,0.0,0.0,0.0,109.91,0.0,20.0,150.0,0.0
2024-05-16,51,20:45,0.0,0.0,0.0,109.91,0.0,20.0,150.0,0.0
2024-05-16,52,21:00,0.0,0.0,0.0,87.89,0.0,20.0,150.0,0.0
2024-05-16,53,21:15,0.0,0.0,0.0,87.89,0.0,20.0,150.0,0.0
2024-05-16,54,21:30,0.0,0.0,0.0,87.89,0.0,20.0,150.0,0.0
2024-05-16,55,21:45,0.0,0.0,0.0,87.89,0.0,20.0,0.0,150.0
2024-05-17,0,08:00,1.8638,0.0,1.8638,94.71,0.044131,20.0,0.0,0.0
2024-05-17,1,08:15,6.7293,0.0,6.7293,94.71,0.159333,20.0,0.0,0.0
2024-05-17,2,08:30,5.9956,0.0,5.9956,94.71,0.141961,20.0,0.0,0.0
2024-05-17,3,08:45,7.1179,0.0,7.1179,94.71,0.168534,20.0,0.0,0.0
2024-05-17,4,09:00,6.1091,0.0,6.1091,73.9,0.112865,20.0,0.0,0.0
2024-05-17,5,09:15,5.6324,0.0,5.6324,73.9,0.104059,20.0,0.0,0.0
2024-05-17,6,09:30,5.8458,0.0,5.8458,73.9,0.108001,20.0,0.0,0.0
2024-05-17,7,09:45,5.1816,0.0,5.1816,73.9,0.09573,20.0,0.0,0.0
2024-05-17,8,10:00,6.7301,0.0,6.7301,64.46,0.108456,20.0,0.0,0.0
2024-05-17,9,10:15,3.9878,0.0,3.9878,64.46,0.064263,20.0,0.0,0.0
2024-05-17,10,10:30,1.8638,9.5021,11.3659,64.46,0.183162,80.0,0.0,0.0
2024-05-17,11,10:45,6.7293,17.0147,23.744,64.46,0.382634,80.0,0.0,0.0
2024-05-17,12,11:00,5.9956,17.1381,23.1337,57.41,0.332026,80.0,0.0,0.0
2024-05-17,13,11:15,7.1179,16.0793,23.1972,57.41,0.332937,80.0,0.0,0.0
2024-05-17,14,11:30,6.1091,3.2115,9.3206,57.41,0.133773,80.0,0.0,0.0
2024-05-17,15,11:45,5.6324,9.5021,15.1345,57.41,0.217218,40.0,40.0,0.0
2024-05-17,16,12:00,5.8458,17.0147,22.8605,38.11,0.217803,40.0,40.0,0.0
2024-05-17,17,12:15,5.1816,17.1381,22.3197,38.11,0.212651,40.0,40.0,0.0
2024-05-17,18,12:30,6.7301,16.0793,22.8094,38.11,0.217316,40.0,40.0,0.0
2024-05-17,19,12:45,3.9878,3.2115,7.1993,38.11,0.068591,40.0,40.0,0.0
2024-05-17,20,13:00,1.8638,9.5021,11.3659,28.24,0.080243,100.0,80.0,0.0
2024-05-17,21,13:15,6.7293,17.0147,23.744,28.24,0.167632,100.0,80.0,0.0
2024-05-17,22,13:30,5.9956,17.1381,23.1337,28.24,0.163324,100.0,80.0,0.0
2024-05-17,23,13:45,7.1179,16.0793,23.1972,28.24,0.163772,100.0,80.0,0.0
2024-05-17,24,14:00,6.1091,3.2115,9.3206,31.6,0.073632,100.0,80.0,0.0
2024-05-17,25,14:15,5.6324,9.5021,15.1345,31.6,0.119563,60.0,120.0,0.0
2024-05-17,26,14:30,5.8458,17.0147,22.8605,31.6,0.180598,60.0,120.0,0.0
2024-05-17,27,14:45,5.1816,17.1381,22.3197,31.6,0.176325,60.0,120.0,0.0
2024-05-17,28,15:00,6.7301,16.0793,22.8094,37.5,0.213838,60.0,0.0,120.0
2024-05-17,29,15:15,3.9878,3.2115,7.1993,37.5,0.067493,60.0,0.0,0.0
2024-05-17,30,15:30,0.0,9.5021,9.5021,37.5,0.089082,120.0,40.0,0.0
2024-05-17,31,15:45,0.0,17.0147,17.0147,37.5,0.159513,120.0,40.0,0.0
2024-05-17,32,16:00,0.0,17.1381,17.1381,52.09,0.223181,120.0,40.0,0.0
2024-05-17,33,16:15,0.0,16.0793,16.0793,52.09,0.209392,120.0,40.0,0.0
2024-05-17,34,16:30,0.0,3.2115,3.2115,52.09,0.041822,120.0,40.0,0.0
2024-05-17,35,16:45,0.0,9.5021,9.5021,52.09,0.123741,80.0,80.0,0.0
2024-05-17,36,17:00,0.0,17.0147,17.0147,70.54,0.300054,80.0,80.0,0.0
2024-05-17,37,17:15,0.0,17.1381,17.1381,70.54,0.30223,80.0,80.0,0.0
2024-05-17,38,17:30,0.0,16.0793,16.0793,70.54,0.283558,80.0,80.0,0.0
2024-05-17,39,17:45,0.0,3.2115,3.2115,70.54,0.056635,80.0,80.0,0.0
2024-05-17,40,18:00,0.0,9.5021,9.5021,69.88,0.166002,40.0,120.0,0.0
2024-05-17,41,18:15,0.0,17.0147,17.0147,69.88,0.297246,40.0,120.0,0.0
2024-05-17,42,18:30,0.0,17.1381,17.1381,69.88,0.299402,40.0,120.0,0.0
2024-05-17,43,18:45,0.0,16.0793,16.0793,69.88,0.280905,40.0,120.0,0.0
2024-05-17,44,19:00,0.0,3.2115,3.2115,94.95,0.076233,40.0,120.0,0.0
2024-05-17,45,19:15,0.0,9.5021,9.5021,94.95,0.225556,0.0,160.0,0.0
2024-05-17,46,19:30,0.0,17.0147,17.0147,94.95,0.403886,0.0,160.0,0.0
2024-05-17,47,19:45,0.0,17.1381,17.1381,94.95,0.406815,0.0,160.0,0.0
2024-05-17,48,20:00,0.0,16.0793,16.0793,107.94,0.433899,0.0,160.0,0.0
2024-05-17,49,20:15,0.0,3.2115,3.2115,107.94,0.086662,0.0,160.0,0.0
2024-05-17,50,20:30,0.0,0.0,0.0,107.94,0.0,0.0,200.0,0.0
2024-05-17,51,20:45,0.0,0.0,0.0,107.94,0.0,0.0,200.0,0.0
2024-05-17,52,21:00,0.0,0.0,0.0,95.22,0.0,0.0,200.0,0.0
2024-05-17,53,21:15,0.0,0.0,0.0,95.22,0.0,0.0,200.0,0.0
2024-05-17,54,21:30,0.0,0.0,0.0,95.22,0.0,0.0,200.0,0.0
2024-05-17,55,21:45,0.0,0.0,0.0,95.22,0.0,0.0,20.0,180.0
2024-05-21,0,08:00,1.8638,0.0,1.8638,97.35,0.045361,0.0,20.0,0.0
2024-05-21,1,08:15,6.7293,0.0,6.7293,97.35,0.163774,0.0,20.0,0.0
2024-05-21,2,08:30,5.9956,0.0,5.9956,97.35,0.145918,0.0,20.0,0.0
2024-05-21,3,08:45,7.1179,0.0,7.1179,97.35,0.173232,0.0,20.0,0.0
2024-05-21,4,09:00,6.1091,0.0,6.1091,81.86,0.125022,0.0,20.0,0.0
2024-05-21,5,09:15,5.6324,0.0,5.6324,81.86,0.115268,0.0,20.0,0.0
2024-05-21,6,09:30,5.8458,0.0,5.8458,81.86,0.119635,0.0,20.0,0.0
2024-05-21,7,09:45,5.1816,0.0,5.1816,81.86,0.106041,0.0,20.0,0.0
2024-05-21,8,10:00,6.7301,0.0,6.7301,66.98,0.112696,0.0,20.0,0.0
2024-05-21,9,10:15,3.9878,0.0,3.9878,66.98,0.066776,0.0,20.0,0.0
2024-05-21,10,10:30,1.8638,9.5021,11.3659,66.98,0.190323,60.0,20.0,0.0
2024-05-21,11,10:45,6.7293,17.0147,23.744,66.98,0.397592,60.0,20.0,0.0
2024-05-21,12,11:00,5.9956,17.1381,23.1337,54.42,0.314734,60.0,20.0,0.0
2024-05-21,13,11:15,7.1179,16.0793,23.1972,54.42,0.315598,60.0,20.0,0.0
2024-05-21,14,11:30,6.1091,3.2115,9.3206,54.42,0.126806,60.0,20.0,0.0
2024-05-21,15,11:45,5.6324,9.5021,15.1345,54.42,0.205905,20.0,60.0,0.0
2024-05-21,16,12:00,5.8458,17.0147,22.8605,28.47,0.16271,20.0,60.0,0.0
2024-05-21,17,12:15,5.1816,17.1381,22.3197,28.47,0.15886,20.0,60.0,0.0
2024-05-21,18,12:30,6.7301,16.0793,22.8094,28.47,0.162346,20.0,60.0,0.0
2024-05-21,19,12:45,3.9878,3.2115,7.1993,28.47,0.051241,20.0,60.0,0.0
2024-05-21,20,13:00,1.8638,9.5021,11.3659,31.34,0.089052,80.0,100.0,0.0
2024-05-21,21,13:15,6.7293,17.0147,23.744,31.34,0.186034,80.0,100.0,0.0
2024-05-21,22,13:30,5.9956,17.1381,23.1337,31.34,0.181252,80.0,100.0,0.0
2024-05-21,23,13:45,7.1179,16.0793,23.1972,31.34,0.18175,80.0,100.0,0.0
2024-05-21,24,14:00,6.1091,3.2115,9.3206,54.09,0.126037,80.0,100.0,0.0
2024-05-21,25,14:15,5.6324,9.5021,15.1345,54.09,0.204657,40.0,140.0,0.0
2024-05-21,26,14:30,5.8458,17.0147,22.8605,54.09,0.309131,40.0,140.0,0.0
2024-05-21,27,14:45,5.1816,17.1381,22.3197,54.09,0.301818,40.0,140.0,0.0
2024-05-21,28,15:00,6.7301,16.0793,22.8094,69.65,0.397168,40.0,60.0,80.0
2024-05-21,29,15:15,3.9878,3.2115,7.1993,69.65,0.125358,40.0,60.0,0.0
2024-05-21,30,15:30,0.0,9.5021,9.5021,69.65,0.165455,100.0,100.0,0.0
2024-05-21,31,15:45,0.0,17.0147,17.0147,69.65,0.296268,100.0,100.0,0.0
2024-05-21,32,16:00,0.0,17.1381,17.1381,79.61,0.341091,100.0,100.0,0.0
2024-05-21,33,16:15,0.0,16.0793,16.0793,79.61,0.320018,100.0,100.0,0.0
2024-05-21,34,16:30,0.0,3.2115,3.2115,79.61,0.063917,100.0,100.0,0.0
2024-05-21,35,16:45,0.0,9.5021,9.5021,79.61,0.189115,60.0,140.0,0.0
2024-05-21,36,17:00,0.0,17.0147,17.0147,87.98,0.374238,60.0,140.0,0.0
2024-05-21,37,17:15,0.0,17.1381,17.1381,87.98,0.376952,60.0,140.0,0.0
2024-05-21,38,17:30,0.0,16.0793,16.0793,87.98,0.353664,60.0,140.0,0.0
2024-05-21,39,17:45,0.0,3.2115,3.2115,87.98,0.070637,60.0,140.0,0.0
2024-05-21,40,18:00,0.0,9.5021,9.5021,103.44,0.245724,20.0,180.0,0.0
2024-05-21,41,18:15,0.0,17.0147,17.0147,103.44,0.439999,20.0,180.0,0.0
2024-05-21,42,18:30,0.0,17.1381,17.1381,103.44,0.443191,20.0,180.0,0.0
2024-05-21,43,18:45,0.0,16.0793,16.0793,103.44,0.41581,20.0,180.0,0.0
2024-05-21,44,19:00,0.0,3.2115,3.2115,126.98,0.101949,20.0,180.0,0.0
2024-05-21,45,19:15,0.0,0.0,0.0,126.98,0.0,20.0,220.0,0.0
2024-05-21,46,19:30,0.0,0.0,0.0,126.98,0.0,20.0,220.0,0.0
2024-05-21,47,19:45,0.0,0.0,0.0,126.98,0.0,20.0,220.0,0.0
2024-05-21,48,20:00,0.0,0.0,0.0,99.07,0.0,20.0,220.0,0.0
2024-05-21,49,20:15,0.0,0.0,0.0,99.07,0.0,20.0,220.0,0.0
2024-05-21,50,20:30,0.0,0.0,0.0,99.07,0.0,20.0,220.0,0.0
2024-05-21,51,20:45,0.0,0.0,0.0,99.07,0.0,20.0,220.0,0.0
2024-05-21,52,21:00,0.0,0.0,0.0,83.58,0.0,20.0,220.0,0.0
2024-05-21,53,21:15,0.0,0.0,0.0,83.58,0.0,20.0,220.0,0.0
2024-05-21,54,21:30,0.0,0.0,0.0,83.58,0.0,20.0,220.0,0.0
2024-05-21,55,21:45,0.0,0.0,0.0,83.58,0.0,20.0,30.0,190.0
2024-05-22,0,08:00,1.8638,0.0,1.8638,94.98,0.044257,20.0,30.0,0.0
2024-05-22,1,08:15,6.7293,0.0,6.7293,94.98,0.159787,20.0,30.0,0.0
2024-05-22,2,08:30,5.9956,0.0,5.9956,94.98,0.142365,20.0,30.0,0.0
2024-05-22,3,08:45,7.1179,0.0,7.1179,94.98,0.169014,20.0,30.0,0.0
2024-05-22,4,09:00,6.1091,0.0,6.1091,81.21,0.124029,20.0,30.0,0.0
2024-05-22,5,09:15,5.6324,0.0,5.6324,81.21,0.114353,20.0,30.0,0.0
2024-05-22,6,09:30,5.8458,0.0,5.8458,81.21,0.118685,20.0,30.0,0.0
2024-05-22,7,09:45,5.1816,0.0,5.1816,81.21,0.105199,20.0,30.0,0.0
2024-05-22,8,10:00,6.7301,0.0,6.7301,70.0,0.117777,20.0,30.0,0.0
2024-05-22,9,10:15,3.9878,0.0,3.9878,70.0,0.069787,20.0,30.0,0.0
2024-05-22,10,10:30,1.8638,9.5021,11.3659,70.0,0.198904,80.0,30.0,0.0
2024-05-22,11,10:45,6.7293,17.0147,23.744,70.0,0.415519,80.0,30.0,0.0
2024-05-22,12,11:00,5.9956,17.1381,23.1337,69.78,0.403567,80.0,30.0,0.0
2024-05-22,13,11:15,7.1179,16.0793,23.1972,69.78,0.404675,80.0,30.0,0.0
2024-05-22,14,11:30,6.1091,3.2115,9.3206,69.78,0.162597,80.0,30.0,0.0
2024-05-22,15,11:45,5.6324,9.5021,15.1345,69.78,0.264022,40.0,70.0,0.0
2024-05-22,16,12:00,5.8458,17.0147,22.8605,65.65,0.375198,40.0,70.0,0.0
2024-05-22,17,12:15,5.1816,17.1381,22.3197,65.65,0.366322,40.0,70.0,0.0
2024-05-22,18,12:30,6.7301,16.0793,22.8094,65.65,0.374359,40.0,70.0,0.0
2024-05-22,19,12:45,3.9878,3.2115,7.1993,65.65,0.118158,40.0,70.0,0.0
2024-05-22,20,13:00,1.8638,9.5021,11.3659,56.91,0.161709,100.0,110.0,0.0
2024-05-22,21,13:15,6.7293,17.0147,23.744,56.91,0.337817,100.0,110.0,0.0
2024-05-22,22,13:30,5.9956,17.1381,23.1337,56.91,0.329134,100.0,110.0,0.0
2024-05-22,23,13:45,7.1179,16.0793,23.1972,56.91,0.330038,100.0,110.0,0.0
2024-05-22,24,14:00,6.1091,3.2115,9.3206,56.14,0.130814,100.0,110.0,0.0
2024-05-22,25,14:15,5.6324,9.5021,15.1345,56.14,0.212413,60.0,150.0,0.0
2024-05-22,26,14:30,5.8458,17.0147,22.8605,56.14,0.320847,60.0,150.0,0.0
2024-05-22,27,14:45,5.1816,17.1381,22.3197,56.14,0.313257,60.0,150.0,0.0
2024-05-22,28,15:00,6.7301,16.0793,22.8094,67.17,0.383027,60.0,20.0,130.0
2024-05-22,29,15:15,3.9878,3.2115,7.1993,67.17,0.120894,60.0,20.0,0.0
2024-05-22,30,15:30,0.0,9.5021,9.5021,67.17,0.159564,120.0,60.0,0.0
2024-05-22,31,15:45,0.0,17.0147,17.0147,67.17,0.285719,120.0,60.0,0.0
2024-05-22,32,16:00,0.0,17.1381,17.1381,77.61,0.332522,120.0,60.0,0.0
2024-05-22,33,16:15,0.0,16.0793,16.0793,77.61,0.311978,120.0,60.0,0.0
2024-05-22,34,16:30,0.0,3.2115,3.2115,77.61,0.062311,120.0,60.0,0.0
2024-05-22,35,16:45,0.0,9.5021,9.5021,77.61,0.184364,80.0,100.0,0.0
2024-05-22,36,17:00,0.0,17.0147,17.0147,92.45,0.393252,80.0,100.0,0.0
2024-05-22,37,17:15,0.0,17.1381,17.1381,92.45,0.396104,80.0,100.0,0.0
2024-05-22,38,17:30,0.0,16.0793,16.0793,92.45,0.371632,80.0,100.0,0.0
2024-05-22,39,17:45,0.0,3.2115,3.2115,92.45,0.074225,80.0,100.0,0.0
2024-05-22,40,18:00,0.0,9.5021,9.5021,99.98,0.237505,40.0,140.0,0.0
2024-05-22,41,18:15,0.0,17.0147,17.0147,99.98,0.425282,40.0,140.0,0.0
2024-05-22,42,18:30,0.0,17.1381,17.1381,99.98,0.428367,40.0,140.0,0.0
2024-05-22,43,18:45,0.0,16.0793,16.0793,99.98,0.401902,40.0,140.0,0.0
2024-05-22,44,19:00,0.0,3.2115,3.2115,147.02,0.118038,40.0,140.0,0.0
2024-05-22,45,19:15,0.0,0.0,0.0,147.02,0.0,40.0,180.0,0.0
2024-05-22,46,19:30,0.0,0.0,0.0,147.02,0.0,40.0,180.0,0.0
2024-05-22,47,19:45,0.0,0.0,0.0,147.02,0.0,40.0,180.0,0.0
2024-05-22,48,20:00,0.0,0.0,0.0,154.88,0.0,40.0,180.0,0.0
2024-05-22,49,20:15,0.0,0.0,0.0,154.88,0.0,40.0,180.0,0.0
2024-05-22,50,20:30,0.0,0.0,0.0,154.88,0.0,40.0,180.0,0.0
2024-05-22,51,20:45,0.0,0.0,0.0,154.88,0.0,40.0,180.0,0.0
2024-05-22,52,21:00,0.0,0.0,0.0,135.99,0.0,40.0,180.0,0.0
2024-05-22,53,21:15,0.0,0.0,0.0,135.99,0.0,40.0,180.0,0.0
2024-05-22,54,21:30,0.0,0.0,0.0,135.99,0.0,40.0,180.0,0.0
2024-05-22,55,21:45,0.0,0.0,0.0,135.99,0.0,40.0,0.0,180.0
2024-05-23,0,08:00,1.8638,9.5021,11.3659,97.84,0.278011,0.0,0.0,0.0
2024-05-23,1,08:15,6.7293,17.0147,23.744,97.84,0.580777,0.0,0.0,0.0
2024-05-23,2,08:30,5.9956,17.1381,23.1337,97.84,0.56585,0.0,0.0,0.0
2024-05-23,3,08:45,7.1179,16.0793,23.1972,97.84,0.567403,0.0,0.0,0.0
2024-05-23,4,09:00,6.1091,3.2115,9.3206,75.65,0.176275,0.0,0.0,0.0
2024-05-23,5,09:15,5.6324,0.0,5.6324,75.65,0.106524,0.0,40.0,0.0
2024-05-23,6,09:30,5.8458,0.0,5.8458,75.65,0.110559,0.0,40.0,0.0
2024-05-23,7,09:45,5.1816,0.0,5.1816,75.65,0.097997,0.0,40.0,0.0
2024-05-23,8,10:00,6.7301,0.0,6.7301,74.89,0.126004,0.0,40.0,0.0
2024-05-23,9,10:15,3.9878,0.0,3.9878,74.89,0.074662,0.0,40.0,0.0
2024-05-23,10,10:30,1.8638,9.5021,11.3659,74.89,0.212799,60.0,40.0,0.0
2024-05-23,11,10:45,6.7293,17.0147,23.744,74.89,0.444546,60.0,40.0,0.0
2024-05-23,12,11:00,5.9956,17.1381,23.1337,64.1,0.370717,60.0,40.0,0.0
2024-05-23,13,11:15,7.1179,16.0793,23.1972,64.1,0.371735,60.0,40.0,0.0
2024-05-23,14,11:30,6.1091,3.2115,9.3206,64.1,0.149362,60.0,40.0,0.0
2024-05-23,15,11:45,5.6324,9.5021,15.1345,64.1,0.242531,20.0,80.0,0.0
2024-05-23,16,12:00,5.8458,17.0147,22.8605,52.5,0.300044,20.0,80.0,0.0
2024-05-23,17,12:15,5.1816,17.1381,22.3197,52.5,0.292946,20.0,80.0,0.0
2024-05-23,18,12:30,6.7301,16.0793,22.8094,52.5,0.299373,20.0,80.0,0.0
2024-05-23,19,12:45,3.9878,3.2115,7.1993,52.5,0.094491,20.0,80.0,0.0
2024-05-23,20,13:00,0.0,9.5021,9.5021,45.31,0.107635,80.0,120.0,0.0
2024-05-23,21,13:15,0.0,17.0147,17.0147,45.31,0.192734,80.0,120.0,0.0
2024-05-23,22,13:30,0.0,17.1381,17.1381,45.31,0.194132,80.0,120.0,0.0
2024-05-23,23,13:45,0.0,16.0793,16.0793,45.31,0.182138,80.0,120.0,0.0
2024-05-23,24,14:00,0.0,3.2115,3.2115,56.98,0.045748,80.0,120.0,0.0
2024-05-23,25,14:15,0.0,0.0,0.0,56.98,0.0,80.0,160.0,0.0
2024-05-23,26,14:30,0.0,0.0,0.0,56.98,0.0,80.0,160.0,0.0
2024-05-23,27,14:45,0.0,0.0,0.0,56.98,0.0,80.0,160.0,0.0
2024-05-23,28,15:00,0.0,0.0,0.0,71.4,0.0,80.0,160.0,0.0
2024-05-23,29,15:15,0.0,0.0,0.0,71.4,0.0,80.0,160.0,0.0
2024-05-23,30,15:30,0.0,0.0,0.0,71.4,0.0,80.0,160.0,0.0
2024-05-23,31,15:45,0.0,0.0,0.0,71.4,0.0,80.0,160.0,0.0
2024-05-23,32,16:00,0.0,0.0,0.0,83.77,0.0,80.0,160.0,0.0
2024-05-23,33,16:15,0.0,0.0,0.0,83.77,0.0,80.0,160.0,0.0
2024-05-23,34,16:30,0.0,0.0,0.0,83.77,0.0,80.0,160.0,0.0
2024-05-23,35,16:45,0.0,0.0,0.0,83.77,0.0,80.0,160.0,0.0
2024-05-23,36,17:00,0.0,0.0,0.0,96.64,0.0,80.0,160.0,0.0
2024-05-23,37,17:15,0.0,0.0,0.0,96.64,0.0,80.0,160.0,0.0
2024-05-23,38,17:30,0.0,0.0,0.0,96.64,0.0,80.0,160.0,0.0
2024-05-23,39,17:45,0.0,0.0,0.0,96.64,0.0,80.0,160.0,0.0
2024-05-23,40,18:00,0.0,0.0,0.0,111.49,0.0,80.0,160.0,0.0
2024-05-23,41,18:15,0.0,0.0,0.0,111.49,0.0,80.0,160.0,0.0
2024-05-23,42,18:30,0.0,0.0,0.0,111.49,0.0,80.0,160.0,0.0
2024-05-23,43,18:45,0.0,0.0,0.0,111.49,0.0,80.0,160.0,0.0
2024-05-23,44,19:00,0.0,0.0,0.0,156.28,0.0,80.0,160.0,0.0
2024-05-23,45,19:15,0.0,0.0,0.0,156.28,0.0,80.0,160.0,0.0
2024-05-23,46,19:30,0.0,0.0,0.0,156.28,0.0,80.0,160.0,0.0
2024-05-23,47,19:45,0.0,0.0,0.0,156.28,0.0,80.0,160.0,0.0
2024-05-23,48,20:00,0.0,0.0,0.0,180.06,0.0,80.0,160.0,0.0
2024-05-23,49,20:15,0.0,0.0,0.0,180.06,0.0,80.0,160.0,0.0
2024-05-23,50,20:30,0.0,0.0,0.0,180.06,0.0,80.0,160.0,0.0
2024-05-23,51,20:45,0.0,0.0,0.0,180.06,0.0,80.0,160.0,0.0
2024-05-23,52,21:00,0.0,0.0,0.0,155.98,0.0,80.0,160.0,0.0
2024-05-23,53,21:15,0.0,0.0,0.0,155.98,0.0,80.0,160.0,0.0
2024-05-23,54,21:30,0.0,0.0,0.0,155.98,0.0,80.0,160.0,0.0
2024-05-23,55,21:45,0.0,0.0,0.0,155.98,0.0,80.0,10.0,150.0
2024-05-24,0,08:00,1.8638,9.5021,11.3659,115.9,0.329328,40.0,10.0,0.0
2024-05-24,1,08:15,6.7293,17.0147,23.744,115.9,0.687981,40.0,10.0,0.0
2024-05-24,2,08:30,5.9956,17.1381,23.1337,115.9,0.670298,40.0,10.0,0.0
2024-05-24,3,08:45,7.1179,16.0793,23.1972,115.9,0.672138,40.0,10.0,0.0
2024-05-24,4,09:00,6.1091,3.2115,9.3206,106.1,0.247228,40.0,10.0,0.0
2024-05-24,5,09:15,5.6324,9.5021,15.1345,106.1,0.401444,0.0,50.0,0.0
2024-05-24,6,09:30,5.8458,17.0147,22.8605,106.1,0.606374,0.0,50.0,0.0
2024-05-24,7,09:45,5.1816,17.1381,22.3197,106.1,0.592029,0.0,50.0,0.0
2024-05-24,8,10:00,6.7301,16.0793,22.8094,96.16,0.548337,0.0,50.0,0.0
2024-05-24,9,10:15,3.9878,3.2115,7.1993,96.16,0.173071,0.0,50.0,0.0
2024-05-24,10,10:30,1.8638,9.5021,11.3659,96.16,0.273237,60.0,90.0,0.0
2024-05-24,11,10:45,6.7293,17.0147,23.744,96.16,0.570805,60.0,90.0,0.0
2024-05-24,12,11:00,5.9956,17.1381,23.1337,90.07,0.520913,60.0,90.0,0.0
2024-05-24,13,11:15,7.1179,16.0793,23.1972,90.07,0.522342,60.0,90.0,0.0
2024-05-24,14,11:30,6.1091,3.2115,9.3206,90.07,0.209876,60.0,90.0,0.0
2024-05-24,15,11:45,5.6324,9.5021,15.1345,90.07,0.340792,20.0,130.0,0.0
2024-05-24,16,12:00,5.8458,17.0147,22.8605,88.98,0.508532,20.0,130.0,0.0
2024-05-24,17,12:15,5.1816,17.1381,22.3197,88.98,0.496501,20.0,130.0,0.0
2024-05-24,18,12:30,6.7301,16.0793,22.8094,88.98,0.507395,20.0,130.0,0.0
2024-05-24,19,12:45,3.9878,3.2115,7.1993,88.98,0.160148,20.0,130.0,0.0
2024-05-24,20,13:00,0.0,9.5021,9.5021,87.74,0.208428,80.0,170.0,0.0
2024-05-24,21,13:15,0.0,17.0147,17.0147,87.74,0.373217,80.0,170.0,0.0
2024-05-24,22,13:30,0.0,17.1381,17.1381,87.74,0.375924,80.0,170.0,0.0
2024-05-24,23,13:45,0.0,16.0793,16.0793,87.74,0.352699,80.0,170.0,0.0
2024-05-24,24,14:00,0.0,3.2115,3.2115,88.12,0.070749,80.0,170.0,0.0
2024-05-24,25,14:15,0.0,0.0,0.0,88.12,0.0,80.0,210.0,0.0
2024-05-24,26,14:30,0.0,0.0,0.0,88.12,0.0,80.0,210.0,0.0
2024-05-24,27,14:45,0.0,0.0,0.0,88.12,0.0,80.0,210.0,0.0
2024-05-24,28,15:00,0.0,0.0,0.0,88.18,0.0,80.0,40.0,170.0
2024-05-24,29,15:15,0.0,0.0,0.0,88.18,0.0,80.0,40.0,0.0
2024-05-24,30,15:30,0.0,0.0,0.0,88.18,0.0,80.0,40.0,0.0
2024-05-24,31,15:45,0.0,0.0,0.0,88.18,0.0,80.0,40.0,0.0
2024-05-24,32,16:00,0.0,0.0,0.0,84.27,0.0,80.0,40.0,0.0
2024-05-24,33,16:15,0.0,0.0,0.0,84.27,0.0,80.0,40.0,0.0
2024-05-24,34,16:30,0.0,0.0,0.0,84.27,0.0,80.0,40.0,0.0
2024-05-24,35,16:45,0.0,0.0,0.0,84.27,0.0,80.0,40.0,0.0
2024-05-24,36,17:00,0.0,0.0,0.0,98.79,0.0,80.0,40.0,0.0
2024-05-24,37,17:15,0.0,0.0,0.0,98.79,0.0,80.0,40.0,0.0
2024-05-24,38,17:30,0.0,0.0,0.0,98.79,0.0,80.0,40.0,0.0
2024-05-24,39,17:45,0.0,0.0,0.0,98.79,0.0,80.0,40.0,0.0
2024-05-24,40,18:00,0.0,0.0,0.0,111.77,0.0,80.0,40.0,0.0
2024-05-24,41,18:15,0.0,0.0,0.0,111.77,0.0,80.0,40.0,0.0
2024-05-24,42,18:30,0.0,0.0,0.0,111.77,0.0,80.0,40.0,0.0
2024-05-24,43,18:45,0.0,0.0,0.0,111.77,0.0,80.0,40.0,0.0
2024-05-24,44,19:00,0.0,0.0,0.0,129.99,0.0,80.0,40.0,0.0
2024-05-24,45,19:15,0.0,0.0,0.0,129.99,0.0,80.0,40.0,0.0
2024-05-24,46,19:30,0.0,0.0,0.0,129.99,0.0,80.0,40.0,0.0
2024-05-24,47,19:45,0.0,0.0,0.0,129.99,0.0,80.0,40.0,0.0
2024-05-24,48,20:00,0.0,0.0,0.0,125.0,0.0,80.0,40.0,0.0
2024-05-24,49,20:15,0.0,0.0,0.0,125.0,0.0,80.0,40.0,0.0
2024-05-24,50,20:30,0.0,0.0,0.0,125.0,0.0,80.0,40.0,0.0
2024-05-24,51,20:45,0.0,0.0,0.0,125.0,0.0,80.0,40.0,0.0
2024-05-24,52,21:00,0.0,0.0,0.0,115.84,0.0,80.0,40.0,0.0
2024-05-24,53,21:15,0.0,0.0,0.0,115.84,0.0,80.0,40.0,0.0
2024-05-24,54,21:30,0.0,0.0,0.0,115.84,0.0,80.0,40.0,0.0
2024-05-24,55,21:45,0.0,0.0,0.0,115.84,0.0,80.0,40.0,0.0
2024-05-27,0,08:00,1.8638,9.5021,11.3659,124.55,0.353907,40.0,40.0,0.0
2024-05-27,1,08:15,6.7293,17.0147,23.744,124.55,0.739327,40.0,40.0,0.0
2024-05-27,2,08:30,5.9956,17.1381,23.1337,124.55,0.720325,40.0,40.0,0.0
2024-05-27,3,08:45,7.1179,16.0793,23.1972,124.55,0.722302,40.0,40.0,0.0
2024-05-27,4,09:00,6.1091,3.2115,9.3206,107.22,0.249838,40.0,40.0,0.0
2024-05-27,5,09:15,5.6324,9.5021,15.1345,107.22,0.405681,0.0,80.0,0.0
2024-05-27,6,09:30,5.8458,17.0147,22.8605,107.22,0.612775,0.0,80.0,0.0
2024-05-27,7,09:45,5.1816,17.1381,22.3197,107.22,0.598279,0.0,80.0,0.0
2024-05-27,8,10:00,6.7301,16.0793,22.8094,88.44,0.504315,0.0,80.0,0.0
2024-05-27,9,10:15,3.9878,3.2115,7.1993,88.44,0.159176,0.0,80.0,0.0
2024-05-27,10,10:30,1.8638,9.5021,11.3659,88.44,0.251301,60.0,120.0,0.0
2024-05-27,11,10:45,6.7293,17.0147,23.744,88.44,0.524979,60.0,120.0,0.0
2024-05-27,12,11:00,5.9956,17.1381,23.1337,86.26,0.498878,60.0,120.0,0.0
2024-05-27,13,11:15,7.1179,16.0793,23.1972,86.26,0.500247,60.0,120.0,0.0
2024-05-27,14,11:30,6.1091,3.2115,9.3206,86.26,0.200998,60.0,120.0,0.0
2024-05-27,15,11:45,5.6324,9.5021,15.1345,86.26,0.326376,20.0,160.0,0.0
2024-05-27,16,12:00,5.8458,17.0147,22.8605,77.34,0.442008,20.0,160.0,0.0
2024-05-27,17,12:15,5.1816,17.1381,22.3197,77.34,0.431551,20.0,160.0,0.0
2024-05-27,18,12:30,6.7301,16.0793,22.8094,77.34,0.441019,20.0,160.0,0.0
2024-05-27,19,12:45,3.9878,3.2115,7.1993,77.34,0.139198,20.0,160.0,0.0
2024-05-27,20,13:00,1.8638,9.5021,11.3659,74.46,0.211577,80.0,200.0,0.0
2024-05-27,21,13:15,6.7293,17.0147,23.744,74.46,0.441994,80.0,200.0,0.0
2024-05-27,22,13:30,5.9956,17.1381,23.1337,74.46,0.430633,80.0,200.0,0.0
2024-05-27,23,13:45,7.1179,16.0793,23.1972,74.46,0.431815,80.0,200.0,0.0
2024-05-27,24,14:00,6.1091,3.2115,9.3206,72.96,0.170007,80.0,200.0,0.0
2024-05-27,25,14:15,5.6324,9.5021,15.1345,72.96,0.276054,40.0,240.0,0.0
2024-05-27,26,14:30,5.8458,17.0147,22.8605,72.96,0.416975,40.0,240.0,0.0
2024-05-27,27,14:45,5.1816,17.1381,22.3197,72.96,0.407111,40.0,240.0,0.0
2024-05-27,28,15:00,6.7301,16.0793,22.8094,77.78,0.443528,40.0,90.0,150.0
2024-05-27,29,15:15,3.9878,3.2115,7.1993,77.78,0.13999,40.0,90.0,0.0
2024-05-27,30,15:30,0.0,9.5021,9.5021,77.78,0.184768,100.0,130.0,0.0
2024-05-27,31,15:45,0.0,17.0147,17.0147,77.78,0.33085,100.0,130.0,0.0
2024-05-27,32,16:00,0.0,17.1381,17.1381,84.66,0.362728,100.0,130.0,0.0
2024-05-27,33,16:15,0.0,16.0793,16.0793,84.66,0.340318,100.0,130.0,0.0
2024-05-27,34,16:30,0.0,3.2115,3.2115,84.66,0.067971,100.0,130.0,0.0
2024-05-27,35,16:45,0.0,9.5021,9.5021,84.66,0.201112,60.0,170.0,0.0
2024-05-27,36,17:00,0.0,17.0147,17.0147,111.04,0.472327,60.0,170.0,0.0
2024-05-27,37,17:15,0.0,17.1381,17.1381,111.04,0.475753,60.0,170.0,0.0
2024-05-27,38,17:30,0.0,16.0793,16.0793,111.04,0.446361,60.0,170.0,0.0
2024-05-27,39,17:45,0.0,3.2115,3.2115,111.04,0.089151,60.0,170.0,0.0
2024-05-27,40,18:00,0.0,0.0,0.0,131.4,0.0,60.0,210.0,0.0
2024-05-27,41,18:15,0.0,0.0,0.0,131.4,0.0,60.0,210.0,0.0
2024-05-27,42,18:30,0.0,0.0,0.0,131.4,0.0,60.0,210.0,0.0
2024-05-27,43,18:45,0.0,0.0,0.0,131.4,0.0,60.0,210.0,0.0
2024-05-27,44,19:00,0.0,0.0,0.0,186.68,0.0,60.0,210.0,0.0
2024-05-27,45,19:15,0.0,0.0,0.0,186.68,0.0,60.0,210.0,0.0
2024-05-27,46,19:30,0.0,0.0,0.0,186.68,0.0,60.0,210.0,0.0
2024-05-27,47,19:45,0.0,0.0,0.0,186.68,0.0,60.0,210.0,0.0
2024-05-27,48,20:00,0.0,0.0,0.0,221.46,0.0,60.0,210.0,0.0
2024-05-27,49,20:15,0.0,0.0,0.0,221.46,0.0,60.0,210.0,0.0
2024-05-27,50,20:30,0.0,0.0,0.0,221.46,0.0,60.0,210.0,0.0
2024-05-27,51,20:45,0.0,0.0,0.0,221.46,0.0,60.0,210.0,0.0
2024-05-27,52,21:00,0.0,0.0,0.0,169.86,0.0,60.0,210.0,0.0
2024-05-27,53,21:15,0.0,0.0,0.0,169.86,0.0,60.0,210.0,0.0
2024-05-27,54,21:30,0.0,0.0,0.0,169.86,0.0,60.0,210.0,0.0
2024-05-27,55,21:45,0.0,0.0,0.0,169.86,0.0,60.0,50.0,160.0
2024-05-28,0,08:00,1.8638,9.5021,11.3659,102.23,0.290485,20.0,50.0,0.0
2024-05-28,1,08:15,6.7293,17.0147,23.744,102.23,0.606836,20.0,50.0,0.0
2024-05-28,2,08:30,5.9956,17.1381,23.1337,102.23,0.591239,20.0,50.0,0.0
2024-05-28,3,08:45,7.1179,16.0793,23.1972,102.23,0.592862,20.0,50.0,0.0
2024-05-28,4,09:00,6.1091,3.2115,9.3206,85.43,0.199064,20.0,50.0,0.0
2024-05-28,5,09:15,5.6324,0.0,5.6324,85.43,0.120295,20.0,90.0,0.0
2024-05-28,6,09:30,5.8458,0.0,5.8458,85.43,0.124852,20.0,90.0,0.0
2024-05-28,7,09:45,5.1816,0.0,5.1816,85.43,0.110665,20.0,90.0,0.0
2024-05-28,8,10:00,6.7301,0.0,6.7301,72.52,0.122017,20.0,90.0,0.0
2024-05-28,9,10:15,3.9878,0.0,3.9878,72.52,0.072299,20.0,90.0,0.0
2024-05-28,10,10:30,1.8638,9.5021,11.3659,72.52,0.206064,80.0,90.0,0.0
2024-05-28,11,10:45,6.7293,17.0147,23.744,72.52,0.430478,80.0,90.0,0.0
2024-05-28,12,11:00,5.9956,17.1381,23.1337,69.17,0.400039,80.0,90.0,0.0
2024-05-28,13,11:15,7.1179,16.0793,23.1972,69.17,0.401137,80.0,90.0,0.0
2024-05-28,14,11:30,6.1091,3.2115,9.3206,69.17,0.161176,80.0,90.0,0.0
2024-05-28,15,11:45,5.6324,9.5021,15.1345,69.17,0.261714,40.0,130.0,0.0
2024-05-28,16,12:00,5.8458,17.0147,22.8605,61.1,0.349194,40.0,130.0,0.0
2024-05-28,17,12:15,5.1816,17.1381,22.3197,61.1,0.340933,40.0,130.0,0.0
2024-05-28,18,12:30,6.7301,16.0793,22.8094,61.1,0.348413,40.0,130.0,0.0
2024-05-28,19,12:45,3.9878,3.2115,7.1993,61.1,0.109969,40.0,130.0,0.0
2024-05-28,20,13:00,1.8638,9.5021,11.3659,55.25,0.156992,100.0,170.0,0.0
2024-05-28,21,13:15,6.7293,17.0147,23.744,55.25,0.327963,100.0,170.0,0.0
2024-05-28,22,13:30,5.9956,17.1381,23.1337,55.25,0.319534,100.0,170.0,0.0
2024-05-28,23,13:45,7.1179,16.0793,23.1972,55.25,0.320411,100.0,170.0,0.0
2024-05-28,24,14:00,6.1091,3.2115,9.3206,55.27,0.128787,100.0,170.0,0.0
2024-05-28,25,14:15,5.6324,9.5021,15.1345,55.27,0.209122,60.0,210.0,0.0
2024-05-28,26,14:30,5.8458,17.0147,22.8605,55.27,0.315875,60.0,210.0,0.0
2024-05-28,27,14:45,5.1816,17.1381,22.3197,55.27,0.308402,60.0,210.0,0.0
2024-05-28,28,15:00,6.7301,16.0793,22.8094,65.66,0.374416,60.0,20.0,190.0
2024-05-28,29,15:15,3.9878,3.2115,7.1993,65.66,0.118176,60.0,20.0,0.0
2024-05-28,30,15:30,0.0,9.5021,9.5021,65.66,0.155977,120.0,60.0,0.0
2024-05-28,31,15:45,0.0,17.0147,17.0147,65.66,0.279296,120.0,60.0,0.0
2024-05-28,32,16:00,0.0,17.1381,17.1381,72.52,0.310714,120.0,60.0,0.0
2024-05-28,33,16:15,0.0,16.0793,16.0793,72.52,0.291517,120.0,60.0,0.0
2024-05-28,34,16:30,0.0,3.2115,3.2115,72.52,0.058224,120.0,60.0,0.0
2024-05-28,35,16:45,0.0,9.5021,9.5021,72.52,0.172273,80.0,100.0,0.0
2024-05-28,36,17:00,0.0,17.0147,17.0147,85.8,0.364965,80.0,100.0,0.0
2024-05-28,37,17:15,0.0,17.1381,17.1381,85.8,0.367612,80.0,100.0,0.0
2024-05-28,38,17:30,0.0,16.0793,16.0793,85.8,0.344901,80.0,100.0,0.0
2024-05-28,39,17:45,0.0,3.2115,3.2115,85.8,0.068886,80.0,100.0,0.0
2024-05-28,40,18:00,0.0,0.0,0.0,102.28,0.0,80.0,140.0,0.0
2024-05-28,41,18:15,0.0,0.0,0.0,102.28,0.0,80.0,140.0,0.0
2024-05-28,42,18:30,0.0,0.0,0.0,102.28,0.0,80.0,140.0,0.0
2024-05-28,43,18:45,0.0,0.0,0.0,102.28,0.0,80.0,140.0,0.0
2024-05-28,44,19:00,0.0,0.0,0.0,130.05,0.0,80.0,140.0,0.0
2024-05-28,45,19:15,0.0,0.0,0.0,130.05,0.0,80.0,140.0,0.0
2024-05-28,46,19:30,0.0,0.0,0.0,130.05,0.0,80.0,140.0,0.0
2024-05-28,47,19:45,0.0,0.0,0.0,130.05,0.0,80.0,140.0,0.0
2024-05-28,48,20:00,0.0,0.0,0.0,144.31,0.0,80.0,140.0,0.0
2024-05-28,49,20:15,0.0,0.0,0.0,144.31,0.0,80.0,140.0,0.0
2024-05-28,50,20:30,0.0,0.0,0.0,144.31,0.0,80.0,140.0,0.0
2024-05-28,51,20:45,0.0,0.0,0.0,144.31,0.0,80.0,140.0,0.0
2024-05-28,52,21:00,0.0,0.0,0.0,124.0,0.0,80.0,140.0,0.0
2024-05-28,53,21:15,0.0,0.0,0.0,124.0,0.0,80.0,140.0,0.0
2024-05-28,54,21:30,0.0,0.0,0.0,124.0,0.0,80.0,140.0,0.0
2024-05-28,55,21:45,0.0,0.0,0.0,124.0,0.0,80.0,30.0,110.0
2024-05-29,0,08:00,1.8638,9.5021,11.3659,91.52,0.260053,40.0,30.0,0.0
2024-05-29,1,08:15,6.7293,17.0147,23.744,91.52,0.543262,40.0,30.0,0.0
2024-05-29,2,08:30,5.9956,17.1381,23.1337,91.52,0.529299,40.0,30.0,0.0
2024-05-29,3,08:45,7.1179,16.0793,23.1972,91.52,0.530751,40.0,30.0,0.0
2024-05-29,4,09:00,6.1091,3.2115,9.3206,69.11,0.161036,40.0,30.0,0.0
2024-05-29,5,09:15,5.6324,9.5021,15.1345,69.11,0.261487,0.0,70.0,0.0
2024-05-29,6,09:30,5.8458,17.0147,22.8605,69.11,0.394972,0.0,70.0,0.0
2024-05-29,7,09:45,5.1816,17.1381,22.3197,69.11,0.385628,0.0,70.0,0.0
2024-05-29,8,10:00,6.7301,16.0793,22.8094,67.85,0.386904,0.0,70.0,0.0
2024-05-29,9,10:15,3.9878,3.2115,7.1993,67.85,0.122118,0.0,70.0,0.0
2024-05-29,10,10:30,1.8638,9.5021,11.3659,67.85,0.192795,60.0,110.0,0.0
2024-05-29,11,10:45,6.7293,17.0147,23.744,67.85,0.402757,60.0,110.0,0.0
2024-05-29,12,11:00,5.9956,17.1381,23.1337,62.12,0.359266,60.0,110.0,0.0
2024-05-29,13,11:15,7.1179,16.0793,23.1972,62.12,0.360252,60.0,110.0,0.0
2024-05-29,14,11:30,6.1091,3.2115,9.3206,62.12,0.144748,60.0,110.0,0.0
2024-05-29,15,11:45,5.6324,9.5021,15.1345,62.12,0.235039,20.0,150.0,0.0
2024-05-29,16,12:00,5.8458,17.0147,22.8605,59.07,0.337592,20.0,150.0,0.0
2024-05-29,17,12:15,5.1816,17.1381,22.3197,59.07,0.329606,20.0,150.0,0.0
2024-05-29,18,12:30,6.7301,16.0793,22.8094,59.07,0.336838,20.0,150.0,0.0
2024-05-29,19,12:45,3.9878,3.2115,7.1993,59.07,0.106315,20.0,150.0,0.0
2024-05-29,20,13:00,1.8638,9.5021,11.3659,62.25,0.176882,80.0,190.0,0.0
2024-05-29,21,13:15,6.7293,17.0147,23.744,62.25,0.369515,80.0,190.0,0.0
2024-05-29,22,13:30,5.9956,17.1381,23.1337,62.25,0.360018,80.0,190.0,0.0
2024-05-29,23,13:45,7.1179,16.0793,23.1972,62.25,0.361006,80.0,190.0,0.0
2024-05-29,24,14:00,6.1091,3.2115,9.3206,62.18,0.144888,80.0,190.0,0.0
2024-05-29,25,14:15,5.6324,9.5021,15.1345,62.18,0.235266,40.0,230.0,0.0
2024-05-29,26,14:30,5.8458,17.0147,22.8605,62.18,0.355366,40.0,230.0,0.0
2024-05-29,27,14:45,5.1816,17.1381,22.3197,62.18,0.346959,40.0,230.0,0.0
2024-05-29,28,15:00,6.7301,16.0793,22.8094,69.49,0.396256,40.0,40.0,190.0
2024-05-29,29,15:15,3.9878,3.2115,7.1993,69.49,0.12507,40.0,40.0,0.0
2024-05-29,30,15:30,0.0,9.5021,9.5021,69.49,0.165075,100.0,80.0,0.0
2024-05-29,31,15:45,0.0,17.0147,17.0147,69.49,0.295587,100.0,80.0,0.0
2024-05-29,32,16:00,0.0,17.1381,17.1381,72.67,0.311356,100.0,80.0,0.0
2024-05-29,33,16:15,0.0,16.0793,16.0793,72.67,0.29212,100.0,80.0,0.0
2024-05-29,34,16:30,0.0,3.2115,3.2115,72.67,0.058345,100.0,80.0,0.0
2024-05-29,35,16:45,0.0,9.5021,9.5021,72.67,0.172629,60.0,120.0,0.0
2024-05-29,36,17:00,0.0,17.0147,17.0147,89.23,0.379555,60.0,120.0,0.0
2024-05-29,37,17:15,0.0,17.1381,17.1381,89.23,0.382308,60.0,120.0,0.0
2024-05-29,38,17:30,0.0,16.0793,16.0793,89.23,0.358689,60.0,120.0,0.0
2024-05-29,39,17:45,0.0,3.2115,3.2115,89.23,0.07164,60.0,120.0,0.0
2024-05-29,40,18:00,0.0,0.0,0.0,94.66,0.0,60.0,160.0,0.0
2024-05-29,41,18:15,0.0,0.0,0.0,94.66,0.0,60.0,160.0,0.0
2024-05-29,42,18:30,0.0,0.0,0.0,94.66,0.0,60.0,160.0,0.0
2024-05-29,43,18:45,0.0,0.0,0.0,94.66,0.0,60.0,160.0,0.0
2024-05-29,44,19:00,0.0,0.0,0.0,111.44,0.0,60.0,160.0,0.0
2024-05-29,45,19:15,0.0,0.0,0.0,111.44,0.0,60.0,160.0,0.0
2024-05-29,46,19:30,0.0,0.0,0.0,111.44,0.0,60.0,160.0,0.0
2024-05-29,47,19:45,0.0,0.0,0.0,111.44,0.0,60.0,160.0,0.0
2024-05-29,48,20:00,0.0,0.0,0.0,140.5,0.0,60.0,160.0,0.0
2024-05-29,49,20:15,0.0,0.0,0.0,140.5,0.0,60.0,160.0,0.0
2024-05-29,50,20:30,0.0,0.0,0.0,140.5,0.0,60.0,160.0,0.0
2024-05-29,51,20:45,0.0,0.0,0.0,140.5,0.0,60.0,160.0,0.0
2024-05-29,52,21:00,0.0,0.0,0.0,143.26,0.0,60.0,160.0,0.0
2024-05-29,53,21:15,0.0,0.0,0.0,143.26,0.0,60.0,160.0,0.0
2024-05-29,54,21:30,0.0,0.0,0.0,143.26,0.0,60.0,160.0,0.0
2024-05-29,55,21:45,0.0,0.0,0.0,143.26,0.0,60.0,30.0,130.0
2024-05-31,0,08:00,1.8638,9.5021,11.3659,108.72,0.308926,20.0,30.0,0.0
2024-05-31,1,08:15,6.7293,17.0147,23.744,108.72,0.645361,20.0,30.0,0.0
2024-05-31,2,08:30,5.9956,17.1381,23.1337,108.72,0.628773,20.0,30.0,0.0
2024-05-31,3,08:45,7.1179,16.0793,23.1972,108.72,0.630499,20.0,30.0,0.0
2024-05-31,4,09:00,6.1091,3.2115,9.3206,102.36,0.238513,20.0,30.0,0.0
2024-05-31,5,09:15,5.6324,0.0,5.6324,102.36,0.144134,20.0,70.0,0.0
2024-05-31,6,09:30,5.8458,0.0,5.8458,102.36,0.149594,20.0,70.0,0.0
2024-05-31,7,09:45,5.1816,0.0,5.1816,102.36,0.132596,20.0,70.0,0.0
2024-05-31,8,10:00,6.7301,0.0,6.7301,91.97,0.154742,20.0,70.0,0.0
2024-05-31,9,10:15,3.9878,0.0,3.9878,91.97,0.091689,20.0,70.0,0.0
2024-05-31,10,10:30,1.8638,9.5021,11.3659,91.97,0.261331,80.0,70.0,0.0
2024-05-31,11,10:45,6.7293,17.0147,23.744,91.97,0.545933,80.0,70.0,0.0
2024-05-31,12,11:00,5.9956,17.1381,23.1337,82.02,0.474356,80.0,70.0,0.0
2024-05-31,13,11:15,7.1179,16.0793,23.1972,82.02,0.475658,80.0,70.0,0.0
2024-05-31,14,11:30,6.1091,3.2115,9.3206,82.02,0.191118,80.0,70.0,0.0
2024-05-31,15,11:45,5.6324,9.5021,15.1345,82.02,0.310334,40.0,110.0,0.0
2024-05-31,16,12:00,5.8458,17.0147,22.8605,74.91,0.42812,40.0,110.0,0.0
2024-05-31,17,12:15,5.1816,17.1381,22.3197,74.91,0.417992,40.0,110.0,0.0
2024-05-31,18,12:30,6.7301,16.0793,22.8094,74.91,0.427163,40.0,110.0,0.0
2024-05-31,19,12:45,3.9878,3.2115,7.1993,74.91,0.134825,40.0,110.0,0.0
2024-05-31,20,13:00,1.8638,9.5021,11.3659,68.5,0.194642,100.0,150.0,0.0
2024-05-31,21,13:15,6.7293,17.0147,23.744,68.5,0.406615,100.0,150.0,0.0
2024-05-31,22,13:30,5.9956,17.1381,23.1337,68.5,0.396164,100.0,150.0,0.0
2024-05-31,23,13:45,7.1179,16.0793,23.1972,68.5,0.397252,100.0,150.0,0.0
2024-05-31,24,14:00,6.1091,3.2115,9.3206,65.3,0.152158,100.0,150.0,0.0
2024-05-31,25,14:15,5.6324,9.5021,15.1345,65.3,0.247071,60.0,190.0,0.0
2024-05-31,26,14:30,5.8458,17.0147,22.8605,65.3,0.373197,60.0,190.0,0.0
2024-05-31,27,14:45,5.1816,17.1381,22.3197,65.3,0.364369,60.0,190.0,0.0
2024-05-31,28,15:00,6.7301,16.0793,22.8094,66.94,0.381715,60.0,40.0,150.0
2024-05-31,29,15:15,3.9878,3.2115,7.1993,66.94,0.12048,60.0,40.0,0.0
2024-05-31,30,15:30,0.0,9.5021,9.5021,66.94,0.159018,120.0,80.0,0.0
2024-05-31,31,15:45,0.0,17.0147,17.0147,66.94,0.284741,120.0,80.0,0.0
2024-05-31,32,16:00,0.0,17.1381,17.1381,75.07,0.321639,120.0,80.0,0.0
2024-05-31,33,16:15,0.0,16.0793,16.0793,75.07,0.301768,120.0,80.0,0.0
2024-05-31,34,16:30,0.0,3.2115,3.2115,75.07,0.060272,120.0,80.0,0.0
2024-05-31,35,16:45,0.0,9.5021,9.5021,75.07,0.178331,80.0,120.0,0.0
2024-05-31,36,17:00,0.0,17.0147,17.0147,84.1,0.357734,80.0,120.0,0.0
2024-05-31,37,17:15,0.0,17.1381,17.1381,84.1,0.360328,80.0,120.0,0.0
2024-05-31,38,17:30,0.0,16.0793,16.0793,84.1,0.338067,80.0,120.0,0.0
2024-05-31,39,17:45,0.0,3.2115,3.2115,84.1,0.067522,80.0,120.0,0.0
2024-05-31,40,18:00,0.0,9.5021,9.5021,94.46,0.224392,40.0,160.0,0.0
2024-05-31,41,18:15,0.0,17.0147,17.0147,94.46,0.401802,40.0,160.0,0.0
2024-05-31,42,18:30,0.0,17.1381,17.1381,94.46,0.404716,40.0,160.0,0.0
2024-05-31,43,18:45,0.0,16.0793,16.0793,94.46,0.379712,40.0,160.0,0.0
2024-05-31,44,19:00,0.0,3.2115,3.2115,107.94,0.086662,40.0,160.0,0.0
2024-05-31,45,19:15,0.0,0.0,0.0,107.94,0.0,40.0,200.0,0.0
2024-05-31,46,19:30,0.0,0.0,0.0,107.94,0.0,40.0,200.0,0.0
2024-05-31,47,19:45,0.0,0.0,0.0,107.94,0.0,40.0,200.0,0.0
2024-05-31,48,20:00,0.0,0.0,0.0,115.0,0.0,40.0,200.0,0.0
2024-05-31,49,20:15,0.0,0.0,0.0,115.0,0.0,40.0,200.0,0.0
2024-05-31,50,20:30,0.0,0.0,0.0,115.0,0.0,40.0,200.0,0.0
2024-05-31,51,20:45,0.0,0.0,0.0,115.0,0.0,40.0,200.0,0.0
2024-05-31,52,21:00,0.0,0.0,0.0,107.91,0.0,40.0,200.0,0.0
2024-05-31,53,21:15,0.0,0.0,0.0,107.91,0.0,40.0,200.0,0.0
2024-05-31,54,21:30,0.0,0.0,0.0,107.91,0.0,40.0,200.0,0.0
2024-05-31,55,21:45,0.0,0.0,0.0,107.91,0.0,40.0,30.0,170.0
2024-06-03,0,08:00,1.8638,9.5021,11.3659,164.48,0.467367,0.0,30.0,0.0
2024-06-03,1,08:15,6.7293,17.0147,23.744,164.48,0.976351,0.0,30.0,0.0
2024-06-03,2,08:30,5.9956,17.1381,23.1337,164.48,0.951257,0.0,30.0,0.0
2024-06-03,3,08:45,7.1179,16.0793,23.1972,164.48,0.953868,0.0,30.0,0.0
2024-06-03,4,09:00,6.1091,3.2115,9.3206,128.08,0.298444,0.0,30.0,0.0
2024-06-03,5,09:15,5.6324,0.0,5.6324,128.08,0.180351,0.0,70.0,0.0
2024-06-03,6,09:30,5.8458,0.0,5.8458,128.08,0.187183,0.0,70.0,0.0
2024-06-03,7,09:45,5.1816,0.0,5.1816,128.08,0.165914,0.0,70.0,0.0
2024-06-03,8,10:00,6.7301,0.0,6.7301,99.05,0.166654,0.0,70.0,0.0
2024-06-03,9,10:15,3.9878,0.0,3.9878,99.05,0.098748,0.0,70.0,0.0
2024-06-03,10,10:30,1.8638,9.5021,11.3659,99.05,0.281449,60.0,70.0,0.0
2024-06-03,11,10:45,6.7293,17.0147,23.744,99.05,0.58796,60.0,70.0,0.0
2024-06-03,12,11:00,5.9956,17.1381,23.1337,95.9,0.55463,60.0,70.0,0.0
2024-06-03,13,11:15,7.1179,16.0793,23.1972,95.9,0.556152,60.0,70.0,0.0
2024-06-03,14,11:30,6.1091,3.2115,9.3206,95.9,0.22346,60.0,70.0,0.0
2024-06-03,15,11:45,5.6324,9.5021,15.1345,95.9,0.362851,20.0,110.0,0.0
2024-06-03,16,12:00,5.8458,17.0147,22.8605,81.09,0.463439,20.0,110.0,0.0
2024-06-03,17,12:15,5.1816,17.1381,22.3197,81.09,0.452475,20.0,110.0,0.0
2024-06-03,18,12:30,6.7301,16.0793,22.8094,81.09,0.462403,20.0,110.0,0.0
2024-06-03,19,12:45,3.9878,3.2115,7.1993,81.09,0.145948,20.0,110.0,0.0
2024-06-03,20,13:00,0.0,9.5021,9.5021,74.9,0.177927,80.0,150.0,0.0
2024-06-03,21,13:15,0.0,17.0147,17.0147,74.9,0.3186,80.0,150.0,0.0
2024-06-03,22,13:30,0.0,17.1381,17.1381,74.9,0.320911,80.0,150.0,0.0
2024-06-03,23,13:45,0.0,16.0793,16.0793,74.9,0.301085,80.0,150.0,0.0
2024-06-03,24,14:00,0.0,3.2115,3.2115,67.3,0.054033,80.0,150.0,0.0
2024-06-03,25,14:15,0.0,0.0,0.0,67.3,0.0,80.0,190.0,0.0
2024-06-03,26,14:30,0.0,0.0,0.0,67.3,0.0,80.0,190.0,0.0
2024-06-03,27,14:45,0.0,0.0,0.0,67.3,0.0,80.0,190.0,0.0
2024-06-03,28,15:00,0.0,0.0,0.0,72.02,0.0,80.0,100.0,90.0
2024-06-03,29,15:15,0.0,0.0,0.0,72.02,0.0,80.0,100.0,0.0
2024-06-03,30,15:30,0.0,0.0,0.0,72.02,0.0,80.0,100.0,0.0
2024-06-03,31,15:45,0.0,0.0,0.0,72.02,0.0,80.0,100.0,0.0
2024-06-03,32,16:00,0.0,0.0,0.0,78.0,0.0,80.0,100.0,0.0
2024-06-03,33,16:15,0.0,0.0,0.0,78.0,0.0,80.0,100.0,0.0
2024-06-03,34,16:30,0.0,0.0,0.0,78.0,0.0,80.0,100.0,0.0
2024-06-03,35,16:45,0.0,0.0,0.0,78.0,0.0,80.0,100.0,0.0
2024-06-03,36,17:00,0.0,0.0,0.0,105.95,0.0,80.0,100.0,0.0
2024-06-03,37,17:15,0.0,0.0,0.0,105.95,0.0,80.0,100.0,0.0
2024-06-03,38,17:30,0.0,0.0,0.0,105.95,0.0,80.0,100.0,0.0
2024-06-03,39,17:45,0.0,0.0,0.0,105.95,0.0,80.0,100.0,0.0
2024-06-03,40,18:00,0.0,0.0,0.0,127.32,0.0,80.0,100.0,0.0
2024-06-03,41,18:15,0.0,0.0,0.0,127.32,0.0,80.0,100.0,0.0
2024-06-03,42,18:30,0.0,0.0,0.0,127.32,0.0,80.0,100.0,0.0
2024-06-03,43,18:45,0.0,0.0,0.0,127.32,0.0,80.0,100.0,0.0
2024-06-03,44,19:00,0.0,0.0,0.0,182.91,0.0,80.0,100.0,0.0
2024-06-03,45,19:15,0.0,0.0,0.0,182.91,0.0,80.0,100.0,0.0
2024-06-03,46,19:30,0.0,0.0,0.0,182.91,0.0,80.0,100.0,0.0
2024-06-03,47,19:45,0.0,0.0,0.0,182.91,0.0,80.0,100.0,0.0
2024-06-03,48,20:00,0.0,0.0,0.0,215.28,0.0,80.0,100.0,0.0
2024-06-03,49,20:15,0.0,0.0,0.0,215.28,0.0,80.0,100.0,0.0
2024-06-03,50,20:30,0.0,0.0,0.0,215.28,0.0,80.0,100.0,0.0
2024-06-03,51,20:45,0.0,0.0,0.0,215.28,0.0,80.0,100.0,0.0
2024-06-03,52,21:00,0.0,0.0,0.0,198.79,0.0,80.0,100.0,0.0
2024-06-03,53,21:15,0.0,0.0,0.0,198.79,0.0,80.0,100.0,0.0
2024-06-03,54,21:30,0.0,0.0,0.0,198.79,0.0,80.0,100.0,0.0
2024-06-03,55,21:45,0.0,0.0,0.0,198.79,0.0,80.0,0.0,100.0
2024-06-04,0,08:00,1.8638,9.5021,11.3659,141.68,0.402581,40.0,0.0,0.0
2024-06-04,1,08:15,6.7293,17.0147,23.744,141.68,0.841011,40.0,0.0,0.0
2024-06-04,2,08:30,5.9956,17.1381,23.1337,141.68,0.819395,40.0,0.0,0.0
2024-06-04,3,08:45,7.1179,16.0793,23.1972,141.68,0.821644,40.0,0.0,0.0
2024-06-04,4,09:00,6.1091,3.2115,9.3206,112.37,0.261838,40.0,0.0,0.0
2024-06-04,5,09:15,5.6324,9.5021,15.1345,112.37,0.425167,0.0,40.0,0.0
2024-06-04,6,09:30,5.8458,17.0147,22.8605,112.37,0.642208,0.0,40.0,0.0
2024-06-04,7,09:45,5.1816,17.1381,22.3197,112.37,0.627015,0.0,40.0,0.0
2024-06-04,8,10:00,6.7301,16.0793,22.8094,91.6,0.522335,0.0,40.0,0.0
2024-06-04,9,10:15,3.9878,3.2115,7.1993,91.6,0.164864,0.0,40.0,0.0
2024-06-04,10,10:30,1.8638,9.5021,11.3659,91.6,0.26028,60.0,80.0,0.0
2024-06-04,11,10:45,6.7293,17.0147,23.744,91.6,0.543737,60.0,80.0,0.0
2024-06-04,12,11:00,5.9956,17.1381,23.1337,81.31,0.47025,60.0,80.0,0.0
2024-06-04,13,11:15,7.1179,16.0793,23.1972,81.31,0.471541,60.0,80.0,0.0
2024-06-04,14,11:30,6.1091,3.2115,9.3206,81.31,0.189464,60.0,80.0,0.0
2024-06-04,15,11:45,5.6324,9.5021,15.1345,81.31,0.307647,20.0,120.0,0.0
2024-06-04,16,12:00,5.8458,17.0147,22.8605,67.34,0.384856,20.0,120.0,0.0
2024-06-04,17,12:15,5.1816,17.1381,22.3197,67.34,0.375752,20.0,120.0,0.0
2024-06-04,18,12:30,6.7301,16.0793,22.8094,67.34,0.383996,20.0,120.0,0.0
2024-06-04,19,12:45,3.9878,3.2115,7.1993,67.34,0.1212,20.0,120.0,0.0
2024-06-04,20,13:00,0.0,9.5021,9.5021,55.27,0.131295,80.0,160.0,0.0
2024-06-04,21,13:15,0.0,17.0147,17.0147,55.27,0.2351,80.0,160.0,0.0
2024-06-04,22,13:30,0.0,17.1381,17.1381,55.27,0.236806,80.0,160.0,0.0
2024-06-04,23,13:45,0.0,16.0793,16.0793,55.27,0.222175,80.0,160.0,0.0
2024-06-04,24,14:00,0.0,3.2115,3.2115,43.86,0.035214,80.0,160.0,0.0
2024-06-04,25,14:15,0.0,9.5021,9.5021,43.86,0.10419,40.0,200.0,0.0
2024-06-04,26,14:30,0.0,17.0147,17.0147,43.86,0.186566,40.0,200.0,0.0
2024-06-04,27,14:45,0.0,17.1381,17.1381,43.86,0.187919,40.0,200.0,0.0
2024-06-04,28,15:00,0.0,16.0793,16.0793,47.06,0.189173,40.0,60.0,140.0
2024-06-04,29,15:15,0.0,3.2115,3.2115,47.06,0.037783,40.0,60.0,0.0
2024-06-04,30,15:30,0.0,0.0,0.0,47.06,0.0,40.0,100.0,0.0
2024-06-04,31,15:45,0.0,0.0,0.0,47.06,0.0,40.0,100.0,0.0
2024-06-04,32,16:00,0.0,0.0,0.0,64.03,0.0,40.0,100.0,0.0
2024-06-04,33,16:15,0.0,0.0,0.0,64.03,0.0,40.0,100.0,0.0
2024-06-04,34,16:30,0.0,0.0,0.0,64.03,0.0,40.0,100.0,0.0
2024-06-04,35,16:45,0.0,0.0,0.0,64.03,0.0,40.0,100.0,0.0
2024-06-04,36,17:00,0.0,0.0,0.0,84.88,0.0,40.0,100.0,0.0
2024-06-04,37,17:15,0.0,0.0,0.0,84.88,0.0,40.0,100.0,0.0
2024-06-04,38,17:30,0.0,0.0,0.0,84.88,0.0,40.0,100.0,0.0
2024-06-04,39,17:45,0.0,0.0,0.0,84.88,0.0,40.0,100.0,0.0
2024-06-04,40,18:00,0.0,0.0,0.0,116.22,0.0,40.0,100.0,0.0
2024-06-04,41,18:15,0.0,0.0,0.0,116.22,0.0,40.0,100.0,0.0
2024-06-04,42,18:30,0.0,0.0,0.0,116.22,0.0,40.0,100.0,0.0
2024-06-04,43,18:45,0.0,0.0,0.0,116.22,0.0,40.0,100.0,0.0
2024-06-04,44,19:00,0.0,0.0,0.0,176.78,0.0,40.0,100.0,0.0
2024-06-04,45,19:15,0.0,0.0,0.0,176.78,0.0,40.0,100.0,0.0
2024-06-04,46,19:30,0.0,0.0,0.0,176.78,0.0,40.0,100.0,0.0
2024-06-04,47,19:45,0.0,0.0,0.0,176.78,0.0,40.0,100.0,0.0
2024-06-04,48,20:00,0.0,0.0,0.0,235.52,0.0,40.0,100.0,0.0
2024-06-04,49,20:15,0.0,0.0,0.0,235.52,0.0,40.0,100.0,0.0
2024-06-04,50,20:30,0.0,0.0,0.0,235.52,0.0,40.0,100.0,0.0
2024-06-04,51,20:45,0.0,0.0,0.0,235.52,0.0,40.0,100.0,0.0
2024-06-04,52,21:00,0.0,0.0,0.0,140.68,0.0,40.0,100.0,0.0
2024-06-04,53,21:15,0.0,0.0,0.0,140.68,0.0,40.0,100.0,0.0
2024-06-04,54,21:30,0.0,0.0,0.0,140.68,0.0,40.0,100.0,0.0
2024-06-04,55,21:45,0.0,0.0,0.0,140.68,0.0,40.0,0.0,100.0
2024-06-05,0,08:00,1.8638,9.5021,11.3659,112.92,0.32086,0.0,0.0,0.0
2024-06-05,1,08:15,6.7293,17.0147,23.744,112.92,0.670292,0.0,0.0,0.0
2024-06-05,2,08:30,5.9956,17.1381,23.1337,112.92,0.653064,0.0,0.0,0.0
2024-06-05,3,08:45,7.1179,16.0793,23.1972,112.92,0.654856,0.0,0.0,0.0
2024-06-05,4,09:00,6.1091,3.2115,9.3206,84.16,0.196105,0.0,0.0,0.0
2024-06-05,5,09:15,5.6324,0.0,5.6324,84.16,0.118507,0.0,40.0,0.0
2024-06-05,6,09:30,5.8458,0.0,5.8458,84.16,0.122996,0.0,40.0,0.0
2024-06-05,7,09:45,5.1816,0.0,5.1816,84.16,0.10902,0.0,40.0,0.0
2024-06-05,8,10:00,6.7301,0.0,6.7301,69.93,0.117659,0.0,40.0,0.0
2024-06-05,9,10:15,3.9878,0.0,3.9878,69.93,0.069717,0.0,40.0,0.0
2024-06-05,10,10:30,1.8638,9.5021,11.3659,69.93,0.198705,60.0,40.0,0.0
2024-06-05,11,10:45,6.7293,17.0147,23.744,69.93,0.415104,60.0,40.0,0.0
2024-06-05,12,11:00,5.9956,17.1381,23.1337,62.03,0.358746,60.0,40.0,0.0
2024-06-05,13,11:15,7.1179,16.0793,23.1972,62.03,0.35973,60.0,40.0,0.0
2024-06-05,14,11:30,6.1091,3.2115,9.3206,62.03,0.144539,60.0,40.0,0.0
2024-06-05,15,11:45,5.6324,9.5021,15.1345,62.03,0.234699,20.0,80.0,0.0
2024-06-05,16,12:00,5.8458,17.0147,22.8605,48.4,0.276612,20.0,80.0,0.0
2024-06-05,17,12:15,5.1816,17.1381,22.3197,48.4,0.270068,20.0,80.0,0.0
2024-06-05,18,12:30,6.7301,16.0793,22.8094,48.4,0.275993,20.0,80.0,0.0
2024-06-05,19,12:45,3.9878,3.2115,7.1993,48.4,0.087111,20.0,80.0,0.0
2024-06-05,20,13:00,1.8638,9.5021,11.3659,30.17,0.085728,80.0,120.0,0.0
2024-06-05,21,13:15,6.7293,17.0147,23.744,30.17,0.179089,80.0,120.0,0.0
2024-06-05,22,13:30,5.9956,17.1381,23.1337,30.17,0.174486,80.0,120.0,0.0
2024-06-05,23,13:45,7.1179,16.0793,23.1972,30.17,0.174965,80.0,120.0,0.0
2024-06-05,24,14:00,6.1091,3.2115,9.3206,26.3,0.061283,80.0,120.0,0.0
2024-06-05,25,14:15,5.6324,9.5021,15.1345,26.3,0.09951,40.0,160.0,0.0
2024-06-05,26,14:30,5.8458,17.0147,22.8605,26.3,0.150308,40.0,160.0,0.0
2024-06-05,27,14:45,5.1816,17.1381,22.3197,26.3,0.146752,40.0,160.0,0.0
2024-06-05,28,15:00,6.7301,16.0793,22.8094,30.06,0.171412,40.0,20.0,140.0
2024-06-05,29,15:15,3.9878,3.2115,7.1993,30.06,0.054103,40.0,20.0,0.0
2024-06-05,30,15:30,0.0,9.5021,9.5021,30.06,0.071408,100.0,60.0,0.0
2024-06-05,31,15:45,0.0,17.0147,17.0147,30.06,0.127865,100.0,60.0,0.0
2024-06-05,32,16:00,0.0,17.1381,17.1381,62.57,0.268083,100.0,60.0,0.0
2024-06-05,33,16:15,0.0,16.0793,16.0793,62.57,0.25152,100.0,60.0,0.0
2024-06-05,34,16:30,0.0,3.2115,3.2115,62.57,0.050236,100.0,60.0,0.0
2024-06-05,35,16:45,0.0,9.5021,9.5021,62.57,0.148636,60.0,100.0,0.0
2024-06-05,36,17:00,0.0,17.0147,17.0147,80.43,0.342123,60.0,100.0,0.0
2024-06-05,37,17:15,0.0,17.1381,17.1381,80.43,0.344604,60.0,100.0,0.0
2024-06-05,38,17:30,0.0,16.0793,16.0793,80.43,0.323314,60.0,100.0,0.0
2024-06-05,39,17:45,0.0,3.2115,3.2115,80.43,0.064575,60.0,100.0,0.0
2024-06-05,40,18:00,0.0,0.0,0.0,105.09,0.0,60.0,140.0,0.0
2024-06-05,41,18:15,0.0,0.0,0.0,105.09,0.0,60.0,140.0,0.0
2024-06-05,42,18:30,0.0,0.0,0.0,105.09,0.0,60.0,140.0,0.0
2024-06-05,43,18:45,0.0,0.0,0.0,105.09,0.0,60.0,140.0,0.0
2024-06-05,44,19:00,0.0,0.0,0.0,126.97,0.0,60.0,140.0,0.0
2024-06-05,45,19:15,0.0,0.0,0.0,126.97,0.0,60.0,140.0,0.0
2024-06-05,46,19:30,0.0,0.0,0.0,126.97,0.0,60.0,140.0,0.0
2024-06-05,47,19:45,0.0,0.0,0.0,126.97,0.0,60.0,140.0,0.0
2024-06-05,48,20:00,0.0,0.0,0.0,155.9,0.0,60.0,140.0,0.0
2024-06-05,49,20:15,0.0,0.0,0.0,155.9,0.0,60.0,140.0,0.0
2024-06-05,50,20:30,0.0,0.0,0.0,155.9,0.0,60.0,140.0,0.0
2024-06-05,51,20:45,0.0,0.0,0.0,155.9,0.0,60.0,140.0,0.0
2024-06-05,52,21:00,0.0,0.0,0.0,158.02,0.0,60.0,140.0,0.0
2024-06-05,53,21:15,0.0,0.0,0.0,158.02,0.0,60.0,140.0,0.0
2024-06-05,54,21:30,0.0,0.0,0.0,158.02,0.0,60.0,140.0,0.0
2024-06-05,55,21:45,0.0,0.0,0.0,158.02,0.0,60.0,0.0,140.0
2024-06-06,0,08:00,1.8638,9.5021,11.3659,96.83,0.275141,20.0,0.0,0.0
2024-06-06,1,08:15,6.7293,17.0147,23.744,96.83,0.574782,20.0,0.0,0.0
2024-06-06,2,08:30,5.9956,17.1381,23.1337,96.83,0.560009,20.0,0.0,0.0
2024-06-06,3,08:45,7.1179,16.0793,23.1972,96.83,0.561546,20.0,0.0,0.0
2024-06-06,4,09:00,6.1091,3.2115,9.3206,71.89,0.167514,20.0,0.0,0.0
2024-06-06,5,09:15,5.6324,0.0,5.6324,71.89,0.101229,20.0,40.0,0.0
2024-06-06,6,09:30,5.8458,0.0,5.8458,71.89,0.105064,20.0,40.0,0.0
2024-06-06,7,09:45,5.1816,0.0,5.1816,71.89,0.093126,20.0,40.0,0.0
2024-06-06,8,10:00,6.7301,0.0,6.7301,57.8,0.09725,20.0,40.0,0.0
2024-06-06,9,10:15,3.9878,0.0,3.9878,57.8,0.057624,20.0,40.0,0.0
2024-06-06,10,10:30,1.8638,9.5021,11.3659,57.8,0.164238,80.0,40.0,0.0
2024-06-06,11,10:45,6.7293,17.0147,23.744,57.8,0.3431,80.0,40.0,0.0
2024-06-06,12,11:00,5.9956,17.1381,23.1337,30.25,0.174948,80.0,40.0,0.0
2024-06-06,13,11:15,7.1179,16.0793,23.1972,30.25,0.175429,80.0,40.0,0.0
2024-06-06,14,11:30,6.1091,3.2115,9.3206,30.25,0.070487,80.0,40.0,0.0
2024-06-06,15,11:45,5.6324,9.5021,15.1345,30.25,0.114455,40.0,80.0,0.0
2024-06-06,16,12:00,5.8458,17.0147,22.8605,24.33,0.139049,40.0,80.0,0.0
2024-06-06,17,12:15,5.1816,17.1381,22.3197,24.33,0.135759,40.0,80.0,0.0
2024-06-06,18,12:30,6.7301,16.0793,22.8094,24.33,0.138738,40.0,80.0,0.0
2024-06-06,19,12:45,3.9878,3.2115,7.1993,24.33,0.04379,40.0,80.0,0.0
2024-06-06,20,13:00,1.8638,9.5021,11.3659,19.5,0.055409,100.0,120.0,0.0
2024-06-06,21,13:15,6.7293,17.0147,23.744,19.5,0.115752,100.0,120.0,0.0
2024-06-06,22,13:30,5.9956,17.1381,23.1337,19.5,0.112777,100.0,120.0,0.0
2024-06-06,23,13:45,7.1179,16.0793,23.1972,19.5,0.113086,100.0,120.0,0.0
2024-06-06,24,14:00,6.1091,3.2115,9.3206,24.23,0.056459,100.0,120.0,0.0
2024-06-06,25,14:15,5.6324,9.5021,15.1345,24.23,0.091677,60.0,160.0,0.0
2024-06-06,26,14:30,5.8458,17.0147,22.8605,24.23,0.138477,60.0,160.0,0.0
2024-06-06,27,14:45,5.1816,17.1381,22.3197,24.23,0.135201,60.0,160.0,0.0
2024-06-06,28,15:00,6.7301,16.0793,22.8094,37.65,0.214693,60.0,0.0,160.0
2024-06-06,29,15:15,3.9878,3.2115,7.1993,37.65,0.067763,60.0,0.0,0.0
2024-06-06,30,15:30,1.8638,9.5021,11.3659,37.65,0.106982,120.0,40.0,0.0
2024-06-06,31,15:45,6.7293,17.0147,23.744,37.65,0.22349,120.0,40.0,0.0
2024-06-06,32,16:00,5.9956,17.1381,23.1337,62.11,0.359208,120.0,40.0,0.0
2024-06-06,33,16:15,7.1179,16.0793,23.1972,62.11,0.360194,120.0,40.0,0.0
2024-06-06,34,16:30,6.1091,3.2115,9.3206,62.11,0.144725,120.0,40.0,0.0
2024-06-06,35,16:45,5.6324,9.5021,15.1345,62.11,0.235002,80.0,80.0,0.0
2024-06-06,36,17:00,5.8458,17.0147,22.8605,80.67,0.461039,80.0,80.0,0.0
2024-06-06,37,17:15,5.1816,17.1381,22.3197,80.67,0.450132,80.0,80.0,0.0
2024-06-06,38,17:30,6.7301,16.0793,22.8094,80.67,0.460008,80.0,80.0,0.0
2024-06-06,39,17:45,3.9878,3.2115,7.1993,80.67,0.145192,80.0,80.0,0.0
2024-06-06,40,18:00,0.0,9.5021,9.5021,89.92,0.213607,140.0,120.0,0.0
2024-06-06,41,18:15,0.0,17.0147,17.0147,89.92,0.38249,140.0,120.0,0.0
2024-06-06,42,18:30,0.0,17.1381,17.1381,89.92,0.385264,140.0,120.0,0.0
2024-06-06,43,18:45,0.0,16.0793,16.0793,89.92,0.361462,140.0,120.0,0.0
2024-06-06,44,19:00,0.0,3.2115,3.2115,115.69,0.092884,140.0,120.0,0.0
2024-06-06,45,19:15,0.0,9.5021,9.5021,115.69,0.274824,100.0,160.0,0.0
2024-06-06,46,19:30,0.0,17.0147,17.0147,115.69,0.492107,100.0,160.0,0.0
2024-06-06,47,19:45,0.0,17.1381,17.1381,115.69,0.495677,100.0,160.0,0.0
2024-06-06,48,20:00,0.0,16.0793,16.0793,163.98,0.65917,100.0,160.0,0.0
2024-06-06,49,20:15,0.0,3.2115,3.2115,163.98,0.131655,100.0,160.0,0.0
2024-06-06,50,20:30,0.0,9.5021,9.5021,163.98,0.389538,60.0,200.0,0.0
2024-06-06,51,20:45,0.0,17.0147,17.0147,163.98,0.697517,60.0,200.0,0.0
2024-06-06,52,21:00,0.0,17.1381,17.1381,167.72,0.7186,60.0,200.0,0.0
2024-06-06,53,21:15,0.0,16.0793,16.0793,167.72,0.674204,60.0,200.0,0.0
2024-06-06,54,21:30,0.0,3.2115,3.2115,167.72,0.134658,60.0,200.0,0.0
2024-06-06,55,21:45,0.0,0.0,0.0,167.72,0.0,60.0,50.0,190.0
2024-06-07,0,08:00,1.8638,9.5021,11.3659,102.76,0.291991,20.0,50.0,0.0
2024-06-07,1,08:15,6.7293,17.0147,23.744,102.76,0.609982,20.0,50.0,0.0
2024-06-07,2,08:30,5.9956,17.1381,23.1337,102.76,0.594304,20.0,50.0,0.0
2024-06-07,3,08:45,7.1179,16.0793,23.1972,102.76,0.595935,20.0,50.0,0.0
2024-06-07,4,09:00,6.1091,3.2115,9.3206,78.56,0.183056,20.0,50.0,0.0
2024-06-07,5,09:15,5.6324,0.0,5.6324,78.56,0.110621,20.0,90.0,0.0
2024-06-07,6,09:30,5.8458,0.0,5.8458,78.56,0.114812,20.0,90.0,0.0
2024-06-07,7,09:45,5.1816,0.0,5.1816,78.56,0.101766,20.0,90.0,0.0
2024-06-07,8,10:00,6.7301,0.0,6.7301,60.66,0.102062,20.0,90.0,0.0
2024-06-07,9,10:15,3.9878,0.0,3.9878,60.66,0.060475,20.0,90.0,0.0
2024-06-07,10,10:30,1.8638,9.5021,11.3659,60.66,0.172364,80.0,90.0,0.0
2024-06-07,11,10:45,6.7293,17.0147,23.744,60.66,0.360077,80.0,90.0,0.0
2024-06-07,12,11:00,5.9956,17.1381,23.1337,41.39,0.239376,80.0,90.0,0.0
2024-06-07,13,11:15,7.1179,16.0793,23.1972,41.39,0.240033,80.0,90.0,0.0
2024-06-07,14,11:30,6.1091,3.2115,9.3206,41.39,0.096444,80.0,90.0,0.0
2024-06-07,15,11:45,5.6324,9.5021,15.1345,41.39,0.156605,40.0,130.0,0.0
2024-06-07,16,12:00,5.8458,17.0147,22.8605,33.91,0.1938,40.0,130.0,0.0
2024-06-07,17,12:15,5.1816,17.1381,22.3197,33.91,0.189215,40.0,130.0,0.0
2024-06-07,18,12:30,6.7301,16.0793,22.8094,33.91,0.193367,40.0,130.0,0.0
2024-06-07,19,12:45,3.9878,3.2115,7.1993,33.91,0.061032,40.0,130.0,0.0
2024-06-07,20,13:00,1.8638,9.5021,11.3659,25.36,0.07206,100.0,170.0,0.0
2024-06-07,21,13:15,6.7293,17.0147,23.744,25.36,0.150537,100.0,170.0,0.0
2024-06-07,22,13:30,5.9956,17.1381,23.1337,25.36,0.146668,100.0,170.0,0.0
2024-06-07,23,13:45,7.1179,16.0793,23.1972,25.36,0.14707,100.0,170.0,0.0
2024-06-07,24,14:00,6.1091,3.2115,9.3206,17.41,0.040568,100.0,170.0,0.0
2024-06-07,25,14:15,5.6324,9.5021,15.1345,17.41,0.065873,60.0,210.0,0.0
2024-06-07,26,14:30,5.8458,17.0147,22.8605,17.41,0.0995,60.0,210.0,0.0
2024-06-07,27,14:45,5.1816,17.1381,22.3197,17.41,0.097146,60.0,210.0,0.0
2024-06-07,28,15:00,6.7301,16.0793,22.8094,13.08,0.074587,60.0,40.0,170.0
2024-06-07,29,15:15,3.9878,3.2115,7.1993,13.08,0.023542,60.0,40.0,0.0
2024-06-07,30,15:30,0.0,9.5021,9.5021,13.08,0.031072,120.0,80.0,0.0
2024-06-07,31,15:45,0.0,17.0147,17.0147,13.08,0.055638,120.0,80.0,0.0
2024-06-07,32,16:00,0.0,17.1381,17.1381,25.57,0.109555,120.0,80.0,0.0
2024-06-07,33,16:15,0.0,16.0793,16.0793,25.57,0.102787,120.0,80.0,0.0
2024-06-07,34,16:30,0.0,3.2115,3.2115,25.57,0.020529,120.0,80.0,0.0
2024-06-07,35,16:45,0.0,9.5021,9.5021,25.57,0.060742,80.0,120.0,0.0
2024-06-07,36,17:00,0.0,17.0147,17.0147,64.56,0.274617,80.0,120.0,0.0
2024-06-07,37,17:15,0.0,17.1381,17.1381,64.56,0.276609,80.0,120.0,0.0
2024-06-07,38,17:30,0.0,16.0793,16.0793,64.56,0.25952,80.0,120.0,0.0
2024-06-07,39,17:45,0.0,3.2115,3.2115,64.56,0.051833,80.0,120.0,0.0
2024-06-07,40,18:00,0.0,9.5021,9.5021,85.21,0.202418,40.0,160.0,0.0
2024-06-07,41,18:15,0.0,17.0147,17.0147,85.21,0.362455,40.0,160.0,0.0
2024-06-07,42,18:30,0.0,17.1381,17.1381,85.21,0.365084,40.0,160.0,0.0
2024-06-07,43,18:45,0.0,16.0793,16.0793,85.21,0.342529,40.0,160.0,0.0
2024-06-07,44,19:00,0.0,3.2115,3.2115,128.58,0.103233,40.0,160.0,0.0
2024-06-07,45,19:15,0.0,0.0,0.0,128.58,0.0,40.0,200.0,0.0
2024-06-07,46,19:30,0.0,0.0,0.0,128.58,0.0,40.0,200.0,0.0
2024-06-07,47,19:45,0.0,0.0,0.0,128.58,0.0,40.0,200.0,0.0
2024-06-07,48,20:00,0.0,0.0,0.0,154.75,0.0,40.0,200.0,0.0
2024-06-07,49,20:15,0.0,0.0,0.0,154.75,0.0,40.0,200.0,0.0
2024-06-07,50,20:30,0.0,0.0,0.0,154.75,0.0,40.0,200.0,0.0
2024-06-07,51,20:45,0.0,0.0,0.0,154.75,0.0,40.0,200.0,0.0
2024-06-07,52,21:00,0.0,0.0,0.0,153.85,0.0,40.0,200.0,0.0
2024-06-07,53,21:15,0.0,0.0,0.0,153.85,0.0,40.0,200.0,0.0
2024-06-07,54,21:30,0.0,0.0,0.0,153.85,0.0,40.0,200.0,0.0
2024-06-07,55,21:45,0.0,0.0,0.0,153.85,0.0,40.0,30.0,170.0
2024-06-10,0,08:00,1.8638,9.5021,11.3659,146.21,0.415453,0.0,30.0,0.0
2024-06-10,1,08:15,6.7293,17.0147,23.744,146.21,0.867901,0.0,30.0,0.0
2024-06-10,2,08:30,5.9956,17.1381,23.1337,146.21,0.845594,0.0,30.0,0.0
2024-06-10,3,08:45,7.1179,16.0793,23.1972,146.21,0.847915,0.0,30.0,0.0
2024-06-10,4,09:00,6.1091,3.2115,9.3206,107.25,0.249908,0.0,30.0,0.0
2024-06-10,5,09:15,5.6324,0.0,5.6324,107.25,0.15102,0.0,70.0,0.0
2024-06-10,6,09:30,5.8458,0.0,5.8458,107.25,0.156741,0.0,70.0,0.0
2024-06-10,7,09:45,5.1816,0.0,5.1816,107.25,0.138931,0.0,70.0,0.0
2024-06-10,8,10:00,6.7301,0.0,6.7301,89.46,0.150519,0.0,70.0,0.0
2024-06-10,9,10:15,3.9878,0.0,3.9878,89.46,0.089187,0.0,70.0,0.0
2024-06-10,10,10:30,1.8638,9.5021,11.3659,89.46,0.254199,60.0,70.0,0.0
2024-06-10,11,10:45,6.7293,17.0147,23.744,89.46,0.531034,60.0,70.0,0.0
2024-06-10,12,11:00,5.9956,17.1381,23.1337,85.04,0.491822,60.0,70.0,0.0
2024-06-10,13,11:15,7.1179,16.0793,23.1972,85.04,0.493172,60.0,70.0,0.0
2024-06-10,14,11:30,6.1091,3.2115,9.3206,85.04,0.198155,60.0,70.0,0.0
2024-06-10,15,11:45,5.6324,9.5021,15.1345,85.04,0.32176,20.0,110.0,0.0
2024-06-10,16,12:00,5.8458,17.0147,22.8605,74.3,0.424634,20.0,110.0,0.0
2024-06-10,17,12:15,5.1816,17.1381,22.3197,74.3,0.414588,20.0,110.0,0.0
2024-06-10,18,12:30,6.7301,16.0793,22.8094,74.3,0.423684,20.0,110.0,0.0
2024-06-10,19,12:45,3.9878,3.2115,7.1993,74.3,0.133727,20.0,110.0,0.0
2024-06-10,20,13:00,1.8638,9.5021,11.3659,73.59,0.209105,80.0,150.0,0.0
2024-06-10,21,13:15,6.7293,17.0147,23.744,73.59,0.436829,80.0,150.0,0.0
2024-06-10,22,13:30,5.9956,17.1381,23.1337,73.59,0.425602,80.0,150.0,0.0
2024-06-10,23,13:45,7.1179,16.0793,23.1972,73.59,0.42677,80.0,150.0,0.0
2024-06-10,24,14:00,6.1091,3.2115,9.3206,67.07,0.156282,80.0,150.0,0.0
2024-06-10,25,14:15,5.6324,9.5021,15.1345,67.07,0.253768,40.0,190.0,0.0
2024-06-10,26,14:30,5.8458,17.0147,22.8605,67.07,0.383313,40.0,190.0,0.0
2024-06-10,27,14:45,5.1816,17.1381,22.3197,67.07,0.374245,40.0,190.0,0.0
2024-06-10,28,15:00,6.7301,16.0793,22.8094,65.88,0.37567,40.0,60.0,130.0
2024-06-10,29,15:15,3.9878,3.2115,7.1993,65.88,0.118572,40.0,60.0,0.0
2024-06-10,30,15:30,0.0,9.5021,9.5021,65.88,0.156499,100.0,100.0,0.0
2024-06-10,31,15:45,0.0,17.0147,17.0147,65.88,0.280232,100.0,100.0,0.0
2024-06-10,32,16:00,0.0,17.1381,17.1381,70.0,0.299917,100.0,100.0,0.0
2024-06-10,33,16:15,0.0,16.0793,16.0793,70.0,0.281387,100.0,100.0,0.0
2024-06-10,34,16:30,0.0,3.2115,3.2115,70.0,0.056201,100.0,100.0,0.0
2024-06-10,35,16:45,0.0,9.5021,9.5021,70.0,0.166287,60.0,140.0,0.0
2024-06-10,36,17:00,0.0,17.0147,17.0147,81.2,0.345398,60.0,140.0,0.0
2024-06-10,37,17:15,0.0,17.1381,17.1381,81.2,0.347903,60.0,140.0,0.0
2024-06-10,38,17:30,0.0,16.0793,16.0793,81.2,0.326409,60.0,140.0,0.0
2024-06-10,39,17:45,0.0,3.2115,3.2115,81.2,0.065193,60.0,140.0,0.0
2024-06-10,40,18:00,0.0,0.0,0.0,98.53,0.0,60.0,180.0,0.0
2024-06-10,41,18:15,0.0,0.0,0.0,98.53,0.0,60.0,180.0,0.0
2024-06-10,42,18:30,0.0,0.0,0.0,98.53,0.0,60.0,180.0,0.0
2024-06-10,43,18:45,0.0,0.0,0.0,98.53,0.0,60.0,180.0,0.0
2024-06-10,44,19:00,0.0,0.0,0.0,118.59,0.0,60.0,180.0,0.0
2024-06-10,45,19:15,0.0,0.0,0.0,118.59,0.0,60.0,180.0,0.0
2024-06-10,46,19:30,0.0,0.0,0.0,118.59,0.0,60.0,180.0,0.0
2024-06-10,47,19:45,0.0,0.0,0.0,118.59,0.0,60.0,180.0,0.0
2024-06-10,48,20:00,0.0,0.0,0.0,124.45,0.0,60.0,180.0,0.0
2024-06-10,49,20:15,0.0,0.0,0.0,124.45,0.0,60.0,180.0,0.0
2024-06-10,50,20:30,0.0,0.0,0.0,124.45,0.0,60.0,180.0,0.0
2024-06-10,51,20:45,0.0,0.0,0.0,124.45,0.0,60.0,180.0,0.0
2024-06-10,52,21:00,0.0,0.0,0.0,113.32,0.0,60.0,180.0,0.0
2024-06-10,53,21:15,0.0,0.0,0.0,113.32,0.0,60.0,180.0,0.0
2024-06-10,54,21:30,0.0,0.0,0.0,113.32,0.0,60.0,180.0,0.0
2024-06-10,55,21:45,0.0,0.0,0.0,113.32,0.0,60.0,20.0,160.0
2024-06-11,0,08:00,1.8638,9.5021,11.3659,91.5,0.259996,20.0,20.0,0.0
2024-06-11,1,08:15,6.7293,17.0147,23.744,91.5,0.543143,20.0,20.0,0.0
2024-06-11,2,08:30,5.9956,17.1381,23.1337,91.5,0.529183,20.0,20.0,0.0
2024-06-11,3,08:45,7.1179,16.0793,23.1972,91.5,0.530635,20.0,20.0,0.0
2024-06-11,4,09:00,6.1091,3.2115,9.3206,68.27,0.159079,20.0,20.0,0.0
2024-06-11,5,09:15,5.6324,0.0,5.6324,68.27,0.096132,20.0,60.0,0.0
2024-06-11,6,09:30,5.8458,0.0,5.8458,68.27,0.099773,20.0,60.0,0.0
2024-06-11,7,09:45,5.1816,0.0,5.1816,68.27,0.088437,20.0,60.0,0.0
2024-06-11,8,10:00,6.7301,0.0,6.7301,49.92,0.083992,20.0,60.0,0.0
2024-06-11,9,10:15,3.9878,0.0,3.9878,49.92,0.049768,20.0,60.0,0.0
2024-06-11,10,10:30,1.8638,9.5021,11.3659,49.92,0.141847,80.0,60.0,0.0
2024-06-11,11,10:45,6.7293,17.0147,23.744,49.92,0.296325,80.0,60.0,0.0
2024-06-11,12,11:00,5.9956,17.1381,23.1337,32.13,0.185821,80.0,60.0,0.0
2024-06-11,13,11:15,7.1179,16.0793,23.1972,32.13,0.186331,80.0,60.0,0.0
2024-06-11,14,11:30,6.1091,3.2115,9.3206,32.13,0.074867,80.0,60.0,0.0
2024-06-11,15,11:45,5.6324,9.5021,15.1345,32.13,0.121568,40.0,100.0,0.0
2024-06-11,16,12:00,5.8458,17.0147,22.8605,11.12,0.063552,40.0,100.0,0.0
2024-06-11,17,12:15,5.1816,17.1381,22.3197,11.12,0.062049,40.0,100.0,0.0
2024-06-11,18,12:30,6.7301,16.0793,22.8094,11.12,0.06341,40.0,100.0,0.0
2024-06-11,19,12:45,3.9878,3.2115,7.1993,11.12,0.020014,40.0,100.0,0.0
2024-06-11,20,13:00,1.8638,9.5021,11.3659,0.76,0.00216,100.0,140.0,0.0
2024-06-11,21,13:15,6.7293,17.0147,23.744,0.76,0.004511,100.0,140.0,0.0
2024-06-11,22,13:30,5.9956,17.1381,23.1337,0.76,0.004395,100.0,140.0,0.0
2024-06-11,23,13:45,7.1179,16.0793,23.1972,0.76,0.004407,100.0,140.0,0.0
2024-06-11,24,14:00,6.1091,3.2115,9.3206,0.0,0.0,100.0,140.0,0.0
2024-06-11,25,14:15,5.6324,9.5021,15.1345,0.0,0.0,60.0,180.0,0.0
2024-06-11,26,14:30,5.8458,17.0147,22.8605,0.0,0.0,60.0,180.0,0.0
2024-06-11,27,14:45,5.1816,17.1381,22.3197,0.0,0.0,60.0,180.0,0.0
2024-06-11,28,15:00,6.7301,16.0793,22.8094,0.03,0.000171,60.0,10.0,170.0
2024-06-11,29,15:15,3.9878,3.2115,7.1993,0.03,5.4e-05,60.0,10.0,0.0
2024-06-11,30,15:30,0.0,9.5021,9.5021,0.03,7.1e-05,120.0,50.0,0.0
2024-06-11,31,15:45,0.0,17.0147,17.0147,0.03,0.000128,120.0,50.0,0.0
2024-06-11,32,16:00,0.0,17.1381,17.1381,13.89,0.059512,120.0,50.0,0.0
2024-06-11,33,16:15,0.0,16.0793,16.0793,13.89,0.055835,120.0,50.0,0.0
2024-06-11,34,16:30,0.0,3.2115,3.2115,13.89,0.011152,120.0,50.0,0.0
2024-06-11,35,16:45,0.0,9.5021,9.5021,13.89,0.032996,80.0,90.0,0.0
2024-06-11,36,17:00,0.0,17.0147,17.0147,55.27,0.2351,80.0,90.0,0.0
2024-06-11,37,17:15,0.0,17.1381,17.1381,55.27,0.236806,80.0,90.0,0.0
2024-06-11,38,17:30,0.0,16.0793,16.0793,55.27,0.222175,80.0,90.0,0.0
2024-06-11,39,17:45,0.0,3.2115,3.2115,55.27,0.044375,80.0,90.0,0.0
2024-06-11,40,18:00,0.0,0.0,0.0,71.65,0.0,80.0,130.0,0.0
2024-06-11,41,18:15,0.0,0.0,0.0,71.65,0.0,80.0,130.0,0.0
2024-06-11,42,18:30,0.0,0.0,0.0,71.65,0.0,80.0,130.0,0.0
2024-06-11,43,18:45,0.0,0.0,0.0,71.65,0.0,80.0,130.0,0.0
2024-06-11,44,19:00,0.0,0.0,0.0,100.0,0.0,80.0,130.0,0.0
2024-06-11,45,19:15,0.0,0.0,0.0,100.0,0.0,80.0,130.0,0.0
2024-06-11,46,19:30,0.0,0.0,0.0,100.0,0.0,80.0,130.0,0.0
2024-06-11,47,19:45,0.0,0.0,0.0,100.0,0.0,80.0,130.0,0.0
2024-06-11,48,20:00,0.0,0.0,0.0,127.64,0.0,80.0,130.0,0.0
2024-06-11,49,20:15,0.0,0.0,0.0,127.64,0.0,80.0,130.0,0.0
2024-06-11,50,20:30,0.0,0.0,0.0,127.64,0.0,80.0,130.0,0.0
2024-06-11,51,20:45,0.0,0.0,0.0,127.64,0.0,80.0,130.0,0.0
2024-06-11,52,21:00,0.0,0.0,0.0,122.37,0.0,80.0,130.0,0.0
2024-06-11,53,21:15,0.0,0.0,0.0,122.37,0.0,80.0,130.0,0.0
2024-06-11,54,21:30,0.0,0.0,0.0,122.37,0.0,80.0,130.0,0.0
2024-06-11,55,21:45,0.0,0.0,0.0,122.37,0.0,80.0,0.0,130.0
2024-06-12,0,08:00,1.8638,9.5021,11.3659,114.62,0.325691,40.0,0.0,0.0
2024-06-12,1,08:15,6.7293,17.0147,23.744,114.62,0.680383,40.0,0.0,0.0
2024-06-12,2,08:30,5.9956,17.1381,23.1337,114.62,0.662896,40.0,0.0,0.0
2024-06-12,3,08:45,7.1179,16.0793,23.1972,114.62,0.664715,40.0,0.0,0.0
2024-06-12,4,09:00,6.1091,3.2115,9.3206,78.65,0.183266,40.0,0.0,0.0
2024-06-12,5,09:15,5.6324,9.5021,15.1345,78.65,0.297583,0.0,40.0,0.0
2024-06-12,6,09:30,5.8458,17.0147,22.8605,78.65,0.449494,0.0,40.0,0.0
2024-06-12,7,09:45,5.1816,17.1381,22.3197,78.65,0.43886,0.0,40.0,0.0
2024-06-12,8,10:00,6.7301,16.0793,22.8094,64.19,0.366034,0.0,40.0,0.0
2024-06-12,9,10:15,3.9878,3.2115,7.1993,64.19,0.115531,0.0,40.0,0.0
2024-06-12,10,10:30,1.8638,9.5021,11.3659,64.19,0.182395,60.0,80.0,0.0
2024-06-12,11,10:45,6.7293,17.0147,23.744,64.19,0.381031,60.0,80.0,0.0
2024-06-12,12,11:00,5.9956,17.1381,23.1337,58.0,0.335438,60.0,80.0,0.0
2024-06-12,13,11:15,7.1179,16.0793,23.1972,58.0,0.336359,60.0,80.0,0.0
2024-06-12,14,11:30,6.1091,3.2115,9.3206,58.0,0.135148,60.0,80.0,0.0
2024-06-12,15,11:45,5.6324,9.5021,15.1345,58.0,0.219451,20.0,120.0,0.0
2024-06-12,16,12:00,5.8458,17.0147,22.8605,42.09,0.240549,20.0,120.0,0.0
2024-06-12,17,12:15,5.1816,17.1381,22.3197,42.09,0.234859,20.0,120.0,0.0
2024-06-12,18,12:30,6.7301,16.0793,22.8094,42.09,0.240012,20.0,120.0,0.0
2024-06-12,19,12:45,3.9878,3.2115,7.1993,42.09,0.075754,20.0,120.0,0.0
2024-06-12,20,13:00,1.8638,9.5021,11.3659,40.72,0.115705,80.0,160.0,0.0
2024-06-12,21,13:15,6.7293,17.0147,23.744,40.72,0.241713,80.0,160.0,0.0
2024-06-12,22,13:30,5.9956,17.1381,23.1337,40.72,0.235501,80.0,160.0,0.0
2024-06-12,23,13:45,7.1179,16.0793,23.1972,40.72,0.236147,80.0,160.0,0.0
2024-06-12,24,14:00,6.1091,3.2115,9.3206,39.68,0.09246,80.0,160.0,0.0
2024-06-12,25,14:15,5.6324,9.5021,15.1345,39.68,0.150135,40.0,200.0,0.0
2024-06-12,26,14:30,5.8458,17.0147,22.8605,39.68,0.226776,40.0,200.0,0.0
2024-06-12,27,14:45,5.1816,17.1381,22.3197,39.68,0.221411,40.0,200.0,0.0
2024-06-12,28,15:00,6.7301,16.0793,22.8094,45.34,0.258544,40.0,60.0,140.0
2024-06-12,29,15:15,3.9878,3.2115,7.1993,45.34,0.081604,40.0,60.0,0.0
2024-06-12,30,15:30,0.0,9.5021,9.5021,45.34,0.107706,100.0,100.0,0.0
2024-06-12,31,15:45,0.0,17.0147,17.0147,45.34,0.192861,100.0,100.0,0.0
2024-06-12,32,16:00,0.0,17.1381,17.1381,63.0,0.269925,100.0,100.0,0.0
2024-06-12,33,16:15,0.0,16.0793,16.0793,63.0,0.253249,100.0,100.0,0.0
2024-06-12,34,16:30,0.0,3.2115,3.2115,63.0,0.050581,100.0,100.0,0.0
2024-06-12,35,16:45,0.0,9.5021,9.5021,63.0,0.149658,60.0,140.0,0.0
2024-06-12,36,17:00,0.0,17.0147,17.0147,81.2,0.345398,60.0,140.0,0.0
2024-06-12,37,17:15,0.0,17.1381,17.1381,81.2,0.347903,60.0,140.0,0.0
2024-06-12,38,17:30,0.0,16.0793,16.0793,81.2,0.326409,60.0,140.0,0.0
2024-06-12,39,17:45,0.0,3.2115,3.2115,81.2,0.065193,60.0,140.0,0.0
2024-06-12,40,18:00,0.0,0.0,0.0,99.95,0.0,60.0,180.0,0.0
2024-06-12,41,18:15,0.0,0.0,0.0,99.95,0.0,60.0,180.0,0.0
2024-06-12,42,18:30,0.0,0.0,0.0,99.95,0.0,60.0,180.0,0.0
2024-06-12,43,18:45,0.0,0.0,0.0,99.95,0.0,60.0,180.0,0.0
2024-06-12,44,19:00,0.0,0.0,0.0,135.7,0.0,60.0,180.0,0.0
2024-06-12,45,19:15,0.0,0.0,0.0,135.7,0.0,60.0,180.0,0.0
2024-06-12,46,19:30,0.0,0.0,0.0,135.7,0.0,60.0,180.0,0.0
2024-06-12,47,19:45,0.0,0.0,0.0,135.7,0.0,60.0,180.0,0.0
2024-06-12,48,20:00,0.0,0.0,0.0,154.34,0.0,60.0,180.0,0.0
2024-06-12,49,20:15,0.0,0.0,0.0,154.34,0.0,60.0,180.0,0.0
2024-06-12,50,20:30,0.0,0.0,0.0,154.34,0.0,60.0,180.0,0.0
2024-06-12,51,20:45,0.0,0.0,0.0,154.34,0.0,60.0,180.0,0.0
2024-06-12,52,21:00,0.0,0.0,0.0,154.66,0.0,60.0,180.0,0.0
2024-06-12,53,21:15,0.0,0.0,0.0,154.66,0.0,60.0,180.0,0.0
2024-06-12,54,21:30,0.0,0.0,0.0,154.66,0.0,60.0,180.0,0.0
2024-06-12,55,21:45,0.0,0.0,0.0,154.66,0.0,60.0,30.0,150.0
2024-06-13,0,08:00,1.8638,9.5021,11.3659,115.02,0.326827,20.0,30.0,0.0
2024-06-13,1,08:15,6.7293,17.0147,23.744,115.02,0.682757,20.0,30.0,0.0
2024-06-13,2,08:30,5.9956,17.1381,23.1337,115.02,0.665209,20.0,30.0,0.0
2024-06-13,3,08:45,7.1179,16.0793,23.1972,115.02,0.667035,20.0,30.0,0.0
2024-06-13,4,09:00,6.1091,3.2115,9.3206,83.8,0.195266,20.0,30.0,0.0
2024-06-13,5,09:15,5.6324,0.0,5.6324,83.8,0.118,20.0,70.0,0.0
2024-06-13,6,09:30,5.8458,0.0,5.8458,83.8,0.12247,20.0,70.0,0.0
2024-06-13,7,09:45,5.1816,0.0,5.1816,83.8,0.108554,20.0,70.0,0.0
2024-06-13,8,10:00,6.7301,0.0,6.7301,69.01,0.116111,20.0,70.0,0.0
2024-06-13,9,10:15,3.9878,0.0,3.9878,69.01,0.0688,20.0,70.0,0.0
2024-06-13,10,10:30,1.8638,9.5021,11.3659,69.01,0.196091,80.0,70.0,0.0
2024-06-13,11,10:45,6.7293,17.0147,23.744,69.01,0.409643,80.0,70.0,0.0
2024-06-13,12,11:00,5.9956,17.1381,23.1337,61.71,0.356895,80.0,70.0,0.0
2024-06-13,13,11:15,7.1179,16.0793,23.1972,61.71,0.357874,80.0,70.0,0.0
2024-06-13,14,11:30,6.1091,3.2115,9.3206,61.71,0.143793,80.0,70.0,0.0
2024-06-13,15,11:45,5.6324,9.5021,15.1345,61.71,0.233488,40.0,110.0,0.0
2024-06-13,16,12:00,5.8458,17.0147,22.8605,53.36,0.304959,40.0,110.0,0.0
2024-06-13,17,12:15,5.1816,17.1381,22.3197,53.36,0.297744,40.0,110.0,0.0
2024-06-13,18,12:30,6.7301,16.0793,22.8094,53.36,0.304277,40.0,110.0,0.0
2024-06-13,19,12:45,3.9878,3.2115,7.1993,53.36,0.096038,40.0,110.0,0.0
2024-06-13,20,13:00,1.8638,9.5021,11.3659,46.96,0.133436,100.0,150.0,0.0
2024-06-13,21,13:15,6.7293,17.0147,23.744,46.96,0.278754,100.0,150.0,0.0
2024-06-13,22,13:30,5.9956,17.1381,23.1337,46.96,0.271589,100.0,150.0,0.0
2024-06-13,23,13:45,7.1179,16.0793,23.1972,46.96,0.272335,100.0,150.0,0.0
2024-06-13,24,14:00,6.1091,3.2115,9.3206,43.35,0.101012,100.0,150.0,0.0
2024-06-13,25,14:15,5.6324,9.5021,15.1345,43.35,0.164021,60.0,190.0,0.0
2024-06-13,26,14:30,5.8458,17.0147,22.8605,43.35,0.247751,60.0,190.0,0.0
2024-06-13,27,14:45,5.1816,17.1381,22.3197,43.35,0.241889,60.0,190.0,0.0
2024-06-13,28,15:00,6.7301,16.0793,22.8094,53.74,0.306444,60.0,50.0,140.0
2024-06-13,29,15:15,3.9878,3.2115,7.1993,53.74,0.096722,60.0,50.0,0.0
2024-06-13,30,15:30,0.0,9.5021,9.5021,53.74,0.127661,120.0,90.0,0.0
2024-06-13,31,15:45,0.0,17.0147,17.0147,53.74,0.228592,120.0,90.0,0.0
2024-06-13,32,16:00,0.0,17.1381,17.1381,77.42,0.331708,120.0,90.0,0.0
2024-06-13,33,16:15,0.0,16.0793,16.0793,77.42,0.311214,120.0,90.0,0.0
2024-06-13,34,16:30,0.0,3.2115,3.2115,77.42,0.062158,120.0,90.0,0.0
2024-06-13,35,16:45,0.0,9.5021,9.5021,77.42,0.183913,80.0,130.0,0.0
2024-06-13,36,17:00,0.0,17.0147,17.0147,80.08,0.340634,80.0,130.0,0.0
2024-06-13,37,17:15,0.0,17.1381,17.1381,80.08,0.343105,80.0,130.0,0.0
2024-06-13,38,17:30,0.0,16.0793,16.0793,80.08,0.321907,80.0,130.0,0.0
2024-06-13,39,17:45,0.0,3.2115,3.2115,80.08,0.064294,80.0,130.0,0.0
2024-06-13,40,18:00,0.0,0.0,0.0,106.91,0.0,80.0,170.0,0.0
2024-06-13,41,18:15,0.0,0.0,0.0,106.91,0.0,80.0,170.0,0.0
2024-06-13,42,18:30,0.0,0.0,0.0,106.91,0.0,80.0,170.0,0.0
2024-06-13,43,18:45,0.0,0.0,0.0,106.91,0.0,80.0,170.0,0.0
2024-06-13,44,19:00,0.0,0.0,0.0,139.66,0.0,80.0,170.0,0.0
2024-06-13,45,19:15,0.0,0.0,0.0,139.66,0.0,80.0,170.0,0.0
2024-06-13,46,19:30,0.0,0.0,0.0,139.66,0.0,80.0,170.0,0.0
2024-06-13,47,19:45,0.0,0.0,0.0,139.66,0.0,80.0,170.0,0.0
2024-06-13,48,20:00,0.0,0.0,0.0,188.35,0.0,80.0,170.0,0.0
2024-06-13,49,20:15,0.0,0.0,0.0,188.35,0.0,80.0,170.0,0.0
2024-06-13,50,20:30,0.0,0.0,0.0,188.35,0.0,80.0,170.0,0.0
2024-06-13,51,20:45,0.0,0.0,0.0,188.35,0.0,80.0,170.0,0.0
2024-06-13,52,21:00,0.0,0.0,0.0,163.84,0.0,80.0,170.0,0.0
2024-06-13,53,21:15,0.0,0.0,0.0,163.84,0.0,80.0,170.0,0.0
2024-06-13,54,21:30,0.0,0.0,0.0,163.84,0.0,80.0,170.0,0.0
2024-06-13,55,21:45,0.0,0.0,0.0,163.84,0.0,80.0,30.0,140.0
2024-06-14,0,08:00,1.8638,9.5021,11.3659,104.99,0.298327,40.0,30.0,0.0
2024-06-14,1,08:15,6.7293,17.0147,23.744,104.99,0.623219,40.0,30.0,0.0
2024-06-14,2,08:30,5.9956,17.1381,23.1337,104.99,0.607201,40.0,30.0,0.0
2024-06-14,3,08:45,7.1179,16.0793,23.1972,104.99,0.608868,40.0,30.0,0.0
2024-06-14,4,09:00,6.1091,3.2115,9.3206,102.54,0.238933,40.0,30.0,0.0
2024-06-14,5,09:15,5.6324,9.5021,15.1345,102.54,0.387974,0.0,70.0,0.0
2024-06-14,6,09:30,5.8458,17.0147,22.8605,102.54,0.586029,0.0,70.0,0.0
2024-06-14,7,09:45,5.1816,17.1381,22.3197,102.54,0.572165,0.0,70.0,0.0
2024-06-14,8,10:00,6.7301,16.0793,22.8094,82.18,0.468619,0.0,70.0,0.0
2024-06-14,9,10:15,3.9878,3.2115,7.1993,82.18,0.147909,0.0,70.0,0.0
2024-06-14,10,10:30,1.8638,9.5021,11.3659,82.18,0.233513,60.0,110.0,0.0
2024-06-14,11,10:45,6.7293,17.0147,23.744,82.18,0.48782,60.0,110.0,0.0
2024-06-14,12,11:00,5.9956,17.1381,23.1337,68.1,0.393851,60.0,110.0,0.0
2024-06-14,13,11:15,7.1179,16.0793,23.1972,68.1,0.394932,60.0,110.0,0.0
2024-06-14,14,11:30,6.1091,3.2115,9.3206,68.1,0.158683,60.0,110.0,0.0
2024-06-14,15,11:45,5.6324,9.5021,15.1345,68.1,0.257666,20.0,150.0,0.0
2024-06-14,16,12:00,5.8458,17.0147,22.8605,60.88,0.347937,20.0,150.0,0.0
2024-06-14,17,12:15,5.1816,17.1381,22.3197,60.88,0.339705,20.0,150.0,0.0
2024-06-14,18,12:30,6.7301,16.0793,22.8094,60.88,0.347159,20.0,150.0,0.0
2024-06-14,19,12:45,3.9878,3.2115,7.1993,60.88,0.109573,20.0,150.0,0.0
2024-06-14,20,13:00,0.0,9.5021,9.5021,47.46,0.112742,80.0,190.0,0.0
2024-06-14,21,13:15,0.0,17.0147,17.0147,47.46,0.201879,80.0,190.0,0.0
2024-06-14,22,13:30,0.0,17.1381,17.1381,47.46,0.203343,80.0,190.0,0.0
2024-06-14,23,13:45,0.0,16.0793,16.0793,47.46,0.190781,80.0,190.0,0.0
2024-06-14,24,14:00,0.0,3.2115,3.2115,40.74,0.032709,80.0,190.0,0.0
2024-06-14,25,14:15,0.0,9.5021,9.5021,40.74,0.096779,40.0,230.0,0.0
2024-06-14,26,14:30,0.0,17.0147,17.0147,40.74,0.173294,40.0,230.0,0.0
2024-06-14,27,14:45,0.0,17.1381,17.1381,40.74,0.174551,40.0,230.0,0.0
2024-06-14,28,15:00,0.0,16.0793,16.0793,41.0,0.164813,40.0,80.0,150.0
2024-06-14,29,15:15,0.0,3.2115,3.2115,41.0,0.032918,40.0,80.0,0.0
2024-06-14,30,15:30,0.0,0.0,0.0,41.0,0.0,40.0,120.0,0.0
2024-06-14,31,15:45,0.0,0.0,0.0,41.0,0.0,40.0,120.0,0.0
2024-06-14,32,16:00,0.0,0.0,0.0,60.31,0.0,40.0,120.0,0.0
2024-06-14,33,16:15,0.0,0.0,0.0,60.31,0.0,40.0,120.0,0.0
2024-06-14,34,16:30,0.0,0.0,0.0,60.31,0.0,40.0,120.0,0.0
2024-06-14,35,16:45,0.0,0.0,0.0,60.31,0.0,40.0,120.0,0.0
2024-06-14,36,17:00,0.0,0.0,0.0,75.0,0.0,40.0,120.0,0.0
2024-06-14,37,17:15,0.0,0.0,0.0,75.0,0.0,40.0,120.0,0.0
2024-06-14,38,17:30,0.0,0.0,0.0,75.0,0.0,40.0,120.0,0.0
2024-06-14,39,17:45,0.0,0.0,0.0,75.0,0.0,40.0,120.0,0.0
2024-06-14,40,18:00,0.0,0.0,0.0,90.98,0.0,40.0,120.0,0.0
2024-06-14,41,18:15,0.0,0.0,0.0,90.98,0.0,40.0,120.0,0.0
2024-06-14,42,18:30,0.0,0.0,0.0,90.98,0.0,40.0,120.0,0.0
2024-06-14,43,18:45,0.0,0.0,0.0,90.98,0.0,40.0,120.0,0.0
2024-06-14,44,19:00,0.0,0.0,0.0,136.0,0.0,40.0,120.0,0.0
2024-06-14,45,19:15,0.0,0.0,0.0,136.0,0.0,40.0,120.0,0.0
2024-06-14,46,19:30,0.0,0.0,0.0,136.0,0.0,40.0,120.0,0.0
2024-06-14,47,19:45,0.0,0.0,0.0,136.0,0.0,40.0,120.0,0.0
2024-06-14,48,20:00,0.0,0.0,0.0,127.31,0.0,40.0,120.0,0.0
2024-06-14,49,20:15,0.0,0.0,0.0,127.31,0.0,40.0,120.0,0.0
2024-06-14,50,20:30,0.0,0.0,0.0,127.31,0.0,40.0,120.0,0.0
2024-06-14,51,20:45,0.0,0.0,0.0,127.31,0.0,40.0,120.0,0.0
2024-06-14,52,21:00,0.0,0.0,0.0,117.12,0.0,40.0,120.0,0.0
2024-06-14,53,21:15,0.0,0.0,0.0,117.12,0.0,40.0,120.0,0.0
2024-06-14,54,21:30,0.0,0.0,0.0,117.12,0.0,40.0,120.0,0.0
2024-06-14,55,21:45,0.0,0.0,0.0,117.12,0.0,40.0,20.0,100.0
2024-06-17,0,08:00,1.8638,9.5021,11.3659,116.23,0.330266,0.0,20.0,0.0
2024-06-17,1,08:15,6.7293,17.0147,23.744,116.23,0.68994,0.0,20.0,0.0
2024-06-17,2,08:30,5.9956,17.1381,23.1337,116.23,0.672207,0.0,20.0,0.0
2024-06-17,3,08:45,7.1179,16.0793,23.1972,116.23,0.674052,0.0,20.0,0.0
2024-06-17,4,09:00,6.1091,3.2115,9.3206,84.73,0.197433,0.0,20.0,0.0
2024-06-17,5,09:15,5.6324,0.0,5.6324,84.73,0.119309,0.0,60.0,0.0
2024-06-17,6,09:30,5.8458,0.0,5.8458,84.73,0.123829,0.0,60.0,0.0
2024-06-17,7,09:45,5.1816,0.0,5.1816,84.73,0.109759,0.0,60.0,0.0
2024-06-17,8,10:00,6.7301,0.0,6.7301,62.11,0.104502,0.0,60.0,0.0
2024-06-17,9,10:15,3.9878,0.0,3.9878,62.11,0.061921,0.0,60.0,0.0
2024-06-17,10,10:30,1.8638,9.5021,11.3659,62.11,0.176485,60.0,60.0,0.0
2024-06-17,11,10:45,6.7293,17.0147,23.744,62.11,0.368684,60.0,60.0,0.0
2024-06-17,12,11:00,5.9956,17.1381,23.1337,55.01,0.318146,60.0,60.0,0.0
2024-06-17,13,11:15,7.1179,16.0793,23.1972,55.01,0.319019,60.0,60.0,0.0
2024-06-17,14,11:30,6.1091,3.2115,9.3206,55.01,0.128181,60.0,60.0,0.0
2024-06-17,15,11:45,5.6324,9.5021,15.1345,55.01,0.208138,20.0,100.0,0.0
2024-06-17,16,12:00,5.8458,17.0147,22.8605,41.86,0.239235,20.0,100.0,0.0
2024-06-17,17,12:15,5.1816,17.1381,22.3197,41.86,0.233575,20.0,100.0,0.0
2024-06-17,18,12:30,6.7301,16.0793,22.8094,41.86,0.2387,20.0,100.0,0.0
2024-06-17,19,12:45,3.9878,3.2115,7.1993,41.86,0.075341,20.0,100.0,0.0
2024-06-17,20,13:00,0.0,9.5021,9.5021,39.45,0.093714,80.0,140.0,0.0
2024-06-17,21,13:15,0.0,17.0147,17.0147,39.45,0.167807,80.0,140.0,0.0
2024-06-17,22,13:30,0.0,17.1381,17.1381,39.45,0.169024,80.0,140.0,0.0
2024-06-17,23,13:45,0.0,16.0793,16.0793,39.45,0.158582,80.0,140.0,0.0
2024-06-17,24,14:00,0.0,3.2115,3.2115,46.62,0.03743,80.0,140.0,0.0
2024-06-17,25,14:15,0.0,9.5021,9.5021,46.62,0.110747,40.0,180.0,0.0
2024-06-17,26,14:30,0.0,17.0147,17.0147,46.62,0.198306,40.0,180.0,0.0
2024-06-17,27,14:45,0.0,17.1381,17.1381,46.62,0.199744,40.0,180.0,0.0
2024-06-17,28,15:00,0.0,16.0793,16.0793,54.54,0.219241,40.0,20.0,160.0
2024-06-17,29,15:15,0.0,3.2115,3.2115,54.54,0.043789,40.0,20.0,0.0
2024-06-17,30,15:30,0.0,9.5021,9.5021,54.54,0.129561,0.0,60.0,0.0
2024-06-17,31,15:45,0.0,17.0147,17.0147,54.54,0.231995,0.0,60.0,0.0
2024-06-17,32,16:00,0.0,17.1381,17.1381,64.21,0.275109,0.0,60.0,0.0
2024-06-17,33,16:15,0.0,16.0793,16.0793,64.21,0.258113,0.0,60.0,0.0
2024-06-17,34,16:30,0.0,3.2115,3.2115,64.21,0.051552,0.0,60.0,0.0
2024-06-17,35,16:45,0.0,0.0,0.0,64.21,0.0,0.0,100.0,0.0
2024-06-17,36,17:00,0.0,0.0,0.0,88.58,0.0,0.0,100.0,0.0
2024-06-17,37,17:15,0.0,0.0,0.0,88.58,0.0,0.0,100.0,0.0
2024-06-17,38,17:30,0.0,0.0,0.0,88.58,0.0,0.0,100.0,0.0
2024-06-17,39,17:45,0.0,0.0,0.0,88.58,0.0,0.0,100.0,0.0
2024-06-17,40,18:00,0.0,0.0,0.0,114.16,0.0,0.0,100.0,0.0
2024-06-17,41,18:15,0.0,0.0,0.0,114.16,0.0,0.0,100.0,0.0
2024-06-17,42,18:30,0.0,0.0,0.0,114.16,0.0,0.0,100.0,0.0
2024-06-17,43,18:45,0.0,0.0,0.0,114.16,0.0,0.0,100.0,0.0
2024-06-17,44,19:00,0.0,0.0,0.0,157.37,0.0,0.0,100.0,0.0
2024-06-17,45,19:15,0.0,0.0,0.0,157.37,0.0,0.0,100.0,0.0
2024-06-17,46,19:30,0.0,0.0,0.0,157.37,0.0,0.0,100.0,0.0
2024-06-17,47,19:45,0.0,0.0,0.0,157.37,0.0,0.0,100.0,0.0
2024-06-17,48,20:00,0.0,0.0,0.0,210.16,0.0,0.0,100.0,0.0
2024-06-17,49,20:15,0.0,0.0,0.0,210.16,0.0,0.0,100.0,0.0
2024-06-17,50,20:30,0.0,0.0,0.0,210.16,0.0,0.0,100.0,0.0
2024-06-17,51,20:45,0.0,0.0,0.0,210.16,0.0,0.0,100.0,0.0
2024-06-17,52,21:00,0.0,0.0,0.0,200.01,0.0,0.0,100.0,0.0
2024-06-17,53,21:15,0.0,0.0,0.0,200.01,0.0,0.0,100.0,0.0
2024-06-17,54,21:30,0.0,0.0,0.0,200.01,0.0,0.0,100.0,0.0
2024-06-17,55,21:45,0.0,0.0,0.0,200.01,0.0,0.0,0.0,100.0
2024-06-18,0,08:00,1.8638,0.0,1.8638,95.96,0.044714,0.0,0.0,0.0
2024-06-18,1,08:15,6.7293,0.0,6.7293,95.96,0.161435,0.0,0.0,0.0
2024-06-18,2,08:30,5.9956,0.0,5.9956,95.96,0.143834,0.0,0.0,0.0
2024-06-18,3,08:45,7.1179,0.0,7.1179,95.96,0.170758,0.0,0.0,0.0
2024-06-18,4,09:00,6.1091,0.0,6.1091,80.9,0.123556,0.0,0.0,0.0
2024-06-18,5,09:15,5.6324,0.0,5.6324,80.9,0.113916,0.0,0.0,0.0
2024-06-18,6,09:30,5.8458,0.0,5.8458,80.9,0.118232,0.0,0.0,0.0
2024-06-18,7,09:45,5.1816,0.0,5.1816,80.9,0.104797,0.0,0.0,0.0
2024-06-18,8,10:00,6.7301,0.0,6.7301,69.91,0.117625,0.0,0.0,0.0
2024-06-18,9,10:15,3.9878,0.0,3.9878,69.91,0.069697,0.0,0.0,0.0
2024-06-18,10,10:30,1.8638,9.5021,11.3659,69.91,0.198648,60.0,0.0,0.0
2024-06-18,11,10:45,6.7293,17.0147,23.744,69.91,0.414985,60.0,0.0,0.0
2024-06-18,12,11:00,5.9956,17.1381,23.1337,54.81,0.316989,60.0,0.0,0.0
2024-06-18,13,11:15,7.1179,16.0793,23.1972,54.81,0.317859,60.0,0.0,0.0
2024-06-18,14,11:30,6.1091,3.2115,9.3206,54.81,0.127715,60.0,0.0,0.0
2024-06-18,15,11:45,5.6324,9.5021,15.1345,54.81,0.207381,20.0,40.0,0.0
2024-06-18,16,12:00,5.8458,17.0147,22.8605,51.16,0.292386,20.0,40.0,0.0
2024-06-18,17,12:15,5.1816,17.1381,22.3197,51.16,0.285469,20.0,40.0,0.0
2024-06-18,18,12:30,6.7301,16.0793,22.8094,51.16,0.291732,20.0,40.0,0.0
2024-06-18,19,12:45,3.9878,3.2115,7.1993,51.16,0.092079,20.0,40.0,0.0
2024-06-18,20,13:00,1.8638,9.5021,11.3659,51.03,0.145001,80.0,80.0,0.0
2024-06-18,21,13:15,6.7293,17.0147,23.744,51.03,0.302913,80.0,80.0,0.0
2024-06-18,22,13:30,5.9956,17.1381,23.1337,51.03,0.295128,80.0,80.0,0.0
2024-06-18,23,13:45,7.1179,16.0793,23.1972,51.03,0.295938,80.0,80.0,0.0
2024-06-18,24,14:00,6.1091,3.2115,9.3206,57.04,0.132911,80.0,80.0,0.0
2024-06-18,25,14:15,5.6324,9.5021,15.1345,57.04,0.215819,40.0,120.0,0.0
2024-06-18,26,14:30,5.8458,17.0147,22.8605,57.04,0.325991,40.0,120.0,0.0
2024-06-18,27,14:45,5.1816,17.1381,22.3197,57.04,0.318278,40.0,120.0,0.0
2024-06-18,28,15:00,6.7301,16.0793,22.8094,73.12,0.416955,40.0,30.0,90.0
2024-06-18,29,15:15,3.9878,3.2115,7.1993,73.12,0.131603,40.0,30.0,0.0
2024-06-18,30,15:30,0.0,9.5021,9.5021,73.12,0.173698,100.0,70.0,0.0
2024-06-18,31,15:45,0.0,17.0147,17.0147,73.12,0.311028,100.0,70.0,0.0
2024-06-18,32,16:00,0.0,17.1381,17.1381,76.24,0.326652,100.0,70.0,0.0
2024-06-18,33,16:15,0.0,16.0793,16.0793,76.24,0.306471,100.0,70.0,0.0
2024-06-18,34,16:30,0.0,3.2115,3.2115,76.24,0.061211,100.0,70.0,0.0
2024-06-18,35,16:45,0.0,9.5021,9.5021,76.24,0.18111,60.0,110.0,0.0
2024-06-18,36,17:00,0.0,17.0147,17.0147,90.06,0.383085,60.0,110.0,0.0
2024-06-18,37,17:15,0.0,17.1381,17.1381,90.06,0.385864,60.0,110.0,0.0
2024-06-18,38,17:30,0.0,16.0793,16.0793,90.06,0.362025,60.0,110.0,0.0
2024-06-18,39,17:45,0.0,3.2115,3.2115,90.06,0.072307,60.0,110.0,0.0
2024-06-18,40,18:00,0.0,9.5021,9.5021,133.25,0.316538,20.0,150.0,0.0
2024-06-18,41,18:15,0.0,17.0147,17.0147,133.25,0.566801,20.0,150.0,0.0
2024-06-18,42,18:30,0.0,17.1381,17.1381,133.25,0.570913,20.0,150.0,0.0
2024-06-18,43,18:45,0.0,16.0793,16.0793,133.25,0.535641,20.0,150.0,0.0
2024-06-18,44,19:00,0.0,3.2115,3.2115,158.19,0.127006,20.0,150.0,0.0
2024-06-18,45,19:15,0.0,0.0,0.0,158.19,0.0,20.0,190.0,0.0
2024-06-18,46,19:30,0.0,0.0,0.0,158.19,0.0,20.0,190.0,0.0
2024-06-18,47,19:45,0.0,0.0,0.0,158.19,0.0,20.0,190.0,0.0
2024-06-18,48,20:00,0.0,0.0,0.0,171.87,0.0,20.0,190.0,0.0
2024-06-18,49,20:15,0.0,0.0,0.0,171.87,0.0,20.0,190.0,0.0
2024-06-18,50,20:30,0.0,0.0,0.0,171.87,0.0,20.0,190.0,0.0
2024-06-18,51,20:45,0.0,0.0,0.0,171.87,0.0,20.0,190.0,0.0
2024-06-18,52,21:00,0.0,0.0,0.0,134.47,0.0,20.0,190.0,0.0
2024-06-18,53,21:15,0.0,0.0,0.0,134.47,0.0,20.0,190.0,0.0
2024-06-18,54,21:30,0.0,0.0,0.0,134.47,0.0,20.0,190.0,0.0
2024-06-18,55,21:45,0.0,0.0,0.0,134.47,0.0,20.0,10.0,180.0
2024-06-19,0,08:00,1.8638,0.0,1.8638,107.33,0.050011,20.0,10.0,0.0
2024-06-19,1,08:15,6.7293,0.0,6.7293,107.33,0.180563,20.0,10.0,0.0
2024-06-19,2,08:30,5.9956,0.0,5.9956,107.33,0.160877,20.0,10.0,0.0
2024-06-19,3,08:45,7.1179,0.0,7.1179,107.33,0.190991,20.0,10.0,0.0
2024-06-19,4,09:00,6.1091,0.0,6.1091,86.31,0.131819,20.0,10.0,0.0
2024-06-19,5,09:15,5.6324,0.0,5.6324,86.31,0.121534,20.0,10.0,0.0
2024-06-19,6,09:30,5.8458,0.0,5.8458,86.31,0.126138,20.0,10.0,0.0
2024-06-19,7,09:45,5.1816,0.0,5.1816,86.31,0.111805,20.0,10.0,0.0
2024-06-19,8,10:00,6.7301,0.0,6.7301,75.1,0.126358,20.0,10.0,0.0
2024-06-19,9,10:15,3.9878,0.0,3.9878,75.1,0.074871,20.0,10.0,0.0
2024-06-19,10,10:30,1.8638,9.5021,11.3659,75.1,0.213395,80.0,10.0,0.0
2024-06-19,11,10:45,6.7293,17.0147,23.744,75.1,0.445793,80.0,10.0,0.0
2024-06-19,12,11:00,5.9956,17.1381,23.1337,66.23,0.383036,80.0,10.0,0.0
2024-06-19,13,11:15,7.1179,16.0793,23.1972,66.23,0.384087,80.0,10.0,0.0
2024-06-19,14,11:30,6.1091,3.2115,9.3206,66.23,0.154325,80.0,10.0,0.0
2024-06-19,15,11:45,5.6324,9.5021,15.1345,66.23,0.25059,40.0,50.0,0.0
2024-06-19,16,12:00,5.8458,17.0147,22.8605,58.03,0.331649,40.0,50.0,0.0
2024-06-19,17,12:15,5.1816,17.1381,22.3197,58.03,0.323803,40.0,50.0,0.0
2024-06-19,18,12:30,6.7301,16.0793,22.8094,58.03,0.330907,40.0,50.0,0.0
2024-06-19,19,12:45,3.9878,3.2115,7.1993,58.03,0.104444,40.0,50.0,0.0
2024-06-19,20,13:00,1.8638,9.5021,11.3659,39.84,0.113205,100.0,90.0,0.0
2024-06-19,21,13:15,6.7293,17.0147,23.744,39.84,0.23649,100.0,90.0,0.0
2024-06-19,22,13:30,5.9956,17.1381,23.1337,39.84,0.230411,100.0,90.0,0.0
2024-06-19,23,13:45,7.1179,16.0793,23.1972,39.84,0.231044,100.0,90.0,0.0
2024-06-19,24,14:00,6.1091,3.2115,9.3206,22.41,0.052218,100.0,90.0,0.0
2024-06-19,25,14:15,5.6324,9.5021,15.1345,22.41,0.084791,60.0,130.0,0.0
2024-06-19,26,14:30,5.8458,17.0147,22.8605,22.41,0.128076,60.0,130.0,0.0
2024-06-19,27,14:45,5.1816,17.1381,22.3197,22.41,0.125046,60.0,130.0,0.0
2024-06-19,28,15:00,6.7301,16.0793,22.8094,23.56,0.134347,60.0,40.0,90.0
2024-06-19,29,15:15,3.9878,3.2115,7.1993,23.56,0.042404,60.0,40.0,0.0
2024-06-19,30,15:30,0.0,9.5021,9.5021,23.56,0.055967,120.0,80.0,0.0
2024-06-19,31,15:45,0.0,17.0147,17.0147,23.56,0.100216,120.0,80.0,0.0
2024-06-19,32,16:00,0.0,17.1381,17.1381,59.9,0.256643,120.0,80.0,0.0
2024-06-19,33,16:15,0.0,16.0793,16.0793,59.9,0.240787,120.0,80.0,0.0
2024-06-19,34,16:30,0.0,3.2115,3.2115,59.9,0.048092,120.0,80.0,0.0
2024-06-19,35,16:45,0.0,9.5021,9.5021,59.9,0.142294,80.0,120.0,0.0
2024-06-19,36,17:00,0.0,17.0147,17.0147,70.0,0.297757,80.0,120.0,0.0
2024-06-19,37,17:15,0.0,17.1381,17.1381,70.0,0.299917,80.0,120.0,0.0
2024-06-19,38,17:30,0.0,16.0793,16.0793,70.0,0.281387,80.0,120.0,0.0
2024-06-19,39,17:45,0.0,3.2115,3.2115,70.0,0.056201,80.0,120.0,0.0
2024-06-19,40,18:00,0.0,9.5021,9.5021,88.44,0.210091,40.0,160.0,0.0
2024-06-19,41,18:15,0.0,17.0147,17.0147,88.44,0.376194,40.0,160.0,0.0
2024-06-19,42,18:30,0.0,17.1381,17.1381,88.44,0.378923,40.0,160.0,0.0
2024-06-19,43,18:45,0.0,16.0793,16.0793,88.44,0.355513,40.0,160.0,0.0
2024-06-19,44,19:00,0.0,3.2115,3.2115,102.9,0.082615,40.0,160.0,0.0
2024-06-19,45,19:15,0.0,0.0,0.0,102.9,0.0,40.0,200.0,0.0
2024-06-19,46,19:30,0.0,0.0,0.0,102.9,0.0,40.0,200.0,0.0
2024-06-19,47,19:45,0.0,0.0,0.0,102.9,0.0,40.0,200.0,0.0
2024-06-19,48,20:00,0.0,0.0,0.0,143.66,0.0,40.0,200.0,0.0
2024-06-19,49,20:15,0.0,0.0,0.0,143.66,0.0,40.0,200.0,0.0
2024-06-19,50,20:30,0.0,0.0,0.0,143.66,0.0,40.0,200.0,0.0
2024-06-19,51,20:45,0.0,0.0,0.0,143.66,0.0,40.0,200.0,0.0
2024-06-19,52,21:00,0.0,0.0,0.0,115.08,0.0,40.0,200.0,0.0
2024-06-19,53,21:15,0.0,0.0,0.0,115.08,0.0,40.0,200.0,0.0
2024-06-19,54,21:30,0.0,0.0,0.0,115.08,0.0,40.0,200.0,0.0
2024-06-19,55,21:45,0.0,0.0,0.0,115.08,0.0,40.0,20.0,180.0
2024-06-20,0,08:00,1.8638,9.5021,11.3659,102.99,0.292644,0.0,20.0,0.0
2024-06-20,1,08:15,6.7293,17.0147,23.744,102.99,0.611347,0.0,20.0,0.0
2024-06-20,2,08:30,5.9956,17.1381,23.1337,102.99,0.595634,0.0,20.0,0.0
2024-06-20,3,08:45,7.1179,16.0793,23.1972,102.99,0.597269,0.0,20.0,0.0
2024-06-20,4,09:00,6.1091,3.2115,9.3206,80.69,0.188019,0.0,20.0,0.0
2024-06-20,5,09:15,5.6324,0.0,5.6324,80.69,0.113621,0.0,60.0,0.0
2024-06-20,6,09:30,5.8458,0.0,5.8458,80.69,0.117925,0.0,60.0,0.0
2024-06-20,7,09:45,5.1816,0.0,5.1816,80.69,0.104525,0.0,60.0,0.0
2024-06-20,8,10:00,6.7301,0.0,6.7301,69.13,0.116313,0.0,60.0,0.0
2024-06-20,9,10:15,3.9878,0.0,3.9878,69.13,0.068919,0.0,60.0,0.0
2024-06-20,10,10:30,1.8638,9.5021,11.3659,69.13,0.196432,60.0,60.0,0.0
2024-06-20,11,10:45,6.7293,17.0147,23.744,69.13,0.410355,60.0,60.0,0.0
2024-06-20,12,11:00,5.9956,17.1381,23.1337,58.77,0.339892,60.0,60.0,0.0
2024-06-20,13,11:15,7.1179,16.0793,23.1972,58.77,0.340824,60.0,60.0,0.0
2024-06-20,14,11:30,6.1091,3.2115,9.3206,58.77,0.136942,60.0,60.0,0.0
2024-06-20,15,11:45,5.6324,9.5021,15.1345,58.77,0.222364,20.0,100.0,0.0
2024-06-20,16,12:00,5.8458,17.0147,22.8605,55.46,0.316961,20.0,100.0,0.0
2024-06-20,17,12:15,5.1816,17.1381,22.3197,55.46,0.309462,20.0,100.0,0.0
2024-06-20,18,12:30,6.7301,16.0793,22.8094,55.46,0.316252,20.0,100.0,0.0
2024-06-20,19,12:45,3.9878,3.2115,7.1993,55.46,0.099818,20.0,100.0,0.0
2024-06-20,20,13:00,0.0,9.5021,9.5021,53.81,0.127827,80.0,140.0,0.0
2024-06-20,21,13:15,0.0,17.0147,17.0147,53.81,0.22889,80.0,140.0,0.0
2024-06-20,22,13:30,0.0,17.1381,17.1381,53.81,0.23055,80.0,140.0,0.0
2024-06-20,23,13:45,0.0,16.0793,16.0793,53.81,0.216307,80.0,140.0,0.0
2024-06-20,24,14:00,0.0,3.2115,3.2115,57.18,0.045908,80.0,140.0,0.0
2024-06-20,25,14:15,0.0,0.0,0.0,57.18,0.0,80.0,180.0,0.0
2024-06-20,26,14:30,0.0,0.0,0.0,57.18,0.0,80.0,180.0,0.0
2024-06-20,27,14:45,0.0,0.0,0.0,57.18,0.0,80.0,180.0,0.0
2024-06-20,28,15:00,0.0,0.0,0.0,68.58,0.0,80.0,180.0,0.0
2024-06-20,29,15:15,0.0,0.0,0.0,68.58,0.0,80.0,180.0,0.0
2024-06-20,30,15:30,0.0,0.0,0.0,68.58,0.0,80.0,180.0,0.0
2024-06-20,31,15:45,0.0,0.0,0.0,68.58,0.0,80.0,180.0,0.0
2024-06-20,32,16:00,0.0,0.0,0.0,80.0,0.0,80.0,180.0,0.0
2024-06-20,33,16:15,0.0,0.0,0.0,80.0,0.0,80.0,180.0,0.0
2024-06-20,34,16:30,0.0,0.0,0.0,80.0,0.0,80.0,180.0,0.0
2024-06-20,35,16:45,0.0,0.0,0.0,80.0,0.0,80.0,180.0,0.0
2024-06-20,36,17:00,0.0,0.0,0.0,98.27,0.0,80.0,180.0,0.0
2024-06-20,37,17:15,0.0,0.0,0.0,98.27,0.0,80.0,180.0,0.0
2024-06-20,38,17:30,0.0,0.0,0.0,98.27,0.0,80.0,180.0,0.0
2024-06-20,39,17:45,0.0,0.0,0.0,98.27,0.0,80.0,180.0,0.0
2024-06-20,40,18:00,0.0,0.0,0.0,119.31,0.0,80.0,180.0,0.0
2024-06-20,41,18:15,0.0,0.0,0.0,119.31,0.0,80.0,180.0,0.0
2024-06-20,42,18:30,0.0,0.0,0.0,119.31,0.0,80.0,180.0,0.0
2024-06-20,43,18:45,0.0,0.0,0.0,119.31,0.0,80.0,180.0,0.0
2024-06-20,44,19:00,0.0,0.0,0.0,155.62,0.0,80.0,180.0,0.0
2024-06-20,45,19:15,0.0,0.0,0.0,155.62,0.0,80.0,180.0,0.0
2024-06-20,46,19:30,0.0,0.0,0.0,155.62,0.0,80.0,180.0,0.0
2024-06-20,47,19:45,0.0,0.0,0.0,155.62,0.0,80.0,180.0,0.0
2024-06-20,48,20:00,0.0,0.0,0.0,200.09,0.0,80.0,180.0,0.0
2024-06-20,49,20:15,0.0,0.0,0.0,200.09,0.0,80.0,180.0,0.0
2024-06-20,50,20:30,0.0,0.0,0.0,200.09,0.0,80.0,180.0,0.0
2024-06-20,51,20:45,0.0,0.0,0.0,200.09,0.0,80.0,180.0,0.0
2024-06-20,52,21:00,0.0,0.0,0.0,130.06,0.0,80.0,180.0,0.0
2024-06-20,53,21:15,0.0,0.0,0.0,130.06,0.0,80.0,180.0,0.0
2024-06-20,54,21:30,0.0,0.0,0.0,130.06,0.0,80.0,180.0,0.0
2024-06-20,55,21:45,0.0,0.0,0.0,130.06,0.0,80.0,60.0,120.0
2024-06-21,0,08:00,1.8638,9.5021,11.3659,121.84,0.346206,40.0,60.0,0.0
2024-06-21,1,08:15,6.7293,17.0147,23.744,121.84,0.723241,40.0,60.0,0.0
2024-06-21,2,08:30,5.9956,17.1381,23.1337,121.84,0.704652,40.0,60.0,0.0
2024-06-21,3,08:45,7.1179,16.0793,23.1972,121.84,0.706586,40.0,60.0,0.0
2024-06-21,4,09:00,6.1091,3.2115,9.3206,111.67,0.260207,40.0,60.0,0.0
2024-06-21,5,09:15,5.6324,9.5021,15.1345,111.67,0.422519,0.0,100.0,0.0
2024-06-21,6,09:30,5.8458,17.0147,22.8605,111.67,0.638208,0.0,100.0,0.0
2024-06-21,7,09:45,5.1816,17.1381,22.3197,111.67,0.623109,0.0,100.0,0.0
2024-06-21,8,10:00,6.7301,16.0793,22.8094,100.65,0.573941,0.0,100.0,0.0
2024-06-21,9,10:15,3.9878,3.2115,7.1993,100.65,0.181152,0.0,100.0,0.0
2024-06-21,10,10:30,1.8638,9.5021,11.3659,100.65,0.285995,60.0,140.0,0.0
2024-06-21,11,10:45,6.7293,17.0147,23.744,100.65,0.597457,60.0,140.0,0.0
2024-06-21,12,11:00,5.9956,17.1381,23.1337,89.94,0.520161,60.0,140.0,0.0
2024-06-21,13,11:15,7.1179,16.0793,23.1972,89.94,0.521588,60.0,140.0,0.0
2024-06-21,14,11:30,6.1091,3.2115,9.3206,89.94,0.209573,60.0,140.0,0.0
2024-06-21,15,11:45,5.6324,9.5021,15.1345,89.94,0.3403,20.0,180.0,0.0
2024-06-21,16,12:00,5.8458,17.0147,22.8605,88.54,0.506017,20.0,180.0,0.0
2024-06-21,17,12:15,5.1816,17.1381,22.3197,88.54,0.494046,20.0,180.0,0.0
2024-06-21,18,12:30,6.7301,16.0793,22.8094,88.54,0.504886,20.0,180.0,0.0
2024-06-21,19,12:45,3.9878,3.2115,7.1993,88.54,0.159356,20.0,180.0,0.0
2024-06-21,20,13:00,0.0,9.5021,9.5021,82.68,0.196408,80.0,220.0,0.0
2024-06-21,21,13:15,0.0,17.0147,17.0147,82.68,0.351693,80.0,220.0,0.0
2024-06-21,22,13:30,0.0,17.1381,17.1381,82.68,0.354244,80.0,220.0,0.0
2024-06-21,23,13:45,0.0,16.0793,16.0793,82.68,0.332359,80.0,220.0,0.0
2024-06-21,24,14:00,0.0,3.2115,3.2115,78.22,0.062801,80.0,220.0,0.0
2024-06-21,25,14:15,0.0,9.5021,9.5021,78.22,0.185813,40.0,260.0,0.0
2024-06-21,26,14:30,0.0,17.0147,17.0147,78.22,0.332722,40.0,260.0,0.0
2024-06-21,27,14:45,0.0,17.1381,17.1381,78.22,0.335135,40.0,260.0,0.0
2024-06-21,28,15:00,0.0,16.0793,16.0793,82.03,0.329746,40.0,110.0,150.0
2024-06-21,29,15:15,0.0,3.2115,3.2115,82.03,0.06586,40.0,110.0,0.0
2024-06-21,30,15:30,0.0,0.0,0.0,82.03,0.0,40.0,150.0,0.0
2024-06-21,31,15:45,0.0,0.0,0.0,82.03,0.0,40.0,150.0,0.0
2024-06-21,32,16:00,0.0,0.0,0.0,88.85,0.0,40.0,150.0,0.0
2024-06-21,33,16:15,0.0,0.0,0.0,88.85,0.0,40.0,150.0,0.0
2024-06-21,34,16:30,0.0,0.0,0.0,88.85,0.0,40.0,150.0,0.0
2024-06-21,35,16:45,0.0,0.0,0.0,88.85,0.0,40.0,150.0,0.0
2024-06-21,36,17:00,0.0,0.0,0.0,100.65,0.0,40.0,150.0,0.0
2024-06-21,37,17:15,0.0,0.0,0.0,100.65,0.0,40.0,150.0,0.0
2024-06-21,38,17:30,0.0,0.0,0.0,100.65,0.0,40.0,150.0,0.0
2024-06-21,39,17:45,0.0,0.0,0.0,100.65,0.0,40.0,150.0,0.0
2024-06-21,40,18:00,0.0,0.0,0.0,110.0,0.0,40.0,150.0,0.0
2024-06-21,41,18:15,0.0,0.0,0.0,110.0,0.0,40.0,150.0,0.0
2024-06-21,42,18:30,0.0,0.0,0.0,110.0,0.0,40.0,150.0,0.0
2024-06-21,43,18:45,0.0,0.0,0.0,110.0,0.0,40.0,150.0,0.0
2024-06-21,44,19:00,0.0,0.0,0.0,116.93,0.0,40.0,150.0,0.0
2024-06-21,45,19:15,0.0,0.0,0.0,116.93,0.0,40.0,150.0,0.0
2024-06-21,46,19:30,0.0,0.0,0.0,116.93,0.0,40.0,150.0,0.0
2024-06-21,47,19:45,0.0,0.0,0.0,116.93,0.0,40.0,150.0,0.0
2024-06-21,48,20:00,0.0,0.0,0.0,114.4,0.0,40.0,150.0,0.0
2024-06-21,49,20:15,0.0,0.0,0.0,114.4,0.0,40.0,150.0,0.0
2024-06-21,50,20:30,0.0,0.0,0.0,114.4,0.0,40.0,150.0,0.0
2024-06-21,51,20:45,0.0,0.0,0.0,114.4,0.0,40.0,150.0,0.0
2024-06-21,52,21:00,0.0,0.0,0.0,105.26,0.0,40.0,150.0,0.0
2024-06-21,53,21:15,0.0,0.0,0.0,105.26,0.0,40.0,150.0,0.0
2024-06-21,54,21:30,0.0,0.0,0.0,105.26,0.0,40.0,150.0,0.0
2024-06-21,55,21:45,0.0,0.0,0.0,105.26,0.0,40.0,30.0,120.0
2024-06-24,0,08:00,1.8638,9.5021,11.3659,102.99,0.292644,0.0,30.0,0.0
2024-06-24,1,08:15,6.7293,17.0147,23.744,102.99,0.611347,0.0,30.0,0.0
2024-06-24,2,08:30,5.9956,17.1381,23.1337,102.99,0.595634,0.0,30.0,0.0
2024-06-24,3,08:45,7.1179,16.0793,23.1972,102.99,0.597269,0.0,30.0,0.0
2024-06-24,4,09:00,6.1091,3.2115,9.3206,79.34,0.184873,0.0,30.0,0.0
2024-06-24,5,09:15,5.6324,0.0,5.6324,79.34,0.11172,0.0,70.0,0.0
2024-06-24,6,09:30,5.8458,0.0,5.8458,79.34,0.115952,0.0,70.0,0.0
2024-06-24,7,09:45,5.1816,0.0,5.1816,79.34,0.102777,0.0,70.0,0.0
2024-06-24,8,10:00,6.7301,0.0,6.7301,53.88,0.090654,0.0,70.0,0.0
2024-06-24,9,10:15,3.9878,0.0,3.9878,53.88,0.053716,0.0,70.0,0.0
2024-06-24,10,10:30,1.8638,9.5021,11.3659,53.88,0.153099,60.0,70.0,0.0
2024-06-24,11,10:45,6.7293,17.0147,23.744,53.88,0.319831,60.0,70.0,0.0
2024-06-24,12,11:00,5.9956,17.1381,23.1337,37.81,0.218671,60.0,70.0,0.0
2024-06-24,13,11:15,7.1179,16.0793,23.1972,37.81,0.219271,60.0,70.0,0.0
2024-06-24,14,11:30,6.1091,3.2115,9.3206,37.81,0.088103,60.0,70.0,0.0
2024-06-24,15,11:45,5.6324,9.5021,15.1345,37.81,0.143059,20.0,110.0,0.0
2024-06-24,16,12:00,5.8458,17.0147,22.8605,31.19,0.178255,20.0,110.0,0.0
2024-06-24,17,12:15,5.1816,17.1381,22.3197,31.19,0.174038,20.0,110.0,0.0
2024-06-24,18,12:30,6.7301,16.0793,22.8094,31.19,0.177856,20.0,110.0,0.0
2024-06-24,19,12:45,3.9878,3.2115,7.1993,31.19,0.056136,20.0,110.0,0.0
2024-06-24,20,13:00,1.8638,9.5021,11.3659,29.96,0.085131,80.0,150.0,0.0
2024-06-24,21,13:15,6.7293,17.0147,23.744,29.96,0.177842,80.0,150.0,0.0
2024-06-24,22,13:30,5.9956,17.1381,23.1337,29.96,0.173271,80.0,150.0,0.0
2024-06-24,23,13:45,7.1179,16.0793,23.1972,29.96,0.173747,80.0,150.0,0.0
2024-06-24,24,14:00,6.1091,3.2115,9.3206,30.93,0.072071,80.0,150.0,0.0
2024-06-24,25,14:15,5.6324,9.5021,15.1345,30.93,0.117028,40.0,190.0,0.0
2024-06-24,26,14:30,5.8458,17.0147,22.8605,30.93,0.176769,40.0,190.0,0.0
2024-06-24,27,14:45,5.1816,17.1381,22.3197,30.93,0.172587,40.0,190.0,0.0
2024-06-24,28,15:00,6.7301,16.0793,22.8094,47.85,0.272857,40.0,60.0,130.0
2024-06-24,29,15:15,3.9878,3.2115,7.1993,47.85,0.086121,40.0,60.0,0.0
2024-06-24,30,15:30,1.8638,9.5021,11.3659,47.85,0.135965,100.0,100.0,0.0
2024-06-24,31,15:45,6.7293,17.0147,23.744,47.85,0.284037,100.0,100.0,0.0
2024-06-24,32,16:00,5.9956,17.1381,23.1337,66.32,0.383556,100.0,100.0,0.0
2024-06-24,33,16:15,7.1179,16.0793,23.1972,66.32,0.384609,100.0,100.0,0.0
2024-06-24,34,16:30,6.1091,3.2115,9.3206,66.32,0.154535,100.0,100.0,0.0
2024-06-24,35,16:45,5.6324,9.5021,15.1345,66.32,0.250931,60.0,140.0,0.0
2024-06-24,36,17:00,5.8458,17.0147,22.8605,82.49,0.47144,60.0,140.0,0.0
2024-06-24,37,17:15,5.1816,17.1381,22.3197,82.49,0.460287,60.0,140.0,0.0
2024-06-24,38,17:30,6.7301,16.0793,22.8094,82.49,0.470386,60.0,140.0,0.0
2024-06-24,39,17:45,3.9878,3.2115,7.1993,82.49,0.148467,60.0,140.0,0.0
2024-06-24,40,18:00,0.0,9.5021,9.5021,98.39,0.233728,120.0,180.0,0.0
2024-06-24,41,18:15,0.0,17.0147,17.0147,98.39,0.418518,120.0,180.0,0.0
2024-06-24,42,18:30,0.0,17.1381,17.1381,98.39,0.421554,120.0,180.0,0.0
2024-06-24,43,18:45,0.0,16.0793,16.0793,98.39,0.39551,120.0,180.0,0.0
2024-06-24,44,19:00,0.0,3.2115,3.2115,153.3,0.12308,120.0,180.0,0.0
2024-06-24,45,19:15,0.0,9.5021,9.5021,153.3,0.364168,80.0,220.0,0.0
2024-06-24,46,19:30,0.0,17.0147,17.0147,153.3,0.652087,80.0,220.0,0.0
2024-06-24,47,19:45,0.0,17.1381,17.1381,153.3,0.656817,80.0,220.0,0.0
2024-06-24,48,20:00,0.0,16.0793,16.0793,209.32,0.841429,80.0,220.0,0.0
2024-06-24,49,20:15,0.0,3.2115,3.2115,209.32,0.168057,80.0,220.0,0.0
2024-06-24,50,20:30,0.0,0.0,0.0,209.32,0.0,80.0,260.0,0.0
2024-06-24,51,20:45,0.0,0.0,0.0,209.32,0.0,80.0,260.0,0.0
2024-06-24,52,21:00,0.0,0.0,0.0,156.0,0.0,80.0,260.0,0.0
2024-06-24,53,21:15,0.0,0.0,0.0,156.0,0.0,80.0,260.0,0.0
2024-06-24,54,21:30,0.0,0.0,0.0,156.0,0.0,80.0,260.0,0.0
2024-06-24,55,21:45,0.0,0.0,0.0,156.0,0.0,80.0,90.0,170.0
2024-06-25,0,08:00,1.8638,9.5021,11.3659,103.8,0.294946,40.0,90.0,0.0
2024-06-25,1,08:15,6.7293,17.0147,23.744,103.8,0.616156,40.0,90.0,0.0
2024-06-25,2,08:30,5.9956,17.1381,23.1337,103.8,0.600319,40.0,90.0,0.0
2024-06-25,3,08:45,7.1179,16.0793,23.1972,103.8,0.601967,40.0,90.0,0.0
2024-06-25,4,09:00,6.1091,3.2115,9.3206,74.64,0.173922,40.0,90.0,0.0
2024-06-25,5,09:15,5.6324,9.5021,15.1345,74.64,0.282411,0.0,130.0,0.0
2024-06-25,6,09:30,5.8458,17.0147,22.8605,74.64,0.426577,0.0,130.0,0.0
2024-06-25,7,09:45,5.1816,17.1381,22.3197,74.64,0.416485,0.0,130.0,0.0
2024-06-25,8,10:00,6.7301,16.0793,22.8094,48.32,0.275537,0.0,130.0,0.0
2024-06-25,9,10:15,3.9878,3.2115,7.1993,48.32,0.086967,0.0,130.0,0.0
2024-06-25,10,10:30,1.8638,9.5021,11.3659,48.32,0.1373,60.0,170.0,0.0
2024-06-25,11,10:45,6.7293,17.0147,23.744,48.32,0.286827,60.0,170.0,0.0
2024-06-25,12,11:00,5.9956,17.1381,23.1337,12.83,0.074201,60.0,170.0,0.0
2024-06-25,13,11:15,7.1179,16.0793,23.1972,12.83,0.074405,60.0,170.0,0.0
2024-06-25,14,11:30,6.1091,3.2115,9.3206,12.83,0.029896,60.0,170.0,0.0
2024-06-25,15,11:45,5.6324,9.5021,15.1345,12.83,0.048544,20.0,210.0,0.0
2024-06-25,16,12:00,5.8458,17.0147,22.8605,0.0,0.0,20.0,210.0,0.0
2024-06-25,17,12:15,5.1816,17.1381,22.3197,0.0,0.0,20.0,210.0,0.0
2024-06-25,18,12:30,6.7301,16.0793,22.8094,0.0,0.0,20.0,210.0,0.0
2024-06-25,19,12:45,3.9878,3.2115,7.1993,0.0,0.0,20.0,210.0,0.0
2024-06-25,20,13:00,0.0,9.5021,9.5021,-0.05,-0.000119,80.0,250.0,0.0
2024-06-25,21,13:15,0.0,17.0147,17.0147,-0.05,-0.000213,80.0,250.0,0.0
2024-06-25,22,13:30,0.0,17.1381,17.1381,-0.05,-0.000214,80.0,250.0,0.0
2024-06-25,23,13:45,0.0,16.0793,16.0793,-0.05,-0.000201,80.0,250.0,0.0
2024-06-25,24,14:00,0.0,3.2115,3.2115,-0.04,-3.2e-05,80.0,250.0,0.0
2024-06-25,25,14:15,0.0,9.5021,9.5021,-0.04,-9.5e-05,40.0,290.0,0.0
2024-06-25,26,14:30,0.0,17.0147,17.0147,-0.04,-0.00017,40.0,290.0,0.0
2024-06-25,27,14:45,0.0,17.1381,17.1381,-0.04,-0.000171,40.0,290.0,0.0
2024-06-25,28,15:00,0.0,16.0793,16.0793,11.59,0.04659,40.0,100.0,190.0
2024-06-25,29,15:15,0.0,3.2115,3.2115,11.59,0.009305,40.0,100.0,0.0
2024-06-25,30,15:30,0.0,0.0,0.0,11.59,0.0,40.0,140.0,0.0
2024-06-25,31,15:45,0.0,0.0,0.0,11.59,0.0,40.0,140.0,0.0
2024-06-25,32,16:00,0.0,0.0,0.0,48.37,0.0,40.0,140.0,0.0
2024-06-25,33,16:15,0.0,0.0,0.0,48.37,0.0,40.0,140.0,0.0
2024-06-25,34,16:30,0.0,0.0,0.0,48.37,0.0,40.0,140.0,0.0
2024-06-25,35,16:45,0.0,0.0,0.0,48.37,0.0,40.0,140.0,0.0
2024-06-25,36,17:00,0.0,0.0,0.0,74.0,0.0,40.0,140.0,0.0
2024-06-25,37,17:15,0.0,0.0,0.0,74.0,0.0,40.0,140.0,0.0
2024-06-25,38,17:30,0.0,0.0,0.0,74.0,0.0,40.0,140.0,0.0
2024-06-25,39,17:45,0.0,0.0,0.0,74.0,0.0,40.0,140.0,0.0
2024-06-25,40,18:00,0.0,0.0,0.0,95.9,0.0,40.0,140.0,0.0
2024-06-25,41,18:15,0.0,0.0,0.0,95.9,0.0,40.0,140.0,0.0
2024-06-25,42,18:30,0.0,0.0,0.0,95.9,0.0,40.0,140.0,0.0
2024-06-25,43,18:45,0.0,0.0,0.0,95.9,0.0,40.0,140.0,0.0
2024-06-25,44,19:00,0.0,0.0,0.0,128.9,0.0,40.0,140.0,0.0
2024-06-25,45,19:15,0.0,0.0,0.0,128.9,0.0,40.0,140.0,0.0
2024-06-25,46,19:30,0.0,0.0,0.0,128.9,0.0,40.0,140.0,0.0
2024-06-25,47,19:45,0.0,0.0,0.0,128.9,0.0,40.0,140.0,0.0
2024-06-25,48,20:00,0.0,0.0,0.0,136.69,0.0,40.0,140.0,0.0
2024-06-25,49,20:15,0.0,0.0,0.0,136.69,0.0,40.0,140.0,0.0
2024-06-25,50,20:30,0.0,0.0,0.0,136.69,0.0,40.0,140.0,0.0
2024-06-25,51,20:45,0.0,0.0,0.0,136.69,0.0,40.0,140.0,0.0
2024-06-25,52,21:00,0.0,0.0,0.0,122.09,0.0,40.0,140.0,0.0
2024-06-25,53,21:15,0.0,0.0,0.0,122.09,0.0,40.0,140.0,0.0
2024-06-25,54,21:30,0.0,0.0,0.0,122.09,0.0,40.0,140.0,0.0
2024-06-25,55,21:45,0.0,0.0,0.0,122.09,0.0,40.0,10.0,130.0
2024-06-26,0,08:00,1.8638,9.5021,11.3659,121.1,0.344104,0.0,10.0,0.0
2024-06-26,1,08:15,6.7293,17.0147,23.744,121.1,0.718848,0.0,10.0,0.0
2024-06-26,2,08:30,5.9956,17.1381,23.1337,121.1,0.700372,0.0,10.0,0.0
2024-06-26,3,08:45,7.1179,16.0793,23.1972,121.1,0.702294,0.0,10.0,0.0
2024-06-26,4,09:00,6.1091,3.2115,9.3206,101.76,0.237115,0.0,10.0,0.0
2024-06-26,5,09:15,5.6324,0.0,5.6324,101.76,0.143289,0.0,50.0,0.0
2024-06-26,6,09:30,5.8458,0.0,5.8458,101.76,0.148717,0.0,50.0,0.0
2024-06-26,7,09:45,5.1816,0.0,5.1816,101.76,0.131819,0.0,50.0,0.0
2024-06-26,8,10:00,6.7301,0.0,6.7301,89.48,0.150552,0.0,50.0,0.0
2024-06-26,9,10:15,3.9878,0.0,3.9878,89.48,0.089207,0.0,50.0,0.0
2024-06-26,10,10:30,1.8638,9.5021,11.3659,89.48,0.254256,60.0,50.0,0.0
2024-06-26,11,10:45,6.7293,17.0147,23.744,89.48,0.531152,60.0,50.0,0.0
2024-06-26,12,11:00,5.9956,17.1381,23.1337,84.1,0.486386,60.0,50.0,0.0
2024-06-26,13,11:15,7.1179,16.0793,23.1972,84.1,0.487721,60.0,50.0,0.0
2024-06-26,14,11:30,6.1091,3.2115,9.3206,84.1,0.195965,60.0,50.0,0.0
2024-06-26,15,11:45,5.6324,9.5021,15.1345,84.1,0.318204,20.0,90.0,0.0
2024-06-26,16,12:00,5.8458,17.0147,22.8605,78.64,0.449437,20.0,90.0,0.0
2024-06-26,17,12:15,5.1816,17.1381,22.3197,78.64,0.438805,20.0,90.0,0.0
2024-06-26,18,12:30,6.7301,16.0793,22.8094,78.64,0.448432,20.0,90.0,0.0
2024-06-26,19,12:45,3.9878,3.2115,7.1993,78.64,0.141538,20.0,90.0,0.0
2024-06-26,20,13:00,1.8638,9.5021,11.3659,76.54,0.217487,80.0,130.0,0.0
2024-06-26,21,13:15,6.7293,17.0147,23.744,76.54,0.454341,80.0,130.0,0.0
2024-06-26,22,13:30,5.9956,17.1381,23.1337,76.54,0.442663,80.0,130.0,0.0
2024-06-26,23,13:45,7.1179,16.0793,23.1972,76.54,0.443878,80.0,130.0,0.0
2024-06-26,24,14:00,6.1091,3.2115,9.3206,80.0,0.186411,80.0,130.0,0.0
2024-06-26,25,14:15,5.6324,9.5021,15.1345,80.0,0.302691,40.0,170.0,0.0
2024-06-26,26,14:30,5.8458,17.0147,22.8605,80.0,0.45721,40.0,170.0,0.0
2024-06-26,27,14:45,5.1816,17.1381,22.3197,80.0,0.446393,40.0,170.0,0.0
2024-06-26,28,15:00,6.7301,16.0793,22.8094,90.45,0.515777,40.0,10.0,160.0
2024-06-26,29,15:15,3.9878,3.2115,7.1993,90.45,0.162794,40.0,10.0,0.0
2024-06-26,30,15:30,0.0,9.5021,9.5021,90.45,0.214866,100.0,50.0,0.0
2024-06-26,31,15:45,0.0,17.0147,17.0147,90.45,0.384744,100.0,50.0,0.0
2024-06-26,32,16:00,0.0,17.1381,17.1381,99.86,0.427853,100.0,50.0,0.0
2024-06-26,33,16:15,0.0,16.0793,16.0793,99.86,0.401419,100.0,50.0,0.0
2024-06-26,34,16:30,0.0,3.2115,3.2115,99.86,0.080175,100.0,50.0,0.0
2024-06-26,35,16:45,0.0,9.5021,9.5021,99.86,0.23722,60.0,90.0,0.0
2024-06-26,36,17:00,0.0,17.0147,17.0147,105.8,0.450038,60.0,90.0,0.0
2024-06-26,37,17:15,0.0,17.1381,17.1381,105.8,0.453303,60.0,90.0,0.0
2024-06-26,38,17:30,0.0,16.0793,16.0793,105.8,0.425297,60.0,90.0,0.0
2024-06-26,39,17:45,0.0,3.2115,3.2115,105.8,0.084944,60.0,90.0,0.0
2024-06-26,40,18:00,0.0,9.5021,9.5021,105.13,0.249739,20.0,130.0,0.0
2024-06-26,41,18:15,0.0,17.0147,17.0147,105.13,0.447188,20.0,130.0,0.0
2024-06-26,42,18:30,0.0,17.1381,17.1381,105.13,0.450432,20.0,130.0,0.0
2024-06-26,43,18:45,0.0,16.0793,16.0793,105.13,0.422604,20.0,130.0,0.0
2024-06-26,44,19:00,0.0,3.2115,3.2115,126.73,0.101748,20.0,130.0,0.0
2024-06-26,45,19:15,0.0,0.0,0.0,126.73,0.0,20.0,170.0,0.0
2024-06-26,46,19:30,0.0,0.0,0.0,126.73,0.0,20.0,170.0,0.0
2024-06-26,47,19:45,0.0,0.0,0.0,126.73,0.0,20.0,170.0,0.0
2024-06-26,48,20:00,0.0,0.0,0.0,134.39,0.0,20.0,170.0,0.0
2024-06-26,49,20:15,0.0,0.0,0.0,134.39,0.0,20.0,170.0,0.0
2024-06-26,50,20:30,0.0,0.0,0.0,134.39,0.0,20.0,170.0,0.0
2024-06-26,51,20:45,0.0,0.0,0.0,134.39,0.0,20.0,170.0,0.0
2024-06-26,52,21:00,0.0,0.0,0.0,128.85,0.0,20.0,170.0,0.0
2024-06-26,53,21:15,0.0,0.0,0.0,128.85,0.0,20.0,170.0,0.0
2024-06-26,54,21:30,0.0,0.0,0.0,128.85,0.0,20.0,170.0,0.0
2024-06-26,55,21:45,0.0,0.0,0.0,128.85,0.0,20.0,20.0,150.0
2024-06-27,0,08:00,1.8638,0.0,1.8638,115.0,0.053585,20.0,20.0,0.0
2024-06-27,1,08:15,6.7293,0.0,6.7293,115.0,0.193467,20.0,20.0,0.0
2024-06-27,2,08:30,5.9956,0.0,5.9956,115.0,0.172373,20.0,20.0,0.0
2024-06-27,3,08:45,7.1179,0.0,7.1179,115.0,0.204639,20.0,20.0,0.0
2024-06-27,4,09:00,6.1091,0.0,6.1091,88.87,0.135728,20.0,20.0,0.0
2024-06-27,5,09:15,5.6324,0.0,5.6324,88.87,0.125139,20.0,20.0,0.0
2024-06-27,6,09:30,5.8458,0.0,5.8458,88.87,0.129879,20.0,20.0,0.0
2024-06-27,7,09:45,5.1816,0.0,5.1816,88.87,0.115122,20.0,20.0,0.0
2024-06-27,8,10:00,6.7301,0.0,6.7301,66.74,0.112292,20.0,20.0,0.0
2024-06-27,9,10:15,3.9878,0.0,3.9878,66.74,0.066536,20.0,20.0,0.0
2024-06-27,10,10:30,1.8638,9.5021,11.3659,66.74,0.189641,80.0,20.0,0.0
2024-06-27,11,10:45,6.7293,17.0147,23.744,66.74,0.396168,80.0,20.0,0.0
2024-06-27,12,11:00,5.9956,17.1381,23.1337,52.4,0.303051,80.0,20.0,0.0
2024-06-27,13,11:15,7.1179,16.0793,23.1972,52.4,0.303883,80.0,20.0,0.0
2024-06-27,14,11:30,6.1091,3.2115,9.3206,52.4,0.122099,80.0,20.0,0.0
2024-06-27,15,11:45,5.6324,9.5021,15.1345,52.4,0.198262,40.0,60.0,0.0
2024-06-27,16,12:00,5.8458,17.0147,22.8605,48.82,0.279012,40.0,60.0,0.0
2024-06-27,17,12:15,5.1816,17.1381,22.3197,48.82,0.272412,40.0,60.0,0.0
2024-06-27,18,12:30,6.7301,16.0793,22.8094,48.82,0.278388,40.0,60.0,0.0
2024-06-27,19,12:45,3.9878,3.2115,7.1993,48.82,0.087867,40.0,60.0,0.0
2024-06-27,20,13:00,1.8638,9.5021,11.3659,45.31,0.128748,100.0,100.0,0.0
2024-06-27,21,13:15,6.7293,17.0147,23.744,45.31,0.26896,100.0,100.0,0.0
2024-06-27,22,13:30,5.9956,17.1381,23.1337,45.31,0.262047,100.0,100.0,0.0
2024-06-27,23,13:45,7.1179,16.0793,23.1972,45.31,0.262766,100.0,100.0,0.0
2024-06-27,24,14:00,6.1091,3.2115,9.3206,44.56,0.103831,100.0,100.0,0.0
2024-06-27,25,14:15,5.6324,9.5021,15.1345,44.56,0.168599,60.0,140.0,0.0
2024-06-27,26,14:30,5.8458,17.0147,22.8605,44.56,0.254666,60.0,140.0,0.0
2024-06-27,27,14:45,5.1816,17.1381,22.3197,44.56,0.248641,60.0,140.0,0.0
2024-06-27,28,15:00,6.7301,16.0793,22.8094,48.39,0.275936,60.0,30.0,110.0
2024-06-27,29,15:15,3.9878,3.2115,7.1993,48.39,0.087093,60.0,30.0,0.0
2024-06-27,30,15:30,0.0,9.5021,9.5021,48.39,0.114952,120.0,70.0,0.0
2024-06-27,31,15:45,0.0,17.0147,17.0147,48.39,0.205835,120.0,70.0,0.0
2024-06-27,32,16:00,0.0,17.1381,17.1381,61.92,0.265298,120.0,70.0,0.0
2024-06-27,33,16:15,0.0,16.0793,16.0793,61.92,0.248907,120.0,70.0,0.0
2024-06-27,34,16:30,0.0,3.2115,3.2115,61.92,0.049714,120.0,70.0,0.0
2024-06-27,35,16:45,0.0,9.5021,9.5021,61.92,0.147092,80.0,110.0,0.0
2024-06-27,36,17:00,0.0,17.0147,17.0147,75.59,0.321535,80.0,110.0,0.0
2024-06-27,37,17:15,0.0,17.1381,17.1381,75.59,0.323867,80.0,110.0,0.0
2024-06-27,38,17:30,0.0,16.0793,16.0793,75.59,0.303858,80.0,110.0,0.0
2024-06-27,39,17:45,0.0,3.2115,3.2115,75.59,0.060689,80.0,110.0,0.0
2024-06-27,40,18:00,0.0,0.0,0.0,79.53,0.0,80.0,150.0,0.0
2024-06-27,41,18:15,0.0,0.0,0.0,79.53,0.0,80.0,150.0,0.0
2024-06-27,42,18:30,0.0,0.0,0.0,79.53,0.0,80.0,150.0,0.0
2024-06-27,43,18:45,0.0,0.0,0.0,79.53,0.0,80.0,150.0,0.0
2024-06-27,44,19:00,0.0,0.0,0.0,110.08,0.0,80.0,150.0,0.0
2024-06-27,45,19:15,0.0,0.0,0.0,110.08,0.0,80.0,150.0,0.0
2024-06-27,46,19:30,0.0,0.0,0.0,110.08,0.0,80.0,150.0,0.0
2024-06-27,47,19:45,0.0,0.0,0.0,110.08,0.0,80.0,150.0,0.0
2024-06-27,48,20:00,0.0,0.0,0.0,200.04,0.0,80.0,150.0,0.0
2024-06-27,49,20:15,0.0,0.0,0.0,200.04,0.0,80.0,150.0,0.0
2024-06-27,50,20:30,0.0,0.0,0.0,200.04,0.0,80.0,150.0,0.0
2024-06-27,51,20:45,0.0,0.0,0.0,200.04,0.0,80.0,150.0,0.0
2024-06-27,52,21:00,0.0,0.0,0.0,186.18,0.0,80.0,150.0,0.0
2024-06-27,53,21:15,0.0,0.0,0.0,186.18,0.0,80.0,150.0,0.0
2024-06-27,54,21:30,0.0,0.0,0.0,186.18,0.0,80.0,150.0,0.0
2024-06-27,55,21:45,0.0,0.0,0.0,186.18,0.0,80.0,0.0,150.0
2024-06-28,0,08:00,1.8638,9.5021,11.3659,84.89,0.241214,40.0,0.0,0.0
2024-06-28,1,08:15,6.7293,17.0147,23.744,84.89,0.503906,40.0,0.0,0.0
2024-06-28,2,08:30,5.9956,17.1381,23.1337,84.89,0.490955,40.0,0.0,0.0
2024-06-28,3,08:45,7.1179,16.0793,23.1972,84.89,0.492302,40.0,0.0,0.0
2024-06-28,4,09:00,6.1091,3.2115,9.3206,59.9,0.139575,40.0,0.0,0.0
2024-06-28,5,09:15,5.6324,9.5021,15.1345,59.9,0.22664,0.0,40.0,0.0
2024-06-28,6,09:30,5.8458,17.0147,22.8605,59.9,0.342336,0.0,40.0,0.0
2024-06-28,7,09:45,5.1816,17.1381,22.3197,59.9,0.334237,0.0,40.0,0.0
2024-06-28,8,10:00,6.7301,16.0793,22.8094,24.45,0.139422,0.0,40.0,0.0
2024-06-28,9,10:15,3.9878,3.2115,7.1993,24.45,0.044006,0.0,40.0,0.0
2024-06-28,10,10:30,1.8638,9.5021,11.3659,24.45,0.069474,60.0,80.0,0.0
2024-06-28,11,10:45,6.7293,17.0147,23.744,24.45,0.145135,60.0,80.0,0.0
2024-06-28,12,11:00,5.9956,17.1381,23.1337,2.03,0.01174,60.0,80.0,0.0
2024-06-28,13,11:15,7.1179,16.0793,23.1972,2.03,0.011773,60.0,80.0,0.0
2024-06-28,14,11:30,6.1091,3.2115,9.3206,2.03,0.00473,60.0,80.0,0.0
2024-06-28,15,11:45,5.6324,9.5021,15.1345,2.03,0.007681,20.0,120.0,0.0
2024-06-28,16,12:00,5.8458,17.0147,22.8605,-1.56,-0.008916,20.0,120.0,0.0
2024-06-28,17,12:15,5.1816,17.1381,22.3197,-1.56,-0.008705,20.0,120.0,0.0
2024-06-28,18,12:30,6.7301,16.0793,22.8094,-1.56,-0.008896,20.0,120.0,0.0
2024-06-28,19,12:45,3.9878,3.2115,7.1993,-1.56,-0.002808,20.0,120.0,0.0
2024-06-28,20,13:00,0.0,9.5021,9.5021,-5.09,-0.012091,80.0,160.0,0.0
2024-06-28,21,13:15,0.0,17.0147,17.0147,-5.09,-0.021651,80.0,160.0,0.0
2024-06-28,22,13:30,0.0,17.1381,17.1381,-5.09,-0.021808,80.0,160.0,0.0
2024-06-28,23,13:45,0.0,16.0793,16.0793,-5.09,-0.020461,80.0,160.0,0.0
2024-06-28,24,14:00,0.0,3.2115,3.2115,-9.95,-0.007989,80.0,160.0,0.0
2024-06-28,25,14:15,0.0,9.5021,9.5021,-9.95,-0.023636,40.0,200.0,0.0
2024-06-28,26,14:30,0.0,17.0147,17.0147,-9.95,-0.042324,40.0,200.0,0.0
2024-06-28,27,14:45,0.0,17.1381,17.1381,-9.95,-0.042631,40.0,200.0,0.0
2024-06-28,28,15:00,0.0,16.0793,16.0793,-9.91,-0.039836,40.0,70.0,130.0
2024-06-28,29,15:15,0.0,3.2115,3.2115,-9.91,-0.007956,40.0,70.0,0.0
2024-06-28,30,15:30,0.0,0.0,0.0,-9.91,-0.0,40.0,110.0,0.0
2024-06-28,31,15:45,0.0,0.0,0.0,-9.91,-0.0,40.0,110.0,0.0
2024-06-28,32,16:00,0.0,0.0,0.0,-6.48,-0.0,40.0,110.0,0.0
2024-06-28,33,16:15,0.0,0.0,0.0,-6.48,-0.0,40.0,110.0,0.0
2024-06-28,34,16:30,0.0,0.0,0.0,-6.48,-0.0,40.0,110.0,0.0
2024-06-28,35,16:45,0.0,0.0,0.0,-6.48,-0.0,40.0,110.0,0.0
2024-06-28,36,17:00,0.0,0.0,0.0,3.62,0.0,40.0,110.0,0.0
2024-06-28,37,17:15,0.0,0.0,0.0,3.62,0.0,40.0,110.0,0.0
2024-06-28,38,17:30,0.0,0.0,0.0,3.62,0.0,40.0,110.0,0.0
2024-06-28,39,17:45,0.0,0.0,0.0,3.62,0.0,40.0,110.0,0.0
2024-06-28,40,18:00,0.0,0.0,0.0,41.98,0.0,40.0,110.0,0.0
2024-06-28,41,18:15,0.0,0.0,0.0,41.98,0.0,40.0,110.0,0.0
2024-06-28,42,18:30,0.0,0.0,0.0,41.98,0.0,40.0,110.0,0.0
2024-06-28,43,18:45,0.0,0.0,0.0,41.98,0.0,40.0,110.0,0.0
2024-06-28,44,19:00,0.0,0.0,0.0,84.32,0.0,40.0,110.0,0.0
2024-06-28,45,19:15,0.0,0.0,0.0,84.32,0.0,40.0,110.0,0.0
2024-06-28,46,19:30,0.0,0.0,0.0,84.32,0.0,40.0,110.0,0.0
2024-06-28,47,19:45,0.0,0.0,0.0,84.32,0.0,40.0,110.0,0.0
2024-06-28,48,20:00,0.0,0.0,0.0,108.93,0.0,40.0,110.0,0.0
2024-06-28,49,20:15,0.0,0.0,0.0,108.93,0.0,40.0,110.0,0.0
2024-06-28,50,20:30,0.0,0.0,0.0,108.93,0.0,40.0,110.0,0.0
2024-06-28,51,20:45,0.0,0.0,0.0,108.93,0.0,40.0,110.0,0.0
2024-06-28,52,21:00,0.0,0.0,0.0,138.06,0.0,40.0,110.0,0.0
2024-06-28,53,21:15,0.0,0.0,0.0,138.06,0.0,40.0,110.0,0.0
2024-06-28,54,21:30,0.0,0.0,0.0,138.06,0.0,40.0,110.0,0.0
2024-06-28,55,21:45,0.0,0.0,0.0,138.06,0.0,40.0,0.0,110.0
2024-07-01,0,08:00,1.8638,9.5021,11.3659,142.36,0.404514,0.0,0.0,0.0
2024-07-01,1,08:15,6.7293,17.0147,23.744,142.36,0.845047,0.0,0.0,0.0
2024-07-01,2,08:30,5.9956,17.1381,23.1337,142.36,0.823328,0.0,0.0,0.0
2024-07-01,3,08:45,7.1179,16.0793,23.1972,142.36,0.825587,0.0,0.0,0.0
2024-07-01,4,09:00,6.1091,3.2115,9.3206,115.57,0.269294,0.0,0.0,0.0
2024-07-01,5,09:15,5.6324,0.0,5.6324,115.57,0.162735,0.0,40.0,0.0
2024-07-01,6,09:30,5.8458,0.0,5.8458,115.57,0.1689,0.0,40.0,0.0
2024-07-01,7,09:45,5.1816,0.0,5.1816,115.57,0.149709,0.0,40.0,0.0
2024-07-01,8,10:00,6.7301,0.0,6.7301,107.01,0.180047,0.0,40.0,0.0
2024-07-01,9,10:15,3.9878,0.0,3.9878,107.01,0.106684,0.0,40.0,0.0
2024-07-01,10,10:30,1.8638,9.5021,11.3659,107.01,0.304067,60.0,40.0,0.0
2024-07-01,11,10:45,6.7293,17.0147,23.744,107.01,0.63521,60.0,40.0,0.0
2024-07-01,12,11:00,5.9956,17.1381,23.1337,91.67,0.530166,60.0,40.0,0.0
2024-07-01,13,11:15,7.1179,16.0793,23.1972,91.67,0.531621,60.0,40.0,0.0
2024-07-01,14,11:30,6.1091,3.2115,9.3206,91.67,0.213604,60.0,40.0,0.0
2024-07-01,15,11:45,5.6324,9.5021,15.1345,91.67,0.346846,20.0,80.0,0.0
2024-07-01,16,12:00,5.8458,17.0147,22.8605,77.38,0.442236,20.0,80.0,0.0
2024-07-01,17,12:15,5.1816,17.1381,22.3197,77.38,0.431774,20.0,80.0,0.0
2024-07-01,18,12:30,6.7301,16.0793,22.8094,77.38,0.441247,20.0,80.0,0.0
2024-07-01,19,12:45,3.9878,3.2115,7.1993,77.38,0.13927,20.0,80.0,0.0
2024-07-01,20,13:00,1.8638,9.5021,11.3659,69.9,0.19862,80.0,120.0,0.0
2024-07-01,21,13:15,6.7293,17.0147,23.744,69.9,0.414926,80.0,120.0,0.0
2024-07-01,22,13:30,5.9956,17.1381,23.1337,69.9,0.404261,80.0,120.0,0.0
2024-07-01,23,13:45,7.1179,16.0793,23.1972,69.9,0.405371,80.0,120.0,0.0
2024-07-01,24,14:00,6.1091,3.2115,9.3206,39.92,0.093019,80.0,120.0,0.0
2024-07-01,25,14:15,5.6324,9.5021,15.1345,39.92,0.151043,40.0,160.0,0.0
2024-07-01,26,14:30,5.8458,17.0147,22.8605,39.92,0.228148,40.0,160.0,0.0
2024-07-01,27,14:45,5.1816,17.1381,22.3197,39.92,0.22275,40.0,160.0,0.0
2024-07-01,28,15:00,6.7301,16.0793,22.8094,34.61,0.197358,40.0,10.0,150.0
2024-07-01,29,15:15,3.9878,3.2115,7.1993,34.61,0.062292,40.0,10.0,0.0
2024-07-01,30,15:30,0.0,9.5021,9.5021,34.61,0.082217,100.0,50.0,0.0
2024-07-01,31,15:45,0.0,17.0147,17.0147,34.61,0.147219,100.0,50.0,0.0
2024-07-01,32,16:00,0.0,17.1381,17.1381,37.63,0.161227,100.0,50.0,0.0
2024-07-01,33,16:15,0.0,16.0793,16.0793,37.63,0.151266,100.0,50.0,0.0
2024-07-01,34,16:30,0.0,3.2115,3.2115,37.63,0.030212,100.0,50.0,0.0
2024-07-01,35,16:45,0.0,9.5021,9.5021,37.63,0.089391,60.0,90.0,0.0
2024-07-01,36,17:00,0.0,17.0147,17.0147,62.2,0.264578,60.0,90.0,0.0
2024-07-01,37,17:15,0.0,17.1381,17.1381,62.2,0.266497,60.0,90.0,0.0
2024-07-01,38,17:30,0.0,16.0793,16.0793,62.2,0.250033,60.0,90.0,0.0
2024-07-01,39,17:45,0.0,3.2115,3.2115,62.2,0.049939,60.0,90.0,0.0
2024-07-01,40,18:00,0.0,0.0,0.0,78.04,0.0,60.0,130.0,0.0
2024-07-01,41,18:15,0.0,0.0,0.0,78.04,0.0,60.0,130.0,0.0
2024-07-01,42,18:30,0.0,0.0,0.0,78.04,0.0,60.0,130.0,0.0
2024-07-01,43,18:45,0.0,0.0,0.0,78.04,0.0,60.0,130.0,0.0
2024-07-01,44,19:00,0.0,0.0,0.0,102.47,0.0,60.0,130.0,0.0
2024-07-01,45,19:15,0.0,0.0,0.0,102.47,0.0,60.0,130.0,0.0
2024-07-01,46,19:30,0.0,0.0,0.0,102.47,0.0,60.0,130.0,0.0
2024-07-01,47,19:45,0.0,0.0,0.0,102.47,0.0,60.0,130.0,0.0
2024-07-01,48,20:00,0.0,0.0,0.0,166.79,0.0,60.0,130.0,0.0
2024-07-01,49,20:15,0.0,0.0,0.0,166.79,0.0,60.0,130.0,0.0
2024-07-01,50,20:30,0.0,0.0,0.0,166.79,0.0,60.0,130.0,0.0
2024-07-01,51,20:45,0.0,0.0,0.0,166.79,0.0,60.0,130.0,0.0
2024-07-01,52,21:00,0.0,0.0,0.0,129.1,0.0,60.0,130.0,0.0
2024-07-01,53,21:15,0.0,0.0,0.0,129.1,0.0,60.0,130.0,0.0
2024-07-01,54,21:30,0.0,0.0,0.0,129.1,0.0,60.0,130.0,0.0
2024-07-01,55,21:45,0.0,0.0,0.0,129.1,0.0,60.0,10.0,120.0
2024-07-02,0,08:00,1.8638,9.5021,11.3659,101.27,0.287757,20.0,10.0,0.0
2024-07-02,1,08:15,6.7293,17.0147,23.744,101.27,0.601138,20.0,10.0,0.0
2024-07-02,2,08:30,5.9956,17.1381,23.1337,101.27,0.585687,20.0,10.0,0.0
2024-07-02,3,08:45,7.1179,16.0793,23.1972,101.27,0.587294,20.0,10.0,0.0
2024-07-02,4,09:00,6.1091,3.2115,9.3206,87.5,0.203887,20.0,10.0,0.0
2024-07-02,5,09:15,5.6324,0.0,5.6324,87.5,0.12321,20.0,50.0,0.0
2024-07-02,6,09:30,5.8458,0.0,5.8458,87.5,0.127877,20.0,50.0,0.0
2024-07-02,7,09:45,5.1816,0.0,5.1816,87.5,0.113347,20.0,50.0,0.0
2024-07-02,8,10:00,6.7301,0.0,6.7301,83.11,0.139835,20.0,50.0,0.0
2024-07-02,9,10:15,3.9878,0.0,3.9878,83.11,0.082857,20.0,50.0,0.0
2024-07-02,10,10:30,1.8638,9.5021,11.3659,83.11,0.236156,80.0,50.0,0.0
2024-07-02,11,10:45,6.7293,17.0147,23.744,83.11,0.49334,80.0,50.0,0.0
2024-07-02,12,11:00,5.9956,17.1381,23.1337,74.56,0.431212,80.0,50.0,0.0
2024-07-02,13,11:15,7.1179,16.0793,23.1972,74.56,0.432395,80.0,50.0,0.0
2024-07-02,14,11:30,6.1091,3.2115,9.3206,74.56,0.173735,80.0,50.0,0.0
2024-07-02,15,11:45,5.6324,9.5021,15.1345,74.56,0.282108,40.0,90.0,0.0
2024-07-02,16,12:00,5.8458,17.0147,22.8605,72.72,0.415604,40.0,90.0,0.0
2024-07-02,17,12:15,5.1816,17.1381,22.3197,72.72,0.405772,40.0,90.0,0.0
2024-07-02,18,12:30,6.7301,16.0793,22.8094,72.72,0.414675,40.0,90.0,0.0
2024-07-02,19,12:45,3.9878,3.2115,7.1993,72.72,0.130883,40.0,90.0,0.0
2024-07-02,20,13:00,1.8638,9.5021,11.3659,69.16,0.196517,100.0,130.0,0.0
2024-07-02,21,13:15,6.7293,17.0147,23.744,69.16,0.410533,100.0,130.0,0.0
2024-07-02,22,13:30,5.9956,17.1381,23.1337,69.16,0.399981,100.0,130.0,0.0
2024-07-02,23,13:45,7.1179,16.0793,23.1972,69.16,0.401079,100.0,130.0,0.0
2024-07-02,24,14:00,6.1091,3.2115,9.3206,60.93,0.141975,100.0,130.0,0.0
2024-07-02,25,14:15,5.6324,9.5021,15.1345,60.93,0.230537,60.0,170.0,0.0
2024-07-02,26,14:30,5.8458,17.0147,22.8605,60.93,0.348222,60.0,170.0,0.0
2024-07-02,27,14:45,5.1816,17.1381,22.3197,60.93,0.339984,60.0,170.0,0.0
2024-07-02,28,15:00,6.7301,16.0793,22.8094,62.73,0.357708,60.0,60.0,110.0
2024-07-02,29,15:15,3.9878,3.2115,7.1993,62.73,0.112903,60.0,60.0,0.0
2024-07-02,30,15:30,0.0,9.5021,9.5021,62.73,0.149017,120.0,100.0,0.0
2024-07-02,31,15:45,0.0,17.0147,17.0147,62.73,0.266833,120.0,100.0,0.0
2024-07-02,32,16:00,0.0,17.1381,17.1381,74.22,0.317997,120.0,100.0,0.0
2024-07-02,33,16:15,0.0,16.0793,16.0793,74.22,0.298351,120.0,100.0,0.0
2024-07-02,34,16:30,0.0,3.2115,3.2115,74.22,0.059589,120.0,100.0,0.0
2024-07-02,35,16:45,0.0,9.5021,9.5021,74.22,0.176311,80.0,140.0,0.0
2024-07-02,36,17:00,0.0,17.0147,17.0147,75.9,0.322853,80.0,140.0,0.0
2024-07-02,37,17:15,0.0,17.1381,17.1381,75.9,0.325195,80.0,140.0,0.0
2024-07-02,38,17:30,0.0,16.0793,16.0793,75.9,0.305104,80.0,140.0,0.0
2024-07-02,39,17:45,0.0,3.2115,3.2115,75.9,0.060938,80.0,140.0,0.0
2024-07-02,40,18:00,0.0,0.0,0.0,84.79,0.0,80.0,180.0,0.0
2024-07-02,41,18:15,0.0,0.0,0.0,84.79,0.0,80.0,180.0,0.0
2024-07-02,42,18:30,0.0,0.0,0.0,84.79,0.0,80.0,180.0,0.0
2024-07-02,43,18:45,0.0,0.0,0.0,84.79,0.0,80.0,180.0,0.0
2024-07-02,44,19:00,0.0,0.0,0.0,103.63,0.0,80.0,180.0,0.0
2024-07-02,45,19:15,0.0,0.0,0.0,103.63,0.0,80.0,180.0,0.0
2024-07-02,46,19:30,0.0,0.0,0.0,103.63,0.0,80.0,180.0,0.0
2024-07-02,47,19:45,0.0,0.0,0.0,103.63,0.0,80.0,180.0,0.0
2024-07-02,48,20:00,0.0,0.0,0.0,115.0,0.0,80.0,180.0,0.0
2024-07-02,49,20:15,0.0,0.0,0.0,115.0,0.0,80.0,180.0,0.0
2024-07-02,50,20:30,0.0,0.0,0.0,115.0,0.0,80.0,180.0,0.0
2024-07-02,51,20:45,0.0,0.0,0.0,115.0,0.0,80.0,180.0,0.0
2024-07-02,52,21:00,0.0,0.0,0.0,109.96,0.0,80.0,180.0,0.0
2024-07-02,53,21:15,0.0,0.0,0.0,109.96,0.0,80.0,180.0,0.0
2024-07-02,54,21:30,0.0,0.0,0.0,109.96,0.0,80.0,180.0,0.0
2024-07-02,55,21:45,0.0,0.0,0.0,109.96,0.0,80.0,40.0,140.0
2024-07-03,0,08:00,1.8638,9.5021,11.3659,115.0,0.326771,40.0,40.0,0.0
2024-07-03,1,08:15,6.7293,17.0147,23.744,115.0,0.682639,40.0,40.0,0.0
2024-07-03,2,08:30,5.9956,17.1381,23.1337,115.0,0.665093,40.0,40.0,0.0
2024-07-03,3,08:45,7.1179,16.0793,23.1972,115.0,0.666919,40.0,40.0,0.0
2024-07-03,4,09:00,6.1091,3.2115,9.3206,90.59,0.211087,40.0,40.0,0.0
2024-07-03,5,09:15,5.6324,9.5021,15.1345,90.59,0.342759,0.0,80.0,0.0
2024-07-03,6,09:30,5.8458,17.0147,22.8605,90.59,0.517733,0.0,80.0,0.0
2024-07-03,7,09:45,5.1816,17.1381,22.3197,90.59,0.505485,0.0,80.0,0.0
2024-07-03,8,10:00,6.7301,16.0793,22.8094,76.63,0.436971,0.0,80.0,0.0
2024-07-03,9,10:15,3.9878,3.2115,7.1993,76.63,0.13792,0.0,80.0,0.0
2024-07-03,10,10:30,1.8638,9.5021,11.3659,76.63,0.217743,60.0,120.0,0.0
2024-07-03,11,10:45,6.7293,17.0147,23.744,76.63,0.454875,60.0,120.0,0.0
2024-07-03,12,11:00,5.9956,17.1381,23.1337,73.1,0.422768,60.0,120.0,0.0
2024-07-03,13,11:15,7.1179,16.0793,23.1972,73.1,0.423928,60.0,120.0,0.0
2024-07-03,14,11:30,6.1091,3.2115,9.3206,73.1,0.170333,60.0,120.0,0.0
2024-07-03,15,11:45,5.6324,9.5021,15.1345,73.1,0.276584,20.0,160.0,0.0
2024-07-03,16,12:00,5.8458,17.0147,22.8605,71.76,0.410117,20.0,160.0,0.0
2024-07-03,17,12:15,5.1816,17.1381,22.3197,71.76,0.400415,20.0,160.0,0.0
2024-07-03,18,12:30,6.7301,16.0793,22.8094,71.76,0.4092,20.0,160.0,0.0
2024-07-03,19,12:45,3.9878,3.2115,7.1993,71.76,0.129155,20.0,160.0,0.0
2024-07-03,20,13:00,1.8638,9.5021,11.3659,71.14,0.202143,80.0,200.0,0.0
2024-07-03,21,13:15,6.7293,17.0147,23.744,71.14,0.422286,80.0,200.0,0.0
2024-07-03,22,13:30,5.9956,17.1381,23.1337,71.14,0.411432,80.0,200.0,0.0
2024-07-03,23,13:45,7.1179,16.0793,23.1972,71.14,0.412562,80.0,200.0,0.0
2024-07-03,24,14:00,6.1091,3.2115,9.3206,73.12,0.17038,80.0,200.0,0.0
2024-07-03,25,14:15,5.6324,9.5021,15.1345,73.12,0.276659,40.0,240.0,0.0
2024-07-03,26,14:30,5.8458,17.0147,22.8605,73.12,0.41789,40.0,240.0,0.0
2024-07-03,27,14:45,5.1816,17.1381,22.3197,73.12,0.408004,40.0,240.0,0.0
2024-07-03,28,15:00,6.7301,16.0793,22.8094,71.98,0.410455,40.0,70.0,170.0
2024-07-03,29,15:15,3.9878,3.2115,7.1993,71.98,0.129551,40.0,70.0,0.0
2024-07-03,30,15:30,0.0,9.5021,9.5021,71.98,0.17099,100.0,110.0,0.0
2024-07-03,31,15:45,0.0,17.0147,17.0147,71.98,0.306179,100.0,110.0,0.0
2024-07-03,32,16:00,0.0,17.1381,17.1381,74.01,0.317098,100.0,110.0,0.0
2024-07-03,33,16:15,0.0,16.0793,16.0793,74.01,0.297507,100.0,110.0,0.0
2024-07-03,34,16:30,0.0,3.2115,3.2115,74.01,0.059421,100.0,110.0,0.0
2024-07-03,35,16:45,0.0,9.5021,9.5021,74.01,0.175812,60.0,150.0,0.0
2024-07-03,36,17:00,0.0,17.0147,17.0147,86.97,0.369942,60.0,150.0,0.0
2024-07-03,37,17:15,0.0,17.1381,17.1381,86.97,0.372625,60.0,150.0,0.0
2024-07-03,38,17:30,0.0,16.0793,16.0793,86.97,0.349604,60.0,150.0,0.0
2024-07-03,39,17:45,0.0,3.2115,3.2115,86.97,0.069826,60.0,150.0,0.0
2024-07-03,40,18:00,0.0,0.0,0.0,99.6,0.0,60.0,190.0,0.0
2024-07-03,41,18:15,0.0,0.0,0.0,99.6,0.0,60.0,190.0,0.0
2024-07-03,42,18:30,0.0,0.0,0.0,99.6,0.0,60.0,190.0,0.0
2024-07-03,43,18:45,0.0,0.0,0.0,99.6,0.0,60.0,190.0,0.0
2024-07-03,44,19:00,0.0,0.0,0.0,118.79,0.0,60.0,190.0,0.0
2024-07-03,45,19:15,0.0,0.0,0.0,118.79,0.0,60.0,190.0,0.0
2024-07-03,46,19:30,0.0,0.0,0.0,118.79,0.0,60.0,190.0,0.0
2024-07-03,47,19:45,0.0,0.0,0.0,118.79,0.0,60.0,190.0,0.0
2024-07-03,48,20:00,0.0,0.0,0.0,163.89,0.0,60.0,190.0,0.0
2024-07-03,49,20:15,0.0,0.0,0.0,163.89,0.0,60.0,190.0,0.0
2024-07-03,50,20:30,0.0,0.0,0.0,163.89,0.0,60.0,190.0,0.0
2024-07-03,51,20:45,0.0,0.0,0.0,163.89,0.0,60.0,190.0,0.0
2024-07-03,52,21:00,0.0,0.0,0.0,115.88,0.0,60.0,190.0,0.0
2024-07-03,53,21:15,0.0,0.0,0.0,115.88,0.0,60.0,190.0,0.0
2024-07-03,54,21:30,0.0,0.0,0.0,115.88,0.0,60.0,190.0,0.0
2024-07-03,55,21:45,0.0,0.0,0.0,115.88,0.0,60.0,20.0,170.0
2024-07-04,0,08:00,1.8638,9.5021,11.3659,33.56,0.09536,20.0,20.0,0.0
2024-07-04,1,08:15,6.7293,17.0147,23.744,33.56,0.199212,20.0,20.0,0.0
2024-07-04,2,08:30,5.9956,17.1381,23.1337,33.56,0.194092,20.0,20.0,0.0
2024-07-04,3,08:45,7.1179,16.0793,23.1972,33.56,0.194624,20.0,20.0,0.0
2024-07-04,4,09:00,6.1091,3.2115,9.3206,22.65,0.052778,20.0,20.0,0.0
2024-07-04,5,09:15,5.6324,0.0,5.6324,22.65,0.031894,20.0,60.0,0.0
2024-07-04,6,09:30,5.8458,0.0,5.8458,22.65,0.033102,20.0,60.0,0.0
2024-07-04,7,09:45,5.1816,0.0,5.1816,22.65,0.029341,20.0,60.0,0.0
2024-07-04,8,10:00,6.7301,0.0,6.7301,1.9,0.003197,20.0,60.0,0.0
2024-07-04,9,10:15,3.9878,0.0,3.9878,1.9,0.001894,20.0,60.0,0.0
2024-07-04,10,10:30,1.8638,9.5021,11.3659,1.9,0.005399,80.0,60.0,0.0
2024-07-04,11,10:45,6.7293,17.0147,23.744,1.9,0.011278,80.0,60.0,0.0
2024-07-04,12,11:00,5.9956,17.1381,23.1337,0.0,0.0,80.0,60.0,0.0
2024-07-04,13,11:15,7.1179,16.0793,23.1972,0.0,0.0,80.0,60.0,0.0
2024-07-04,14,11:30,6.1091,3.2115,9.3206,0.0,0.0,80.0,60.0,0.0
2024-07-04,15,11:45,5.6324,9.5021,15.1345,0.0,0.0,40.0,100.0,0.0
2024-07-04,16,12:00,5.8458,17.0147,22.8605,-0.04,-0.000229,40.0,100.0,0.0
2024-07-04,17,12:15,5.1816,17.1381,22.3197,-0.04,-0.000223,40.0,100.0,0.0
2024-07-04,18,12:30,6.7301,16.0793,22.8094,-0.04,-0.000228,40.0,100.0,0.0
2024-07-04,19,12:45,3.9878,3.2115,7.1993,-0.04,-7.2e-05,40.0,100.0,0.0
2024-07-04,20,13:00,0.0,9.5021,9.5021,-5.03,-0.011949,100.0,140.0,0.0
2024-07-04,21,13:15,0.0,17.0147,17.0147,-5.03,-0.021396,100.0,140.0,0.0
2024-07-04,22,13:30,0.0,17.1381,17.1381,-5.03,-0.021551,100.0,140.0,0.0
2024-07-04,23,13:45,0.0,16.0793,16.0793,-5.03,-0.02022,100.0,140.0,0.0
2024-07-04,24,14:00,0.0,3.2115,3.2115,-19.09,-0.015327,100.0,140.0,0.0
2024-07-04,25,14:15,0.0,9.5021,9.5021,-19.09,-0.045349,60.0,180.0,0.0
2024-07-04,26,14:30,0.0,17.0147,17.0147,-19.09,-0.081203,60.0,180.0,0.0
2024-07-04,27,14:45,0.0,17.1381,17.1381,-19.09,-0.081792,60.0,180.0,0.0
2024-07-04,28,15:00,0.0,16.0793,16.0793,-18.03,-0.072477,60.0,180.0,0.0
2024-07-04,29,15:15,0.0,3.2115,3.2115,-18.03,-0.014476,60.0,180.0,0.0
2024-07-04,30,15:30,0.0,0.0,0.0,-18.03,-0.0,60.0,220.0,0.0
2024-07-04,31,15:45,0.0,0.0,0.0,-18.03,-0.0,60.0,220.0,0.0
2024-07-04,32,16:00,0.0,0.0,0.0,-8.7,-0.0,60.0,220.0,0.0
2024-07-04,33,16:15,0.0,0.0,0.0,-8.7,-0.0,60.0,220.0,0.0
2024-07-04,34,16:30,0.0,0.0,0.0,-8.7,-0.0,60.0,220.0,0.0
2024-07-04,35,16:45,0.0,0.0,0.0,-8.7,-0.0,60.0,220.0,0.0
2024-07-04,36,17:00,0.0,0.0,0.0,-0.03,-0.0,60.0,220.0,0.0
2024-07-04,37,17:15,0.0,0.0,0.0,-0.03,-0.0,60.0,220.0,0.0
2024-07-04,38,17:30,0.0,0.0,0.0,-0.03,-0.0,60.0,220.0,0.0
2024-07-04,39,17:45,0.0,0.0,0.0,-0.03,-0.0,60.0,220.0,0.0
2024-07-04,40,18:00,0.0,0.0,0.0,6.77,0.0,60.0,220.0,0.0
2024-07-04,41,18:15,0.0,0.0,0.0,6.77,0.0,60.0,220.0,0.0
2024-07-04,42,18:30,0.0,0.0,0.0,6.77,0.0,60.0,220.0,0.0
2024-07-04,43,18:45,0.0,0.0,0.0,6.77,0.0,60.0,220.0,0.0
2024-07-04,44,19:00,0.0,0.0,0.0,49.85,0.0,60.0,220.0,0.0
2024-07-04,45,19:15,0.0,0.0,0.0,49.85,0.0,60.0,220.0,0.0
2024-07-04,46,19:30,0.0,0.0,0.0,49.85,0.0,60.0,220.0,0.0
2024-07-04,47,19:45,0.0,0.0,0.0,49.85,0.0,60.0,220.0,0.0
2024-07-04,48,20:00,0.0,0.0,0.0,86.91,0.0,60.0,220.0,0.0
2024-07-04,49,20:15,0.0,0.0,0.0,86.91,0.0,60.0,220.0,0.0
2024-07-04,50,20:30,0.0,0.0,0.0,86.91,0.0,60.0,220.0,0.0
2024-07-04,51,20:45,0.0,0.0,0.0,86.91,0.0,60.0,220.0,0.0
2024-07-04,52,21:00,0.0,0.0,0.0,115.3,0.0,60.0,220.0,0.0
2024-07-04,53,21:15,0.0,0.0,0.0,115.3,0.0,60.0,220.0,0.0
2024-07-04,54,21:30,0.0,0.0,0.0,115.3,0.0,60.0,220.0,0.0
2024-07-04,55,21:45,0.0,0.0,0.0,115.3,0.0,60.0,60.0,160.0
2024-07-05,0,08:00,1.8638,9.5021,11.3659,39.43,0.11204,20.0,60.0,0.0
2024-07-05,1,08:15,6.7293,17.0147,23.744,39.43,0.234056,20.0,60.0,0.0
2024-07-05,2,08:30,5.9956,17.1381,23.1337,39.43,0.22804,20.0,60.0,0.0
2024-07-05,3,08:45,7.1179,16.0793,23.1972,39.43,0.228666,20.0,60.0,0.0
2024-07-05,4,09:00,6.1091,3.2115,9.3206,18.56,0.043247,20.0,60.0,0.0
2024-07-05,5,09:15,5.6324,0.0,5.6324,18.56,0.026135,20.0,100.0,0.0
2024-07-05,6,09:30,5.8458,0.0,5.8458,18.56,0.027125,20.0,100.0,0.0
2024-07-05,7,09:45,5.1816,0.0,5.1816,18.56,0.024043,20.0,100.0,0.0
2024-07-05,8,10:00,6.7301,0.0,6.7301,2.95,0.004963,20.0,100.0,0.0
2024-07-05,9,10:15,3.9878,0.0,3.9878,2.95,0.002941,20.0,100.0,0.0
2024-07-05,10,10:30,1.8638,9.5021,11.3659,2.95,0.008382,80.0,100.0,0.0
2024-07-05,11,10:45,6.7293,17.0147,23.744,2.95,0.017511,80.0,100.0,0.0
2024-07-05,12,11:00,5.9956,17.1381,23.1337,0.41,0.002371,80.0,100.0,0.0
2024-07-05,13,11:15,7.1179,16.0793,23.1972,0.41,0.002378,80.0,100.0,0.0
2024-07-05,14,11:30,6.1091,3.2115,9.3206,0.41,0.000955,80.0,100.0,0.0
2024-07-05,15,11:45,5.6324,9.5021,15.1345,0.41,0.001551,40.0,140.0,0.0
2024-07-05,16,12:00,5.8458,17.0147,22.8605,-0.05,-0.000286,40.0,140.0,0.0
2024-07-05,17,12:15,5.1816,17.1381,22.3197,-0.05,-0.000279,40.0,140.0,0.0
2024-07-05,18,12:30,6.7301,16.0793,22.8094,-0.05,-0.000285,40.0,140.0,0.0
2024-07-05,19,12:45,3.9878,3.2115,7.1993,-0.05,-9e-05,40.0,140.0,0.0
2024-07-05,20,13:00,0.0,9.5021,9.5021,-0.64,-0.00152,100.0,180.0,0.0
2024-07-05,21,13:15,0.0,17.0147,17.0147,-0.64,-0.002722,100.0,180.0,0.0
2024-07-05,22,13:30,0.0,17.1381,17.1381,-0.64,-0.002742,100.0,180.0,0.0
2024-07-05,23,13:45,0.0,16.0793,16.0793,-0.64,-0.002573,100.0,180.0,0.0
2024-07-05,24,14:00,0.0,3.2115,3.2115,-0.78,-0.000626,100.0,180.0,0.0
2024-07-05,25,14:15,0.0,9.5021,9.5021,-0.78,-0.001853,60.0,220.0,0.0
2024-07-05,26,14:30,0.0,17.0147,17.0147,-0.78,-0.003318,60.0,220.0,0.0
2024-07-05,27,14:45,0.0,17.1381,17.1381,-0.78,-0.003342,60.0,220.0,0.0
2024-07-05,28,15:00,0.0,16.0793,16.0793,-0.03,-0.000121,60.0,40.0,180.0
2024-07-05,29,15:15,0.0,3.2115,3.2115,-0.03,-2.4e-05,60.0,40.0,0.0
2024-07-05,30,15:30,0.0,0.0,0.0,-0.03,-0.0,60.0,80.0,0.0
2024-07-05,31,15:45,0.0,0.0,0.0,-0.03,-0.0,60.0,80.0,0.0
2024-07-05,32,16:00,0.0,0.0,0.0,1.93,0.0,60.0,80.0,0.0
2024-07-05,33,16:15,0.0,0.0,0.0,1.93,0.0,60.0,80.0,0.0
2024-07-05,34,16:30,0.0,0.0,0.0,1.93,0.0,60.0,80.0,0.0
2024-07-05,35,16:45,0.0,0.0,0.0,1.93,0.0,60.0,80.0,0.0
2024-07-05,36,17:00,0.0,0.0,0.0,16.81,0.0,60.0,80.0,0.0
2024-07-05,37,17:15,0.0,0.0,0.0,16.81,0.0,60.0,80.0,0.0
2024-07-05,38,17:30,0.0,0.0,0.0,16.81,0.0,60.0,80.0,0.0
2024-07-05,39,17:45,0.0,0.0,0.0,16.81,0.0,60.0,80.0,0.0
2024-07-05,40,18:00,0.0,0.0,0.0,64.35,0.0,60.0,80.0,0.0
2024-07-05,41,18:15,0.0,0.0,0.0,64.35,0.0,60.0,80.0,0.0
2024-07-05,42,18:30,0.0,0.0,0.0,64.35,0.0,60.0,80.0,0.0
2024-07-05,43,18:45,0.0,0.0,0.0,64.35,0.0,60.0,80.0,0.0
2024-07-05,44,19:00,0.0,0.0,0.0,90.09,0.0,60.0,80.0,0.0
2024-07-05,45,19:15,0.0,0.0,0.0,90.09,0.0,60.0,80.0,0.0
2024-07-05,46,19:30,0.0,0.0,0.0,90.09,0.0,60.0,80.0,0.0
2024-07-05,47,19:45,0.0,0.0,0.0,90.09,0.0,60.0,80.0,0.0
2024-07-05,48,20:00,0.0,0.0,0.0,142.36,0.0,60.0,80.0,0.0
2024-07-05,49,20:15,0.0,0.0,0.0,142.36,0.0,60.0,80.0,0.0
2024-07-05,50,20:30,0.0,0.0,0.0,142.36,0.0,60.0,80.0,0.0
2024-07-05,51,20:45,0.0,0.0,0.0,142.36,0.0,60.0,80.0,0.0
2024-07-05,52,21:00,0.0,0.0,0.0,130.38,0.0,60.0,80.0,0.0
2024-07-05,53,21:15,0.0,0.0,0.0,130.38,0.0,60.0,80.0,0.0
2024-07-05,54,21:30,0.0,0.0,0.0,130.38,0.0,60.0,80.0,0.0
2024-07-05,55,21:45,0.0,0.0,0.0,130.38,0.0,60.0,80.0,0.0
2024-07-08,0,08:00,1.8638,9.5021,11.3659,100.64,0.285967,20.0,80.0,0.0
2024-07-08,1,08:15,6.7293,17.0147,23.744,100.64,0.597398,20.0,80.0,0.0
2024-07-08,2,08:30,5.9956,17.1381,23.1337,100.64,0.582043,20.0,80.0,0.0
2024-07-08,3,08:45,7.1179,16.0793,23.1972,100.64,0.583641,20.0,80.0,0.0
2024-07-08,4,09:00,6.1091,3.2115,9.3206,77.61,0.180842,20.0,80.0,0.0
2024-07-08,5,09:15,5.6324,0.0,5.6324,77.61,0.109284,20.0,120.0,0.0
2024-07-08,6,09:30,5.8458,0.0,5.8458,77.61,0.113423,20.0,120.0,0.0
2024-07-08,7,09:45,5.1816,0.0,5.1816,77.61,0.100535,20.0,120.0,0.0
2024-07-08,8,10:00,6.7301,0.0,6.7301,53.93,0.090739,20.0,120.0,0.0
2024-07-08,9,10:15,3.9878,0.0,3.9878,53.93,0.053766,20.0,120.0,0.0
2024-07-08,10,10:30,1.8638,9.5021,11.3659,53.93,0.153241,80.0,120.0,0.0
2024-07-08,11,10:45,6.7293,17.0147,23.744,53.93,0.320128,80.0,120.0,0.0
2024-07-08,12,11:00,5.9956,17.1381,23.1337,38.43,0.222257,80.0,120.0,0.0
2024-07-08,13,11:15,7.1179,16.0793,23.1972,38.43,0.222867,80.0,120.0,0.0
2024-07-08,14,11:30,6.1091,3.2115,9.3206,38.43,0.089547,80.0,120.0,0.0
2024-07-08,15,11:45,5.6324,9.5021,15.1345,38.43,0.145405,40.0,160.0,0.0
2024-07-08,16,12:00,5.8458,17.0147,22.8605,31.79,0.181684,40.0,160.0,0.0
2024-07-08,17,12:15,5.1816,17.1381,22.3197,31.79,0.177386,40.0,160.0,0.0
2024-07-08,18,12:30,6.7301,16.0793,22.8094,31.79,0.181278,40.0,160.0,0.0
2024-07-08,19,12:45,3.9878,3.2115,7.1993,31.79,0.057216,40.0,160.0,0.0
2024-07-08,20,13:00,1.8638,9.5021,11.3659,29.45,0.083682,100.0,200.0,0.0
2024-07-08,21,13:15,6.7293,17.0147,23.744,29.45,0.174815,100.0,200.0,0.0
2024-07-08,22,13:30,5.9956,17.1381,23.1337,29.45,0.170322,100.0,200.0,0.0
2024-07-08,23,13:45,7.1179,16.0793,23.1972,29.45,0.170789,100.0,200.0,0.0
2024-07-08,24,14:00,6.1091,3.2115,9.3206,29.56,0.068879,100.0,200.0,0.0
2024-07-08,25,14:15,5.6324,9.5021,15.1345,29.56,0.111844,60.0,240.0,0.0
2024-07-08,26,14:30,5.8458,17.0147,22.8605,29.56,0.168939,60.0,240.0,0.0
2024-07-08,27,14:45,5.1816,17.1381,22.3197,29.56,0.164942,60.0,240.0,0.0
2024-07-08,28,15:00,6.7301,16.0793,22.8094,36.75,0.209561,60.0,50.0,190.0
2024-07-08,29,15:15,3.9878,3.2115,7.1993,36.75,0.066143,60.0,50.0,0.0
2024-07-08,30,15:30,0.0,9.5021,9.5021,36.75,0.0873,120.0,90.0,0.0
2024-07-08,31,15:45,0.0,17.0147,17.0147,36.75,0.156322,120.0,90.0,0.0
2024-07-08,32,16:00,0.0,17.1381,17.1381,64.0,0.274209,120.0,90.0,0.0
2024-07-08,33,16:15,0.0,16.0793,16.0793,64.0,0.257268,120.0,90.0,0.0
2024-07-08,34,16:30,0.0,3.2115,3.2115,64.0,0.051384,120.0,90.0,0.0
2024-07-08,35,16:45,0.0,9.5021,9.5021,64.0,0.152033,80.0,130.0,0.0
2024-07-08,36,17:00,0.0,17.0147,17.0147,80.2,0.341144,80.0,130.0,0.0
2024-07-08,37,17:15,0.0,17.1381,17.1381,80.2,0.343619,80.0,130.0,0.0
2024-07-08,38,17:30,0.0,16.0793,16.0793,80.2,0.32239,80.0,130.0,0.0
2024-07-08,39,17:45,0.0,3.2115,3.2115,80.2,0.06439,80.0,130.0,0.0
2024-07-08,40,18:00,0.0,0.0,0.0,102.63,0.0,80.0,170.0,0.0
2024-07-08,41,18:15,0.0,0.0,0.0,102.63,0.0,80.0,170.0,0.0
2024-07-08,42,18:30,0.0,0.0,0.0,102.63,0.0,80.0,170.0,0.0
2024-07-08,43,18:45,0.0,0.0,0.0,102.63,0.0,80.0,170.0,0.0
2024-07-08,44,19:00,0.0,0.0,0.0,136.49,0.0,80.0,170.0,0.0
2024-07-08,45,19:15,0.0,0.0,0.0,136.49,0.0,80.0,170.0,0.0
2024-07-08,46,19:30,0.0,0.0,0.0,136.49,0.0,80.0,170.0,0.0
2024-07-08,47,19:45,0.0,0.0,0.0,136.49,0.0,80.0,170.0,0.0
2024-07-08,48,20:00,0.0,0.0,0.0,257.35,0.0,80.0,170.0,0.0
2024-07-08,49,20:15,0.0,0.0,0.0,257.35,0.0,80.0,170.0,0.0
2024-07-08,50,20:30,0.0,0.0,0.0,257.35,0.0,80.0,170.0,0.0
2024-07-08,51,20:45,0.0,0.0,0.0,257.35,0.0,80.0,170.0,0.0
2024-07-08,52,21:00,0.0,0.0,0.0,173.69,0.0,80.0,170.0,0.0
2024-07-08,53,21:15,0.0,0.0,0.0,173.69,0.0,80.0,170.0,0.0
2024-07-08,54,21:30,0.0,0.0,0.0,173.69,0.0,80.0,170.0,0.0
2024-07-08,55,21:45,0.0,0.0,0.0,173.69,0.0,80.0,50.0,120.0
2024-07-09,0,08:00,1.8638,9.5021,11.3659,94.0,0.267099,40.0,50.0,0.0
2024-07-09,1,08:15,6.7293,17.0147,23.744,94.0,0.557983,40.0,50.0,0.0
2024-07-09,2,08:30,5.9956,17.1381,23.1337,94.0,0.543641,40.0,50.0,0.0
2024-07-09,3,08:45,7.1179,16.0793,23.1972,94.0,0.545134,40.0,50.0,0.0
2024-07-09,4,09:00,6.1091,3.2115,9.3206,67.26,0.156725,40.0,50.0,0.0
2024-07-09,5,09:15,5.6324,9.5021,15.1345,67.26,0.254487,0.0,90.0,0.0
2024-07-09,6,09:30,5.8458,17.0147,22.8605,67.26,0.384399,0.0,90.0,0.0
2024-07-09,7,09:45,5.1816,17.1381,22.3197,67.26,0.375305,0.0,90.0,0.0
2024-07-09,8,10:00,6.7301,16.0793,22.8094,46.63,0.2659,0.0,90.0,0.0
2024-07-09,9,10:15,3.9878,3.2115,7.1993,46.63,0.083926,0.0,90.0,0.0
2024-07-09,10,10:30,1.8638,9.5021,11.3659,46.63,0.132498,60.0,130.0,0.0
2024-07-09,11,10:45,6.7293,17.0147,23.744,46.63,0.276795,60.0,130.0,0.0
2024-07-09,12,11:00,5.9956,17.1381,23.1337,33.71,0.194959,60.0,130.0,0.0
2024-07-09,13,11:15,7.1179,16.0793,23.1972,33.71,0.195494,60.0,130.0,0.0
2024-07-09,14,11:30,6.1091,3.2115,9.3206,33.71,0.078549,60.0,130.0,0.0
2024-07-09,15,11:45,5.6324,9.5021,15.1345,33.71,0.127546,20.0,170.0,0.0
2024-07-09,16,12:00,5.8458,17.0147,22.8605,21.95,0.125447,20.0,170.0,0.0
2024-07-09,17,12:15,5.1816,17.1381,22.3197,21.95,0.122479,20.0,170.0,0.0
2024-07-09,18,12:30,6.7301,16.0793,22.8094,21.95,0.125166,20.0,170.0,0.0
2024-07-09,19,12:45,3.9878,3.2115,7.1993,21.95,0.039506,20.0,170.0,0.0
2024-07-09,20,13:00,0.0,9.5021,9.5021,5.04,0.011973,80.0,210.0,0.0
2024-07-09,21,13:15,0.0,17.0147,17.0147,5.04,0.021438,80.0,210.0,0.0
2024-07-09,22,13:30,0.0,17.1381,17.1381,5.04,0.021594,80.0,210.0,0.0
2024-07-09,23,13:45,0.0,16.0793,16.0793,5.04,0.02026,80.0,210.0,0.0
2024-07-09,24,14:00,0.0,3.2115,3.2115,2.71,0.002176,80.0,210.0,0.0
2024-07-09,25,14:15,0.0,0.0,0.0,2.71,0.0,80.0,250.0,0.0
2024-07-09,26,14:30,0.0,0.0,0.0,2.71,0.0,80.0,250.0,0.0
2024-07-09,27,14:45,0.0,0.0,0.0,2.71,0.0,80.0,250.0,0.0
2024-07-09,28,15:00,0.0,0.0,0.0,11.08,0.0,80.0,110.0,140.0
2024-07-09,29,15:15,0.0,0.0,0.0,11.08,0.0,80.0,110.0,0.0
2024-07-09,30,15:30,0.0,0.0,0.0,11.08,0.0,80.0,110.0,0.0
2024-07-09,31,15:45,0.0,0.0,0.0,11.08,0.0,80.0,110.0,0.0
2024-07-09,32,16:00,0.0,0.0,0.0,53.73,0.0,80.0,110.0,0.0
2024-07-09,33,16:15,0.0,0.0,0.0,53.73,0.0,80.0,110.0,0.0
2024-07-09,34,16:30,0.0,0.0,0.0,53.73,0.0,80.0,110.0,0.0
2024-07-09,35,16:45,0.0,0.0,0.0,53.73,0.0,80.0,110.0,0.0
2024-07-09,36,17:00,0.0,0.0,0.0,81.69,0.0,80.0,110.0,0.0
2024-07-09,37,17:15,0.0,0.0,0.0,81.69,0.0,80.0,110.0,0.0
2024-07-09,38,17:30,0.0,0.0,0.0,81.69,0.0,80.0,110.0,0.0
2024-07-09,39,17:45,0.0,0.0,0.0,81.69,0.0,80.0,110.0,0.0
2024-07-09,40,18:00,0.0,0.0,0.0,99.27,0.0,80.0,110.0,0.0
2024-07-09,41,18:15,0.0,0.0,0.0,99.27,0.0,80.0,110.0,0.0
2024-07-09,42,18:30,0.0,0.0,0.0,99.27,0.0,80.0,110.0,0.0
2024-07-09,43,18:45,0.0,0.0,0.0,99.27,0.0,80.0,110.0,0.0
2024-07-09,44,19:00,0.0,0.0,0.0,151.5,0.0,80.0,110.0,0.0
2024-07-09,45,19:15,0.0,0.0,0.0,151.5,0.0,80.0,110.0,0.0
2024-07-09,46,19:30,0.0,0.0,0.0,151.5,0.0,80.0,110.0,0.0
2024-07-09,47,19:45,0.0,0.0,0.0,151.5,0.0,80.0,110.0,0.0
2024-07-09,48,20:00,0.0,0.0,0.0,147.64,0.0,80.0,110.0,0.0
2024-07-09,49,20:15,0.0,0.0,0.0,147.64,0.0,80.0,110.0,0.0
2024-07-09,50,20:30,0.0,0.0,0.0,147.64,0.0,80.0,110.0,0.0
2024-07-09,51,20:45,0.0,0.0,0.0,147.64,0.0,80.0,110.0,0.0
2024-07-09,52,21:00,0.0,0.0,0.0,108.12,0.0,80.0,110.0,0.0
2024-07-09,53,21:15,0.0,0.0,0.0,108.12,0.0,80.0,110.0,0.0
2024-07-09,54,21:30,0.0,0.0,0.0,108.12,0.0,80.0,110.0,0.0
2024-07-09,55,21:45,0.0,0.0,0.0,108.12,0.0,80.0,10.0,100.0
2024-07-10,0,08:00,1.8638,9.5021,11.3659,102.01,0.28986,40.0,10.0,0.0
2024-07-10,1,08:15,6.7293,17.0147,23.744,102.01,0.60553,40.0,10.0,0.0
2024-07-10,2,08:30,5.9956,17.1381,23.1337,102.01,0.589967,40.0,10.0,0.0
2024-07-10,3,08:45,7.1179,16.0793,23.1972,102.01,0.591586,40.0,10.0,0.0
2024-07-10,4,09:00,6.1091,3.2115,9.3206,84.93,0.197899,40.0,10.0,0.0
2024-07-10,5,09:15,5.6324,9.5021,15.1345,84.93,0.321344,0.0,50.0,0.0
2024-07-10,6,09:30,5.8458,17.0147,22.8605,84.93,0.485385,0.0,50.0,0.0
2024-07-10,7,09:45,5.1816,17.1381,22.3197,84.93,0.473902,0.0,50.0,0.0
2024-07-10,8,10:00,6.7301,16.0793,22.8094,65.0,0.370652,0.0,50.0,0.0
2024-07-10,9,10:15,3.9878,3.2115,7.1993,65.0,0.116988,0.0,50.0,0.0
2024-07-10,10,10:30,1.8638,9.5021,11.3659,65.0,0.184696,60.0,90.0,0.0
2024-07-10,11,10:45,6.7293,17.0147,23.744,65.0,0.385839,60.0,90.0,0.0
2024-07-10,12,11:00,5.9956,17.1381,23.1337,55.77,0.322541,60.0,90.0,0.0
2024-07-10,13,11:15,7.1179,16.0793,23.1972,55.77,0.323427,60.0,90.0,0.0
2024-07-10,14,11:30,6.1091,3.2115,9.3206,55.77,0.129952,60.0,90.0,0.0
2024-07-10,15,11:45,5.6324,9.5021,15.1345,55.77,0.211013,20.0,130.0,0.0
2024-07-10,16,12:00,5.8458,17.0147,22.8605,47.13,0.269354,20.0,130.0,0.0
2024-07-10,17,12:15,5.1816,17.1381,22.3197,47.13,0.262981,20.0,130.0,0.0
2024-07-10,18,12:30,6.7301,16.0793,22.8094,47.13,0.268752,20.0,130.0,0.0
2024-07-10,19,12:45,3.9878,3.2115,7.1993,47.13,0.084826,20.0,130.0,0.0
2024-07-10,20,13:00,1.8638,9.5021,11.3659,44.58,0.126673,80.0,170.0,0.0
2024-07-10,21,13:15,6.7293,17.0147,23.744,44.58,0.264626,80.0,170.0,0.0
2024-07-10,22,13:30,5.9956,17.1381,23.1337,44.58,0.257825,80.0,170.0,0.0
2024-07-10,23,13:45,7.1179,16.0793,23.1972,44.58,0.258532,80.0,170.0,0.0
2024-07-10,24,14:00,6.1091,3.2115,9.3206,55.0,0.128158,80.0,170.0,0.0
2024-07-10,25,14:15,5.6324,9.5021,15.1345,55.0,0.2081,40.0,210.0,0.0
2024-07-10,26,14:30,5.8458,17.0147,22.8605,55.0,0.314332,40.0,210.0,0.0
2024-07-10,27,14:45,5.1816,17.1381,22.3197,55.0,0.306895,40.0,210.0,0.0
2024-07-10,28,15:00,6.7301,16.0793,22.8094,58.43,0.333188,40.0,40.0,170.0
2024-07-10,29,15:15,3.9878,3.2115,7.1993,58.43,0.105164,40.0,40.0,0.0
2024-07-10,30,15:30,1.8638,9.5021,11.3659,58.43,0.166028,100.0,80.0,0.0
2024-07-10,31,15:45,6.7293,17.0147,23.744,58.43,0.34684,100.0,80.0,0.0
2024-07-10,32,16:00,5.9956,17.1381,23.1337,67.48,0.390265,100.0,80.0,0.0
2024-07-10,33,16:15,7.1179,16.0793,23.1972,67.48,0.391336,100.0,80.0,0.0
2024-07-10,34,16:30,6.1091,3.2115,9.3206,67.48,0.157238,100.0,80.0,0.0
2024-07-10,35,16:45,5.6324,9.5021,15.1345,67.48,0.25532,60.0,120.0,0.0
2024-07-10,36,17:00,5.8458,17.0147,22.8605,80.14,0.45801,60.0,120.0,0.0
2024-07-10,37,17:15,5.1816,17.1381,22.3197,80.14,0.447175,60.0,120.0,0.0
2024-07-10,38,17:30,6.7301,16.0793,22.8094,80.14,0.456986,60.0,120.0,0.0
2024-07-10,39,17:45,3.9878,3.2115,7.1993,80.14,0.144238,60.0,120.0,0.0
2024-07-10,40,18:00,0.0,9.5021,9.5021,80.73,0.191776,120.0,160.0,0.0
2024-07-10,41,18:15,0.0,17.0147,17.0147,80.73,0.343399,120.0,160.0,0.0
2024-07-10,42,18:30,0.0,17.1381,17.1381,80.73,0.34589,120.0,160.0,0.0
2024-07-10,43,18:45,0.0,16.0793,16.0793,80.73,0.32452,120.0,160.0,0.0
2024-07-10,44,19:00,0.0,3.2115,3.2115,99.72,0.080062,120.0,160.0,0.0
2024-07-10,45,19:15,0.0,9.5021,9.5021,99.72,0.236887,80.0,200.0,0.0
2024-07-10,46,19:30,0.0,17.0147,17.0147,99.72,0.424176,80.0,200.0,0.0
2024-07-10,47,19:45,0.0,17.1381,17.1381,99.72,0.427253,80.0,200.0,0.0
2024-07-10,48,20:00,0.0,16.0793,16.0793,148.61,0.597385,80.0,200.0,0.0
2024-07-10,49,20:15,0.0,3.2115,3.2115,148.61,0.119315,80.0,200.0,0.0
2024-07-10,50,20:30,0.0,0.0,0.0,148.61,0.0,80.0,240.0,0.0
2024-07-10,51,20:45,0.0,0.0,0.0,148.61,0.0,80.0,240.0,0.0
2024-07-10,52,21:00,0.0,0.0,0.0,164.08,0.0,80.0,240.0,0.0
2024-07-10,53,21:15,0.0,0.0,0.0,164.08,0.0,80.0,240.0,0.0
2024-07-10,54,21:30,0.0,0.0,0.0,164.08,0.0,80.0,240.0,0.0
2024-07-10,55,21:45,0.0,0.0,0.0,164.08,0.0,80.0,90.0,150.0
2024-07-11,0,08:00,1.8638,9.5021,11.3659,106.53,0.302703,40.0,90.0,0.0
2024-07-11,1,08:15,6.7293,17.0147,23.744,106.53,0.632361,40.0,90.0,0.0
2024-07-11,2,08:30,5.9956,17.1381,23.1337,106.53,0.616108,40.0,90.0,0.0
2024-07-11,3,08:45,7.1179,16.0793,23.1972,106.53,0.617799,40.0,90.0,0.0
2024-07-11,4,09:00,6.1091,3.2115,9.3206,89.11,0.207639,40.0,90.0,0.0
2024-07-11,5,09:15,5.6324,9.5021,15.1345,89.11,0.33716,0.0,130.0,0.0
2024-07-11,6,09:30,5.8458,17.0147,22.8605,89.11,0.509274,0.0,130.0,0.0
2024-07-11,7,09:45,5.1816,17.1381,22.3197,89.11,0.497226,0.0,130.0,0.0
2024-07-11,8,10:00,6.7301,16.0793,22.8094,80.69,0.460122,0.0,130.0,0.0
2024-07-11,9,10:15,3.9878,3.2115,7.1993,80.69,0.145228,0.0,130.0,0.0
2024-07-11,10,10:30,1.8638,9.5021,11.3659,80.69,0.229279,60.0,170.0,0.0
2024-07-11,11,10:45,6.7293,17.0147,23.744,80.69,0.478975,60.0,170.0,0.0
2024-07-11,12,11:00,5.9956,17.1381,23.1337,66.6,0.385176,60.0,170.0,0.0
2024-07-11,13,11:15,7.1179,16.0793,23.1972,66.6,0.386233,60.0,170.0,0.0
2024-07-11,14,11:30,6.1091,3.2115,9.3206,66.6,0.155187,60.0,170.0,0.0
2024-07-11,15,11:45,5.6324,9.5021,15.1345,66.6,0.25199,20.0,210.0,0.0
2024-07-11,16,12:00,5.8458,17.0147,22.8605,57.44,0.328277,20.0,210.0,0.0
2024-07-11,17,12:15,5.1816,17.1381,22.3197,57.44,0.32051,20.0,210.0,0.0
2024-07-11,18,12:30,6.7301,16.0793,22.8094,57.44,0.327543,20.0,210.0,0.0
2024-07-11,19,12:45,3.9878,3.2115,7.1993,57.44,0.103382,20.0,210.0,0.0
2024-07-11,20,13:00,0.0,9.5021,9.5021,47.7,0.113312,80.0,250.0,0.0
2024-07-11,21,13:15,0.0,17.0147,17.0147,47.7,0.2029,80.0,250.0,0.0
2024-07-11,22,13:30,0.0,17.1381,17.1381,47.7,0.204372,80.0,250.0,0.0
2024-07-11,23,13:45,0.0,16.0793,16.0793,47.7,0.191745,80.0,250.0,0.0
2024-07-11,24,14:00,0.0,3.2115,3.2115,44.48,0.035712,80.0,250.0,0.0
2024-07-11,25,14:15,0.0,9.5021,9.5021,44.48,0.105663,40.0,290.0,0.0
2024-07-11,26,14:30,0.0,17.0147,17.0147,44.48,0.189203,40.0,290.0,0.0
2024-07-11,27,14:45,0.0,17.1381,17.1381,44.48,0.190576,40.0,290.0,0.0
2024-07-11,28,15:00,0.0,16.0793,16.0793,50.1,0.201393,40.0,100.0,190.0
2024-07-11,29,15:15,0.0,3.2115,3.2115,50.1,0.040224,40.0,100.0,0.0
2024-07-11,30,15:30,0.0,0.0,0.0,50.1,0.0,40.0,140.0,0.0
2024-07-11,31,15:45,0.0,0.0,0.0,50.1,0.0,40.0,140.0,0.0
2024-07-11,32,16:00,0.0,0.0,0.0,60.98,0.0,40.0,140.0,0.0
2024-07-11,33,16:15,0.0,0.0,0.0,60.98,0.0,40.0,140.0,0.0
2024-07-11,34,16:30,0.0,0.0,0.0,60.98,0.0,40.0,140.0,0.0
2024-07-11,35,16:45,0.0,0.0,0.0,60.98,0.0,40.0,140.0,0.0
2024-07-11,36,17:00,0.0,0.0,0.0,81.91,0.0,40.0,140.0,0.0
2024-07-11,37,17:15,0.0,0.0,0.0,81.91,0.0,40.0,140.0,0.0
2024-07-11,38,17:30,0.0,0.0,0.0,81.91,0.0,40.0,140.0,0.0
2024-07-11,39,17:45,0.0,0.0,0.0,81.91,0.0,40.0,140.0,0.0
2024-07-11,40,18:00,0.0,0.0,0.0,91.58,0.0,40.0,140.0,0.0
2024-07-11,41,18:15,0.0,0.0,0.0,91.58,0.0,40.0,140.0,0.0
2024-07-11,42,18:30,0.0,0.0,0.0,91.58,0.0,40.0,140.0,0.0
2024-07-11,43,18:45,0.0,0.0,0.0,91.58,0.0,40.0,140.0,0.0
2024-07-11,44,19:00,0.0,0.0,0.0,120.0,0.0,40.0,140.0,0.0
2024-07-11,45,19:15,0.0,0.0,0.0,120.0,0.0,40.0,140.0,0.0
2024-07-11,46,19:30,0.0,0.0,0.0,120.0,0.0,40.0,140.0,0.0
2024-07-11,47,19:45,0.0,0.0,0.0,120.0,0.0,40.0,140.0,0.0
2024-07-11,48,20:00,0.0,0.0,0.0,184.33,0.0,40.0,140.0,0.0
2024-07-11,49,20:15,0.0,0.0,0.0,184.33,0.0,40.0,140.0,0.0
2024-07-11,50,20:30,0.0,0.0,0.0,184.33,0.0,40.0,140.0,0.0
2024-07-11,51,20:45,0.0,0.0,0.0,184.33,0.0,40.0,140.0,0.0
2024-07-11,52,21:00,0.0,0.0,0.0,166.74,0.0,40.0,140.0,0.0
2024-07-11,53,21:15,0.0,0.0,0.0,166.74,0.0,40.0,140.0,0.0
2024-07-11,54,21:30,0.0,0.0,0.0,166.74,0.0,40.0,140.0,0.0
2024-07-11,55,21:45,0.0,0.0,0.0,166.74,0.0,40.0,30.0,110.0
2024-07-12,0,08:00,1.8638,9.5021,11.3659,109.6,0.311427,0.0,30.0,0.0
2024-07-12,1,08:15,6.7293,17.0147,23.744,109.6,0.650584,0.0,30.0,0.0
2024-07-12,2,08:30,5.9956,17.1381,23.1337,109.6,0.633863,0.0,30.0,0.0
2024-07-12,3,08:45,7.1179,16.0793,23.1972,109.6,0.635603,0.0,30.0,0.0
2024-07-12,4,09:00,6.1091,3.2115,9.3206,102.4,0.238606,0.0,30.0,0.0
2024-07-12,5,09:15,5.6324,0.0,5.6324,102.4,0.144191,0.0,70.0,0.0
2024-07-12,6,09:30,5.8458,0.0,5.8458,102.4,0.149653,0.0,70.0,0.0
2024-07-12,7,09:45,5.1816,0.0,5.1816,102.4,0.132648,0.0,70.0,0.0
2024-07-12,8,10:00,6.7301,0.0,6.7301,95.87,0.161304,0.0,70.0,0.0
2024-07-12,9,10:15,3.9878,0.0,3.9878,95.87,0.095578,0.0,70.0,0.0
2024-07-12,10,10:30,1.8638,9.5021,11.3659,95.87,0.272413,60.0,70.0,0.0
2024-07-12,11,10:45,6.7293,17.0147,23.744,95.87,0.569083,60.0,70.0,0.0
2024-07-12,12,11:00,5.9956,17.1381,23.1337,89.83,0.519525,60.0,70.0,0.0
2024-07-12,13,11:15,7.1179,16.0793,23.1972,89.83,0.520951,60.0,70.0,0.0
2024-07-12,14,11:30,6.1091,3.2115,9.3206,89.83,0.209316,60.0,70.0,0.0
2024-07-12,15,11:45,5.6324,9.5021,15.1345,89.83,0.339884,20.0,110.0,0.0
2024-07-12,16,12:00,5.8458,17.0147,22.8605,83.25,0.475784,20.0,110.0,0.0
2024-07-12,17,12:15,5.1816,17.1381,22.3197,83.25,0.464528,20.0,110.0,0.0
2024-07-12,18,12:30,6.7301,16.0793,22.8094,83.25,0.47472,20.0,110.0,0.0
2024-07-12,19,12:45,3.9878,3.2115,7.1993,83.25,0.149835,20.0,110.0,0.0
2024-07-12,20,13:00,0.0,9.5021,9.5021,78.6,0.186716,80.0,150.0,0.0
2024-07-12,21,13:15,0.0,17.0147,17.0147,78.6,0.334338,80.0,150.0,0.0
2024-07-12,22,13:30,0.0,17.1381,17.1381,78.6,0.336764,80.0,150.0,0.0
2024-07-12,23,13:45,0.0,16.0793,16.0793,78.6,0.315958,80.0,150.0,0.0
2024-07-12,24,14:00,0.0,3.2115,3.2115,78.04,0.062656,80.0,150.0,0.0
2024-07-12,25,14:15,0.0,0.0,0.0,78.04,0.0,80.0,190.0,0.0
2024-07-12,26,14:30,0.0,0.0,0.0,78.04,0.0,80.0,190.0,0.0
2024-07-12,27,14:45,0.0,0.0,0.0,78.04,0.0,80.0,190.0,0.0
2024-07-12,28,15:00,0.0,0.0,0.0,78.19,0.0,80.0,190.0,0.0
2024-07-12,29,15:15,0.0,0.0,0.0,78.19,0.0,80.0,190.0,0.0
2024-07-12,30,15:30,0.0,0.0,0.0,78.19,0.0,80.0,190.0,0.0
2024-07-12,31,15:45,0.0,0.0,0.0,78.19,0.0,80.0,190.0,0.0
2024-07-12,32,16:00,0.0,0.0,0.0,85.71,0.0,80.0,190.0,0.0
2024-07-12,33,16:15,0.0,0.0,0.0,85.71,0.0,80.0,190.0,0.0
2024-07-12,34,16:30,0.0,0.0,0.0,85.71,0.0,80.0,190.0,0.0
2024-07-12,35,16:45,0.0,0.0,0.0,85.71,0.0,80.0,190.0,0.0
2024-07-12,36,17:00,0.0,0.0,0.0,85.54,0.0,80.0,190.0,0.0
2024-07-12,37,17:15,0.0,0.0,0.0,85.54,0.0,80.0,190.0,0.0
2024-07-12,38,17:30,0.0,0.0,0.0,85.54,0.0,80.0,190.0,0.0
2024-07-12,39,17:45,0.0,0.0,0.0,85.54,0.0,80.0,190.0,0.0
2024-07-12,40,18:00,0.0,0.0,0.0,92.26,0.0,80.0,190.0,0.0
2024-07-12,41,18:15,0.0,0.0,0.0,92.26,0.0,80.0,190.0,0.0
2024-07-12,42,18:30,0.0,0.0,0.0,92.26,0.0,80.0,190.0,0.0
2024-07-12,43,18:45,0.0,0.0,0.0,92.26,0.0,80.0,190.0,0.0
2024-07-12,44,19:00,0.0,0.0,0.0,102.39,0.0,80.0,190.0,0.0
2024-07-12,45,19:15,0.0,0.0,0.0,102.39,0.0,80.0,190.0,0.0
2024-07-12,46,19:30,0.0,0.0,0.0,102.39,0.0,80.0,190.0,0.0
2024-07-12,47,19:45,0.0,0.0,0.0,102.39,0.0,80.0,190.0,0.0
2024-07-12,48,20:00,0.0,0.0,0.0,93.29,0.0,80.0,190.0,0.0
2024-07-12,49,20:15,0.0,0.0,0.0,93.29,0.0,80.0,190.0,0.0
2024-07-12,50,20:30,0.0,0.0,0.0,93.29,0.0,80.0,190.0,0.0
2024-07-12,51,20:45,0.0,0.0,0.0,93.29,0.0,80.0,190.0,0.0
2024-07-12,52,21:00,0.0,0.0,0.0,94.61,0.0,80.0,190.0,0.0
2024-07-12,53,21:15,0.0,0.0,0.0,94.61,0.0,80.0,190.0,0.0
2024-07-12,54,21:30,0.0,0.0,0.0,94.61,0.0,80.0,190.0,0.0
2024-07-12,55,21:45,0.0,0.0,0.0,94.61,0.0,80.0,10.0,180.0
2024-07-15,0,08:00,1.8638,9.5021,11.3659,89.77,0.25508,40.0,10.0,0.0
2024-07-15,1,08:15,6.7293,17.0147,23.744,89.77,0.532874,40.0,10.0,0.0
2024-07-15,2,08:30,5.9956,17.1381,23.1337,89.77,0.519178,40.0,10.0,0.0
2024-07-15,3,08:45,7.1179,16.0793,23.1972,89.77,0.520603,40.0,10.0,0.0
2024-07-15,4,09:00,6.1091,3.2115,9.3206,59.29,0.138154,40.0,10.0,0.0
2024-07-15,5,09:15,5.6324,9.5021,15.1345,59.29,0.224332,0.0,50.0,0.0
2024-07-15,6,09:30,5.8458,17.0147,22.8605,59.29,0.33885,0.0,50.0,0.0
2024-07-15,7,09:45,5.1816,17.1381,22.3197,59.29,0.330833,0.0,50.0,0.0
2024-07-15,8,10:00,6.7301,16.0793,22.8094,35.52,0.202547,0.0,50.0,0.0
2024-07-15,9,10:15,3.9878,3.2115,7.1993,35.52,0.06393,0.0,50.0,0.0
2024-07-15,10,10:30,0.0,9.5021,9.5021,35.52,0.084379,60.0,90.0,0.0
2024-07-15,11,10:45,0.0,17.0147,17.0147,35.52,0.15109,60.0,90.0,0.0
2024-07-15,12,11:00,0.0,17.1381,17.1381,11.29,0.048372,60.0,90.0,0.0
2024-07-15,13,11:15,0.0,16.0793,16.0793,11.29,0.045384,60.0,90.0,0.0
2024-07-15,14,11:30,0.0,3.2115,3.2115,11.29,0.009064,60.0,90.0,0.0
2024-07-15,15,11:45,0.0,0.0,0.0,11.29,0.0,60.0,130.0,0.0
2024-07-15,16,12:00,0.0,0.0,0.0,0.07,0.0,60.0,130.0,0.0
2024-07-15,17,12:15,0.0,0.0,0.0,0.07,0.0,60.0,130.0,0.0
2024-07-15,18,12:30,0.0,0.0,0.0,0.07,0.0,60.0,130.0,0.0
2024-07-15,19,12:45,0.0,0.0,0.0,0.07,0.0,60.0,130.0,0.0
2024-07-15,20,13:00,0.0,0.0,0.0,-0.01,-0.0,60.0,130.0,0.0
2024-07-15,21,13:15,0.0,0.0,0.0,-0.01,-0.0,60.0,130.0,0.0
2024-07-15,22,13:30,0.0,0.0,0.0,-0.01,-0.0,60.0,130.0,0.0
2024-07-15,23,13:45,0.0,0.0,0.0,-0.01,-0.0,60.0,130.0,0.0
2024-07-15,24,14:00,0.0,0.0,0.0,-0.07,-0.0,60.0,130.0,0.0
2024-07-15,25,14:15,0.0,0.0,0.0,-0.07,-0.0,60.0,130.0,0.0
2024-07-15,26,14:30,0.0,0.0,0.0,-0.07,-0.0,60.0,130.0,0.0
2024-07-15,27,14:45,0.0,0.0,0.0,-0.07,-0.0,60.0,130.0,0.0
2024-07-15,28,15:00,0.0,0.0,0.0,3.54,0.0,60.0,130.0,0.0
2024-07-15,29,15:15,0.0,0.0,0.0,3.54,0.0,60.0,130.0,0.0
2024-07-15,30,15:30,0.0,0.0,0.0,3.54,0.0,60.0,130.0,0.0
2024-07-15,31,15:45,0.0,0.0,0.0,3.54,0.0,60.0,130.0,0.0
2024-07-15,32,16:00,0.0,0.0,0.0,44.29,0.0,60.0,130.0,0.0
2024-07-15,33,16:15,0.0,0.0,0.0,44.29,0.0,60.0,130.0,0.0
2024-07-15,34,16:30,0.0,0.0,0.0,44.29,0.0,60.0,130.0,0.0
2024-07-15,35,16:45,0.0,0.0,0.0,44.29,0.0,60.0,130.0,0.0
2024-07-15,36,17:00,0.0,0.0,0.0,82.0,0.0,60.0,130.0,0.0
2024-07-15,37,17:15,0.0,0.0,0.0,82.0,0.0,60.0,130.0,0.0
2024-07-15,38,17:30,0.0,0.0,0.0,82.0,0.0,60.0,130.0,0.0
2024-07-15,39,17:45,0.0,0.0,0.0,82.0,0.0,60.0,130.0,0.0
2024-07-15,40,18:00,0.0,0.0,0.0,114.35,0.0,60.0,130.0,0.0
2024-07-15,41,18:15,0.0,0.0,0.0,114.35,0.0,60.0,130.0,0.0
2024-07-15,42,18:30,0.0,0.0,0.0,114.35,0.0,60.0,130.0,0.0
2024-07-15,43,18:45,0.0,0.0,0.0,114.35,0.0,60.0,130.0,0.0
2024-07-15,44,19:00,0.0,0.0,0.0,204.19,0.0,60.0,130.0,0.0
2024-07-15,45,19:15,0.0,0.0,0.0,204.19,0.0,60.0,130.0,0.0
2024-07-15,46,19:30,0.0,0.0,0.0,204.19,0.0,60.0,130.0,0.0
2024-07-15,47,19:45,0.0,0.0,0.0,204.19,0.0,60.0,130.0,0.0
2024-07-15,48,20:00,0.0,0.0,0.0,224.96,0.0,60.0,130.0,0.0
2024-07-15,49,20:15,0.0,0.0,0.0,224.96,0.0,60.0,130.0,0.0
2024-07-15,50,20:30,0.0,0.0,0.0,224.96,0.0,60.0,130.0,0.0
2024-07-15,51,20:45,0.0,0.0,0.0,224.96,0.0,60.0,130.0,0.0
2024-07-15,52,21:00,0.0,0.0,0.0,143.56,0.0,60.0,130.0,0.0
2024-07-15,53,21:15,0.0,0.0,0.0,143.56,0.0,60.0,130.0,0.0
2024-07-15,54,21:30,0.0,0.0,0.0,143.56,0.0,60.0,130.0,0.0
2024-07-15,55,21:45,0.0,0.0,0.0,143.56,0.0,60.0,0.0,130.0
2024-07-16,0,08:00,1.8638,9.5021,11.3659,84.31,0.239565,20.0,0.0,0.0
2024-07-16,1,08:15,6.7293,17.0147,23.744,84.31,0.500463,20.0,0.0,0.0
2024-07-16,2,08:30,5.9956,17.1381,23.1337,84.31,0.4876,20.0,0.0,0.0
2024-07-16,3,08:45,7.1179,16.0793,23.1972,84.31,0.488938,20.0,0.0,0.0
2024-07-16,4,09:00,6.1091,3.2115,9.3206,62.77,0.146263,20.0,0.0,0.0
2024-07-16,5,09:15,5.6324,0.0,5.6324,62.77,0.088387,20.0,40.0,0.0
2024-07-16,6,09:30,5.8458,0.0,5.8458,62.77,0.091735,20.0,40.0,0.0
2024-07-16,7,09:45,5.1816,0.0,5.1816,62.77,0.081312,20.0,40.0,0.0
2024-07-16,8,10:00,6.7301,0.0,6.7301,21.49,0.036157,20.0,40.0,0.0
2024-07-16,9,10:15,3.9878,0.0,3.9878,21.49,0.021424,20.0,40.0,0.0
2024-07-16,10,10:30,1.8638,9.5021,11.3659,21.49,0.061063,80.0,40.0,0.0
2024-07-16,11,10:45,6.7293,17.0147,23.744,21.49,0.127564,80.0,40.0,0.0
2024-07-16,12,11:00,5.9956,17.1381,23.1337,0.06,0.000347,80.0,40.0,0.0
2024-07-16,13,11:15,7.1179,16.0793,23.1972,0.06,0.000348,80.0,40.0,0.0
2024-07-16,14,11:30,6.1091,3.2115,9.3206,0.06,0.00014,80.0,40.0,0.0
2024-07-16,15,11:45,5.6324,9.5021,15.1345,0.06,0.000227,40.0,80.0,0.0
2024-07-16,16,12:00,5.8458,17.0147,22.8605,-8.03,-0.045892,40.0,80.0,0.0
2024-07-16,17,12:15,5.1816,17.1381,22.3197,-8.03,-0.044807,40.0,80.0,0.0
2024-07-16,18,12:30,6.7301,16.0793,22.8094,-8.03,-0.04579,40.0,80.0,0.0
2024-07-16,19,12:45,3.9878,3.2115,7.1993,-8.03,-0.014453,40.0,80.0,0.0
2024-07-16,20,13:00,1.8638,9.5021,11.3659,-11.03,-0.031342,100.0,120.0,0.0
2024-07-16,21,13:15,6.7293,17.0147,23.744,-11.03,-0.065474,100.0,120.0,0.0
2024-07-16,22,13:30,5.9956,17.1381,23.1337,-11.03,-0.063791,100.0,120.0,0.0
2024-07-16,23,13:45,7.1179,16.0793,23.1972,-11.03,-0.063966,100.0,120.0,0.0
2024-07-16,24,14:00,6.1091,3.2115,9.3206,-11.48,-0.02675,100.0,120.0,0.0
2024-07-16,25,14:15,5.6324,9.5021,15.1345,-11.48,-0.043436,60.0,160.0,0.0
2024-07-16,26,14:30,5.8458,17.0147,22.8605,-11.48,-0.06561,60.0,160.0,0.0
2024-07-16,27,14:45,5.1816,17.1381,22.3197,-11.48,-0.064057,60.0,160.0,0.0
2024-07-16,28,15:00,6.7301,16.0793,22.8094,-11.14,-0.063524,60.0,0.0,160.0
2024-07-16,29,15:15,3.9878,3.2115,7.1993,-11.14,-0.02005,60.0,0.0,0.0
2024-07-16,30,15:30,0.0,9.5021,9.5021,-11.14,-0.026463,120.0,40.0,0.0
2024-07-16,31,15:45,0.0,17.0147,17.0147,-11.14,-0.047386,120.0,40.0,0.0
2024-07-16,32,16:00,0.0,17.1381,17.1381,-2.3,-0.009854,120.0,40.0,0.0
2024-07-16,33,16:15,0.0,16.0793,16.0793,-2.3,-0.009246,120.0,40.0,0.0
2024-07-16,34,16:30,0.0,3.2115,3.2115,-2.3,-0.001847,120.0,40.0,0.0
2024-07-16,35,16:45,0.0,9.5021,9.5021,-2.3,-0.005464,80.0,80.0,0.0
2024-07-16,36,17:00,0.0,17.0147,17.0147,22.12,0.094091,80.0,80.0,0.0
2024-07-16,37,17:15,0.0,17.1381,17.1381,22.12,0.094774,80.0,80.0,0.0
2024-07-16,38,17:30,0.0,16.0793,16.0793,22.12,0.088918,80.0,80.0,0.0
2024-07-16,39,17:45,0.0,3.2115,3.2115,22.12,0.01776,80.0,80.0,0.0
2024-07-16,40,18:00,0.0,9.5021,9.5021,63.02,0.149705,40.0,120.0,0.0
2024-07-16,41,18:15,0.0,17.0147,17.0147,63.02,0.268066,40.0,120.0,0.0
2024-07-16,42,18:30,0.0,17.1381,17.1381,63.02,0.270011,40.0,120.0,0.0
2024-07-16,43,18:45,0.0,16.0793,16.0793,63.02,0.253329,40.0,120.0,0.0
2024-07-16,44,19:00,0.0,3.2115,3.2115,81.99,0.065827,40.0,120.0,0.0
2024-07-16,45,19:15,0.0,0.0,0.0,81.99,0.0,40.0,160.0,0.0
2024-07-16,46,19:30,0.0,0.0,0.0,81.99,0.0,40.0,160.0,0.0
2024-07-16,47,19:45,0.0,0.0,0.0,81.99,0.0,40.0,160.0,0.0
2024-07-16,48,20:00,0.0,0.0,0.0,121.6,0.0,40.0,160.0,0.0
2024-07-16,49,20:15,0.0,0.0,0.0,121.6,0.0,40.0,160.0,0.0
2024-07-16,50,20:30,0.0,0.0,0.0,121.6,0.0,40.0,160.0,0.0
2024-07-16,51,20:45,0.0,0.0,0.0,121.6,0.0,40.0,160.0,0.0
2024-07-16,52,21:00,0.0,0.0,0.0,114.28,0.0,40.0,160.0,0.0
2024-07-16,53,21:15,0.0,0.0,0.0,114.28,0.0,40.0,160.0,0.0
2024-07-16,54,21:30,0.0,0.0,0.0,114.28,0.0,40.0,160.0,0.0
2024-07-16,55,21:45,0.0,0.0,0.0,114.28,0.0,40.0,10.0,150.0
2024-07-17,0,08:00,1.8638,9.5021,11.3659,105.7,0.300345,0.0,10.0,0.0
2024-07-17,1,08:15,6.7293,17.0147,23.744,105.7,0.627434,0.0,10.0,0.0
2024-07-17,2,08:30,5.9956,17.1381,23.1337,105.7,0.611307,0.0,10.0,0.0
2024-07-17,3,08:45,7.1179,16.0793,23.1972,105.7,0.612985,0.0,10.0,0.0
2024-07-17,4,09:00,6.1091,3.2115,9.3206,77.14,0.179747,0.0,10.0,0.0
2024-07-17,5,09:15,5.6324,0.0,5.6324,77.14,0.108622,0.0,50.0,0.0
2024-07-17,6,09:30,5.8458,0.0,5.8458,77.14,0.112737,0.0,50.0,0.0
2024-07-17,7,09:45,5.1816,0.0,5.1816,77.14,0.099927,0.0,50.0,0.0
2024-07-17,8,10:00,6.7301,0.0,6.7301,58.19,0.097906,0.0,50.0,0.0
2024-07-17,9,10:15,3.9878,0.0,3.9878,58.19,0.058013,0.0,50.0,0.0
2024-07-17,10,10:30,1.8638,9.5021,11.3659,58.19,0.165346,60.0,50.0,0.0
2024-07-17,11,10:45,6.7293,17.0147,23.744,58.19,0.345415,60.0,50.0,0.0
2024-07-17,12,11:00,5.9956,17.1381,23.1337,41.75,0.241458,60.0,50.0,0.0
2024-07-17,13,11:15,7.1179,16.0793,23.1972,41.75,0.24212,60.0,50.0,0.0
2024-07-17,14,11:30,6.1091,3.2115,9.3206,41.75,0.097283,60.0,50.0,0.0
2024-07-17,15,11:45,5.6324,9.5021,15.1345,41.75,0.157967,20.0,90.0,0.0
2024-07-17,16,12:00,5.8458,17.0147,22.8605,32.59,0.186256,20.0,90.0,0.0
2024-07-17,17,12:15,5.1816,17.1381,22.3197,32.59,0.181849,20.0,90.0,0.0
2024-07-17,18,12:30,6.7301,16.0793,22.8094,32.59,0.185839,20.0,90.0,0.0
2024-07-17,19,12:45,3.9878,3.2115,7.1993,32.59,0.058656,20.0,90.0,0.0
2024-07-17,20,13:00,1.8638,9.5021,11.3659,21.85,0.062086,80.0,130.0,0.0
2024-07-17,21,13:15,6.7293,17.0147,23.744,21.85,0.129701,80.0,130.0,0.0
2024-07-17,22,13:30,5.9956,17.1381,23.1337,21.85,0.126368,80.0,130.0,0.0
2024-07-17,23,13:45,7.1179,16.0793,23.1972,21.85,0.126715,80.0,130.0,0.0
2024-07-17,24,14:00,6.1091,3.2115,9.3206,10.8,0.025166,80.0,130.0,0.0
2024-07-17,25,14:15,5.6324,9.5021,15.1345,10.8,0.040863,40.0,170.0,0.0
2024-07-17,26,14:30,5.8458,17.0147,22.8605,10.8,0.061723,40.0,170.0,0.0
2024-07-17,27,14:45,5.1816,17.1381,22.3197,10.8,0.060263,40.0,170.0,0.0
2024-07-17,28,15:00,6.7301,16.0793,22.8094,13.47,0.076811,40.0,0.0,170.0
2024-07-17,29,15:15,3.9878,3.2115,7.1993,13.47,0.024244,40.0,0.0,0.0
2024-07-17,30,15:30,1.8638,9.5021,11.3659,13.47,0.038275,100.0,40.0,0.0
2024-07-17,31,15:45,6.7293,17.0147,23.744,13.47,0.079958,100.0,40.0,0.0
2024-07-17,32,16:00,5.9956,17.1381,23.1337,38.88,0.224859,100.0,40.0,0.0
2024-07-17,33,16:15,7.1179,16.0793,23.1972,38.88,0.225477,100.0,40.0,0.0
2024-07-17,34,16:30,6.1091,3.2115,9.3206,38.88,0.090596,100.0,40.0,0.0
2024-07-17,35,16:45,5.6324,9.5021,15.1345,38.88,0.147108,60.0,80.0,0.0
2024-07-17,36,17:00,5.8458,17.0147,22.8605,61.68,0.352509,60.0,80.0,0.0
2024-07-17,37,17:15,5.1816,17.1381,22.3197,61.68,0.344169,60.0,80.0,0.0
2024-07-17,38,17:30,6.7301,16.0793,22.8094,61.68,0.351721,60.0,80.0,0.0
2024-07-17,39,17:45,3.9878,3.2115,7.1993,61.68,0.111013,60.0,80.0,0.0
2024-07-17,40,18:00,0.0,9.5021,9.5021,82.93,0.197002,120.0,120.0,0.0
2024-07-17,41,18:15,0.0,17.0147,17.0147,82.93,0.352757,120.0,120.0,0.0
2024-07-17,42,18:30,0.0,17.1381,17.1381,82.93,0.355316,120.0,120.0,0.0
2024-07-17,43,18:45,0.0,16.0793,16.0793,82.93,0.333364,120.0,120.0,0.0
2024-07-17,44,19:00,0.0,3.2115,3.2115,106.89,0.085819,120.0,120.0,0.0
2024-07-17,45,19:15,0.0,9.5021,9.5021,106.89,0.25392,80.0,160.0,0.0
2024-07-17,46,19:30,0.0,17.0147,17.0147,106.89,0.454675,80.0,160.0,0.0
2024-07-17,47,19:45,0.0,17.1381,17.1381,106.89,0.457973,80.0,160.0,0.0
2024-07-17,48,20:00,0.0,16.0793,16.0793,187.95,0.755525,80.0,160.0,0.0
2024-07-17,49,20:15,0.0,3.2115,3.2115,187.95,0.1509,80.0,160.0,0.0
2024-07-17,50,20:30,0.0,0.0,0.0,187.95,0.0,80.0,200.0,0.0
2024-07-17,51,20:45,0.0,0.0,0.0,187.95,0.0,80.0,200.0,0.0
2024-07-17,52,21:00,0.0,0.0,0.0,143.47,0.0,80.0,200.0,0.0
2024-07-17,53,21:15,0.0,0.0,0.0,143.47,0.0,80.0,200.0,0.0
2024-07-17,54,21:30,0.0,0.0,0.0,143.47,0.0,80.0,200.0,0.0
2024-07-17,55,21:45,0.0,0.0,0.0,143.47,0.0,80.0,10.0,190.0
2024-07-18,0,08:00,1.8638,9.5021,11.3659,96.74,0.274885,40.0,10.0,0.0
2024-07-18,1,08:15,6.7293,17.0147,23.744,96.74,0.574248,40.0,10.0,0.0
2024-07-18,2,08:30,5.9956,17.1381,23.1337,96.74,0.559488,40.0,10.0,0.0
2024-07-18,3,08:45,7.1179,16.0793,23.1972,96.74,0.561024,40.0,10.0,0.0
2024-07-18,4,09:00,6.1091,3.2115,9.3206,79.22,0.184594,40.0,10.0,0.0
2024-07-18,5,09:15,5.6324,9.5021,15.1345,79.22,0.29974,0.0,50.0,0.0
2024-07-18,6,09:30,5.8458,17.0147,22.8605,79.22,0.452752,0.0,50.0,0.0
2024-07-18,7,09:45,5.1816,17.1381,22.3197,79.22,0.442041,0.0,50.0,0.0
2024-07-18,8,10:00,6.7301,16.0793,22.8094,63.84,0.364038,0.0,50.0,0.0
2024-07-18,9,10:15,3.9878,3.2115,7.1993,63.84,0.114901,0.0,50.0,0.0
2024-07-18,10,10:30,0.0,9.5021,9.5021,63.84,0.151653,60.0,90.0,0.0
2024-07-18,11,10:45,0.0,17.0147,17.0147,63.84,0.271554,60.0,90.0,0.0
2024-07-18,12,11:00,0.0,17.1381,17.1381,47.13,0.20193,60.0,90.0,0.0
2024-07-18,13,11:15,0.0,16.0793,16.0793,47.13,0.189454,60.0,90.0,0.0
2024-07-18,14,11:30,0.0,3.2115,3.2115,47.13,0.037839,60.0,90.0,0.0
2024-07-18,15,11:45,0.0,0.0,0.0,47.13,0.0,60.0,130.0,0.0
2024-07-18,16,12:00,0.0,0.0,0.0,35.01,0.0,60.0,130.0,0.0
2024-07-18,17,12:15,0.0,0.0,0.0,35.01,0.0,60.0,130.0,0.0
2024-07-18,18,12:30,0.0,0.0,0.0,35.01,0.0,60.0,130.0,0.0
2024-07-18,19,12:45,0.0,0.0,0.0,35.01,0.0,60.0,130.0,0.0
2024-07-18,20,13:00,0.0,0.0,0.0,33.96,0.0,60.0,130.0,0.0
2024-07-18,21,13:15,0.0,0.0,0.0,33.96,0.0,60.0,130.0,0.0
2024-07-18,22,13:30,0.0,0.0,0.0,33.96,0.0,60.0,130.0,0.0
2024-07-18,23,13:45,0.0,0.0,0.0,33.96,0.0,60.0,130.0,0.0
2024-07-18,24,14:00,0.0,0.0,0.0,37.01,0.0,60.0,130.0,0.0
2024-07-18,25,14:15,0.0,0.0,0.0,37.01,0.0,60.0,130.0,0.0
2024-07-18,26,14:30,0.0,0.0,0.0,37.01,0.0,60.0,130.0,0.0
2024-07-18,27,14:45,0.0,0.0,0.0,37.01,0.0,60.0,130.0,0.0
2024-07-18,28,15:00,0.0,0.0,0.0,48.78,0.0,60.0,20.0,110.0
2024-07-18,29,15:15,0.0,0.0,0.0,48.78,0.0,60.0,20.0,0.0
2024-07-18,30,15:30,0.0,0.0,0.0,48.78,0.0,60.0,20.0,0.0
2024-07-18,31,15:45,0.0,0.0,0.0,48.78,0.0,60.0,20.0,0.0
2024-07-18,32,16:00,0.0,0.0,0.0,67.56,0.0,60.0,20.0,0.0
2024-07-18,33,16:15,0.0,0.0,0.0,67.56,0.0,60.0,20.0,0.0
2024-07-18,34,16:30,0.0,0.0,0.0,67.56,0.0,60.0,20.0,0.0
2024-07-18,35,16:45,0.0,0.0,0.0,67.56,0.0,60.0,20.0,0.0
2024-07-18,36,17:00,0.0,0.0,0.0,85.48,0.0,60.0,20.0,0.0
2024-07-18,37,17:15,0.0,0.0,0.0,85.48,0.0,60.0,20.0,0.0
2024-07-18,38,17:30,0.0,0.0,0.0,85.48,0.0,60.0,20.0,0.0
2024-07-18,39,17:45,0.0,0.0,0.0,85.48,0.0,60.0,20.0,0.0
2024-07-18,40,18:00,0.0,0.0,0.0,92.0,0.0,60.0,20.0,0.0
2024-07-18,41,18:15,0.0,0.0,0.0,92.0,0.0,60.0,20.0,0.0
2024-07-18,42,18:30,0.0,0.0,0.0,92.0,0.0,60.0,20.0,0.0
2024-07-18,43,18:45,0.0,0.0,0.0,92.0,0.0,60.0,20.0,0.0
2024-07-18,44,19:00,0.0,0.0,0.0,130.18,0.0,60.0,20.0,0.0
2024-07-18,45,19:15,0.0,0.0,0.0,130.18,0.0,60.0,20.0,0.0
2024-07-18,46,19:30,0.0,0.0,0.0,130.18,0.0,60.0,20.0,0.0
2024-07-18,47,19:45,0.0,0.0,0.0,130.18,0.0,60.0,20.0,0.0
2024-07-18,48,20:00,0.0,0.0,0.0,227.6,0.0,60.0,20.0,0.0
2024-07-18,49,20:15,0.0,0.0,0.0,227.6,0.0,60.0,20.0,0.0
2024-07-18,50,20:30,0.0,0.0,0.0,227.6,0.0,60.0,20.0,0.0
2024-07-18,51,20:45,0.0,0.0,0.0,227.6,0.0,60.0,20.0,0.0
2024-07-18,52,21:00,0.0,0.0,0.0,184.46,0.0,60.0,20.0,0.0
2024-07-18,53,21:15,0.0,0.0,0.0,184.46,0.0,60.0,20.0,0.0
2024-07-18,54,21:30,0.0,0.0,0.0,184.46,0.0,60.0,20.0,0.0
2024-07-18,55,21:45,0.0,0.0,0.0,184.46,0.0,60.0,20.0,0.0
2024-07-19,0,08:00,1.8638,9.5021,11.3659,98.4,0.279602,20.0,20.0,0.0
2024-07-19,1,08:15,6.7293,17.0147,23.744,98.4,0.584101,20.0,20.0,0.0
2024-07-19,2,08:30,5.9956,17.1381,23.1337,98.4,0.569089,20.0,20.0,0.0
2024-07-19,3,08:45,7.1179,16.0793,23.1972,98.4,0.57065,20.0,20.0,0.0
2024-07-19,4,09:00,6.1091,3.2115,9.3206,81.43,0.189743,20.0,20.0,0.0
2024-07-19,5,09:15,5.6324,0.0,5.6324,81.43,0.114663,20.0,60.0,0.0
2024-07-19,6,09:30,5.8458,0.0,5.8458,81.43,0.119006,20.0,60.0,0.0
2024-07-19,7,09:45,5.1816,0.0,5.1816,81.43,0.105484,20.0,60.0,0.0
2024-07-19,8,10:00,6.7301,0.0,6.7301,70.0,0.117777,20.0,60.0,0.0
2024-07-19,9,10:15,3.9878,0.0,3.9878,70.0,0.069787,20.0,60.0,0.0
2024-07-19,10,10:30,0.0,9.5021,9.5021,70.0,0.166287,80.0,60.0,0.0
2024-07-19,11,10:45,0.0,17.0147,17.0147,70.0,0.297757,80.0,60.0,0.0
2024-07-19,12,11:00,0.0,17.1381,17.1381,58.75,0.251716,80.0,60.0,0.0
2024-07-19,13,11:15,0.0,16.0793,16.0793,58.75,0.236164,80.0,60.0,0.0
2024-07-19,14,11:30,0.0,3.2115,3.2115,58.75,0.047169,80.0,60.0,0.0
2024-07-19,15,11:45,0.0,9.5021,9.5021,58.75,0.139562,40.0,100.0,0.0
2024-07-19,16,12:00,0.0,17.0147,17.0147,44.34,0.188608,40.0,100.0,0.0
2024-07-19,17,12:15,0.0,17.1381,17.1381,44.34,0.189976,40.0,100.0,0.0
2024-07-19,18,12:30,0.0,16.0793,16.0793,44.34,0.178239,40.0,100.0,0.0
2024-07-19,19,12:45,0.0,3.2115,3.2115,44.34,0.035599,40.0,100.0,0.0
2024-07-19,20,13:00,0.0,0.0,0.0,36.5,0.0,40.0,140.0,0.0
2024-07-19,21,13:15,0.0,0.0,0.0,36.5,0.0,40.0,140.0,0.0
2024-07-19,22,13:30,0.0,0.0,0.0,36.5,0.0,40.0,140.0,0.0
2024-07-19,23,13:45,0.0,0.0,0.0,36.5,0.0,40.0,140.0,0.0
2024-07-19,24,14:00,0.0,0.0,0.0,36.2,0.0,40.0,140.0,0.0
2024-07-19,25,14:15,0.0,0.0,0.0,36.2,0.0,40.0,140.0,0.0
2024-07-19,26,14:30,0.0,0.0,0.0,36.2,0.0,40.0,140.0,0.0
2024-07-19,27,14:45,0.0,0.0,0.0,36.2,0.0,40.0,140.0,0.0
2024-07-19,28,15:00,0.0,0.0,0.0,42.54,0.0,40.0,10.0,130.0
2024-07-19,29,15:15,0.0,0.0,0.0,42.54,0.0,40.0,10.0,0.0
2024-07-19,30,15:30,0.0,0.0,0.0,42.54,0.0,40.0,10.0,0.0
2024-07-19,31,15:45,0.0,0.0,0.0,42.54,0.0,40.0,10.0,0.0
2024-07-19,32,16:00,0.0,0.0,0.0,63.79,0.0,40.0,10.0,0.0
2024-07-19,33,16:15,0.0,0.0,0.0,63.79,0.0,40.0,10.0,0.0
2024-07-19,34,16:30,0.0,0.0,0.0,63.79,0.0,40.0,10.0,0.0
2024-07-19,35,16:45,0.0,0.0,0.0,63.79,0.0,40.0,10.0,0.0
2024-07-19,36,17:00,0.0,0.0,0.0,77.34,0.0,40.0,10.0,0.0
2024-07-19,37,17:15,0.0,0.0,0.0,77.34,0.0,40.0,10.0,0.0
2024-07-19,38,17:30,0.0,0.0,0.0,77.34,0.0,40.0,10.0,0.0
2024-07-19,39,17:45,0.0,0.0,0.0,77.34,0.0,40.0,10.0,0.0
2024-07-19,40,18:00,0.0,0.0,0.0,91.61,0.0,40.0,10.0,0.0
2024-07-19,41,18:15,0.0,0.0,0.0,91.61,0.0,40.0,10.0,0.0
2024-07-19,42,18:30,0.0,0.0,0.0,91.61,0.0,40.0,10.0,0.0
2024-07-19,43,18:45,0.0,0.0,0.0,91.61,0.0,40.0,10.0,0.0
2024-07-19,44,19:00,0.0,0.0,0.0,121.02,0.0,40.0,10.0,0.0
2024-07-19,45,19:15,0.0,0.0,0.0,121.02,0.0,40.0,10.0,0.0
2024-07-19,46,19:30,0.0,0.0,0.0,121.02,0.0,40.0,10.0,0.0
2024-07-19,47,19:45,0.0,0.0,0.0,121.02,0.0,40.0,10.0,0.0
2024-07-19,48,20:00,0.0,0.0,0.0,190.46,0.0,40.0,10.0,0.0
2024-07-19,49,20:15,0.0,0.0,0.0,190.46,0.0,40.0,10.0,0.0
2024-07-19,50,20:30,0.0,0.0,0.0,190.46,0.0,40.0,10.0,0.0
2024-07-19,51,20:45,0.0,0.0,0.0,190.46,0.0,40.0,10.0,0.0
2024-07-19,52,21:00,0.0,0.0,0.0,120.0,0.0,40.0,10.0,0.0
2024-07-19,53,21:15,0.0,0.0,0.0,120.0,0.0,40.0,10.0,0.0
2024-07-19,54,21:30,0.0,0.0,0.0,120.0,0.0,40.0,10.0,0.0
2024-07-19,55,21:45,0.0,0.0,0.0,120.0,0.0,40.0,10.0,0.0
2024-07-22,0,08:00,1.8638,9.5021,11.3659,126.05,0.358169,0.0,10.0,0.0
2024-07-22,1,08:15,6.7293,17.0147,23.744,126.05,0.748231,0.0,10.0,0.0
2024-07-22,2,08:30,5.9956,17.1381,23.1337,126.05,0.729,0.0,10.0,0.0
2024-07-22,3,08:45,7.1179,16.0793,23.1972,126.05,0.731001,0.0,10.0,0.0
2024-07-22,4,09:00,6.1091,3.2115,9.3206,94.34,0.219825,0.0,10.0,0.0
2024-07-22,5,09:15,5.6324,0.0,5.6324,94.34,0.132841,0.0,50.0,0.0
2024-07-22,6,09:30,5.8458,0.0,5.8458,94.34,0.137874,0.0,50.0,0.0
2024-07-22,7,09:45,5.1816,0.0,5.1816,94.34,0.122207,0.0,50.0,0.0
2024-07-22,8,10:00,6.7301,0.0,6.7301,75.14,0.126425,0.0,50.0,0.0
2024-07-22,9,10:15,3.9878,0.0,3.9878,75.14,0.074911,0.0,50.0,0.0
2024-07-22,10,10:30,1.8638,9.5021,11.3659,75.14,0.213509,60.0,50.0,0.0
2024-07-22,11,10:45,6.7293,17.0147,23.744,75.14,0.44603,60.0,50.0,0.0
2024-07-22,12,11:00,5.9956,17.1381,23.1337,72.88,0.421496,60.0,50.0,0.0
2024-07-22,13,11:15,7.1179,16.0793,23.1972,72.88,0.422652,60.0,50.0,0.0
2024-07-22,14,11:30,6.1091,3.2115,9.3206,72.88,0.169821,60.0,50.0,0.0
2024-07-22,15,11:45,5.6324,9.5021,15.1345,72.88,0.275751,20.0,90.0,0.0
2024-07-22,16,12:00,5.8458,17.0147,22.8605,66.22,0.378455,20.0,90.0,0.0
2024-07-22,17,12:15,5.1816,17.1381,22.3197,66.22,0.369502,20.0,90.0,0.0
2024-07-22,18,12:30,6.7301,16.0793,22.8094,66.22,0.377609,20.0,90.0,0.0
2024-07-22,19,12:45,3.9878,3.2115,7.1993,66.22,0.119184,20.0,90.0,0.0
2024-07-22,20,13:00,1.8638,9.5021,11.3659,43.25,0.122894,80.0,130.0,0.0
2024-07-22,21,13:15,6.7293,17.0147,23.744,43.25,0.256731,80.0,130.0,0.0
2024-07-22,22,13:30,5.9956,17.1381,23.1337,43.25,0.250133,80.0,130.0,0.0
2024-07-22,23,13:45,7.1179,16.0793,23.1972,43.25,0.250819,80.0,130.0,0.0
2024-07-22,24,14:00,6.1091,3.2115,9.3206,19.41,0.045228,80.0,130.0,0.0
2024-07-22,25,14:15,5.6324,9.5021,15.1345,19.41,0.07344,40.0,170.0,0.0
2024-07-22,26,14:30,5.8458,17.0147,22.8605,19.41,0.110931,40.0,170.0,0.0
2024-07-22,27,14:45,5.1816,17.1381,22.3197,19.41,0.108306,40.0,170.0,0.0
2024-07-22,28,15:00,6.7301,16.0793,22.8094,20.38,0.116214,40.0,30.0,140.0
2024-07-22,29,15:15,3.9878,3.2115,7.1993,20.38,0.03668,40.0,30.0,0.0
2024-07-22,30,15:30,0.0,9.5021,9.5021,20.38,0.048413,100.0,70.0,0.0
2024-07-22,31,15:45,0.0,17.0147,17.0147,20.38,0.08669,100.0,70.0,0.0
2024-07-22,32,16:00,0.0,17.1381,17.1381,48.46,0.207628,100.0,70.0,0.0
2024-07-22,33,16:15,0.0,16.0793,16.0793,48.46,0.1948,100.0,70.0,0.0
2024-07-22,34,16:30,0.0,3.2115,3.2115,48.46,0.038907,100.0,70.0,0.0
2024-07-22,35,16:45,0.0,9.5021,9.5021,48.46,0.115118,60.0,110.0,0.0
2024-07-22,36,17:00,0.0,17.0147,17.0147,63.69,0.270916,60.0,110.0,0.0
2024-07-22,37,17:15,0.0,17.1381,17.1381,63.69,0.272881,60.0,110.0,0.0
2024-07-22,38,17:30,0.0,16.0793,16.0793,63.69,0.256022,60.0,110.0,0.0
2024-07-22,39,17:45,0.0,3.2115,3.2115,63.69,0.051135,60.0,110.0,0.0
2024-07-22,40,18:00,0.0,9.5021,9.5021,81.15,0.192774,20.0,150.0,0.0
2024-07-22,41,18:15,0.0,17.0147,17.0147,81.15,0.345185,20.0,150.0,0.0
2024-07-22,42,18:30,0.0,17.1381,17.1381,81.15,0.347689,20.0,150.0,0.0
2024-07-22,43,18:45,0.0,16.0793,16.0793,81.15,0.326208,20.0,150.0,0.0
2024-07-22,44,19:00,0.0,3.2115,3.2115,99.04,0.079516,20.0,150.0,0.0
2024-07-22,45,19:15,0.0,0.0,0.0,99.04,0.0,20.0,190.0,0.0
2024-07-22,46,19:30,0.0,0.0,0.0,99.04,0.0,20.0,190.0,0.0
2024-07-22,47,19:45,0.0,0.0,0.0,99.04,0.0,20.0,190.0,0.0
2024-07-22,48,20:00,0.0,0.0,0.0,186.24,0.0,20.0,190.0,0.0
2024-07-22,49,20:15,0.0,0.0,0.0,186.24,0.0,20.0,190.0,0.0
2024-07-22,50,20:30,0.0,0.0,0.0,186.24,0.0,20.0,190.0,0.0
2024-07-22,51,20:45,0.0,0.0,0.0,186.24,0.0,20.0,190.0,0.0
2024-07-22,52,21:00,0.0,0.0,0.0,172.04,0.0,20.0,190.0,0.0
2024-07-22,53,21:15,0.0,0.0,0.0,172.04,0.0,20.0,190.0,0.0
2024-07-22,54,21:30,0.0,0.0,0.0,172.04,0.0,20.0,190.0,0.0
2024-07-22,55,21:45,0.0,0.0,0.0,172.04,0.0,20.0,30.0,160.0
2024-07-23,0,08:00,1.8638,0.0,1.8638,115.21,0.053683,20.0,30.0,0.0
2024-07-23,1,08:15,6.7293,0.0,6.7293,115.21,0.19382,20.0,30.0,0.0
2024-07-23,2,08:30,5.9956,0.0,5.9956,115.21,0.172688,20.0,30.0,0.0
2024-07-23,3,08:45,7.1179,0.0,7.1179,115.21,0.205013,20.0,30.0,0.0
2024-07-23,4,09:00,6.1091,0.0,6.1091,87.29,0.133315,20.0,30.0,0.0
2024-07-23,5,09:15,5.6324,0.0,5.6324,87.29,0.122914,20.0,30.0,0.0
2024-07-23,6,09:30,5.8458,0.0,5.8458,87.29,0.12757,20.0,30.0,0.0
2024-07-23,7,09:45,5.1816,0.0,5.1816,87.29,0.113075,20.0,30.0,0.0
2024-07-23,8,10:00,6.7301,0.0,6.7301,68.87,0.115875,20.0,30.0,0.0
2024-07-23,9,10:15,3.9878,0.0,3.9878,68.87,0.06866,20.0,30.0,0.0
2024-07-23,10,10:30,1.8638,9.5021,11.3659,68.87,0.195693,80.0,30.0,0.0
2024-07-23,11,10:45,6.7293,17.0147,23.744,68.87,0.408812,80.0,30.0,0.0
2024-07-23,12,11:00,5.9956,17.1381,23.1337,61.37,0.354928,80.0,30.0,0.0
2024-07-23,13,11:15,7.1179,16.0793,23.1972,61.37,0.355903,80.0,30.0,0.0
2024-07-23,14,11:30,6.1091,3.2115,9.3206,61.37,0.143001,80.0,30.0,0.0
2024-07-23,15,11:45,5.6324,9.5021,15.1345,61.37,0.232202,40.0,70.0,0.0
2024-07-23,16,12:00,5.8458,17.0147,22.8605,43.42,0.248151,40.0,70.0,0.0
2024-07-23,17,12:15,5.1816,17.1381,22.3197,43.42,0.24228,40.0,70.0,0.0
2024-07-23,18,12:30,6.7301,16.0793,22.8094,43.42,0.247596,40.0,70.0,0.0
2024-07-23,19,12:45,3.9878,3.2115,7.1993,43.42,0.078148,40.0,70.0,0.0
2024-07-23,20,13:00,1.8638,9.5021,11.3659,38.29,0.1088,100.0,110.0,0.0
2024-07-23,21,13:15,6.7293,17.0147,23.744,38.29,0.227289,100.0,110.0,0.0
2024-07-23,22,13:30,5.9956,17.1381,23.1337,38.29,0.221447,100.0,110.0,0.0
2024-07-23,23,13:45,7.1179,16.0793,23.1972,38.29,0.222055,100.0,110.0,0.0
2024-07-23,24,14:00,6.1091,3.2115,9.3206,36.01,0.083908,100.0,110.0,0.0
2024-07-23,25,14:15,5.6324,9.5021,15.1345,36.01,0.136249,60.0,150.0,0.0
2024-07-23,26,14:30,5.8458,17.0147,22.8605,36.01,0.205802,60.0,150.0,0.0
2024-07-23,27,14:45,5.1816,17.1381,22.3197,36.01,0.200933,60.0,150.0,0.0
2024-07-23,28,15:00,6.7301,16.0793,22.8094,41.96,0.23927,60.0,0.0,150.0
2024-07-23,29,15:15,3.9878,3.2115,7.1993,41.96,0.075521,60.0,0.0,0.0
2024-07-23,30,15:30,1.8638,9.5021,11.3659,41.96,0.119229,120.0,40.0,0.0
2024-07-23,31,15:45,6.7293,17.0147,23.744,41.96,0.249074,120.0,40.0,0.0
2024-07-23,32,16:00,5.9956,17.1381,23.1337,64.86,0.375113,120.0,40.0,0.0
2024-07-23,33,16:15,7.1179,16.0793,23.1972,64.86,0.376142,120.0,40.0,0.0
2024-07-23,34,16:30,6.1091,3.2115,9.3206,64.86,0.151133,120.0,40.0,0.0
2024-07-23,35,16:45,5.6324,9.5021,15.1345,64.86,0.245407,80.0,80.0,0.0
2024-07-23,36,17:00,5.8458,17.0147,22.8605,79.53,0.454524,80.0,80.0,0.0
2024-07-23,37,17:15,5.1816,17.1381,22.3197,79.53,0.443771,80.0,80.0,0.0
2024-07-23,38,17:30,6.7301,16.0793,22.8094,79.53,0.453507,80.0,80.0,0.0
2024-07-23,39,17:45,3.9878,3.2115,7.1993,79.53,0.14314,80.0,80.0,0.0
2024-07-23,40,18:00,0.0,9.5021,9.5021,79.92,0.189852,140.0,120.0,0.0
2024-07-23,41,18:15,0.0,17.0147,17.0147,79.92,0.339953,140.0,120.0,0.0
2024-07-23,42,18:30,0.0,17.1381,17.1381,79.92,0.342419,140.0,120.0,0.0
2024-07-23,43,18:45,0.0,16.0793,16.0793,79.92,0.321264,140.0,120.0,0.0
2024-07-23,44,19:00,0.0,3.2115,3.2115,96.03,0.0771,140.0,120.0,0.0
2024-07-23,45,19:15,0.0,9.5021,9.5021,96.03,0.228122,100.0,160.0,0.0
2024-07-23,46,19:30,0.0,17.0147,17.0147,96.03,0.40848,100.0,160.0,0.0
2024-07-23,47,19:45,0.0,17.1381,17.1381,96.03,0.411443,100.0,160.0,0.0
2024-07-23,48,20:00,0.0,16.0793,16.0793,118.52,0.476429,100.0,160.0,0.0
2024-07-23,49,20:15,0.0,3.2115,3.2115,118.52,0.095156,100.0,160.0,0.0
2024-07-23,50,20:30,0.0,9.5021,9.5021,118.52,0.281547,60.0,200.0,0.0
2024-07-23,51,20:45,0.0,17.0147,17.0147,118.52,0.504145,60.0,200.0,0.0
2024-07-23,52,21:00,0.0,17.1381,17.1381,102.01,0.437064,60.0,200.0,0.0
2024-07-23,53,21:15,0.0,16.0793,16.0793,102.01,0.410062,60.0,200.0,0.0
2024-07-23,54,21:30,0.0,3.2115,3.2115,102.01,0.081901,60.0,200.0,0.0
2024-07-23,55,21:45,0.0,0.0,0.0,102.01,0.0,60.0,80.0,160.0
2024-07-24,0,08:00,1.8638,9.5021,11.3659,99.19,0.281847,20.0,80.0,0.0
2024-07-24,1,08:15,6.7293,17.0147,23.744,99.19,0.588791,20.0,80.0,0.0
2024-07-24,2,08:30,5.9956,17.1381,23.1337,99.19,0.573657,20.0,80.0,0.0
2024-07-24,3,08:45,7.1179,16.0793,23.1972,99.19,0.575232,20.0,80.0,0.0
2024-07-24,4,09:00,6.1091,3.2115,9.3206,72.91,0.169891,20.0,80.0,0.0
2024-07-24,5,09:15,5.6324,0.0,5.6324,72.91,0.102665,20.0,120.0,0.0
2024-07-24,6,09:30,5.8458,0.0,5.8458,72.91,0.106555,20.0,120.0,0.0
2024-07-24,7,09:45,5.1816,0.0,5.1816,72.91,0.094447,20.0,120.0,0.0
2024-07-24,8,10:00,6.7301,0.0,6.7301,54.9,0.092371,20.0,120.0,0.0
2024-07-24,9,10:15,3.9878,0.0,3.9878,54.9,0.054733,20.0,120.0,0.0
2024-07-24,10,10:30,1.8638,9.5021,11.3659,54.9,0.155997,80.0,120.0,0.0
2024-07-24,11,10:45,6.7293,17.0147,23.744,54.9,0.325886,80.0,120.0,0.0
2024-07-24,12,11:00,5.9956,17.1381,23.1337,21.19,0.122551,80.0,120.0,0.0
2024-07-24,13,11:15,7.1179,16.0793,23.1972,21.19,0.122887,80.0,120.0,0.0
2024-07-24,14,11:30,6.1091,3.2115,9.3206,21.19,0.049376,80.0,120.0,0.0
2024-07-24,15,11:45,5.6324,9.5021,15.1345,21.19,0.080175,40.0,160.0,0.0
2024-07-24,16,12:00,5.8458,17.0147,22.8605,1.58,0.00903,40.0,160.0,0.0
2024-07-24,17,12:15,5.1816,17.1381,22.3197,1.58,0.008816,40.0,160.0,0.0
2024-07-24,18,12:30,6.7301,16.0793,22.8094,1.58,0.00901,40.0,160.0,0.0
2024-07-24,19,12:45,3.9878,3.2115,7.1993,1.58,0.002844,40.0,160.0,0.0
2024-07-24,20,13:00,0.0,9.5021,9.5021,-0.15,-0.000356,100.0,200.0,0.0
2024-07-24,21,13:15,0.0,17.0147,17.0147,-0.15,-0.000638,100.0,200.0,0.0
2024-07-24,22,13:30,0.0,17.1381,17.1381,-0.15,-0.000643,100.0,200.0,0.0
2024-07-24,23,13:45,0.0,16.0793,16.0793,-0.15,-0.000603,100.0,200.0,0.0
2024-07-24,24,14:00,0.0,3.2115,3.2115,-2.06,-0.001654,100.0,200.0,0.0
2024-07-24,25,14:15,0.0,9.5021,9.5021,-2.06,-0.004894,60.0,240.0,0.0
2024-07-24,26,14:30,0.0,17.0147,17.0147,-2.06,-0.008763,60.0,240.0,0.0
2024-07-24,27,14:45,0.0,17.1381,17.1381,-2.06,-0.008826,60.0,240.0,0.0
2024-07-24,28,15:00,0.0,16.0793,16.0793,-1.96,-0.007879,60.0,70.0,170.0
2024-07-24,29,15:15,0.0,3.2115,3.2115,-1.96,-0.001574,60.0,70.0,0.0
2024-07-24,30,15:30,0.0,9.5021,9.5021,-1.96,-0.004656,20.0,110.0,0.0
2024-07-24,31,15:45,0.0,17.0147,17.0147,-1.96,-0.008337,20.0,110.0,0.0
2024-07-24,32,16:00,0.0,17.1381,17.1381,2.21,0.009469,20.0,110.0,0.0
2024-07-24,33,16:15,0.0,16.0793,16.0793,2.21,0.008884,20.0,110.0,0.0
2024-07-24,34,16:30,0.0,3.2115,3.2115,2.21,0.001774,20.0,110.0,0.0
2024-07-24,35,16:45,0.0,0.0,0.0,2.21,0.0,20.0,150.0,0.0
2024-07-24,36,17:00,0.0,0.0,0.0,39.27,0.0,20.0,150.0,0.0
2024-07-24,37,17:15,0.0,0.0,0.0,39.27,0.0,20.0,150.0,0.0
2024-07-24,38,17:30,0.0,0.0,0.0,39.27,0.0,20.0,150.0,0.0
2024-07-24,39,17:45,0.0,0.0,0.0,39.27,0.0,20.0,150.0,0.0
2024-07-24,40,18:00,0.0,0.0,0.0,69.34,0.0,20.0,150.0,0.0
2024-07-24,41,18:15,0.0,0.0,0.0,69.34,0.0,20.0,150.0,0.0
2024-07-24,42,18:30,0.0,0.0,0.0,69.34,0.0,20.0,150.0,0.0
2024-07-24,43,18:45,0.0,0.0,0.0,69.34,0.0,20.0,150.0,0.0
2024-07-24,44,19:00,0.0,0.0,0.0,95.9,0.0,20.0,150.0,0.0
2024-07-24,45,19:15,0.0,0.0,0.0,95.9,0.0,20.0,150.0,0.0
2024-07-24,46,19:30,0.0,0.0,0.0,95.9,0.0,20.0,150.0,0.0
2024-07-24,47,19:45,0.0,0.0,0.0,95.9,0.0,20.0,150.0,0.0
2024-07-24,48,20:00,0.0,0.0,0.0,109.93,0.0,20.0,150.0,0.0
2024-07-24,49,20:15,0.0,0.0,0.0,109.93,0.0,20.0,150.0,0.0
2024-07-24,50,20:30,0.0,0.0,0.0,109.93,0.0,20.0,150.0,0.0
2024-07-24,51,20:45,0.0,0.0,0.0,109.93,0.0,20.0,150.0,0.0
2024-07-24,52,21:00,0.0,0.0,0.0,121.82,0.0,20.0,150.0,0.0
2024-07-24,53,21:15,0.0,0.0,0.0,121.82,0.0,20.0,150.0,0.0
2024-07-24,54,21:30,0.0,0.0,0.0,121.82,0.0,20.0,150.0,0.0
2024-07-24,55,21:45,0.0,0.0,0.0,121.82,0.0,20.0,20.0,130.0
2024-07-25,0,08:00,1.8638,0.0,1.8638,90.98,0.042393,20.0,20.0,0.0
2024-07-25,1,08:15,6.7293,0.0,6.7293,90.98,0.153057,20.0,20.0,0.0
2024-07-25,2,08:30,5.9956,0.0,5.9956,90.98,0.13637,20.0,20.0,0.0
2024-07-25,3,08:45,7.1179,0.0,7.1179,90.98,0.161896,20.0,20.0,0.0
2024-07-25,4,09:00,6.1091,0.0,6.1091,71.98,0.109933,20.0,20.0,0.0
2024-07-25,5,09:15,5.6324,0.0,5.6324,71.98,0.101356,20.0,20.0,0.0
2024-07-25,6,09:30,5.8458,0.0,5.8458,71.98,0.105195,20.0,20.0,0.0
2024-07-25,7,09:45,5.1816,0.0,5.1816,71.98,0.093242,20.0,20.0,0.0
2024-07-25,8,10:00,6.7301,0.0,6.7301,55.08,0.092673,20.0,20.0,0.0
2024-07-25,9,10:15,3.9878,0.0,3.9878,55.08,0.054912,20.0,20.0,0.0
2024-07-25,10,10:30,0.0,9.5021,9.5021,55.08,0.130844,80.0,20.0,0.0
2024-07-25,11,10:45,0.0,17.0147,17.0147,55.08,0.234292,80.0,20.0,0.0
2024-07-25,12,11:00,0.0,17.1381,17.1381,36.95,0.158313,80.0,20.0,0.0
2024-07-25,13,11:15,0.0,16.0793,16.0793,36.95,0.148532,80.0,20.0,0.0
2024-07-25,14,11:30,0.0,3.2115,3.2115,36.95,0.029666,80.0,20.0,0.0
2024-07-25,15,11:45,0.0,9.5021,9.5021,36.95,0.087776,40.0,60.0,0.0
2024-07-25,16,12:00,0.0,17.0147,17.0147,24.31,0.103407,40.0,60.0,0.0
2024-07-25,17,12:15,0.0,17.1381,17.1381,24.31,0.104157,40.0,60.0,0.0
2024-07-25,18,12:30,0.0,16.0793,16.0793,24.31,0.097722,40.0,60.0,0.0
2024-07-25,19,12:45,0.0,3.2115,3.2115,24.31,0.019518,40.0,60.0,0.0
2024-07-25,20,13:00,0.0,9.5021,9.5021,17.36,0.041239,0.0,100.0,0.0
2024-07-25,21,13:15,0.0,17.0147,17.0147,17.36,0.073844,0.0,100.0,0.0
2024-07-25,22,13:30,0.0,17.1381,17.1381,17.36,0.074379,0.0,100.0,0.0
2024-07-25,23,13:45,0.0,16.0793,16.0793,17.36,0.069784,0.0,100.0,0.0
2024-07-25,24,14:00,0.0,3.2115,3.2115,13.27,0.010654,0.0,100.0,0.0
2024-07-25,25,14:15,0.0,0.0,0.0,13.27,0.0,0.0,140.0,0.0
2024-07-25,26,14:30,0.0,0.0,0.0,13.27,0.0,0.0,140.0,0.0
2024-07-25,27,14:45,0.0,0.0,0.0,13.27,0.0,0.0,140.0,0.0
2024-07-25,28,15:00,0.0,0.0,0.0,26.2,0.0,0.0,10.0,130.0
2024-07-25,29,15:15,0.0,0.0,0.0,26.2,0.0,0.0,10.0,0.0
2024-07-25,30,15:30,0.0,0.0,0.0,26.2,0.0,0.0,10.0,0.0
2024-07-25,31,15:45,0.0,0.0,0.0,26.2,0.0,0.0,10.0,0.0
2024-07-25,32,16:00,0.0,0.0,0.0,53.8,0.0,0.0,10.0,0.0
2024-07-25,33,16:15,0.0,0.0,0.0,53.8,0.0,0.0,10.0,0.0
2024-07-25,34,16:30,0.0,0.0,0.0,53.8,0.0,0.0,10.0,0.0
2024-07-25,35,16:45,0.0,0.0,0.0,53.8,0.0,0.0,10.0,0.0
2024-07-25,36,17:00,0.0,0.0,0.0,80.0,0.0,0.0,10.0,0.0
2024-07-25,37,17:15,0.0,0.0,0.0,80.0,0.0,0.0,10.0,0.0
2024-07-25,38,17:30,0.0,0.0,0.0,80.0,0.0,0.0,10.0,0.0
2024-07-25,39,17:45,0.0,0.0,0.0,80.0,0.0,0.0,10.0,0.0
2024-07-25,40,18:00,0.0,0.0,0.0,97.0,0.0,0.0,10.0,0.0
2024-07-25,41,18:15,0.0,0.0,0.0,97.0,0.0,0.0,10.0,0.0
2024-07-25,42,18:30,0.0,0.0,0.0,97.0,0.0,0.0,10.0,0.0
2024-07-25,43,18:45,0.0,0.0,0.0,97.0,0.0,0.0,10.0,0.0
2024-07-25,44,19:00,0.0,0.0,0.0,126.93,0.0,0.0,10.0,0.0
2024-07-25,45,19:15,0.0,0.0,0.0,126.93,0.0,0.0,10.0,0.0
2024-07-25,46,19:30,0.0,0.0,0.0,126.93,0.0,0.0,10.0,0.0
2024-07-25,47,19:45,0.0,0.0,0.0,126.93,0.0,0.0,10.0,0.0
2024-07-25,48,20:00,0.0,0.0,0.0,155.72,0.0,0.0,10.0,0.0
2024-07-25,49,20:15,0.0,0.0,0.0,155.72,0.0,0.0,10.0,0.0
2024-07-25,50,20:30,0.0,0.0,0.0,155.72,0.0,0.0,10.0,0.0
2024-07-25,51,20:45,0.0,0.0,0.0,155.72,0.0,0.0,10.0,0.0
2024-07-25,52,21:00,0.0,0.0,0.0,131.61,0.0,0.0,10.0,0.0
2024-07-25,53,21:15,0.0,0.0,0.0,131.61,0.0,0.0,10.0,0.0
2024-07-25,54,21:30,0.0,0.0,0.0,131.61,0.0,0.0,10.0,0.0
2024-07-25,55,21:45,0.0,0.0,0.0,131.61,0.0,0.0,10.0,0.0
2024-07-26,0,08:00,1.8638,0.0,1.8638,104.1,0.048506,0.0,10.0,0.0
2024-07-26,1,08:15,6.7293,0.0,6.7293,104.1,0.17513,0.0,10.0,0.0
2024-07-26,2,08:30,5.9956,0.0,5.9956,104.1,0.156035,0.0,10.0,0.0
2024-07-26,3,08:45,7.1179,0.0,7.1179,104.1,0.185243,0.0,10.0,0.0
2024-07-26,4,09:00,6.1091,0.0,6.1091,96.83,0.147885,0.0,10.0,0.0
2024-07-26,5,09:15,5.6324,0.0,5.6324,96.83,0.136347,0.0,10.0,0.0
2024-07-26,6,09:30,5.8458,0.0,5.8458,96.83,0.141513,0.0,10.0,0.0
2024-07-26,7,09:45,5.1816,0.0,5.1816,96.83,0.125433,0.0,10.0,0.0
2024-07-26,8,10:00,6.7301,0.0,6.7301,90.53,0.152319,0.0,10.0,0.0
2024-07-26,9,10:15,3.9878,0.0,3.9878,90.53,0.090254,0.0,10.0,0.0
2024-07-26,10,10:30,1.8638,9.5021,11.3659,90.53,0.257239,60.0,10.0,0.0
2024-07-26,11,10:45,6.7293,17.0147,23.744,90.53,0.537385,60.0,10.0,0.0
2024-07-26,12,11:00,5.9956,17.1381,23.1337,81.35,0.470481,60.0,10.0,0.0
2024-07-26,13,11:15,7.1179,16.0793,23.1972,81.35,0.471773,60.0,10.0,0.0
2024-07-26,14,11:30,6.1091,3.2115,9.3206,81.35,0.189557,60.0,10.0,0.0
2024-07-26,15,11:45,5.6324,9.5021,15.1345,81.35,0.307799,20.0,50.0,0.0
2024-07-26,16,12:00,5.8458,17.0147,22.8605,70.0,0.400059,20.0,50.0,0.0
2024-07-26,17,12:15,5.1816,17.1381,22.3197,70.0,0.390594,20.0,50.0,0.0
2024-07-26,18,12:30,6.7301,16.0793,22.8094,70.0,0.399164,20.0,50.0,0.0
2024-07-26,19,12:45,3.9878,3.2115,7.1993,70.0,0.125988,20.0,50.0,0.0
2024-07-26,20,13:00,0.0,9.5021,9.5021,63.12,0.149943,80.0,90.0,0.0
2024-07-26,21,13:15,0.0,17.0147,17.0147,63.12,0.268492,80.0,90.0,0.0
2024-07-26,22,13:30,0.0,17.1381,17.1381,63.12,0.270439,80.0,90.0,0.0
2024-07-26,23,13:45,0.0,16.0793,16.0793,63.12,0.253731,80.0,90.0,0.0
2024-07-26,24,14:00,0.0,3.2115,3.2115,60.19,0.048325,80.0,90.0,0.0
2024-07-26,25,14:15,0.0,0.0,0.0,60.19,0.0,80.0,130.0,0.0
2024-07-26,26,14:30,0.0,0.0,0.0,60.19,0.0,80.0,130.0,0.0
2024-07-26,27,14:45,0.0,0.0,0.0,60.19,0.0,80.0,130.0,0.0
2024-07-26,28,15:00,0.0,0.0,0.0,68.14,0.0,80.0,130.0,0.0
2024-07-26,29,15:15,0.0,0.0,0.0,68.14,0.0,80.0,130.0,0.0
2024-07-26,30,15:30,0.0,0.0,0.0,68.14,0.0,80.0,130.0,0.0
2024-07-26,31,15:45,0.0,0.0,0.0,68.14,0.0,80.0,130.0,0.0
2024-07-26,32,16:00,0.0,0.0,0.0,72.84,0.0,80.0,130.0,0.0
2024-07-26,33,16:15,0.0,0.0,0.0,72.84,0.0,80.0,130.0,0.0
2024-07-26,34,16:30,0.0,0.0,0.0,72.84,0.0,80.0,130.0,0.0
2024-07-26,35,16:45,0.0,0.0,0.0,72.84,0.0,80.0,130.0,0.0
2024-07-26,36,17:00,0.0,0.0,0.0,88.52,0.0,80.0,130.0,0.0
2024-07-26,37,17:15,0.0,0.0,0.0,88.52,0.0,80.0,130.0,0.0
2024-07-26,38,17:30,0.0,0.0,0.0,88.52,0.0,80.0,130.0,0.0
2024-07-26,39,17:45,0.0,0.0,0.0,88.52,0.0,80.0,130.0,0.0
2024-07-26,40,18:00,0.0,0.0,0.0,94.34,0.0,80.0,130.0,0.0
2024-07-26,41,18:15,0.0,0.0,0.0,94.34,0.0,80.0,130.0,0.0
2024-07-26,42,18:30,0.0,0.0,0.0,94.34,0.0,80.0,130.0,0.0
2024-07-26,43,18:45,0.0,0.0,0.0,94.34,0.0,80.0,130.0,0.0
2024-07-26,44,19:00,0.0,0.0,0.0,107.79,0.0,80.0,130.0,0.0
2024-07-26,45,19:15,0.0,0.0,0.0,107.79,0.0,80.0,130.0,0.0
2024-07-26,46,19:30,0.0,0.0,0.0,107.79,0.0,80.0,130.0,0.0
2024-07-26,47,19:45,0.0,0.0,0.0,107.79,0.0,80.0,130.0,0.0
2024-07-26,48,20:00,0.0,0.0,0.0,143.25,0.0,80.0,130.0,0.0
2024-07-26,49,20:15,0.0,0.0,0.0,143.25,0.0,80.0,130.0,0.0
2024-07-26,50,20:30,0.0,0.0,0.0,143.25,0.0,80.0,130.0,0.0
2024-07-26,51,20:45,0.0,0.0,0.0,143.25,0.0,80.0,130.0,0.0
2024-07-26,52,21:00,0.0,0.0,0.0,139.0,0.0,80.0,130.0,0.0
2024-07-26,53,21:15,0.0,0.0,0.0,139.0,0.0,80.0,130.0,0.0
2024-07-26,54,21:30,0.0,0.0,0.0,139.0,0.0,80.0,130.0,0.0
2024-07-26,55,21:45,0.0,0.0,0.0,139.0,0.0,80.0,30.0,100.0
2024-07-29,0,08:00,1.8638,9.5021,11.3659,98.46,0.279772,40.0,30.0,0.0
2024-07-29,1,08:15,6.7293,17.0147,23.744,98.46,0.584457,40.0,30.0,0.0
2024-07-29,2,08:30,5.9956,17.1381,23.1337,98.46,0.569436,40.0,30.0,0.0
2024-07-29,3,08:45,7.1179,16.0793,23.1972,98.46,0.570998,40.0,30.0,0.0
2024-07-29,4,09:00,6.1091,3.2115,9.3206,63.66,0.148337,40.0,30.0,0.0
2024-07-29,5,09:15,5.6324,9.5021,15.1345,63.66,0.240866,0.0,70.0,0.0
2024-07-29,6,09:30,5.8458,17.0147,22.8605,63.66,0.363825,0.0,70.0,0.0
2024-07-29,7,09:45,5.1816,17.1381,22.3197,63.66,0.355217,0.0,70.0,0.0
2024-07-29,8,10:00,6.7301,16.0793,22.8094,10.58,0.060331,0.0,70.0,0.0
2024-07-29,9,10:15,3.9878,3.2115,7.1993,10.58,0.019042,0.0,70.0,0.0
2024-07-29,10,10:30,1.8638,9.5021,11.3659,10.58,0.030063,60.0,110.0,0.0
2024-07-29,11,10:45,6.7293,17.0147,23.744,10.58,0.062803,60.0,110.0,0.0
2024-07-29,12,11:00,5.9956,17.1381,23.1337,-0.16,-0.000925,60.0,110.0,0.0
2024-07-29,13,11:15,7.1179,16.0793,23.1972,-0.16,-0.000928,60.0,110.0,0.0
2024-07-29,14,11:30,6.1091,3.2115,9.3206,-0.16,-0.000373,60.0,110.0,0.0
2024-07-29,15,11:45,5.6324,9.5021,15.1345,-0.16,-0.000605,20.0,150.0,0.0
2024-07-29,16,12:00,5.8458,17.0147,22.8605,-0.19,-0.001086,20.0,150.0,0.0
2024-07-29,17,12:15,5.1816,17.1381,22.3197,-0.19,-0.00106,20.0,150.0,0.0
2024-07-29,18,12:30,6.7301,16.0793,22.8094,-0.19,-0.001083,20.0,150.0,0.0
2024-07-29,19,12:45,3.9878,3.2115,7.1993,-0.19,-0.000342,20.0,150.0,0.0
2024-07-29,20,13:00,1.8638,9.5021,11.3659,-1.7,-0.004831,80.0,190.0,0.0
2024-07-29,21,13:15,6.7293,17.0147,23.744,-1.7,-0.010091,80.0,190.0,0.0
2024-07-29,22,13:30,5.9956,17.1381,23.1337,-1.7,-0.009832,80.0,190.0,0.0
2024-07-29,23,13:45,7.1179,16.0793,23.1972,-1.7,-0.009859,80.0,190.0,0.0
2024-07-29,24,14:00,6.1091,3.2115,9.3206,-0.98,-0.002284,80.0,190.0,0.0
2024-07-29,25,14:15,5.6324,9.5021,15.1345,-0.98,-0.003708,40.0,230.0,0.0
2024-07-29,26,14:30,5.8458,17.0147,22.8605,-0.98,-0.005601,40.0,230.0,0.0
2024-07-29,27,14:45,5.1816,17.1381,22.3197,-0.98,-0.005468,40.0,230.0,0.0
2024-07-29,28,15:00,6.7301,16.0793,22.8094,-0.07,-0.000399,40.0,60.0,170.0
2024-07-29,29,15:15,3.9878,3.2115,7.1993,-0.07,-0.000126,40.0,60.0,0.0
2024-07-29,30,15:30,0.0,9.5021,9.5021,-0.07,-0.000166,100.0,100.0,0.0
2024-07-29,31,15:45,0.0,17.0147,17.0147,-0.07,-0.000298,100.0,100.0,0.0
2024-07-29,32,16:00,0.0,17.1381,17.1381,13.74,0.058869,100.0,100.0,0.0
2024-07-29,33,16:15,0.0,16.0793,16.0793,13.74,0.055232,100.0,100.0,0.0
2024-07-29,34,16:30,0.0,3.2115,3.2115,13.74,0.011031,100.0,100.0,0.0
2024-07-29,35,16:45,0.0,9.5021,9.5021,13.74,0.03264,60.0,140.0,0.0
2024-07-29,36,17:00,0.0,17.0147,17.0147,64.48,0.274277,60.0,140.0,0.0
2024-07-29,37,17:15,0.0,17.1381,17.1381,64.48,0.276266,60.0,140.0,0.0
2024-07-29,38,17:30,0.0,16.0793,16.0793,64.48,0.259198,60.0,140.0,0.0
2024-07-29,39,17:45,0.0,3.2115,3.2115,64.48,0.051769,60.0,140.0,0.0
2024-07-29,40,18:00,0.0,0.0,0.0,96.91,0.0,60.0,180.0,0.0
2024-07-29,41,18:15,0.0,0.0,0.0,96.91,0.0,60.0,180.0,0.0
2024-07-29,42,18:30,0.0,0.0,0.0,96.91,0.0,60.0,180.0,0.0
2024-07-29,43,18:45,0.0,0.0,0.0,96.91,0.0,60.0,180.0,0.0
2024-07-29,44,19:00,0.0,0.0,0.0,123.24,0.0,60.0,180.0,0.0
2024-07-29,45,19:15,0.0,0.0,0.0,123.24,0.0,60.0,180.0,0.0
2024-07-29,46,19:30,0.0,0.0,0.0,123.24,0.0,60.0,180.0,0.0
2024-07-29,47,19:45,0.0,0.0,0.0,123.24,0.0,60.0,180.0,0.0
2024-07-29,48,20:00,0.0,0.0,0.0,178.07,0.0,60.0,180.0,0.0
2024-07-29,49,20:15,0.0,0.0,0.0,178.07,0.0,60.0,180.0,0.0
2024-07-29,50,20:30,0.0,0.0,0.0,178.07,0.0,60.0,180.0,0.0
2024-07-29,51,20:45,0.0,0.0,0.0,178.07,0.0,60.0,180.0,0.0
2024-07-29,52,21:00,0.0,0.0,0.0,132.72,0.0,60.0,180.0,0.0
2024-07-29,53,21:15,0.0,0.0,0.0,132.72,0.0,60.0,180.0,0.0
2024-07-29,54,21:30,0.0,0.0,0.0,132.72,0.0,60.0,180.0,0.0
2024-07-29,55,21:45,0.0,0.0,0.0,132.72,0.0,60.0,20.0,160.0
2024-07-30,0,08:00,1.8638,9.5021,11.3659,99.65,0.283154,20.0,20.0,0.0
2024-07-30,1,08:15,6.7293,17.0147,23.744,99.65,0.591521,20.0,20.0,0.0
2024-07-30,2,08:30,5.9956,17.1381,23.1337,99.65,0.576318,20.0,20.0,0.0
2024-07-30,3,08:45,7.1179,16.0793,23.1972,99.65,0.5779,20.0,20.0,0.0
2024-07-30,4,09:00,6.1091,3.2115,9.3206,67.78,0.157937,20.0,20.0,0.0
2024-07-30,5,09:15,5.6324,0.0,5.6324,67.78,0.095442,20.0,60.0,0.0
2024-07-30,6,09:30,5.8458,0.0,5.8458,67.78,0.099057,20.0,60.0,0.0
2024-07-30,7,09:45,5.1816,0.0,5.1816,67.78,0.087802,20.0,60.0,0.0
2024-07-30,8,10:00,6.7301,0.0,6.7301,37.52,0.063128,20.0,60.0,0.0
2024-07-30,9,10:15,3.9878,0.0,3.9878,37.52,0.037406,20.0,60.0,0.0
2024-07-30,10,10:30,1.8638,9.5021,11.3659,37.52,0.106612,80.0,60.0,0.0
2024-07-30,11,10:45,6.7293,17.0147,23.744,37.52,0.222718,80.0,60.0,0.0
2024-07-30,12,11:00,5.9956,17.1381,23.1337,7.84,0.045342,80.0,60.0,0.0
2024-07-30,13,11:15,7.1179,16.0793,23.1972,7.84,0.045466,80.0,60.0,0.0
2024-07-30,14,11:30,6.1091,3.2115,9.3206,7.84,0.018268,80.0,60.0,0.0
2024-07-30,15,11:45,5.6324,9.5021,15.1345,7.84,0.029664,40.0,100.0,0.0
2024-07-30,16,12:00,5.8458,17.0147,22.8605,1.09,0.006229,40.0,100.0,0.0
2024-07-30,17,12:15,5.1816,17.1381,22.3197,1.09,0.006082,40.0,100.0,0.0
2024-07-30,18,12:30,6.7301,16.0793,22.8094,1.09,0.006216,40.0,100.0,0.0
2024-07-30,19,12:45,3.9878,3.2115,7.1993,1.09,0.001962,40.0,100.0,0.0
2024-07-30,20,13:00,1.8638,9.5021,11.3659,-0.04,-0.000114,100.0,140.0,0.0
2024-07-30,21,13:15,6.7293,17.0147,23.744,-0.04,-0.000237,100.0,140.0,0.0
2024-07-30,22,13:30,5.9956,17.1381,23.1337,-0.04,-0.000231,100.0,140.0,0.0
2024-07-30,23,13:45,7.1179,16.0793,23.1972,-0.04,-0.000232,100.0,140.0,0.0
2024-07-30,24,14:00,6.1091,3.2115,9.3206,-0.06,-0.00014,100.0,140.0,0.0
2024-07-30,25,14:15,5.6324,9.5021,15.1345,-0.06,-0.000227,60.0,180.0,0.0
2024-07-30,26,14:30,5.8458,17.0147,22.8605,-0.06,-0.000343,60.0,180.0,0.0
2024-07-30,27,14:45,5.1816,17.1381,22.3197,-0.06,-0.000335,60.0,180.0,0.0
2024-07-30,28,15:00,6.7301,16.0793,22.8094,13.25,0.075556,60.0,50.0,130.0
2024-07-30,29,15:15,3.9878,3.2115,7.1993,13.25,0.023848,60.0,50.0,0.0
2024-07-30,30,15:30,0.0,9.5021,9.5021,13.25,0.031476,120.0,90.0,0.0
2024-07-30,31,15:45,0.0,17.0147,17.0147,13.25,0.056361,120.0,90.0,0.0
2024-07-30,32,16:00,0.0,17.1381,17.1381,40.68,0.174294,120.0,90.0,0.0
2024-07-30,33,16:15,0.0,16.0793,16.0793,40.68,0.163526,120.0,90.0,0.0
2024-07-30,34,16:30,0.0,3.2115,3.2115,40.68,0.032661,120.0,90.0,0.0
2024-07-30,35,16:45,0.0,9.5021,9.5021,40.68,0.096636,80.0,130.0,0.0
2024-07-30,36,17:00,0.0,17.0147,17.0147,78.1,0.332211,80.0,130.0,0.0
2024-07-30,37,17:15,0.0,17.1381,17.1381,78.1,0.334621,80.0,130.0,0.0
2024-07-30,38,17:30,0.0,16.0793,16.0793,78.1,0.313948,80.0,130.0,0.0
2024-07-30,39,17:45,0.0,3.2115,3.2115,78.1,0.062704,80.0,130.0,0.0
2024-07-30,40,18:00,0.0,0.0,0.0,103.4,0.0,80.0,170.0,0.0
2024-07-30,41,18:15,0.0,0.0,0.0,103.4,0.0,80.0,170.0,0.0
2024-07-30,42,18:30,0.0,0.0,0.0,103.4,0.0,80.0,170.0,0.0
2024-07-30,43,18:45,0.0,0.0,0.0,103.4,0.0,80.0,170.0,0.0
2024-07-30,44,19:00,0.0,0.0,0.0,129.44,0.0,80.0,170.0,0.0
2024-07-30,45,19:15,0.0,0.0,0.0,129.44,0.0,80.0,170.0,0.0
2024-07-30,46,19:30,0.0,0.0,0.0,129.44,0.0,80.0,170.0,0.0
2024-07-30,47,19:45,0.0,0.0,0.0,129.44,0.0,80.0,170.0,0.0
2024-07-30,48,20:00,0.0,0.0,0.0,177.13,0.0,80.0,170.0,0.0
2024-07-30,49,20:15,0.0,0.0,0.0,177.13,0.0,80.0,170.0,0.0
2024-07-30,50,20:30,0.0,0.0,0.0,177.13,0.0,80.0,170.0,0.0
2024-07-30,51,20:45,0.0,0.0,0.0,177.13,0.0,80.0,170.0,0.0
2024-07-30,52,21:00,0.0,0.0,0.0,147.67,0.0,80.0,170.0,0.0
2024-07-30,53,21:15,0.0,0.0,0.0,147.67,0.0,80.0,170.0,0.0
2024-07-30,54,21:30,0.0,0.0,0.0,147.67,0.0,80.0,170.0,0.0
2024-07-30,55,21:45,0.0,0.0,0.0,147.67,0.0,80.0,30.0,140.0
2024-07-31,0,08:00,1.8638,9.5021,11.3659,95.26,0.27068,40.0,30.0,0.0
2024-07-31,1,08:15,6.7293,17.0147,23.744,95.26,0.565462,40.0,30.0,0.0
2024-07-31,2,08:30,5.9956,17.1381,23.1337,95.26,0.550929,40.0,30.0,0.0
2024-07-31,3,08:45,7.1179,16.0793,23.1972,95.26,0.552441,40.0,30.0,0.0
2024-07-31,4,09:00,6.1091,3.2115,9.3206,79.02,0.184128,40.0,30.0,0.0
2024-07-31,5,09:15,5.6324,9.5021,15.1345,79.02,0.298983,0.0,70.0,0.0
2024-07-31,6,09:30,5.8458,17.0147,22.8605,79.02,0.451609,0.0,70.0,0.0
2024-07-31,7,09:45,5.1816,17.1381,22.3197,79.02,0.440925,0.0,70.0,0.0
2024-07-31,8,10:00,6.7301,16.0793,22.8094,55.89,0.318704,0.0,70.0,0.0
2024-07-31,9,10:15,3.9878,3.2115,7.1993,55.89,0.100592,0.0,70.0,0.0
2024-07-31,10,10:30,1.8638,9.5021,11.3659,55.89,0.158811,60.0,110.0,0.0
2024-07-31,11,10:45,6.7293,17.0147,23.744,55.89,0.331762,60.0,110.0,0.0
2024-07-31,12,11:00,5.9956,17.1381,23.1337,33.46,0.193513,60.0,110.0,0.0
2024-07-31,13,11:15,7.1179,16.0793,23.1972,33.46,0.194044,60.0,110.0,0.0
2024-07-31,14,11:30,6.1091,3.2115,9.3206,33.46,0.077966,60.0,110.0,0.0
2024-07-31,15,11:45,5.6324,9.5021,15.1345,33.46,0.1266,20.0,150.0,0.0
2024-07-31,16,12:00,5.8458,17.0147,22.8605,21.75,0.124304,20.0,150.0,0.0
2024-07-31,17,12:15,5.1816,17.1381,22.3197,21.75,0.121363,20.0,150.0,0.0
2024-07-31,18,12:30,6.7301,16.0793,22.8094,21.75,0.124026,20.0,150.0,0.0
2024-07-31,19,12:45,3.9878,3.2115,7.1993,21.75,0.039146,20.0,150.0,0.0
2024-07-31,20,13:00,0.0,9.5021,9.5021,11.36,0.026986,80.0,190.0,0.0
2024-07-31,21,13:15,0.0,17.0147,17.0147,11.36,0.048322,80.0,190.0,0.0
2024-07-31,22,13:30,0.0,17.1381,17.1381,11.36,0.048672,80.0,190.0,0.0
2024-07-31,23,13:45,0.0,16.0793,16.0793,11.36,0.045665,80.0,190.0,0.0
2024-07-31,24,14:00,0.0,3.2115,3.2115,17.53,0.014074,80.0,190.0,0.0
2024-07-31,25,14:15,0.0,9.5021,9.5021,17.53,0.041643,40.0,230.0,0.0
2024-07-31,26,14:30,0.0,17.0147,17.0147,17.53,0.074567,40.0,230.0,0.0
2024-07-31,27,14:45,0.0,17.1381,17.1381,17.53,0.075108,40.0,230.0,0.0
2024-07-31,28,15:00,0.0,16.0793,16.0793,31.74,0.127589,40.0,80.0,150.0
2024-07-31,29,15:15,0.0,3.2115,3.2115,31.74,0.025483,40.0,80.0,0.0
2024-07-31,30,15:30,0.0,9.5021,9.5021,31.74,0.075399,0.0,120.0,0.0
2024-07-31,31,15:45,0.0,17.0147,17.0147,31.74,0.135011,0.0,120.0,0.0
2024-07-31,32,16:00,0.0,17.1381,17.1381,46.09,0.197474,0.0,120.0,0.0
2024-07-31,33,16:15,0.0,16.0793,16.0793,46.09,0.185274,0.0,120.0,0.0
2024-07-31,34,16:30,0.0,3.2115,3.2115,46.09,0.037004,0.0,120.0,0.0
2024-07-31,35,16:45,0.0,0.0,0.0,46.09,0.0,0.0,160.0,0.0
2024-07-31,36,17:00,0.0,0.0,0.0,75.85,0.0,0.0,160.0,0.0
2024-07-31,37,17:15,0.0,0.0,0.0,75.85,0.0,0.0,160.0,0.0
2024-07-31,38,17:30,0.0,0.0,0.0,75.85,0.0,0.0,160.0,0.0
2024-07-31,39,17:45,0.0,0.0,0.0,75.85,0.0,0.0,160.0,0.0
2024-07-31,40,18:00,0.0,0.0,0.0,99.16,0.0,0.0,160.0,0.0
2024-07-31,41,18:15,0.0,0.0,0.0,99.16,0.0,0.0,160.0,0.0
2024-07-31,42,18:30,0.0,0.0,0.0,99.16,0.0,0.0,160.0,0.0
2024-07-31,43,18:45,0.0,0.0,0.0,99.16,0.0,0.0,160.0,0.0
2024-07-31,44,19:00,0.0,0.0,0.0,115.39,0.0,0.0,160.0,0.0
2024-07-31,45,19:15,0.0,0.0,0.0,115.39,0.0,0.0,160.0,0.0
2024-07-31,46,19:30,0.0,0.0,0.0,115.39,0.0,0.0,160.0,0.0
2024-07-31,47,19:45,0.0,0.0,0.0,115.39,0.0,0.0,160.0,0.0
2024-07-31,48,20:00,0.0,0.0,0.0,136.15,0.0,0.0,160.0,0.0
2024-07-31,49,20:15,0.0,0.0,0.0,136.15,0.0,0.0,160.0,0.0
2024-07-31,50,20:30,0.0,0.0,0.0,136.15,0.0,0.0,160.0,0.0
2024-07-31,51,20:45,0.0,0.0,0.0,136.15,0.0,0.0,160.0,0.0
2024-07-31,52,21:00,0.0,0.0,0.0,116.19,0.0,0.0,160.0,0.0
2024-07-31,53,21:15,0.0,0.0,0.0,116.19,0.0,0.0,160.0,0.0
2024-07-31,54,21:30,0.0,0.0,0.0,116.19,0.0,0.0,160.0,0.0
2024-07-31,55,21:45,0.0,0.0,0.0,116.19,0.0,0.0,20.0,140.0
2024-08-01,0,08:00,1.8638,0.0,1.8638,105.95,0.049368,0.0,20.0,0.0
2024-08-01,1,08:15,6.7293,0.0,6.7293,105.95,0.178242,0.0,20.0,0.0
2024-08-01,2,08:30,5.9956,0.0,5.9956,105.95,0.158808,0.0,20.0,0.0
2024-08-01,3,08:45,7.1179,0.0,7.1179,105.95,0.188535,0.0,20.0,0.0
2024-08-01,4,09:00,6.1091,0.0,6.1091,90.1,0.137607,0.0,20.0,0.0
2024-08-01,5,09:15,5.6324,0.0,5.6324,90.1,0.126871,0.0,20.0,0.0
2024-08-01,6,09:30,5.8458,0.0,5.8458,90.1,0.131677,0.0,20.0,0.0
2024-08-01,7,09:45,5.1816,0.0,5.1816,90.1,0.116715,0.0,20.0,0.0
2024-08-01,8,10:00,6.7301,0.0,6.7301,76.95,0.12947,0.0,20.0,0.0
2024-08-01,9,10:15,3.9878,0.0,3.9878,76.95,0.076715,0.0,20.0,0.0
2024-08-01,10,10:30,1.8638,9.5021,11.3659,76.95,0.218652,60.0,20.0,0.0
2024-08-01,11,10:45,6.7293,17.0147,23.744,76.95,0.456774,60.0,20.0,0.0
2024-08-01,12,11:00,5.9956,17.1381,23.1337,67.64,0.391191,60.0,20.0,0.0
2024-08-01,13,11:15,7.1179,16.0793,23.1972,67.64,0.392264,60.0,20.0,0.0
2024-08-01,14,11:30,6.1091,3.2115,9.3206,67.64,0.157611,60.0,20.0,0.0
2024-08-01,15,11:45,5.6324,9.5021,15.1345,67.64,0.255925,20.0,60.0,0.0
2024-08-01,16,12:00,5.8458,17.0147,22.8605,64.03,0.365939,20.0,60.0,0.0
2024-08-01,17,12:15,5.1816,17.1381,22.3197,64.03,0.357282,20.0,60.0,0.0
2024-08-01,18,12:30,6.7301,16.0793,22.8094,64.03,0.365121,20.0,60.0,0.0
2024-08-01,19,12:45,3.9878,3.2115,7.1993,64.03,0.115243,20.0,60.0,0.0
2024-08-01,20,13:00,0.0,9.5021,9.5021,60.38,0.143434,80.0,100.0,0.0
2024-08-01,21,13:15,0.0,17.0147,17.0147,60.38,0.256836,80.0,100.0,0.0
2024-08-01,22,13:30,0.0,17.1381,17.1381,60.38,0.2587,80.0,100.0,0.0
2024-08-01,23,13:45,0.0,16.0793,16.0793,60.38,0.242717,80.0,100.0,0.0
2024-08-01,24,14:00,0.0,3.2115,3.2115,62.39,0.050091,80.0,100.0,0.0
2024-08-01,25,14:15,0.0,0.0,0.0,62.39,0.0,80.0,140.0,0.0
2024-08-01,26,14:30,0.0,0.0,0.0,62.39,0.0,80.0,140.0,0.0
2024-08-01,27,14:45,0.0,0.0,0.0,62.39,0.0,80.0,140.0,0.0
2024-08-01,28,15:00,0.0,0.0,0.0,71.22,0.0,80.0,20.0,120.0
2024-08-01,29,15:15,0.0,0.0,0.0,71.22,0.0,80.0,20.0,0.0
2024-08-01,30,15:30,0.0,0.0,0.0,71.22,0.0,80.0,20.0,0.0
2024-08-01,31,15:45,0.0,0.0,0.0,71.22,0.0,80.0,20.0,0.0
2024-08-01,32,16:00,0.0,0.0,0.0,77.39,0.0,80.0,20.0,0.0
2024-08-01,33,16:15,0.0,0.0,0.0,77.39,0.0,80.0,20.0,0.0
2024-08-01,34,16:30,0.0,0.0,0.0,77.39,0.0,80.0,20.0,0.0
2024-08-01,35,16:45,0.0,0.0,0.0,77.39,0.0,80.0,20.0,0.0
2024-08-01,36,17:00,0.0,0.0,0.0,95.16,0.0,80.0,20.0,0.0
2024-08-01,37,17:15,0.0,0.0,0.0,95.16,0.0,80.0,20.0,0.0
2024-08-01,38,17:30,0.0,0.0,0.0,95.16,0.0,80.0,20.0,0.0
2024-08-01,39,17:45,0.0,0.0,0.0,95.16,0.0,80.0,20.0,0.0
2024-08-01,40,18:00,0.0,0.0,0.0,102.83,0.0,80.0,20.0,0.0
2024-08-01,41,18:15,0.0,0.0,0.0,102.83,0.0,80.0,20.0,0.0
2024-08-01,42,18:30,0.0,0.0,0.0,102.83,0.0,80.0,20.0,0.0
2024-08-01,43,18:45,0.0,0.0,0.0,102.83,0.0,80.0,20.0,0.0
2024-08-01,44,19:00,0.0,0.0,0.0,112.5,0.0,80.0,20.0,0.0
2024-08-01,45,19:15,0.0,0.0,0.0,112.5,0.0,80.0,20.0,0.0
2024-08-01,46,19:30,0.0,0.0,0.0,112.5,0.0,80.0,20.0,0.0
2024-08-01,47,19:45,0.0,0.0,0.0,112.5,0.0,80.0,20.0,0.0
2024-08-01,48,20:00,0.0,0.0,0.0,138.07,0.0,80.0,20.0,0.0
2024-08-01,49,20:15,0.0,0.0,0.0,138.07,0.0,80.0,20.0,0.0
2024-08-01,50,20:30,0.0,0.0,0.0,138.07,0.0,80.0,20.0,0.0
2024-08-01,51,20:45,0.0,0.0,0.0,138.07,0.0,80.0,20.0,0.0
2024-08-01,52,21:00,0.0,0.0,0.0,124.03,0.0,80.0,20.0,0.0
2024-08-01,53,21:15,0.0,0.0,0.0,124.03,0.0,80.0,20.0,0.0
2024-08-01,54,21:30,0.0,0.0,0.0,124.03,0.0,80.0,20.0,0.0
2024-08-01,55,21:45,0.0,0.0,0.0,124.03,0.0,80.0,20.0,0.0
2024-08-02,0,08:00,1.8638,9.5021,11.3659,113.19,0.321627,40.0,20.0,0.0
2024-08-02,1,08:15,6.7293,17.0147,23.744,113.19,0.671895,40.0,20.0,0.0
2024-08-02,2,08:30,5.9956,17.1381,23.1337,113.19,0.654625,40.0,20.0,0.0
2024-08-02,3,08:45,7.1179,16.0793,23.1972,113.19,0.656422,40.0,20.0,0.0
2024-08-02,4,09:00,6.1091,3.2115,9.3206,104.42,0.243313,40.0,20.0,0.0
2024-08-02,5,09:15,5.6324,9.5021,15.1345,104.42,0.395087,0.0,60.0,0.0
2024-08-02,6,09:30,5.8458,17.0147,22.8605,104.42,0.596773,0.0,60.0,0.0
2024-08-02,7,09:45,5.1816,17.1381,22.3197,104.42,0.582655,0.0,60.0,0.0
2024-08-02,8,10:00,6.7301,16.0793,22.8094,91.68,0.522791,0.0,60.0,0.0
2024-08-02,9,10:15,3.9878,3.2115,7.1993,91.68,0.165008,0.0,60.0,0.0
2024-08-02,10,10:30,1.8638,9.5021,11.3659,91.68,0.260507,60.0,100.0,0.0
2024-08-02,11,10:45,6.7293,17.0147,23.744,91.68,0.544211,60.0,100.0,0.0
2024-08-02,12,11:00,5.9956,17.1381,23.1337,77.69,0.449314,60.0,100.0,0.0
2024-08-02,13,11:15,7.1179,16.0793,23.1972,77.69,0.450547,60.0,100.0,0.0
2024-08-02,14,11:30,6.1091,3.2115,9.3206,77.69,0.181029,60.0,100.0,0.0
2024-08-02,15,11:45,5.6324,9.5021,15.1345,77.69,0.293951,20.0,140.0,0.0
2024-08-02,16,12:00,5.8458,17.0147,22.8605,73.58,0.420519,20.0,140.0,0.0
2024-08-02,17,12:15,5.1816,17.1381,22.3197,73.58,0.41057,20.0,140.0,0.0
2024-08-02,18,12:30,6.7301,16.0793,22.8094,73.58,0.419579,20.0,140.0,0.0
2024-08-02,19,12:45,3.9878,3.2115,7.1993,73.58,0.132431,20.0,140.0,0.0
2024-08-02,20,13:00,1.8638,9.5021,11.3659,61.94,0.176001,80.0,180.0,0.0
2024-08-02,21,13:15,6.7293,17.0147,23.744,61.94,0.367675,80.0,180.0,0.0
2024-08-02,22,13:30,5.9956,17.1381,23.1337,61.94,0.358225,80.0,180.0,0.0
2024-08-02,23,13:45,7.1179,16.0793,23.1972,61.94,0.359208,80.0,180.0,0.0
2024-08-02,24,14:00,6.1091,3.2115,9.3206,53.44,0.124523,80.0,180.0,0.0
2024-08-02,25,14:15,5.6324,9.5021,15.1345,53.44,0.202197,40.0,220.0,0.0
2024-08-02,26,14:30,5.8458,17.0147,22.8605,53.44,0.305416,40.0,220.0,0.0
2024-08-02,27,14:45,5.1816,17.1381,22.3197,53.44,0.298191,40.0,220.0,0.0
2024-08-02,28,15:00,6.7301,16.0793,22.8094,50.58,0.288425,40.0,90.0,130.0
2024-08-02,29,15:15,3.9878,3.2115,7.1993,50.58,0.091035,40.0,90.0,0.0
2024-08-02,30,15:30,0.0,9.5021,9.5021,50.58,0.120154,100.0,130.0,0.0
2024-08-02,31,15:45,0.0,17.0147,17.0147,50.58,0.215151,100.0,130.0,0.0
2024-08-02,32,16:00,0.0,17.1381,17.1381,65.42,0.280294,100.0,130.0,0.0
2024-08-02,33,16:15,0.0,16.0793,16.0793,65.42,0.262977,100.0,130.0,0.0
2024-08-02,34,16:30,0.0,3.2115,3.2115,65.42,0.052524,100.0,130.0,0.0
2024-08-02,35,16:45,0.0,9.5021,9.5021,65.42,0.155407,60.0,170.0,0.0
2024-08-02,36,17:00,0.0,17.0147,17.0147,77.69,0.330467,60.0,170.0,0.0
2024-08-02,37,17:15,0.0,17.1381,17.1381,77.69,0.332865,60.0,170.0,0.0
2024-08-02,38,17:30,0.0,16.0793,16.0793,77.69,0.3123,60.0,170.0,0.0
2024-08-02,39,17:45,0.0,3.2115,3.2115,77.69,0.062375,60.0,170.0,0.0
2024-08-02,40,18:00,0.0,0.0,0.0,102.22,0.0,60.0,210.0,0.0
2024-08-02,41,18:15,0.0,0.0,0.0,102.22,0.0,60.0,210.0,0.0
2024-08-02,42,18:30,0.0,0.0,0.0,102.22,0.0,60.0,210.0,0.0
2024-08-02,43,18:45,0.0,0.0,0.0,102.22,0.0,60.0,210.0,0.0
2024-08-02,44,19:00,0.0,0.0,0.0,128.49,0.0,60.0,210.0,0.0
2024-08-02,45,19:15,0.0,0.0,0.0,128.49,0.0,60.0,210.0,0.0
2024-08-02,46,19:30,0.0,0.0,0.0,128.49,0.0,60.0,210.0,0.0
2024-08-02,47,19:45,0.0,0.0,0.0,128.49,0.0,60.0,210.0,0.0
2024-08-02,48,20:00,0.0,0.0,0.0,146.19,0.0,60.0,210.0,0.0
2024-08-02,49,20:15,0.0,0.0,0.0,146.19,0.0,60.0,210.0,0.0
2024-08-02,50,20:30,0.0,0.0,0.0,146.19,0.0,60.0,210.0,0.0
2024-08-02,51,20:45,0.0,0.0,0.0,146.19,0.0,60.0,210.0,0.0
2024-08-02,52,21:00,0.0,0.0,0.0,121.66,0.0,60.0,210.0,0.0
2024-08-02,53,21:15,0.0,0.0,0.0,121.66,0.0,60.0,210.0,0.0
2024-08-02,54,21:30,0.0,0.0,0.0,121.66,0.0,60.0,210.0,0.0
2024-08-02,55,21:45,0.0,0.0,0.0,121.66,0.0,60.0,20.0,190.0
2024-08-05,0,08:00,1.8638,9.5021,11.3659,113.97,0.323844,20.0,20.0,0.0
2024-08-05,1,08:15,6.7293,17.0147,23.744,113.97,0.676525,20.0,20.0,0.0
2024-08-05,2,08:30,5.9956,17.1381,23.1337,113.97,0.659136,20.0,20.0,0.0
2024-08-05,3,08:45,7.1179,16.0793,23.1972,113.97,0.660945,20.0,20.0,0.0
2024-08-05,4,09:00,6.1091,3.2115,9.3206,102.83,0.239608,20.0,20.0,0.0
2024-08-05,5,09:15,5.6324,0.0,5.6324,102.83,0.144796,20.0,60.0,0.0
2024-08-05,6,09:30,5.8458,0.0,5.8458,102.83,0.150281,20.0,60.0,0.0
2024-08-05,7,09:45,5.1816,0.0,5.1816,102.83,0.133205,20.0,60.0,0.0
2024-08-05,8,10:00,6.7301,0.0,6.7301,74.5,0.125348,20.0,60.0,0.0
2024-08-05,9,10:15,3.9878,0.0,3.9878,74.5,0.074273,20.0,60.0,0.0
2024-08-05,10,10:30,1.8638,9.5021,11.3659,74.5,0.211691,80.0,60.0,0.0
2024-08-05,11,10:45,6.7293,17.0147,23.744,74.5,0.442231,80.0,60.0,0.0
2024-08-05,12,11:00,5.9956,17.1381,23.1337,64.3,0.371874,80.0,60.0,0.0
2024-08-05,13,11:15,7.1179,16.0793,23.1972,64.3,0.372895,80.0,60.0,0.0
2024-08-05,14,11:30,6.1091,3.2115,9.3206,64.3,0.149828,80.0,60.0,0.0
2024-08-05,15,11:45,5.6324,9.5021,15.1345,64.3,0.243288,40.0,100.0,0.0
2024-08-05,16,12:00,5.8458,17.0147,22.8605,57.12,0.326448,40.0,100.0,0.0
2024-08-05,17,12:15,5.1816,17.1381,22.3197,57.12,0.318725,40.0,100.0,0.0
2024-08-05,18,12:30,6.7301,16.0793,22.8094,57.12,0.325718,40.0,100.0,0.0
2024-08-05,19,12:45,3.9878,3.2115,7.1993,57.12,0.102806,40.0,100.0,0.0
2024-08-05,20,13:00,1.8638,9.5021,11.3659,42.05,0.119484,100.0,140.0,0.0
2024-08-05,21,13:15,6.7293,17.0147,23.744,42.05,0.249608,100.0,140.0,0.0
2024-08-05,22,13:30,5.9956,17.1381,23.1337,42.05,0.243193,100.0,140.0,0.0
2024-08-05,23,13:45,7.1179,16.0793,23.1972,42.05,0.24386,100.0,140.0,0.0
2024-08-05,24,14:00,6.1091,3.2115,9.3206,36.35,0.084701,100.0,140.0,0.0
2024-08-05,25,14:15,5.6324,9.5021,15.1345,36.35,0.137535,60.0,180.0,0.0
2024-08-05,26,14:30,5.8458,17.0147,22.8605,36.35,0.207745,60.0,180.0,0.0
2024-08-05,27,14:45,5.1816,17.1381,22.3197,36.35,0.20283,60.0,180.0,0.0
2024-08-05,28,15:00,6.7301,16.0793,22.8094,51.43,0.293272,60.0,10.0,170.0
2024-08-05,29,15:15,3.9878,3.2115,7.1993,51.43,0.092565,60.0,10.0,0.0
2024-08-05,30,15:30,0.0,9.5021,9.5021,51.43,0.122173,120.0,50.0,0.0
2024-08-05,31,15:45,0.0,17.0147,17.0147,51.43,0.218766,120.0,50.0,0.0
2024-08-05,32,16:00,0.0,17.1381,17.1381,70.1,0.300345,120.0,50.0,0.0
2024-08-05,33,16:15,0.0,16.0793,16.0793,70.1,0.281789,120.0,50.0,0.0
2024-08-05,34,16:30,0.0,3.2115,3.2115,70.1,0.056281,120.0,50.0,0.0
2024-08-05,35,16:45,0.0,9.5021,9.5021,70.1,0.166524,80.0,90.0,0.0
2024-08-05,36,17:00,0.0,17.0147,17.0147,85.4,0.363263,80.0,90.0,0.0
2024-08-05,37,17:15,0.0,17.1381,17.1381,85.4,0.365898,80.0,90.0,0.0
2024-08-05,38,17:30,0.0,16.0793,16.0793,85.4,0.343293,80.0,90.0,0.0
2024-08-05,39,17:45,0.0,3.2115,3.2115,85.4,0.068565,80.0,90.0,0.0
2024-08-05,40,18:00,0.0,9.5021,9.5021,108.97,0.258861,40.0,130.0,0.0
2024-08-05,41,18:15,0.0,17.0147,17.0147,108.97,0.463522,40.0,130.0,0.0
2024-08-05,42,18:30,0.0,17.1381,17.1381,108.97,0.466885,40.0,130.0,0.0
2024-08-05,43,18:45,0.0,16.0793,16.0793,108.97,0.43804,40.0,130.0,0.0
2024-08-05,44,19:00,0.0,3.2115,3.2115,152.76,0.122647,40.0,130.0,0.0
2024-08-05,45,19:15,0.0,9.5021,9.5021,152.76,0.362885,0.0,170.0,0.0
2024-08-05,46,19:30,0.0,17.0147,17.0147,152.76,0.64979,0.0,170.0,0.0
2024-08-05,47,19:45,0.0,17.1381,17.1381,152.76,0.654504,0.0,170.0,0.0
2024-08-05,48,20:00,0.0,16.0793,16.0793,250.01,1.004995,0.0,170.0,0.0
2024-08-05,49,20:15,0.0,3.2115,3.2115,250.01,0.200726,0.0,170.0,0.0
2024-08-05,50,20:30,0.0,0.0,0.0,250.01,0.0,0.0,210.0,0.0
2024-08-05,51,20:45,0.0,0.0,0.0,250.01,0.0,0.0,210.0,0.0
2024-08-05,52,21:00,0.0,0.0,0.0,170.93,0.0,0.0,210.0,0.0
2024-08-05,53,21:15,0.0,0.0,0.0,170.93,0.0,0.0,210.0,0.0
2024-08-05,54,21:30,0.0,0.0,0.0,170.93,0.0,0.0,210.0,0.0
2024-08-05,55,21:45,0.0,0.0,0.0,170.93,0.0,0.0,30.0,180.0
2024-08-06,0,08:00,1.8638,0.0,1.8638,85.29,0.039742,0.0,30.0,0.0
2024-08-06,1,08:15,6.7293,0.0,6.7293,85.29,0.143485,0.0,30.0,0.0
2024-08-06,2,08:30,5.9956,0.0,5.9956,85.29,0.127841,0.0,30.0,0.0
2024-08-06,3,08:45,7.1179,0.0,7.1179,85.29,0.151771,0.0,30.0,0.0
2024-08-06,4,09:00,6.1091,0.0,6.1091,74.51,0.113797,0.0,30.0,0.0
2024-08-06,5,09:15,5.6324,0.0,5.6324,74.51,0.104918,0.0,30.0,0.0
2024-08-06,6,09:30,5.8458,0.0,5.8458,74.51,0.108893,0.0,30.0,0.0
2024-08-06,7,09:45,5.1816,0.0,5.1816,74.51,0.09652,0.0,30.0,0.0
2024-08-06,8,10:00,6.7301,0.0,6.7301,36.04,0.060638,0.0,30.0,0.0
2024-08-06,9,10:15,3.9878,0.0,3.9878,36.04,0.03593,0.0,30.0,0.0
2024-08-06,10,10:30,1.8638,9.5021,11.3659,36.04,0.102407,60.0,30.0,0.0
2024-08-06,11,10:45,6.7293,17.0147,23.744,36.04,0.213933,60.0,30.0,0.0
2024-08-06,12,11:00,5.9956,17.1381,23.1337,21.43,0.123939,60.0,30.0,0.0
2024-08-06,13,11:15,7.1179,16.0793,23.1972,21.43,0.124279,60.0,30.0,0.0
2024-08-06,14,11:30,6.1091,3.2115,9.3206,21.43,0.049935,60.0,30.0,0.0
2024-08-06,15,11:45,5.6324,9.5021,15.1345,21.43,0.081083,20.0,70.0,0.0
2024-08-06,16,12:00,5.8458,17.0147,22.8605,15.86,0.090642,20.0,70.0,0.0
2024-08-06,17,12:15,5.1816,17.1381,22.3197,15.86,0.088497,20.0,70.0,0.0
2024-08-06,18,12:30,6.7301,16.0793,22.8094,15.86,0.090439,20.0,70.0,0.0
2024-08-06,19,12:45,3.9878,3.2115,7.1993,15.86,0.028545,20.0,70.0,0.0
2024-08-06,20,13:00,1.8638,9.5021,11.3659,2.95,0.008382,80.0,110.0,0.0
2024-08-06,21,13:15,6.7293,17.0147,23.744,2.95,0.017511,80.0,110.0,0.0
2024-08-06,22,13:30,5.9956,17.1381,23.1337,2.95,0.017061,80.0,110.0,0.0
2024-08-06,23,13:45,7.1179,16.0793,23.1972,2.95,0.017108,80.0,110.0,0.0
2024-08-06,24,14:00,6.1091,3.2115,9.3206,4.79,0.011161,80.0,110.0,0.0
2024-08-06,25,14:15,5.6324,9.5021,15.1345,4.79,0.018124,40.0,150.0,0.0
2024-08-06,26,14:30,5.8458,17.0147,22.8605,4.79,0.027375,40.0,150.0,0.0
2024-08-06,27,14:45,5.1816,17.1381,22.3197,4.79,0.026728,40.0,150.0,0.0
2024-08-06,28,15:00,6.7301,16.0793,22.8094,19.44,0.110854,40.0,20.0,130.0
2024-08-06,29,15:15,3.9878,3.2115,7.1993,19.44,0.034989,40.0,20.0,0.0
2024-08-06,30,15:30,0.0,9.5021,9.5021,19.44,0.04618,100.0,60.0,0.0
2024-08-06,31,15:45,0.0,17.0147,17.0147,19.44,0.082691,100.0,60.0,0.0
2024-08-06,32,16:00,0.0,17.1381,17.1381,39.71,0.170138,100.0,60.0,0.0
2024-08-06,33,16:15,0.0,16.0793,16.0793,39.71,0.159627,100.0,60.0,0.0
2024-08-06,34,16:30,0.0,3.2115,3.2115,39.71,0.031882,100.0,60.0,0.0
2024-08-06,35,16:45,0.0,9.5021,9.5021,39.71,0.094332,60.0,100.0,0.0
2024-08-06,36,17:00,0.0,17.0147,17.0147,82.19,0.349609,60.0,100.0,0.0
2024-08-06,37,17:15,0.0,17.1381,17.1381,82.19,0.352145,60.0,100.0,0.0
2024-08-06,38,17:30,0.0,16.0793,16.0793,82.19,0.330389,60.0,100.0,0.0
2024-08-06,39,17:45,0.0,3.2115,3.2115,82.19,0.065988,60.0,100.0,0.0
2024-08-06,40,18:00,0.0,9.5021,9.5021,106.29,0.252494,20.0,140.0,0.0
2024-08-06,41,18:15,0.0,17.0147,17.0147,106.29,0.452122,20.0,140.0,0.0
2024-08-06,42,18:30,0.0,17.1381,17.1381,106.29,0.455402,20.0,140.0,0.0
2024-08-06,43,18:45,0.0,16.0793,16.0793,106.29,0.427267,20.0,140.0,0.0
2024-08-06,44,19:00,0.0,3.2115,3.2115,174.58,0.140165,20.0,140.0,0.0
2024-08-06,45,19:15,0.0,0.0,0.0,174.58,0.0,20.0,180.0,0.0
2024-08-06,46,19:30,0.0,0.0,0.0,174.58,0.0,20.0,180.0,0.0
2024-08-06,47,19:45,0.0,0.0,0.0,174.58,0.0,20.0,180.0,0.0
2024-08-06,48,20:00,0.0,0.0,0.0,230.85,0.0,20.0,180.0,0.0
2024-08-06,49,20:15,0.0,0.0,0.0,230.85,0.0,20.0,180.0,0.0
2024-08-06,50,20:30,0.0,0.0,0.0,230.85,0.0,20.0,180.0,0.0
2024-08-06,51,20:45,0.0,0.0,0.0,230.85,0.0,20.0,180.0,0.0
2024-08-06,52,21:00,0.0,0.0,0.0,170.45,0.0,20.0,180.0,0.0
2024-08-06,53,21:15,0.0,0.0,0.0,170.45,0.0,20.0,180.0,0.0
2024-08-06,54,21:30,0.0,0.0,0.0,170.45,0.0,20.0,180.0,0.0
2024-08-06,55,21:45,0.0,0.0,0.0,170.45,0.0,20.0,0.0,180.0
2024-08-07,0,08:00,1.8638,0.0,1.8638,109.06,0.050818,20.0,0.0,0.0
2024-08-07,1,08:15,6.7293,0.0,6.7293,109.06,0.183474,20.0,0.0,0.0
2024-08-07,2,08:30,5.9956,0.0,5.9956,109.06,0.16347,20.0,0.0,0.0
2024-08-07,3,08:45,7.1179,0.0,7.1179,109.06,0.194069,20.0,0.0,0.0
2024-08-07,4,09:00,6.1091,0.0,6.1091,88.91,0.135789,20.0,0.0,0.0
2024-08-07,5,09:15,5.6324,0.0,5.6324,88.91,0.125195,20.0,0.0,0.0
2024-08-07,6,09:30,5.8458,0.0,5.8458,88.91,0.129938,20.0,0.0,0.0
2024-08-07,7,09:45,5.1816,0.0,5.1816,88.91,0.115173,20.0,0.0,0.0
2024-08-07,8,10:00,6.7301,0.0,6.7301,73.56,0.123767,20.0,0.0,0.0
2024-08-07,9,10:15,3.9878,0.0,3.9878,73.56,0.073336,20.0,0.0,0.0
2024-08-07,10,10:30,1.8638,9.5021,11.3659,73.56,0.20902,80.0,0.0,0.0
2024-08-07,11,10:45,6.7293,17.0147,23.744,73.56,0.436651,80.0,0.0,0.0
2024-08-07,12,11:00,5.9956,17.1381,23.1337,62.49,0.361406,80.0,0.0,0.0
2024-08-07,13,11:15,7.1179,16.0793,23.1972,62.49,0.362398,80.0,0.0,0.0
2024-08-07,14,11:30,6.1091,3.2115,9.3206,62.49,0.14561,80.0,0.0,0.0
2024-08-07,15,11:45,5.6324,9.5021,15.1345,62.49,0.236439,40.0,40.0,0.0
2024-08-07,16,12:00,5.8458,17.0147,22.8605,42.14,0.240835,40.0,40.0,0.0
2024-08-07,17,12:15,5.1816,17.1381,22.3197,42.14,0.235138,40.0,40.0,0.0
2024-08-07,18,12:30,6.7301,16.0793,22.8094,42.14,0.240297,40.0,40.0,0.0
2024-08-07,19,12:45,3.9878,3.2115,7.1993,42.14,0.075844,40.0,40.0,0.0
2024-08-07,20,13:00,1.8638,9.5021,11.3659,35.05,0.099594,100.0,80.0,0.0
2024-08-07,21,13:15,6.7293,17.0147,23.744,35.05,0.208056,100.0,80.0,0.0
2024-08-07,22,13:30,5.9956,17.1381,23.1337,35.05,0.202709,100.0,80.0,0.0
2024-08-07,23,13:45,7.1179,16.0793,23.1972,35.05,0.203265,100.0,80.0,0.0
2024-08-07,24,14:00,6.1091,3.2115,9.3206,51.19,0.11928,100.0,80.0,0.0
2024-08-07,25,14:15,5.6324,9.5021,15.1345,51.19,0.193684,60.0,120.0,0.0
2024-08-07,26,14:30,5.8458,17.0147,22.8605,51.19,0.292557,60.0,120.0,0.0
2024-08-07,27,14:45,5.1816,17.1381,22.3197,51.19,0.285636,60.0,120.0,0.0
2024-08-07,28,15:00,6.7301,16.0793,22.8094,69.28,0.395058,60.0,30.0,90.0
2024-08-07,29,15:15,3.9878,3.2115,7.1993,69.28,0.124692,60.0,30.0,0.0
2024-08-07,30,15:30,0.0,9.5021,9.5021,69.28,0.164576,120.0,70.0,0.0
2024-08-07,31,15:45,0.0,17.0147,17.0147,69.28,0.294694,120.0,70.0,0.0
2024-08-07,32,16:00,0.0,17.1381,17.1381,85.74,0.367355,120.0,70.0,0.0
2024-08-07,33,16:15,0.0,16.0793,16.0793,85.74,0.344659,120.0,70.0,0.0
2024-08-07,34,16:30,0.0,3.2115,3.2115,85.74,0.068838,120.0,70.0,0.0
2024-08-07,35,16:45,0.0,9.5021,9.5021,85.74,0.203677,80.0,110.0,0.0
2024-08-07,36,17:00,0.0,17.0147,17.0147,105.2,0.447486,80.0,110.0,0.0
2024-08-07,37,17:15,0.0,17.1381,17.1381,105.2,0.450732,80.0,110.0,0.0
2024-08-07,38,17:30,0.0,16.0793,16.0793,105.2,0.422885,80.0,110.0,0.0
2024-08-07,39,17:45,0.0,3.2115,3.2115,105.2,0.084462,80.0,110.0,0.0
2024-08-07,40,18:00,0.0,0.0,0.0,106.41,0.0,80.0,150.0,0.0
2024-08-07,41,18:15,0.0,0.0,0.0,106.41,0.0,80.0,150.0,0.0
2024-08-07,42,18:30,0.0,0.0,0.0,106.41,0.0,80.0,150.0,0.0
2024-08-07,43,18:45,0.0,0.0,0.0,106.41,0.0,80.0,150.0,0.0
2024-08-07,44,19:00,0.0,0.0,0.0,119.75,0.0,80.0,150.0,0.0
2024-08-07,45,19:15,0.0,0.0,0.0,119.75,0.0,80.0,150.0,0.0
2024-08-07,46,19:30,0.0,0.0,0.0,119.75,0.0,80.0,150.0,0.0
2024-08-07,47,19:45,0.0,0.0,0.0,119.75,0.0,80.0,150.0,0.0
2024-08-07,48,20:00,0.0,0.0,0.0,149.28,0.0,80.0,150.0,0.0
2024-08-07,49,20:15,0.0,0.0,0.0,149.28,0.0,80.0,150.0,0.0
2024-08-07,50,20:30,0.0,0.0,0.0,149.28,0.0,80.0,150.0,0.0
2024-08-07,51,20:45,0.0,0.0,0.0,149.28,0.0,80.0,150.0,0.0
2024-08-07,52,21:00,0.0,0.0,0.0,134.25,0.0,80.0,150.0,0.0
2024-08-07,53,21:15,0.0,0.0,0.0,134.25,0.0,80.0,150.0,0.0
2024-08-07,54,21:30,0.0,0.0,0.0,134.25,0.0,80.0,150.0,0.0
2024-08-07,55,21:45,0.0,0.0,0.0,134.25,0.0,80.0,0.0,150.0
2024-08-08,0,08:00,1.8638,9.5021,11.3659,114.41,0.325094,40.0,0.0,0.0
2024-08-08,1,08:15,6.7293,17.0147,23.744,114.41,0.679136,40.0,0.0,0.0
2024-08-08,2,08:30,5.9956,17.1381,23.1337,114.41,0.661681,40.0,0.0,0.0
2024-08-08,3,08:45,7.1179,16.0793,23.1972,114.41,0.663497,40.0,0.0,0.0
2024-08-08,4,09:00,6.1091,3.2115,9.3206,106.84,0.248952,40.0,0.0,0.0
2024-08-08,5,09:15,5.6324,9.5021,15.1345,106.84,0.404244,0.0,40.0,0.0
2024-08-08,6,09:30,5.8458,17.0147,22.8605,106.84,0.610604,0.0,40.0,0.0
2024-08-08,7,09:45,5.1816,17.1381,22.3197,106.84,0.596158,0.0,40.0,0.0
2024-08-08,8,10:00,6.7301,16.0793,22.8094,86.1,0.490972,0.0,40.0,0.0
2024-08-08,9,10:15,3.9878,3.2115,7.1993,86.1,0.154965,0.0,40.0,0.0
2024-08-08,10,10:30,1.8638,9.5021,11.3659,86.1,0.244652,60.0,80.0,0.0
2024-08-08,11,10:45,6.7293,17.0147,23.744,86.1,0.511089,60.0,80.0,0.0
2024-08-08,12,11:00,5.9956,17.1381,23.1337,71.6,0.414093,60.0,80.0,0.0
2024-08-08,13,11:15,7.1179,16.0793,23.1972,71.6,0.415229,60.0,80.0,0.0
2024-08-08,14,11:30,6.1091,3.2115,9.3206,71.6,0.166838,60.0,80.0,0.0
2024-08-08,15,11:45,5.6324,9.5021,15.1345,71.6,0.270908,20.0,120.0,0.0
2024-08-08,16,12:00,5.8458,17.0147,22.8605,57.09,0.326276,20.0,120.0,0.0
2024-08-08,17,12:15,5.1816,17.1381,22.3197,57.09,0.318557,20.0,120.0,0.0
2024-08-08,18,12:30,6.7301,16.0793,22.8094,57.09,0.325547,20.0,120.0,0.0
2024-08-08,19,12:45,3.9878,3.2115,7.1993,57.09,0.102752,20.0,120.0,0.0
2024-08-08,20,13:00,0.0,9.5021,9.5021,40.49,0.096185,80.0,160.0,0.0
2024-08-08,21,13:15,0.0,17.0147,17.0147,40.49,0.172231,80.0,160.0,0.0
2024-08-08,22,13:30,0.0,17.1381,17.1381,40.49,0.17348,80.0,160.0,0.0
2024-08-08,23,13:45,0.0,16.0793,16.0793,40.49,0.162763,80.0,160.0,0.0
2024-08-08,24,14:00,0.0,3.2115,3.2115,32.18,0.025836,80.0,160.0,0.0
2024-08-08,25,14:15,0.0,9.5021,9.5021,32.18,0.076444,40.0,200.0,0.0
2024-08-08,26,14:30,0.0,17.0147,17.0147,32.18,0.136883,40.0,200.0,0.0
2024-08-08,27,14:45,0.0,17.1381,17.1381,32.18,0.137876,40.0,200.0,0.0
2024-08-08,28,15:00,0.0,16.0793,16.0793,40.24,0.161758,40.0,80.0,120.0
2024-08-08,29,15:15,0.0,3.2115,3.2115,40.24,0.032308,40.0,80.0,0.0
2024-08-08,30,15:30,0.0,0.0,0.0,40.24,0.0,40.0,120.0,0.0
2024-08-08,31,15:45,0.0,0.0,0.0,40.24,0.0,40.0,120.0,0.0
2024-08-08,32,16:00,0.0,0.0,0.0,57.81,0.0,40.0,120.0,0.0
2024-08-08,33,16:15,0.0,0.0,0.0,57.81,0.0,40.0,120.0,0.0
2024-08-08,34,16:30,0.0,0.0,0.0,57.81,0.0,40.0,120.0,0.0
2024-08-08,35,16:45,0.0,0.0,0.0,57.81,0.0,40.0,120.0,0.0
2024-08-08,36,17:00,0.0,0.0,0.0,80.52,0.0,40.0,120.0,0.0
2024-08-08,37,17:15,0.0,0.0,0.0,80.52,0.0,40.0,120.0,0.0
2024-08-08,38,17:30,0.0,0.0,0.0,80.52,0.0,40.0,120.0,0.0
2024-08-08,39,17:45,0.0,0.0,0.0,80.52,0.0,40.0,120.0,0.0
2024-08-08,40,18:00,0.0,0.0,0.0,101.92,0.0,40.0,120.0,0.0
2024-08-08,41,18:15,0.0,0.0,0.0,101.92,0.0,40.0,120.0,0.0
2024-08-08,42,18:30,0.0,0.0,0.0,101.92,0.0,40.0,120.0,0.0
2024-08-08,43,18:45,0.0,0.0,0.0,101.92,0.0,40.0,120.0,0.0
2024-08-08,44,19:00,0.0,0.0,0.0,138.49,0.0,40.0,120.0,0.0
2024-08-08,45,19:15,0.0,0.0,0.0,138.49,0.0,40.0,120.0,0.0
2024-08-08,46,19:30,0.0,0.0,0.0,138.49,0.0,40.0,120.0,0.0
2024-08-08,47,19:45,0.0,0.0,0.0,138.49,0.0,40.0,120.0,0.0
2024-08-08,48,20:00,0.0,0.0,0.0,197.31,0.0,40.0,120.0,0.0
2024-08-08,49,20:15,0.0,0.0,0.0,197.31,0.0,40.0,120.0,0.0
2024-08-08,50,20:30,0.0,0.0,0.0,197.31,0.0,40.0,120.0,0.0
2024-08-08,51,20:45,0.0,0.0,0.0,197.31,0.0,40.0,120.0,0.0
2024-08-08,52,21:00,0.0,0.0,0.0,135.0,0.0,40.0,120.0,0.0
2024-08-08,53,21:15,0.0,0.0,0.0,135.0,0.0,40.0,120.0,0.0
2024-08-08,54,21:30,0.0,0.0,0.0,135.0,0.0,40.0,120.0,0.0
2024-08-08,55,21:45,0.0,0.0,0.0,135.0,0.0,40.0,20.0,100.0
2024-08-09,0,08:00,1.8638,9.5021,11.3659,59.4,0.168784,0.0,20.0,0.0
2024-08-09,1,08:15,6.7293,17.0147,23.744,59.4,0.352598,0.0,20.0,0.0
2024-08-09,2,08:30,5.9956,17.1381,23.1337,59.4,0.343535,0.0,20.0,0.0
2024-08-09,3,08:45,7.1179,16.0793,23.1972,59.4,0.344478,0.0,20.0,0.0
2024-08-09,4,09:00,6.1091,3.2115,9.3206,31.31,0.072957,0.0,20.0,0.0
2024-08-09,5,09:15,5.6324,0.0,5.6324,31.31,0.044088,0.0,60.0,0.0
2024-08-09,6,09:30,5.8458,0.0,5.8458,31.31,0.045758,0.0,60.0,0.0
2024-08-09,7,09:45,5.1816,0.0,5.1816,31.31,0.040559,0.0,60.0,0.0
2024-08-09,8,10:00,6.7301,0.0,6.7301,8.98,0.015109,0.0,60.0,0.0
2024-08-09,9,10:15,3.9878,0.0,3.9878,8.98,0.008953,0.0,60.0,0.0
2024-08-09,10,10:30,1.8638,9.5021,11.3659,8.98,0.025517,60.0,60.0,0.0
2024-08-09,11,10:45,6.7293,17.0147,23.744,8.98,0.053305,60.0,60.0,0.0
2024-08-09,12,11:00,5.9956,17.1381,23.1337,0.6,0.00347,60.0,60.0,0.0
2024-08-09,13,11:15,7.1179,16.0793,23.1972,0.6,0.00348,60.0,60.0,0.0
2024-08-09,14,11:30,6.1091,3.2115,9.3206,0.6,0.001398,60.0,60.0,0.0
2024-08-09,15,11:45,5.6324,9.5021,15.1345,0.6,0.00227,20.0,100.0,0.0
2024-08-09,16,12:00,5.8458,17.0147,22.8605,-0.03,-0.000171,20.0,100.0,0.0
2024-08-09,17,12:15,5.1816,17.1381,22.3197,-0.03,-0.000167,20.0,100.0,0.0
2024-08-09,18,12:30,6.7301,16.0793,22.8094,-0.03,-0.000171,20.0,100.0,0.0
2024-08-09,19,12:45,3.9878,3.2115,7.1993,-0.03,-5.4e-05,20.0,100.0,0.0
2024-08-09,20,13:00,1.8638,9.5021,11.3659,-0.16,-0.000455,80.0,140.0,0.0
2024-08-09,21,13:15,6.7293,17.0147,23.744,-0.16,-0.00095,80.0,140.0,0.0
2024-08-09,22,13:30,5.9956,17.1381,23.1337,-0.16,-0.000925,80.0,140.0,0.0
2024-08-09,23,13:45,7.1179,16.0793,23.1972,-0.16,-0.000928,80.0,140.0,0.0
2024-08-09,24,14:00,6.1091,3.2115,9.3206,-0.8,-0.001864,80.0,140.0,0.0
2024-08-09,25,14:15,5.6324,9.5021,15.1345,-0.8,-0.003027,40.0,180.0,0.0
2024-08-09,26,14:30,5.8458,17.0147,22.8605,-0.8,-0.004572,40.0,180.0,0.0
2024-08-09,27,14:45,5.1816,17.1381,22.3197,-0.8,-0.004464,40.0,180.0,0.0
2024-08-09,28,15:00,6.7301,16.0793,22.8094,-0.11,-0.000627,40.0,40.0,140.0
2024-08-09,29,15:15,3.9878,3.2115,7.1993,-0.11,-0.000198,40.0,40.0,0.0
2024-08-09,30,15:30,1.8638,9.5021,11.3659,-0.11,-0.000313,100.0,80.0,0.0
2024-08-09,31,15:45,6.7293,17.0147,23.744,-0.11,-0.000653,100.0,80.0,0.0
2024-08-09,32,16:00,5.9956,17.1381,23.1337,-0.01,-5.8e-05,100.0,80.0,0.0
2024-08-09,33,16:15,7.1179,16.0793,23.1972,-0.01,-5.8e-05,100.0,80.0,0.0
2024-08-09,34,16:30,6.1091,3.2115,9.3206,-0.01,-2.3e-05,100.0,80.0,0.0
2024-08-09,35,16:45,5.6324,9.5021,15.1345,-0.01,-3.8e-05,60.0,120.0,0.0
2024-08-09,36,17:00,5.8458,17.0147,22.8605,2.55,0.014574,60.0,120.0,0.0
2024-08-09,37,17:15,5.1816,17.1381,22.3197,2.55,0.014229,60.0,120.0,0.0
2024-08-09,38,17:30,6.7301,16.0793,22.8094,2.55,0.014541,60.0,120.0,0.0
2024-08-09,39,17:45,3.9878,3.2115,7.1993,2.55,0.00459,60.0,120.0,0.0
2024-08-09,40,18:00,0.0,9.5021,9.5021,41.78,0.099249,120.0,160.0,0.0
2024-08-09,41,18:15,0.0,17.0147,17.0147,41.78,0.177718,120.0,160.0,0.0
2024-08-09,42,18:30,0.0,17.1381,17.1381,41.78,0.179007,120.0,160.0,0.0
2024-08-09,43,18:45,0.0,16.0793,16.0793,41.78,0.167948,120.0,160.0,0.0
2024-08-09,44,19:00,0.0,3.2115,3.2115,81.04,0.065065,120.0,160.0,0.0
2024-08-09,45,19:15,0.0,9.5021,9.5021,81.04,0.192512,80.0,200.0,0.0
2024-08-09,46,19:30,0.0,17.0147,17.0147,81.04,0.344717,80.0,200.0,0.0
2024-08-09,47,19:45,0.0,17.1381,17.1381,81.04,0.347218,80.0,200.0,0.0
2024-08-09,48,20:00,0.0,16.0793,16.0793,124.97,0.502357,80.0,200.0,0.0
2024-08-09,49,20:15,0.0,3.2115,3.2115,124.97,0.100335,80.0,200.0,0.0
2024-08-09,50,20:30,0.0,0.0,0.0,124.97,0.0,80.0,240.0,0.0
2024-08-09,51,20:45,0.0,0.0,0.0,124.97,0.0,80.0,240.0,0.0
2024-08-09,52,21:00,0.0,0.0,0.0,118.05,0.0,80.0,240.0,0.0
2024-08-09,53,21:15,0.0,0.0,0.0,118.05,0.0,80.0,240.0,0.0
2024-08-09,54,21:30,0.0,0.0,0.0,118.05,0.0,80.0,240.0,0.0
2024-08-09,55,21:45,0.0,0.0,0.0,118.05,0.0,80.0,50.0,190.0
2024-08-12,0,08:00,1.8638,9.5021,11.3659,115.25,0.327481,40.0,50.0,0.0
2024-08-12,1,08:15,6.7293,17.0147,23.744,115.25,0.684123,40.0,50.0,0.0
2024-08-12,2,08:30,5.9956,17.1381,23.1337,115.25,0.666539,40.0,50.0,0.0
2024-08-12,3,08:45,7.1179,16.0793,23.1972,115.25,0.668369,40.0,50.0,0.0
2024-08-12,4,09:00,6.1091,3.2115,9.3206,69.9,0.162877,40.0,50.0,0.0
2024-08-12,5,09:15,5.6324,9.5021,15.1345,69.9,0.264476,0.0,90.0,0.0
2024-08-12,6,09:30,5.8458,17.0147,22.8605,69.9,0.399487,0.0,90.0,0.0
2024-08-12,7,09:45,5.1816,17.1381,22.3197,69.9,0.390036,0.0,90.0,0.0
2024-08-12,8,10:00,6.7301,16.0793,22.8094,40.12,0.228778,0.0,90.0,0.0
2024-08-12,9,10:15,3.9878,3.2115,7.1993,40.12,0.072209,0.0,90.0,0.0
2024-08-12,10,10:30,1.8638,9.5021,11.3659,40.12,0.114,60.0,130.0,0.0
2024-08-12,11,10:45,6.7293,17.0147,23.744,40.12,0.238152,60.0,130.0,0.0
2024-08-12,12,11:00,5.9956,17.1381,23.1337,16.04,0.092766,60.0,130.0,0.0
2024-08-12,13,11:15,7.1179,16.0793,23.1972,16.04,0.093021,60.0,130.0,0.0
2024-08-12,14,11:30,6.1091,3.2115,9.3206,16.04,0.037375,60.0,130.0,0.0
2024-08-12,15,11:45,5.6324,9.5021,15.1345,16.04,0.06069,20.0,170.0,0.0
2024-08-12,16,12:00,5.8458,17.0147,22.8605,10.06,0.057494,20.0,170.0,0.0
2024-08-12,17,12:15,5.1816,17.1381,22.3197,10.06,0.056134,20.0,170.0,0.0
2024-08-12,18,12:30,6.7301,16.0793,22.8094,10.06,0.057366,20.0,170.0,0.0
2024-08-12,19,12:45,3.9878,3.2115,7.1993,10.06,0.018106,20.0,170.0,0.0
2024-08-12,20,13:00,0.0,9.5021,9.5021,6.98,0.016581,80.0,210.0,0.0
2024-08-12,21,13:15,0.0,17.0147,17.0147,6.98,0.029691,80.0,210.0,0.0
2024-08-12,22,13:30,0.0,17.1381,17.1381,6.98,0.029906,80.0,210.0,0.0
2024-08-12,23,13:45,0.0,16.0793,16.0793,6.98,0.028058,80.0,210.0,0.0
2024-08-12,24,14:00,0.0,3.2115,3.2115,13.8,0.01108,80.0,210.0,0.0
2024-08-12,25,14:15,0.0,9.5021,9.5021,13.8,0.032782,40.0,250.0,0.0
2024-08-12,26,14:30,0.0,17.0147,17.0147,13.8,0.058701,40.0,250.0,0.0
2024-08-12,27,14:45,0.0,17.1381,17.1381,13.8,0.059126,40.0,250.0,0.0
2024-08-12,28,15:00,0.0,16.0793,16.0793,27.87,0.112032,40.0,110.0,140.0
2024-08-12,29,15:15,0.0,3.2115,3.2115,27.87,0.022376,40.0,110.0,0.0
2024-08-12,30,15:30,0.0,0.0,0.0,27.87,0.0,40.0,150.0,0.0
2024-08-12,31,15:45,0.0,0.0,0.0,27.87,0.0,40.0,150.0,0.0
2024-08-12,32,16:00,0.0,0.0,0.0,48.65,0.0,40.0,150.0,0.0
2024-08-12,33,16:15,0.0,0.0,0.0,48.65,0.0,40.0,150.0,0.0
2024-08-12,34,16:30,0.0,0.0,0.0,48.65,0.0,40.0,150.0,0.0
2024-08-12,35,16:45,0.0,0.0,0.0,48.65,0.0,40.0,150.0,0.0
2024-08-12,36,17:00,0.0,0.0,0.0,89.29,0.0,40.0,150.0,0.0
2024-08-12,37,17:15,0.0,0.0,0.0,89.29,0.0,40.0,150.0,0.0
2024-08-12,38,17:30,0.0,0.0,0.0,89.29,0.0,40.0,150.0,0.0
2024-08-12,39,17:45,0.0,0.0,0.0,89.29,0.0,40.0,150.0,0.0
2024-08-12,40,18:00,0.0,0.0,0.0,122.78,0.0,40.0,150.0,0.0
2024-08-12,41,18:15,0.0,0.0,0.0,122.78,0.0,40.0,150.0,0.0
2024-08-12,42,18:30,0.0,0.0,0.0,122.78,0.0,40.0,150.0,0.0
2024-08-12,43,18:45,0.0,0.0,0.0,122.78,0.0,40.0,150.0,0.0
2024-08-12,44,19:00,0.0,0.0,0.0,206.02,0.0,40.0,150.0,0.0
2024-08-12,45,19:15,0.0,0.0,0.0,206.02,0.0,40.0,150.0,0.0
2024-08-12,46,19:30,0.0,0.0,0.0,206.02,0.0,40.0,150.0,0.0
2024-08-12,47,19:45,0.0,0.0,0.0,206.02,0.0,40.0,150.0,0.0
2024-08-12,48,20:00,0.0,0.0,0.0,224.84,0.0,40.0,150.0,0.0
2024-08-12,49,20:15,0.0,0.0,0.0,224.84,0.0,40.0,150.0,0.0
2024-08-12,50,20:30,0.0,0.0,0.0,224.84,0.0,40.0,150.0,0.0
2024-08-12,51,20:45,0.0,0.0,0.0,224.84,0.0,40.0,150.0,0.0
2024-08-12,52,21:00,0.0,0.0,0.0,128.34,0.0,40.0,150.0,0.0
2024-08-12,53,21:15,0.0,0.0,0.0,128.34,0.0,40.0,150.0,0.0
2024-08-12,54,21:30,0.0,0.0,0.0,128.34,0.0,40.0,150.0,0.0
2024-08-12,55,21:45,0.0,0.0,0.0,128.34,0.0,40.0,0.0,150.0
2024-08-13,0,08:00,1.8638,9.5021,11.3659,117.89,0.334982,0.0,0.0,0.0
2024-08-13,1,08:15,6.7293,17.0147,23.744,117.89,0.699794,0.0,0.0,0.0
2024-08-13,2,08:30,5.9956,17.1381,23.1337,117.89,0.681807,0.0,0.0,0.0
2024-08-13,3,08:45,7.1179,16.0793,23.1972,117.89,0.683679,0.0,0.0,0.0
2024-08-13,4,09:00,6.1091,3.2115,9.3206,87.81,0.20461,0.0,0.0,0.0
2024-08-13,5,09:15,5.6324,0.0,5.6324,87.81,0.123646,0.0,40.0,0.0
2024-08-13,6,09:30,5.8458,0.0,5.8458,87.81,0.12833,0.0,40.0,0.0
2024-08-13,7,09:45,5.1816,0.0,5.1816,87.81,0.113748,0.0,40.0,0.0
2024-08-13,8,10:00,6.7301,0.0,6.7301,66.67,0.112174,0.0,40.0,0.0
2024-08-13,9,10:15,3.9878,0.0,3.9878,66.67,0.066467,0.0,40.0,0.0
2024-08-13,10,10:30,1.8638,9.5021,11.3659,66.67,0.189442,60.0,40.0,0.0
2024-08-13,11,10:45,6.7293,17.0147,23.744,66.67,0.395752,60.0,40.0,0.0
2024-08-13,12,11:00,5.9956,17.1381,23.1337,55.94,0.323525,60.0,40.0,0.0
2024-08-13,13,11:15,7.1179,16.0793,23.1972,55.94,0.324412,60.0,40.0,0.0
2024-08-13,14,11:30,6.1091,3.2115,9.3206,55.94,0.130348,60.0,40.0,0.0
2024-08-13,15,11:45,5.6324,9.5021,15.1345,55.94,0.211657,20.0,80.0,0.0
2024-08-13,16,12:00,5.8458,17.0147,22.8605,43.01,0.245807,20.0,80.0,0.0
2024-08-13,17,12:15,5.1816,17.1381,22.3197,43.01,0.239992,20.0,80.0,0.0
2024-08-13,18,12:30,6.7301,16.0793,22.8094,43.01,0.245258,20.0,80.0,0.0
2024-08-13,19,12:45,3.9878,3.2115,7.1993,43.01,0.07741,20.0,80.0,0.0
2024-08-13,20,13:00,0.0,9.5021,9.5021,40.37,0.0959,80.0,120.0,0.0
2024-08-13,21,13:15,0.0,17.0147,17.0147,40.37,0.171721,80.0,120.0,0.0
2024-08-13,22,13:30,0.0,17.1381,17.1381,40.37,0.172966,80.0,120.0,0.0
2024-08-13,23,13:45,0.0,16.0793,16.0793,40.37,0.16228,80.0,120.0,0.0
2024-08-13,24,14:00,0.0,3.2115,3.2115,47.96,0.038506,80.0,120.0,0.0
2024-08-13,25,14:15,0.0,0.0,0.0,47.96,0.0,80.0,160.0,0.0
2024-08-13,26,14:30,0.0,0.0,0.0,47.96,0.0,80.0,160.0,0.0
2024-08-13,27,14:45,0.0,0.0,0.0,47.96,0.0,80.0,160.0,0.0
2024-08-13,28,15:00,0.0,0.0,0.0,64.15,0.0,80.0,30.0,130.0
2024-08-13,29,15:15,0.0,0.0,0.0,64.15,0.0,80.0,30.0,0.0
2024-08-13,30,15:30,0.0,0.0,0.0,64.15,0.0,80.0,30.0,0.0
2024-08-13,31,15:45,0.0,0.0,0.0,64.15,0.0,80.0,30.0,0.0
2024-08-13,32,16:00,0.0,0.0,0.0,86.0,0.0,80.0,30.0,0.0
2024-08-13,33,16:15,0.0,0.0,0.0,86.0,0.0,80.0,30.0,0.0
2024-08-13,34,16:30,0.0,0.0,0.0,86.0,0.0,80.0,30.0,0.0
2024-08-13,35,16:45,0.0,0.0,0.0,86.0,0.0,80.0,30.0,0.0
2024-08-13,36,17:00,0.0,0.0,0.0,105.0,0.0,80.0,30.0,0.0
2024-08-13,37,17:15,0.0,0.0,0.0,105.0,0.0,80.0,30.0,0.0
2024-08-13,38,17:30,0.0,0.0,0.0,105.0,0.0,80.0,30.0,0.0
2024-08-13,39,17:45,0.0,0.0,0.0,105.0,0.0,80.0,30.0,0.0
2024-08-13,40,18:00,0.0,0.0,0.0,121.04,0.0,80.0,30.0,0.0
2024-08-13,41,18:15,0.0,0.0,0.0,121.04,0.0,80.0,30.0,0.0
2024-08-13,42,18:30,0.0,0.0,0.0,121.04,0.0,80.0,30.0,0.0
2024-08-13,43,18:45,0.0,0.0,0.0,121.04,0.0,80.0,30.0,0.0
2024-08-13,44,19:00,0.0,0.0,0.0,202.72,0.0,80.0,30.0,0.0
2024-08-13,45,19:15,0.0,0.0,0.0,202.72,0.0,80.0,30.0,0.0
2024-08-13,46,19:30,0.0,0.0,0.0,202.72,0.0,80.0,30.0,0.0
2024-08-13,47,19:45,0.0,0.0,0.0,202.72,0.0,80.0,30.0,0.0
2024-08-13,48,20:00,0.0,0.0,0.0,205.35,0.0,80.0,30.0,0.0
2024-08-13,49,20:15,0.0,0.0,0.0,205.35,0.0,80.0,30.0,0.0
2024-08-13,50,20:30,0.0,0.0,0.0,205.35,0.0,80.0,30.0,0.0
2024-08-13,51,20:45,0.0,0.0,0.0,205.35,0.0,80.0,30.0,0.0
2024-08-13,52,21:00,0.0,0.0,0.0,128.9,0.0,80.0,30.0,0.0
2024-08-13,53,21:15,0.0,0.0,0.0,128.9,0.0,80.0,30.0,0.0
2024-08-13,54,21:30,0.0,0.0,0.0,128.9,0.0,80.0,30.0,0.0
2024-08-13,55,21:45,0.0,0.0,0.0,128.9,0.0,80.0,30.0,0.0
2024-08-14,0,08:00,1.8638,9.5021,11.3659,120.96,0.343706,40.0,30.0,0.0
2024-08-14,1,08:15,6.7293,17.0147,23.744,120.96,0.718017,40.0,30.0,0.0
2024-08-14,2,08:30,5.9956,17.1381,23.1337,120.96,0.699562,40.0,30.0,0.0
2024-08-14,3,08:45,7.1179,16.0793,23.1972,120.96,0.701483,40.0,30.0,0.0
2024-08-14,4,09:00,6.1091,3.2115,9.3206,108.79,0.253496,40.0,30.0,0.0
2024-08-14,5,09:15,5.6324,9.5021,15.1345,108.79,0.411622,0.0,70.0,0.0
2024-08-14,6,09:30,5.8458,17.0147,22.8605,108.79,0.621748,0.0,70.0,0.0
2024-08-14,7,09:45,5.1816,17.1381,22.3197,108.79,0.607039,0.0,70.0,0.0
2024-08-14,8,10:00,6.7301,16.0793,22.8094,83.08,0.473751,0.0,70.0,0.0
2024-08-14,9,10:15,3.9878,3.2115,7.1993,83.08,0.149529,0.0,70.0,0.0
2024-08-14,10,10:30,1.8638,9.5021,11.3659,83.08,0.23607,60.0,110.0,0.0
2024-08-14,11,10:45,6.7293,17.0147,23.744,83.08,0.493162,60.0,110.0,0.0
2024-08-14,12,11:00,5.9956,17.1381,23.1337,77.24,0.446711,60.0,110.0,0.0
2024-08-14,13,11:15,7.1179,16.0793,23.1972,77.24,0.447937,60.0,110.0,0.0
2024-08-14,14,11:30,6.1091,3.2115,9.3206,77.24,0.17998,60.0,110.0,0.0
2024-08-14,15,11:45,5.6324,9.5021,15.1345,77.24,0.292248,20.0,150.0,0.0
2024-08-14,16,12:00,5.8458,17.0147,22.8605,72.85,0.416347,20.0,150.0,0.0
2024-08-14,17,12:15,5.1816,17.1381,22.3197,72.85,0.406497,20.0,150.0,0.0
2024-08-14,18,12:30,6.7301,16.0793,22.8094,72.85,0.415416,20.0,150.0,0.0
2024-08-14,19,12:45,3.9878,3.2115,7.1993,72.85,0.131117,20.0,150.0,0.0
2024-08-14,20,13:00,0.0,9.5021,9.5021,75.38,0.179067,80.0,190.0,0.0
2024-08-14,21,13:15,0.0,17.0147,17.0147,75.38,0.320642,80.0,190.0,0.0
2024-08-14,22,13:30,0.0,17.1381,17.1381,75.38,0.322967,80.0,190.0,0.0
2024-08-14,23,13:45,0.0,16.0793,16.0793,75.38,0.303014,80.0,190.0,0.0
2024-08-14,24,14:00,0.0,3.2115,3.2115,74.71,0.059983,80.0,190.0,0.0
2024-08-14,25,14:15,0.0,0.0,0.0,74.71,0.0,80.0,230.0,0.0
2024-08-14,26,14:30,0.0,0.0,0.0,74.71,0.0,80.0,230.0,0.0
2024-08-14,27,14:45,0.0,0.0,0.0,74.71,0.0,80.0,230.0,0.0
2024-08-14,28,15:00,0.0,0.0,0.0,81.74,0.0,80.0,230.0,0.0
2024-08-14,29,15:15,0.0,0.0,0.0,81.74,0.0,80.0,230.0,0.0
2024-08-14,30,15:30,0.0,0.0,0.0,81.74,0.0,80.0,230.0,0.0
2024-08-14,31,15:45,0.0,0.0,0.0,81.74,0.0,80.0,230.0,0.0
2024-08-14,32,16:00,0.0,0.0,0.0,94.36,0.0,80.0,230.0,0.0
2024-08-14,33,16:15,0.0,0.0,0.0,94.36,0.0,80.0,230.0,0.0
2024-08-14,34,16:30,0.0,0.0,0.0,94.36,0.0,80.0,230.0,0.0
2024-08-14,35,16:45,0.0,0.0,0.0,94.36,0.0,80.0,230.0,0.0
2024-08-14,36,17:00,0.0,0.0,0.0,105.59,0.0,80.0,230.0,0.0
2024-08-14,37,17:15,0.0,0.0,0.0,105.59,0.0,80.0,230.0,0.0
2024-08-14,38,17:30,0.0,0.0,0.0,105.59,0.0,80.0,230.0,0.0
2024-08-14,39,17:45,0.0,0.0,0.0,105.59,0.0,80.0,230.0,0.0
2024-08-14,40,18:00,0.0,0.0,0.0,111.48,0.0,80.0,230.0,0.0
2024-08-14,41,18:15,0.0,0.0,0.0,111.48,0.0,80.0,230.0,0.0
2024-08-14,42,18:30,0.0,0.0,0.0,111.48,0.0,80.0,230.0,0.0
2024-08-14,43,18:45,0.0,0.0,0.0,111.48,0.0,80.0,230.0,0.0
2024-08-14,44,19:00,0.0,0.0,0.0,161.41,0.0,80.0,230.0,0.0
2024-08-14,45,19:15,0.0,0.0,0.0,161.41,0.0,80.0,230.0,0.0
2024-08-14,46,19:30,0.0,0.0,0.0,161.41,0.0,80.0,230.0,0.0
2024-08-14,47,19:45,0.0,0.0,0.0,161.41,0.0,80.0,230.0,0.0
2024-08-14,48,20:00,0.0,0.0,0.0,218.92,0.0,80.0,230.0,0.0
2024-08-14,49,20:15,0.0,0.0,0.0,218.92,0.0,80.0,230.0,0.0
2024-08-14,50,20:30,0.0,0.0,0.0,218.92,0.0,80.0,230.0,0.0
2024-08-14,51,20:45,0.0,0.0,0.0,218.92,0.0,80.0,230.0,0.0
2024-08-14,52,21:00,0.0,0.0,0.0,148.7,0.0,80.0,230.0,0.0
2024-08-14,53,21:15,0.0,0.0,0.0,148.7,0.0,80.0,230.0,0.0
2024-08-14,54,21:30,0.0,0.0,0.0,148.7,0.0,80.0,230.0,0.0
2024-08-14,55,21:45,0.0,0.0,0.0,148.7,0.0,80.0,70.0,160.0
2024-08-15,0,08:00,1.8638,9.5021,11.3659,114.97,0.326685,40.0,70.0,0.0
2024-08-15,1,08:15,6.7293,17.0147,23.744,114.97,0.682461,40.0,70.0,0.0
2024-08-15,2,08:30,5.9956,17.1381,23.1337,114.97,0.66492,40.0,70.0,0.0
2024-08-15,3,08:45,7.1179,16.0793,23.1972,114.97,0.666745,40.0,70.0,0.0
2024-08-15,4,09:00,6.1091,3.2115,9.3206,91.12,0.212322,40.0,70.0,0.0
2024-08-15,5,09:15,5.6324,9.5021,15.1345,91.12,0.344765,0.0,110.0,0.0
2024-08-15,6,09:30,5.8458,17.0147,22.8605,91.12,0.520762,0.0,110.0,0.0
2024-08-15,7,09:45,5.1816,17.1381,22.3197,91.12,0.508442,0.0,110.0,0.0
2024-08-15,8,10:00,6.7301,16.0793,22.8094,59.1,0.337009,0.0,110.0,0.0
2024-08-15,9,10:15,3.9878,3.2115,7.1993,59.1,0.106369,0.0,110.0,0.0
2024-08-15,10,10:30,0.0,9.5021,9.5021,59.1,0.140393,60.0,150.0,0.0
2024-08-15,11,10:45,0.0,17.0147,17.0147,59.1,0.251392,60.0,150.0,0.0
2024-08-15,12,11:00,0.0,17.1381,17.1381,19.94,0.085433,60.0,150.0,0.0
2024-08-15,13,11:15,0.0,16.0793,16.0793,19.94,0.080155,60.0,150.0,0.0
2024-08-15,14,11:30,0.0,3.2115,3.2115,19.94,0.016009,60.0,150.0,0.0
2024-08-15,15,11:45,0.0,0.0,0.0,19.94,0.0,60.0,190.0,0.0
2024-08-15,16,12:00,0.0,0.0,0.0,9.86,0.0,60.0,190.0,0.0
2024-08-15,17,12:15,0.0,0.0,0.0,9.86,0.0,60.0,190.0,0.0
2024-08-15,18,12:30,0.0,0.0,0.0,9.86,0.0,60.0,190.0,0.0
2024-08-15,19,12:45,0.0,0.0,0.0,9.86,0.0,60.0,190.0,0.0
2024-08-15,20,13:00,0.0,0.0,0.0,0.01,0.0,60.0,190.0,0.0
2024-08-15,21,13:15,0.0,0.0,0.0,0.01,0.0,60.0,190.0,0.0
2024-08-15,22,13:30,0.0,0.0,0.0,0.01,0.0,60.0,190.0,0.0
2024-08-15,23,13:45,0.0,0.0,0.0,0.01,0.0,60.0,190.0,0.0
2024-08-15,24,14:00,0.0,0.0,0.0,-0.04,-0.0,60.0,190.0,0.0
2024-08-15,25,14:15,0.0,0.0,0.0,-0.04,-0.0,60.0,190.0,0.0
2024-08-15,26,14:30,0.0,0.0,0.0,-0.04,-0.0,60.0,190.0,0.0
2024-08-15,27,14:45,0.0,0.0,0.0,-0.04,-0.0,60.0,190.0,0.0
2024-08-15,28,15:00,0.0,0.0,0.0,4.25,0.0,60.0,20.0,170.0
2024-08-15,29,15:15,0.0,0.0,0.0,4.25,0.0,60.0,20.0,0.0
2024-08-15,30,15:30,0.0,0.0,0.0,4.25,0.0,60.0,20.0,0.0
2024-08-15,31,15:45,0.0,0.0,0.0,4.25,0.0,60.0,20.0,0.0
2024-08-15,32,16:00,0.0,0.0,0.0,33.41,0.0,60.0,20.0,0.0
2024-08-15,33,16:15,0.0,0.0,0.0,33.41,0.0,60.0,20.0,0.0
2024-08-15,34,16:30,0.0,0.0,0.0,33.41,0.0,60.0,20.0,0.0
2024-08-15,35,16:45,0.0,0.0,0.0,33.41,0.0,60.0,20.0,0.0
2024-08-15,36,17:00,0.0,0.0,0.0,77.26,0.0,60.0,20.0,0.0
2024-08-15,37,17:15,0.0,0.0,0.0,77.26,0.0,60.0,20.0,0.0
2024-08-15,38,17:30,0.0,0.0,0.0,77.26,0.0,60.0,20.0,0.0
2024-08-15,39,17:45,0.0,0.0,0.0,77.26,0.0,60.0,20.0,0.0
2024-08-15,40,18:00,0.0,0.0,0.0,119.93,0.0,60.0,20.0,0.0
2024-08-15,41,18:15,0.0,0.0,0.0,119.93,0.0,60.0,20.0,0.0
2024-08-15,42,18:30,0.0,0.0,0.0,119.93,0.0,60.0,20.0,0.0
2024-08-15,43,18:45,0.0,0.0,0.0,119.93,0.0,60.0,20.0,0.0
2024-08-15,44,19:00,0.0,0.0,0.0,142.51,0.0,60.0,20.0,0.0
2024-08-15,45,19:15,0.0,0.0,0.0,142.51,0.0,60.0,20.0,0.0
2024-08-15,46,19:30,0.0,0.0,0.0,142.51,0.0,60.0,20.0,0.0
2024-08-15,47,19:45,0.0,0.0,0.0,142.51,0.0,60.0,20.0,0.0
2024-08-15,48,20:00,0.0,0.0,0.0,160.3,0.0,60.0,20.0,0.0
2024-08-15,49,20:15,0.0,0.0,0.0,160.3,0.0,60.0,20.0,0.0
2024-08-15,50,20:30,0.0,0.0,0.0,160.3,0.0,60.0,20.0,0.0
2024-08-15,51,20:45,0.0,0.0,0.0,160.3,0.0,60.0,20.0,0.0
2024-08-15,52,21:00,0.0,0.0,0.0,140.84,0.0,60.0,20.0,0.0
2024-08-15,53,21:15,0.0,0.0,0.0,140.84,0.0,60.0,20.0,0.0
2024-08-15,54,21:30,0.0,0.0,0.0,140.84,0.0,60.0,20.0,0.0
2024-08-15,55,21:45,0.0,0.0,0.0,140.84,0.0,60.0,20.0,0.0
2024-08-16,0,08:00,1.8638,9.5021,11.3659,124.83,0.354702,20.0,20.0,0.0
2024-08-16,1,08:15,6.7293,17.0147,23.744,124.83,0.740989,20.0,20.0,0.0
2024-08-16,2,08:30,5.9956,17.1381,23.1337,124.83,0.721944,20.0,20.0,0.0
2024-08-16,3,08:45,7.1179,16.0793,23.1972,124.83,0.723926,20.0,20.0,0.0
2024-08-16,4,09:00,6.1091,3.2115,9.3206,100.95,0.235228,20.0,20.0,0.0
2024-08-16,5,09:15,5.6324,0.0,5.6324,100.95,0.142149,20.0,60.0,0.0
2024-08-16,6,09:30,5.8458,0.0,5.8458,100.95,0.147534,20.0,60.0,0.0
2024-08-16,7,09:45,5.1816,0.0,5.1816,100.95,0.13077,20.0,60.0,0.0
2024-08-16,8,10:00,6.7301,0.0,6.7301,76.15,0.128124,20.0,60.0,0.0
2024-08-16,9,10:15,3.9878,0.0,3.9878,76.15,0.075918,20.0,60.0,0.0
2024-08-16,10,10:30,0.0,9.5021,9.5021,76.15,0.180896,80.0,60.0,0.0
2024-08-16,11,10:45,0.0,17.0147,17.0147,76.15,0.323917,80.0,60.0,0.0
2024-08-16,12,11:00,0.0,17.1381,17.1381,59.83,0.256343,80.0,60.0,0.0
2024-08-16,13,11:15,0.0,16.0793,16.0793,59.83,0.240506,80.0,60.0,0.0
2024-08-16,14,11:30,0.0,3.2115,3.2115,59.83,0.048036,80.0,60.0,0.0
2024-08-16,15,11:45,0.0,9.5021,9.5021,59.83,0.142128,40.0,100.0,0.0
2024-08-16,16,12:00,0.0,17.0147,17.0147,50.68,0.215576,40.0,100.0,0.0
2024-08-16,17,12:15,0.0,17.1381,17.1381,50.68,0.21714,40.0,100.0,0.0
2024-08-16,18,12:30,0.0,16.0793,16.0793,50.68,0.203724,40.0,100.0,0.0
2024-08-16,19,12:45,0.0,3.2115,3.2115,50.68,0.04069,40.0,100.0,0.0
2024-08-16,20,13:00,0.0,9.5021,9.5021,49.93,0.11861,0.0,140.0,0.0
2024-08-16,21,13:15,0.0,17.0147,17.0147,49.93,0.212386,0.0,140.0,0.0
2024-08-16,22,13:30,0.0,17.1381,17.1381,49.93,0.213926,0.0,140.0,0.0
2024-08-16,23,13:45,0.0,16.0793,16.0793,49.93,0.20071,0.0,140.0,0.0
2024-08-16,24,14:00,0.0,3.2115,3.2115,47.57,0.038193,0.0,140.0,0.0
2024-08-16,25,14:15,0.0,0.0,0.0,47.57,0.0,0.0,180.0,0.0
2024-08-16,26,14:30,0.0,0.0,0.0,47.57,0.0,0.0,180.0,0.0
2024-08-16,27,14:45,0.0,0.0,0.0,47.57,0.0,0.0,180.0,0.0
2024-08-16,28,15:00,0.0,0.0,0.0,55.16,0.0,0.0,30.0,150.0
2024-08-16,29,15:15,0.0,0.0,0.0,55.16,0.0,0.0,30.0,0.0
2024-08-16,30,15:30,0.0,0.0,0.0,55.16,0.0,0.0,30.0,0.0
2024-08-16,31,15:45,0.0,0.0,0.0,55.16,0.0,0.0,30.0,0.0
2024-08-16,32,16:00,0.0,0.0,0.0,82.67,0.0,0.0,30.0,0.0
2024-08-16,33,16:15,0.0,0.0,0.0,82.67,0.0,0.0,30.0,0.0
2024-08-16,34,16:30,0.0,0.0,0.0,82.67,0.0,0.0,30.0,0.0
2024-08-16,35,16:45,0.0,0.0,0.0,82.67,0.0,0.0,30.0,0.0
2024-08-16,36,17:00,0.0,0.0,0.0,103.76,0.0,0.0,30.0,0.0
2024-08-16,37,17:15,0.0,0.0,0.0,103.76,0.0,0.0,30.0,0.0
2024-08-16,38,17:30,0.0,0.0,0.0,103.76,0.0,0.0,30.0,0.0
2024-08-16,39,17:45,0.0,0.0,0.0,103.76,0.0,0.0,30.0,0.0
2024-08-16,40,18:00,0.0,0.0,0.0,134.92,0.0,0.0,30.0,0.0
2024-08-16,41,18:15,0.0,0.0,0.0,134.92,0.0,0.0,30.0,0.0
2024-08-16,42,18:30,0.0,0.0,0.0,134.92,0.0,0.0,30.0,0.0
2024-08-16,43,18:45,0.0,0.0,0.0,134.92,0.0,0.0,30.0,0.0
2024-08-16,44,19:00,0.0,0.0,0.0,230.52,0.0,0.0,30.0,0.0
2024-08-16,45,19:15,0.0,0.0,0.0,230.52,0.0,0.0,30.0,0.0
2024-08-16,46,19:30,0.0,0.0,0.0,230.52,0.0,0.0,30.0,0.0
2024-08-16,47,19:45,0.0,0.0,0.0,230.52,0.0,0.0,30.0,0.0
2024-08-16,48,20:00,0.0,0.0,0.0,243.12,0.0,0.0,30.0,0.0
2024-08-16,49,20:15,0.0,0.0,0.0,243.12,0.0,0.0,30.0,0.0
2024-08-16,50,20:30,0.0,0.0,0.0,243.12,0.0,0.0,30.0,0.0
2024-08-16,51,20:45,0.0,0.0,0.0,243.12,0.0,0.0,30.0,0.0
2024-08-16,52,21:00,0.0,0.0,0.0,171.83,0.0,0.0,30.0,0.0
2024-08-16,53,21:15,0.0,0.0,0.0,171.83,0.0,0.0,30.0,0.0
2024-08-16,54,21:30,0.0,0.0,0.0,171.83,0.0,0.0,30.0,0.0
2024-08-16,55,21:45,0.0,0.0,0.0,171.83,0.0,0.0,30.0,0.0
2024-08-19,0,08:00,1.8638,0.0,1.8638,129.6,0.060388,0.0,30.0,0.0
2024-08-19,1,08:15,6.7293,0.0,6.7293,129.6,0.218029,0.0,30.0,0.0
2024-08-19,2,08:30,5.9956,0.0,5.9956,129.6,0.194257,0.0,30.0,0.0
2024-08-19,3,08:45,7.1179,0.0,7.1179,129.6,0.23062,0.0,30.0,0.0
2024-08-19,4,09:00,6.1091,0.0,6.1091,112.58,0.17194,0.0,30.0,0.0
2024-08-19,5,09:15,5.6324,0.0,5.6324,112.58,0.158525,0.0,30.0,0.0
2024-08-19,6,09:30,5.8458,0.0,5.8458,112.58,0.16453,0.0,30.0,0.0
2024-08-19,7,09:45,5.1816,0.0,5.1816,112.58,0.145835,0.0,30.0,0.0
2024-08-19,8,10:00,6.7301,0.0,6.7301,96.9,0.163037,0.0,30.0,0.0
2024-08-19,9,10:15,3.9878,0.0,3.9878,96.9,0.096604,0.0,30.0,0.0
2024-08-19,10,10:30,1.8638,9.5021,11.3659,96.9,0.27534,60.0,30.0,0.0
2024-08-19,11,10:45,6.7293,17.0147,23.744,96.9,0.575197,60.0,30.0,0.0
2024-08-19,12,11:00,5.9956,17.1381,23.1337,89.74,0.519004,60.0,30.0,0.0
2024-08-19,13,11:15,7.1179,16.0793,23.1972,89.74,0.520429,60.0,30.0,0.0
2024-08-19,14,11:30,6.1091,3.2115,9.3206,89.74,0.209107,60.0,30.0,0.0
2024-08-19,15,11:45,5.6324,9.5021,15.1345,89.74,0.339543,20.0,70.0,0.0
2024-08-19,16,12:00,5.8458,17.0147,22.8605,84.38,0.482242,20.0,70.0,0.0
2024-08-19,17,12:15,5.1816,17.1381,22.3197,84.38,0.470833,20.0,70.0,0.0
2024-08-19,18,12:30,6.7301,16.0793,22.8094,84.38,0.481164,20.0,70.0,0.0
2024-08-19,19,12:45,3.9878,3.2115,7.1993,84.38,0.151869,20.0,70.0,0.0
2024-08-19,20,13:00,1.8638,9.5021,11.3659,78.87,0.224108,80.0,110.0,0.0
2024-08-19,21,13:15,6.7293,17.0147,23.744,78.87,0.468171,80.0,110.0,0.0
2024-08-19,22,13:30,5.9956,17.1381,23.1337,78.87,0.456138,80.0,110.0,0.0
2024-08-19,23,13:45,7.1179,16.0793,23.1972,78.87,0.45739,80.0,110.0,0.0
2024-08-19,24,14:00,6.1091,3.2115,9.3206,80.21,0.186901,80.0,110.0,0.0
2024-08-19,25,14:15,5.6324,9.5021,15.1345,80.21,0.303485,40.0,150.0,0.0
2024-08-19,26,14:30,5.8458,17.0147,22.8605,80.21,0.45841,40.0,150.0,0.0
2024-08-19,27,14:45,5.1816,17.1381,22.3197,80.21,0.447565,40.0,150.0,0.0
2024-08-19,28,15:00,6.7301,16.0793,22.8094,79.9,0.455617,40.0,20.0,130.0
2024-08-19,29,15:15,3.9878,3.2115,7.1993,79.9,0.143806,40.0,20.0,0.0
2024-08-19,30,15:30,1.8638,9.5021,11.3659,79.9,0.227035,100.0,60.0,0.0
2024-08-19,31,15:45,6.7293,17.0147,23.744,79.9,0.474285,100.0,60.0,0.0
2024-08-19,32,16:00,5.9956,17.1381,23.1337,84.05,0.486096,100.0,60.0,0.0
2024-08-19,33,16:15,7.1179,16.0793,23.1972,84.05,0.487431,100.0,60.0,0.0
2024-08-19,34,16:30,6.1091,3.2115,9.3206,84.05,0.195848,100.0,60.0,0.0
2024-08-19,35,16:45,5.6324,9.5021,15.1345,84.05,0.318015,60.0,100.0,0.0
2024-08-19,36,17:00,5.8458,17.0147,22.8605,100.7,0.575513,60.0,100.0,0.0
2024-08-19,37,17:15,5.1816,17.1381,22.3197,100.7,0.561898,60.0,100.0,0.0
2024-08-19,38,17:30,6.7301,16.0793,22.8094,100.7,0.574226,60.0,100.0,0.0
2024-08-19,39,17:45,3.9878,3.2115,7.1993,100.7,0.181242,60.0,100.0,0.0
2024-08-19,40,18:00,0.0,9.5021,9.5021,113.97,0.270738,120.0,140.0,0.0
2024-08-19,41,18:15,0.0,17.0147,17.0147,113.97,0.484791,120.0,140.0,0.0
2024-08-19,42,18:30,0.0,17.1381,17.1381,113.97,0.488307,120.0,140.0,0.0
2024-08-19,43,18:45,0.0,16.0793,16.0793,113.97,0.458139,120.0,140.0,0.0
2024-08-19,44,19:00,0.0,3.2115,3.2115,200.0,0.160574,120.0,140.0,0.0
2024-08-19,45,19:15,0.0,9.5021,9.5021,200.0,0.475105,80.0,180.0,0.0
2024-08-19,46,19:30,0.0,17.0147,17.0147,200.0,0.850734,80.0,180.0,0.0
2024-08-19,47,19:45,0.0,17.1381,17.1381,200.0,0.856905,80.0,180.0,0.0
2024-08-19,48,20:00,0.0,16.0793,16.0793,203.83,0.81936,80.0,180.0,0.0
2024-08-19,49,20:15,0.0,3.2115,3.2115,203.83,0.163649,80.0,180.0,0.0
2024-08-19,50,20:30,0.0,0.0,0.0,203.83,0.0,80.0,220.0,0.0
2024-08-19,51,20:45,0.0,0.0,0.0,203.83,0.0,80.0,220.0,0.0
2024-08-19,52,21:00,0.0,0.0,0.0,140.11,0.0,80.0,220.0,0.0
2024-08-19,53,21:15,0.0,0.0,0.0,140.11,0.0,80.0,220.0,0.0
2024-08-19,54,21:30,0.0,0.0,0.0,140.11,0.0,80.0,220.0,0.0
2024-08-19,55,21:45,0.0,0.0,0.0,140.11,0.0,80.0,40.0,180.0
2024-08-20,0,08:00,1.8638,9.5021,11.3659,122.97,0.349417,40.0,40.0,0.0
2024-08-20,1,08:15,6.7293,17.0147,23.744,122.97,0.729948,40.0,40.0,0.0
2024-08-20,2,08:30,5.9956,17.1381,23.1337,122.97,0.711187,40.0,40.0,0.0
2024-08-20,3,08:45,7.1179,16.0793,23.1972,122.97,0.713139,40.0,40.0,0.0
2024-08-20,4,09:00,6.1091,3.2115,9.3206,103.09,0.240214,40.0,40.0,0.0
2024-08-20,5,09:15,5.6324,9.5021,15.1345,103.09,0.390055,0.0,80.0,0.0
2024-08-20,6,09:30,5.8458,17.0147,22.8605,103.09,0.589172,0.0,80.0,0.0
2024-08-20,7,09:45,5.1816,17.1381,22.3197,103.09,0.575234,0.0,80.0,0.0
2024-08-20,8,10:00,6.7301,16.0793,22.8094,75.01,0.427733,0.0,80.0,0.0
2024-08-20,9,10:15,3.9878,3.2115,7.1993,75.01,0.135005,0.0,80.0,0.0
2024-08-20,10,10:30,1.8638,9.5021,11.3659,75.01,0.21314,60.0,120.0,0.0
2024-08-20,11,10:45,6.7293,17.0147,23.744,75.01,0.445258,60.0,120.0,0.0
2024-08-20,12,11:00,5.9956,17.1381,23.1337,50.13,0.289923,60.0,120.0,0.0
2024-08-20,13,11:15,7.1179,16.0793,23.1972,50.13,0.290719,60.0,120.0,0.0
2024-08-20,14,11:30,6.1091,3.2115,9.3206,50.13,0.11681,60.0,120.0,0.0
2024-08-20,15,11:45,5.6324,9.5021,15.1345,50.13,0.189674,20.0,160.0,0.0
2024-08-20,16,12:00,5.8458,17.0147,22.8605,37.69,0.215403,20.0,160.0,0.0
2024-08-20,17,12:15,5.1816,17.1381,22.3197,37.69,0.210307,20.0,160.0,0.0
2024-08-20,18,12:30,6.7301,16.0793,22.8094,37.69,0.214921,20.0,160.0,0.0
2024-08-20,19,12:45,3.9878,3.2115,7.1993,37.69,0.067835,20.0,160.0,0.0
2024-08-20,20,13:00,0.0,9.5021,9.5021,18.22,0.043282,80.0,200.0,0.0
2024-08-20,21,13:15,0.0,17.0147,17.0147,18.22,0.077502,80.0,200.0,0.0
2024-08-20,22,13:30,0.0,17.1381,17.1381,18.22,0.078064,80.0,200.0,0.0
2024-08-20,23,13:45,0.0,16.0793,16.0793,18.22,0.073241,80.0,200.0,0.0
2024-08-20,24,14:00,0.0,3.2115,3.2115,20.36,0.016346,80.0,200.0,0.0
2024-08-20,25,14:15,0.0,0.0,0.0,20.36,0.0,80.0,240.0,0.0
2024-08-20,26,14:30,0.0,0.0,0.0,20.36,0.0,80.0,240.0,0.0
2024-08-20,27,14:45,0.0,0.0,0.0,20.36,0.0,80.0,240.0,0.0
2024-08-20,28,15:00,0.0,0.0,0.0,48.9,0.0,80.0,100.0,140.0
2024-08-20,29,15:15,0.0,0.0,0.0,48.9,0.0,80.0,100.0,0.0
2024-08-20,30,15:30,0.0,0.0,0.0,48.9,0.0,80.0,100.0,0.0
2024-08-20,31,15:45,0.0,0.0,0.0,48.9,0.0,80.0,100.0,0.0
2024-08-20,32,16:00,0.0,0.0,0.0,82.15,0.0,80.0,100.0,0.0
2024-08-20,33,16:15,0.0,0.0,0.0,82.15,0.0,80.0,100.0,0.0
2024-08-20,34,16:30,0.0,0.0,0.0,82.15,0.0,80.0,100.0,0.0
2024-08-20,35,16:45,0.0,0.0,0.0,82.15,0.0,80.0,100.0,0.0
2024-08-20,36,17:00,0.0,0.0,0.0,104.5,0.0,80.0,100.0,0.0
2024-08-20,37,17:15,0.0,0.0,0.0,104.5,0.0,80.0,100.0,0.0
2024-08-20,38,17:30,0.0,0.0,0.0,104.5,0.0,80.0,100.0,0.0
2024-08-20,39,17:45,0.0,0.0,0.0,104.5,0.0,80.0,100.0,0.0
2024-08-20,40,18:00,0.0,0.0,0.0,118.07,0.0,80.0,100.0,0.0
2024-08-20,41,18:15,0.0,0.0,0.0,118.07,0.0,80.0,100.0,0.0
2024-08-20,42,18:30,0.0,0.0,0.0,118.07,0.0,80.0,100.0,0.0
2024-08-20,43,18:45,0.0,0.0,0.0,118.07,0.0,80.0,100.0,0.0
2024-08-20,44,19:00,0.0,0.0,0.0,158.81,0.0,80.0,100.0,0.0
2024-08-20,45,19:15,0.0,0.0,0.0,158.81,0.0,80.0,100.0,0.0
2024-08-20,46,19:30,0.0,0.0,0.0,158.81,0.0,80.0,100.0,0.0
2024-08-20,47,19:45,0.0,0.0,0.0,158.81,0.0,80.0,100.0,0.0
2024-08-20,48,20:00,0.0,0.0,0.0,154.71,0.0,80.0,100.0,0.0
2024-08-20,49,20:15,0.0,0.0,0.0,154.71,0.0,80.0,100.0,0.0
2024-08-20,50,20:30,0.0,0.0,0.0,154.71,0.0,80.0,100.0,0.0
2024-08-20,51,20:45,0.0,0.0,0.0,154.71,0.0,80.0,100.0,0.0
2024-08-20,52,21:00,0.0,0.0,0.0,120.89,0.0,80.0,100.0,0.0
2024-08-20,53,21:15,0.0,0.0,0.0,120.89,0.0,80.0,100.0,0.0
2024-08-20,54,21:30,0.0,0.0,0.0,120.89,0.0,80.0,100.0,0.0
2024-08-20,55,21:45,0.0,0.0,0.0,120.89,0.0,80.0,0.0,100.0
2024-08-21,0,08:00,1.8638,9.5021,11.3659,87.38,0.248289,40.0,0.0,0.0
2024-08-21,1,08:15,6.7293,17.0147,23.744,87.38,0.518687,40.0,0.0,0.0
2024-08-21,2,08:30,5.9956,17.1381,23.1337,87.38,0.505355,40.0,0.0,0.0
2024-08-21,3,08:45,7.1179,16.0793,23.1972,87.38,0.506742,40.0,0.0,0.0
2024-08-21,4,09:00,6.1091,3.2115,9.3206,53.16,0.12387,40.0,0.0,0.0
2024-08-21,5,09:15,5.6324,9.5021,15.1345,53.16,0.201138,0.0,40.0,0.0
2024-08-21,6,09:30,5.8458,17.0147,22.8605,53.16,0.303816,0.0,40.0,0.0
2024-08-21,7,09:45,5.1816,17.1381,22.3197,53.16,0.296628,0.0,40.0,0.0
2024-08-21,8,10:00,6.7301,16.0793,22.8094,0.16,0.000912,0.0,40.0,0.0
2024-08-21,9,10:15,3.9878,3.2115,7.1993,0.16,0.000288,0.0,40.0,0.0
2024-08-21,10,10:30,1.8638,9.5021,11.3659,0.16,0.000455,60.0,80.0,0.0
2024-08-21,11,10:45,6.7293,17.0147,23.744,0.16,0.00095,60.0,80.0,0.0
2024-08-21,12,11:00,5.9956,17.1381,23.1337,-4.95,-0.028628,60.0,80.0,0.0
2024-08-21,13,11:15,7.1179,16.0793,23.1972,-4.95,-0.028707,60.0,80.0,0.0
2024-08-21,14,11:30,6.1091,3.2115,9.3206,-4.95,-0.011534,60.0,80.0,0.0
2024-08-21,15,11:45,5.6324,9.5021,15.1345,-4.95,-0.018729,20.0,120.0,0.0
2024-08-21,16,12:00,5.8458,17.0147,22.8605,-13.01,-0.074354,20.0,120.0,0.0
2024-08-21,17,12:15,5.1816,17.1381,22.3197,-13.01,-0.072595,20.0,120.0,0.0
2024-08-21,18,12:30,6.7301,16.0793,22.8094,-13.01,-0.074188,20.0,120.0,0.0
2024-08-21,19,12:45,3.9878,3.2115,7.1993,-13.01,-0.023416,20.0,120.0,0.0
2024-08-21,20,13:00,0.0,9.5021,9.5021,-20.32,-0.048271,80.0,160.0,0.0
2024-08-21,21,13:15,0.0,17.0147,17.0147,-20.32,-0.086435,80.0,160.0,0.0
2024-08-21,22,13:30,0.0,17.1381,17.1381,-20.32,-0.087062,80.0,160.0,0.0
2024-08-21,23,13:45,0.0,16.0793,16.0793,-20.32,-0.081683,80.0,160.0,0.0
2024-08-21,24,14:00,0.0,3.2115,3.2115,-21.28,-0.017085,80.0,160.0,0.0
2024-08-21,25,14:15,0.0,9.5021,9.5021,-21.28,-0.050551,40.0,200.0,0.0
2024-08-21,26,14:30,0.0,17.0147,17.0147,-21.28,-0.090518,40.0,200.0,0.0
2024-08-21,27,14:45,0.0,17.1381,17.1381,-21.28,-0.091175,40.0,200.0,0.0
2024-08-21,28,15:00,0.0,16.0793,16.0793,-16.05,-0.064518,40.0,70.0,130.0
2024-08-21,29,15:15,0.0,3.2115,3.2115,-16.05,-0.012886,40.0,70.0,0.0
2024-08-21,30,15:30,0.0,9.5021,9.5021,-16.05,-0.038127,0.0,110.0,0.0
2024-08-21,31,15:45,0.0,17.0147,17.0147,-16.05,-0.068271,0.0,110.0,0.0
2024-08-21,32,16:00,0.0,17.1381,17.1381,-12.64,-0.054156,0.0,110.0,0.0
2024-08-21,33,16:15,0.0,16.0793,16.0793,-12.64,-0.050811,0.0,110.0,0.0
2024-08-21,34,16:30,0.0,3.2115,3.2115,-12.64,-0.010148,0.0,110.0,0.0
2024-08-21,35,16:45,0.0,0.0,0.0,-12.64,-0.0,0.0,150.0,0.0
2024-08-21,36,17:00,0.0,0.0,0.0,2.01,0.0,0.0,150.0,0.0
2024-08-21,37,17:15,0.0,0.0,0.0,2.01,0.0,0.0,150.0,0.0
2024-08-21,38,17:30,0.0,0.0,0.0,2.01,0.0,0.0,150.0,0.0
2024-08-21,39,17:45,0.0,0.0,0.0,2.01,0.0,0.0,150.0,0.0
2024-08-21,40,18:00,0.0,0.0,0.0,67.26,0.0,0.0,150.0,0.0
2024-08-21,41,18:15,0.0,0.0,0.0,67.26,0.0,0.0,150.0,0.0
2024-08-21,42,18:30,0.0,0.0,0.0,67.26,0.0,0.0,150.0,0.0
2024-08-21,43,18:45,0.0,0.0,0.0,67.26,0.0,0.0,150.0,0.0
2024-08-21,44,19:00,0.0,0.0,0.0,101.89,0.0,0.0,150.0,0.0
2024-08-21,45,19:15,0.0,0.0,0.0,101.89,0.0,0.0,150.0,0.0
2024-08-21,46,19:30,0.0,0.0,0.0,101.89,0.0,0.0,150.0,0.0
2024-08-21,47,19:45,0.0,0.0,0.0,101.89,0.0,0.0,150.0,0.0
2024-08-21,48,20:00,0.0,0.0,0.0,140.35,0.0,0.0,150.0,0.0
2024-08-21,49,20:15,0.0,0.0,0.0,140.35,0.0,0.0,150.0,0.0
2024-08-21,50,20:30,0.0,0.0,0.0,140.35,0.0,0.0,150.0,0.0
2024-08-21,51,20:45,0.0,0.0,0.0,140.35,0.0,0.0,150.0,0.0
2024-08-21,52,21:00,0.0,0.0,0.0,130.96,0.0,0.0,150.0,0.0
2024-08-21,53,21:15,0.0,0.0,0.0,130.96,0.0,0.0,150.0,0.0
2024-08-21,54,21:30,0.0,0.0,0.0,130.96,0.0,0.0,150.0,0.0
2024-08-21,55,21:45,0.0,0.0,0.0,130.96,0.0,0.0,10.0,140.0
2024-08-22,0,08:00,1.8638,0.0,1.8638,113.05,0.052677,0.0,10.0,0.0
2024-08-22,1,08:15,6.7293,0.0,6.7293,113.05,0.190186,0.0,10.0,0.0
2024-08-22,2,08:30,5.9956,0.0,5.9956,113.05,0.16945,0.0,10.0,0.0
2024-08-22,3,08:45,7.1179,0.0,7.1179,113.05,0.201169,0.0,10.0,0.0
2024-08-22,4,09:00,6.1091,0.0,6.1091,73.1,0.111643,0.0,10.0,0.0
2024-08-22,5,09:15,5.6324,0.0,5.6324,73.1,0.102933,0.0,10.0,0.0
2024-08-22,6,09:30,5.8458,0.0,5.8458,73.1,0.106832,0.0,10.0,0.0
2024-08-22,7,09:45,5.1816,0.0,5.1816,73.1,0.094693,0.0,10.0,0.0
2024-08-22,8,10:00,6.7301,0.0,6.7301,14.8,0.024901,0.0,10.0,0.0
2024-08-22,9,10:15,3.9878,0.0,3.9878,14.8,0.014755,0.0,10.0,0.0
2024-08-22,10,10:30,1.8638,9.5021,11.3659,14.8,0.042054,60.0,10.0,0.0
2024-08-22,11,10:45,6.7293,17.0147,23.744,14.8,0.087853,60.0,10.0,0.0
2024-08-22,12,11:00,5.9956,17.1381,23.1337,0.0,0.0,60.0,10.0,0.0
2024-08-22,13,11:15,7.1179,16.0793,23.1972,0.0,0.0,60.0,10.0,0.0
2024-08-22,14,11:30,6.1091,3.2115,9.3206,0.0,0.0,60.0,10.0,0.0
2024-08-22,15,11:45,5.6324,9.5021,15.1345,0.0,0.0,20.0,50.0,0.0
2024-08-22,16,12:00,5.8458,17.0147,22.8605,-0.38,-0.002172,20.0,50.0,0.0
2024-08-22,17,12:15,5.1816,17.1381,22.3197,-0.38,-0.00212,20.0,50.0,0.0
2024-08-22,18,12:30,6.7301,16.0793,22.8094,-0.38,-0.002167,20.0,50.0,0.0
2024-08-22,19,12:45,3.9878,3.2115,7.1993,-0.38,-0.000684,20.0,50.0,0.0
2024-08-22,20,13:00,1.8638,9.5021,11.3659,-2.56,-0.007274,80.0,90.0,0.0
2024-08-22,21,13:15,6.7293,17.0147,23.744,-2.56,-0.015196,80.0,90.0,0.0
2024-08-22,22,13:30,5.9956,17.1381,23.1337,-2.56,-0.014806,80.0,90.0,0.0
2024-08-22,23,13:45,7.1179,16.0793,23.1972,-2.56,-0.014846,80.0,90.0,0.0
2024-08-22,24,14:00,6.1091,3.2115,9.3206,-1.51,-0.003519,80.0,90.0,0.0
2024-08-22,25,14:15,5.6324,9.5021,15.1345,-1.51,-0.005713,40.0,130.0,0.0
2024-08-22,26,14:30,5.8458,17.0147,22.8605,-1.51,-0.00863,40.0,130.0,0.0
2024-08-22,27,14:45,5.1816,17.1381,22.3197,-1.51,-0.008426,40.0,130.0,0.0
2024-08-22,28,15:00,6.7301,16.0793,22.8094,-4.35,-0.024805,40.0,0.0,130.0
2024-08-22,29,15:15,3.9878,3.2115,7.1993,-4.35,-0.007829,40.0,0.0,0.0
2024-08-22,30,15:30,1.8638,9.5021,11.3659,-4.35,-0.01236,100.0,40.0,0.0
2024-08-22,31,15:45,6.7293,17.0147,23.744,-4.35,-0.025822,100.0,40.0,0.0
2024-08-22,32,16:00,5.9956,17.1381,23.1337,-0.09,-0.000521,100.0,40.0,0.0
2024-08-22,33,16:15,7.1179,16.0793,23.1972,-0.09,-0.000522,100.0,40.0,0.0
2024-08-22,34,16:30,6.1091,3.2115,9.3206,-0.09,-0.00021,100.0,40.0,0.0
2024-08-22,35,16:45,5.6324,9.5021,15.1345,-0.09,-0.000341,60.0,80.0,0.0
2024-08-22,36,17:00,5.8458,17.0147,22.8605,24.89,0.142249,60.0,80.0,0.0
2024-08-22,37,17:15,5.1816,17.1381,22.3197,24.89,0.138884,60.0,80.0,0.0
2024-08-22,38,17:30,6.7301,16.0793,22.8094,24.89,0.141931,60.0,80.0,0.0
2024-08-22,39,17:45,3.9878,3.2115,7.1993,24.89,0.044798,60.0,80.0,0.0
2024-08-22,40,18:00,0.0,9.5021,9.5021,89.46,0.212514,120.0,120.0,0.0
2024-08-22,41,18:15,0.0,17.0147,17.0147,89.46,0.380533,120.0,120.0,0.0
2024-08-22,42,18:30,0.0,17.1381,17.1381,89.46,0.383293,120.0,120.0,0.0
2024-08-22,43,18:45,0.0,16.0793,16.0793,89.46,0.359613,120.0,120.0,0.0
2024-08-22,44,19:00,0.0,3.2115,3.2115,112.74,0.090516,120.0,120.0,0.0
2024-08-22,45,19:15,0.0,9.5021,9.5021,112.74,0.267817,80.0,160.0,0.0
2024-08-22,46,19:30,0.0,17.0147,17.0147,112.74,0.479559,80.0,160.0,0.0
2024-08-22,47,19:45,0.0,17.1381,17.1381,112.74,0.483037,80.0,160.0,0.0
2024-08-22,48,20:00,0.0,16.0793,16.0793,111.5,0.44821,80.0,160.0,0.0
2024-08-22,49,20:15,0.0,3.2115,3.2115,111.5,0.08952,80.0,160.0,0.0
2024-08-22,50,20:30,0.0,0.0,0.0,111.5,0.0,80.0,200.0,0.0
2024-08-22,51,20:45,0.0,0.0,0.0,111.5,0.0,80.0,200.0,0.0
2024-08-22,52,21:00,0.0,0.0,0.0,109.99,0.0,80.0,200.0,0.0
2024-08-22,53,21:15,0.0,0.0,0.0,109.99,0.0,80.0,200.0,0.0
2024-08-22,54,21:30,0.0,0.0,0.0,109.99,0.0,80.0,200.0,0.0
2024-08-22,55,21:45,0.0,0.0,0.0,109.99,0.0,80.0,40.0,160.0
2024-08-23,0,08:00,1.8638,9.5021,11.3659,43.64,0.124002,40.0,40.0,0.0
2024-08-23,1,08:15,6.7293,17.0147,23.744,43.64,0.259047,40.0,40.0,0.0
2024-08-23,2,08:30,5.9956,17.1381,23.1337,43.64,0.252388,40.0,40.0,0.0
2024-08-23,3,08:45,7.1179,16.0793,23.1972,43.64,0.253081,40.0,40.0,0.0
2024-08-23,4,09:00,6.1091,3.2115,9.3206,4.06,0.00946,40.0,40.0,0.0
2024-08-23,5,09:15,5.6324,9.5021,15.1345,4.06,0.015362,0.0,80.0,0.0
2024-08-23,6,09:30,5.8458,17.0147,22.8605,4.06,0.023203,0.0,80.0,0.0
2024-08-23,7,09:45,5.1816,17.1381,22.3197,4.06,0.022654,0.0,80.0,0.0
2024-08-23,8,10:00,6.7301,16.0793,22.8094,-0.01,-5.7e-05,0.0,80.0,0.0
2024-08-23,9,10:15,3.9878,3.2115,7.1993,-0.01,-1.8e-05,0.0,80.0,0.0
2024-08-23,10,10:30,1.8638,9.5021,11.3659,-0.01,-2.8e-05,60.0,120.0,0.0
2024-08-23,11,10:45,6.7293,17.0147,23.744,-0.01,-5.9e-05,60.0,120.0,0.0
2024-08-23,12,11:00,5.9956,17.1381,23.1337,-3.97,-0.02296,60.0,120.0,0.0
2024-08-23,13,11:15,7.1179,16.0793,23.1972,-3.97,-0.023023,60.0,120.0,0.0
2024-08-23,14,11:30,6.1091,3.2115,9.3206,-3.97,-0.009251,60.0,120.0,0.0
2024-08-23,15,11:45,5.6324,9.5021,15.1345,-3.97,-0.015021,20.0,160.0,0.0
2024-08-23,16,12:00,5.8458,17.0147,22.8605,-9.54,-0.054522,20.0,160.0,0.0
2024-08-23,17,12:15,5.1816,17.1381,22.3197,-9.54,-0.053232,20.0,160.0,0.0
2024-08-23,18,12:30,6.7301,16.0793,22.8094,-9.54,-0.0544,20.0,160.0,0.0
2024-08-23,19,12:45,3.9878,3.2115,7.1993,-9.54,-0.01717,20.0,160.0,0.0
2024-08-23,20,13:00,1.8638,9.5021,11.3659,-15.32,-0.043532,80.0,200.0,0.0
2024-08-23,21,13:15,6.7293,17.0147,23.744,-15.32,-0.090939,80.0,200.0,0.0
2024-08-23,22,13:30,5.9956,17.1381,23.1337,-15.32,-0.088602,80.0,200.0,0.0
2024-08-23,23,13:45,7.1179,16.0793,23.1972,-15.32,-0.088845,80.0,200.0,0.0
2024-08-23,24,14:00,6.1091,3.2115,9.3206,-16.55,-0.038564,80.0,200.0,0.0
2024-08-23,25,14:15,5.6324,9.5021,15.1345,-16.55,-0.062619,40.0,240.0,0.0
2024-08-23,26,14:30,5.8458,17.0147,22.8605,-16.55,-0.094585,40.0,240.0,0.0
2024-08-23,27,14:45,5.1816,17.1381,22.3197,-16.55,-0.092348,40.0,240.0,0.0
2024-08-23,28,15:00,6.7301,16.0793,22.8094,-10.15,-0.057879,40.0,50.0,190.0
2024-08-23,29,15:15,3.9878,3.2115,7.1993,-10.15,-0.018268,40.0,50.0,0.0
2024-08-23,30,15:30,0.0,9.5021,9.5021,-10.15,-0.024112,100.0,90.0,0.0
2024-08-23,31,15:45,0.0,17.0147,17.0147,-10.15,-0.043175,100.0,90.0,0.0
2024-08-23,32,16:00,0.0,17.1381,17.1381,-9.18,-0.039332,100.0,90.0,0.0
2024-08-23,33,16:15,0.0,16.0793,16.0793,-9.18,-0.036902,100.0,90.0,0.0
2024-08-23,34,16:30,0.0,3.2115,3.2115,-9.18,-0.00737,100.0,90.0,0.0
2024-08-23,35,16:45,0.0,9.5021,9.5021,-9.18,-0.021807,60.0,130.0,0.0
2024-08-23,36,17:00,0.0,17.0147,17.0147,-0.03,-0.000128,60.0,130.0,0.0
2024-08-23,37,17:15,0.0,17.1381,17.1381,-0.03,-0.000129,60.0,130.0,0.0
2024-08-23,38,17:30,0.0,16.0793,16.0793,-0.03,-0.000121,60.0,130.0,0.0
2024-08-23,39,17:45,0.0,3.2115,3.2115,-0.03,-2.4e-05,60.0,130.0,0.0
2024-08-23,40,18:00,0.0,0.0,0.0,50.2,0.0,60.0,170.0,0.0
2024-08-23,41,18:15,0.0,0.0,0.0,50.2,0.0,60.0,170.0,0.0
2024-08-23,42,18:30,0.0,0.0,0.0,50.2,0.0,60.0,170.0,0.0
2024-08-23,43,18:45,0.0,0.0,0.0,50.2,0.0,60.0,170.0,0.0
2024-08-23,44,19:00,0.0,0.0,0.0,99.53,0.0,60.0,170.0,0.0
2024-08-23,45,19:15,0.0,0.0,0.0,99.53,0.0,60.0,170.0,0.0
2024-08-23,46,19:30,0.0,0.0,0.0,99.53,0.0,60.0,170.0,0.0
2024-08-23,47,19:45,0.0,0.0,0.0,99.53,0.0,60.0,170.0,0.0
2024-08-23,48,20:00,0.0,0.0,0.0,118.57,0.0,60.0,170.0,0.0
2024-08-23,49,20:15,0.0,0.0,0.0,118.57,0.0,60.0,170.0,0.0
2024-08-23,50,20:30,0.0,0.0,0.0,118.57,0.0,60.0,170.0,0.0
2024-08-23,51,20:45,0.0,0.0,0.0,118.57,0.0,60.0,170.0,0.0
2024-08-23,52,21:00,0.0,0.0,0.0,123.15,0.0,60.0,170.0,0.0
2024-08-23,53,21:15,0.0,0.0,0.0,123.15,0.0,60.0,170.0,0.0
2024-08-23,54,21:30,0.0,0.0,0.0,123.15,0.0,60.0,170.0,0.0
2024-08-23,55,21:45,0.0,0.0,0.0,123.15,0.0,60.0,0.0,170.0
2024-08-26,0,08:00,1.8638,9.5021,11.3659,130.97,0.372149,20.0,0.0,0.0
2024-08-26,1,08:15,6.7293,17.0147,23.744,130.97,0.777436,20.0,0.0,0.0
2024-08-26,2,08:30,5.9956,17.1381,23.1337,130.97,0.757455,20.0,0.0,0.0
2024-08-26,3,08:45,7.1179,16.0793,23.1972,130.97,0.759533,20.0,0.0,0.0
2024-08-26,4,09:00,6.1091,3.2115,9.3206,98.93,0.230521,20.0,0.0,0.0
2024-08-26,5,09:15,5.6324,0.0,5.6324,98.93,0.139304,20.0,40.0,0.0
2024-08-26,6,09:30,5.8458,0.0,5.8458,98.93,0.144582,20.0,40.0,0.0
2024-08-26,7,09:45,5.1816,0.0,5.1816,98.93,0.128153,20.0,40.0,0.0
2024-08-26,8,10:00,6.7301,0.0,6.7301,77.0,0.129554,20.0,40.0,0.0
2024-08-26,9,10:15,3.9878,0.0,3.9878,77.0,0.076765,20.0,40.0,0.0
2024-08-26,10,10:30,1.8638,9.5021,11.3659,77.0,0.218794,80.0,40.0,0.0
2024-08-26,11,10:45,6.7293,17.0147,23.744,77.0,0.457071,80.0,40.0,0.0
2024-08-26,12,11:00,5.9956,17.1381,23.1337,65.31,0.377715,80.0,40.0,0.0
2024-08-26,13,11:15,7.1179,16.0793,23.1972,65.31,0.378752,80.0,40.0,0.0
2024-08-26,14,11:30,6.1091,3.2115,9.3206,65.31,0.152181,80.0,40.0,0.0
2024-08-26,15,11:45,5.6324,9.5021,15.1345,65.31,0.247109,40.0,80.0,0.0
2024-08-26,16,12:00,5.8458,17.0147,22.8605,23.07,0.131848,40.0,80.0,0.0
2024-08-26,17,12:15,5.1816,17.1381,22.3197,23.07,0.128729,40.0,80.0,0.0
2024-08-26,18,12:30,6.7301,16.0793,22.8094,23.07,0.131553,40.0,80.0,0.0
2024-08-26,19,12:45,3.9878,3.2115,7.1993,23.07,0.041522,40.0,80.0,0.0
2024-08-26,20,13:00,1.8638,9.5021,11.3659,17.55,0.049868,100.0,120.0,0.0
2024-08-26,21,13:15,6.7293,17.0147,23.744,17.55,0.104177,100.0,120.0,0.0
2024-08-26,22,13:30,5.9956,17.1381,23.1337,17.55,0.101499,100.0,120.0,0.0
2024-08-26,23,13:45,7.1179,16.0793,23.1972,17.55,0.101778,100.0,120.0,0.0
2024-08-26,24,14:00,6.1091,3.2115,9.3206,42.88,0.099916,100.0,120.0,0.0
2024-08-26,25,14:15,5.6324,9.5021,15.1345,42.88,0.162242,60.0,160.0,0.0
2024-08-26,26,14:30,5.8458,17.0147,22.8605,42.88,0.245064,60.0,160.0,0.0
2024-08-26,27,14:45,5.1816,17.1381,22.3197,42.88,0.239267,60.0,160.0,0.0
2024-08-26,28,15:00,6.7301,16.0793,22.8094,71.05,0.405152,60.0,10.0,150.0
2024-08-26,29,15:15,3.9878,3.2115,7.1993,71.05,0.127877,60.0,10.0,0.0
2024-08-26,30,15:30,0.0,9.5021,9.5021,71.05,0.168781,120.0,50.0,0.0
2024-08-26,31,15:45,0.0,17.0147,17.0147,71.05,0.302223,120.0,50.0,0.0
2024-08-26,32,16:00,0.0,17.1381,17.1381,88.0,0.377038,120.0,50.0,0.0
2024-08-26,33,16:15,0.0,16.0793,16.0793,88.0,0.353744,120.0,50.0,0.0
2024-08-26,34,16:30,0.0,3.2115,3.2115,88.0,0.070653,120.0,50.0,0.0
2024-08-26,35,16:45,0.0,9.5021,9.5021,88.0,0.209046,80.0,90.0,0.0
2024-08-26,36,17:00,0.0,17.0147,17.0147,99.47,0.423112,80.0,90.0,0.0
2024-08-26,37,17:15,0.0,17.1381,17.1381,99.47,0.426182,80.0,90.0,0.0
2024-08-26,38,17:30,0.0,16.0793,16.0793,99.47,0.399851,80.0,90.0,0.0
2024-08-26,39,17:45,0.0,3.2115,3.2115,99.47,0.079862,80.0,90.0,0.0
2024-08-26,40,18:00,0.0,9.5021,9.5021,116.82,0.277509,40.0,130.0,0.0
2024-08-26,41,18:15,0.0,17.0147,17.0147,116.82,0.496914,40.0,130.0,0.0
2024-08-26,42,18:30,0.0,17.1381,17.1381,116.82,0.500518,40.0,130.0,0.0
2024-08-26,43,18:45,0.0,16.0793,16.0793,116.82,0.469595,40.0,130.0,0.0
2024-08-26,44,19:00,0.0,3.2115,3.2115,190.31,0.152795,40.0,130.0,0.0
2024-08-26,45,19:15,0.0,0.0,0.0,190.31,0.0,40.0,170.0,0.0
2024-08-26,46,19:30,0.0,0.0,0.0,190.31,0.0,40.0,170.0,0.0
2024-08-26,47,19:45,0.0,0.0,0.0,190.31,0.0,40.0,170.0,0.0
2024-08-26,48,20:00,0.0,0.0,0.0,231.06,0.0,40.0,170.0,0.0
2024-08-26,49,20:15,0.0,0.0,0.0,231.06,0.0,40.0,170.0,0.0
2024-08-26,50,20:30,0.0,0.0,0.0,231.06,0.0,40.0,170.0,0.0
2024-08-26,51,20:45,0.0,0.0,0.0,231.06,0.0,40.0,170.0,0.0
2024-08-26,52,21:00,0.0,0.0,0.0,143.82,0.0,40.0,170.0,0.0
2024-08-26,53,21:15,0.0,0.0,0.0,143.82,0.0,40.0,170.0,0.0
2024-08-26,54,21:30,0.0,0.0,0.0,143.82,0.0,40.0,170.0,0.0
2024-08-26,55,21:45,0.0,0.0,0.0,143.82,0.0,40.0,30.0,140.0
2024-08-27,0,08:00,1.8638,9.5021,11.3659,116.01,0.32964,0.0,30.0,0.0
2024-08-27,1,08:15,6.7293,17.0147,23.744,116.01,0.688634,0.0,30.0,0.0
2024-08-27,2,08:30,5.9956,17.1381,23.1337,116.01,0.670935,0.0,30.0,0.0
2024-08-27,3,08:45,7.1179,16.0793,23.1972,116.01,0.672776,0.0,30.0,0.0
2024-08-27,4,09:00,6.1091,3.2115,9.3206,89.94,0.209573,0.0,30.0,0.0
2024-08-27,5,09:15,5.6324,0.0,5.6324,89.94,0.126646,0.0,70.0,0.0
2024-08-27,6,09:30,5.8458,0.0,5.8458,89.94,0.131443,0.0,70.0,0.0
2024-08-27,7,09:45,5.1816,0.0,5.1816,89.94,0.116508,0.0,70.0,0.0
2024-08-27,8,10:00,6.7301,0.0,6.7301,73.72,0.124036,0.0,70.0,0.0
2024-08-27,9,10:15,3.9878,0.0,3.9878,73.72,0.073495,0.0,70.0,0.0
2024-08-27,10,10:30,1.8638,9.5021,11.3659,73.72,0.209474,60.0,70.0,0.0
2024-08-27,11,10:45,6.7293,17.0147,23.744,73.72,0.437601,60.0,70.0,0.0
2024-08-27,12,11:00,5.9956,17.1381,23.1337,29.13,0.168471,60.0,70.0,0.0
2024-08-27,13,11:15,7.1179,16.0793,23.1972,29.13,0.168933,60.0,70.0,0.0
2024-08-27,14,11:30,6.1091,3.2115,9.3206,29.13,0.067877,60.0,70.0,0.0
2024-08-27,15,11:45,5.6324,9.5021,15.1345,29.13,0.110217,20.0,110.0,0.0
2024-08-27,16,12:00,5.8458,17.0147,22.8605,5.07,0.028976,20.0,110.0,0.0
2024-08-27,17,12:15,5.1816,17.1381,22.3197,5.07,0.02829,20.0,110.0,0.0
2024-08-27,18,12:30,6.7301,16.0793,22.8094,5.07,0.028911,20.0,110.0,0.0
2024-08-27,19,12:45,3.9878,3.2115,7.1993,5.07,0.009125,20.0,110.0,0.0
2024-08-27,20,13:00,1.8638,9.5021,11.3659,1.18,0.003353,80.0,150.0,0.0
2024-08-27,21,13:15,6.7293,17.0147,23.744,1.18,0.007004,80.0,150.0,0.0
2024-08-27,22,13:30,5.9956,17.1381,23.1337,1.18,0.006824,80.0,150.0,0.0
2024-08-27,23,13:45,7.1179,16.0793,23.1972,1.18,0.006843,80.0,150.0,0.0
2024-08-27,24,14:00,6.1091,3.2115,9.3206,2.33,0.005429,80.0,150.0,0.0
2024-08-27,25,14:15,5.6324,9.5021,15.1345,2.33,0.008816,40.0,190.0,0.0
2024-08-27,26,14:30,5.8458,17.0147,22.8605,2.33,0.013316,40.0,190.0,0.0
2024-08-27,27,14:45,5.1816,17.1381,22.3197,2.33,0.013001,40.0,190.0,0.0
2024-08-27,28,15:00,6.7301,16.0793,22.8094,23.45,0.13372,40.0,20.0,170.0
2024-08-27,29,15:15,3.9878,3.2115,7.1993,23.45,0.042206,40.0,20.0,0.0
2024-08-27,30,15:30,1.8638,9.5021,11.3659,23.45,0.066633,100.0,60.0,0.0
2024-08-27,31,15:45,6.7293,17.0147,23.744,23.45,0.139199,100.0,60.0,0.0
2024-08-27,32,16:00,5.9956,17.1381,23.1337,52.5,0.30363,100.0,60.0,0.0
2024-08-27,33,16:15,7.1179,16.0793,23.1972,52.5,0.304463,100.0,60.0,0.0
2024-08-27,34,16:30,6.1091,3.2115,9.3206,52.5,0.122332,100.0,60.0,0.0
2024-08-27,35,16:45,5.6324,9.5021,15.1345,52.5,0.198641,60.0,100.0,0.0
2024-08-27,36,17:00,5.8458,17.0147,22.8605,88.71,0.506988,60.0,100.0,0.0
2024-08-27,37,17:15,5.1816,17.1381,22.3197,88.71,0.494994,60.0,100.0,0.0
2024-08-27,38,17:30,6.7301,16.0793,22.8094,88.71,0.505855,60.0,100.0,0.0
2024-08-27,39,17:45,3.9878,3.2115,7.1993,88.71,0.159662,60.0,100.0,0.0
2024-08-27,40,18:00,0.0,9.5021,9.5021,116.06,0.275703,120.0,140.0,0.0
2024-08-27,41,18:15,0.0,17.0147,17.0147,116.06,0.493681,120.0,140.0,0.0
2024-08-27,42,18:30,0.0,17.1381,17.1381,116.06,0.497262,120.0,140.0,0.0
2024-08-27,43,18:45,0.0,16.0793,16.0793,116.06,0.46654,120.0,140.0,0.0
2024-08-27,44,19:00,0.0,3.2115,3.2115,232.25,0.186467,120.0,140.0,0.0
2024-08-27,45,19:15,0.0,9.5021,9.5021,232.25,0.551715,80.0,180.0,0.0
2024-08-27,46,19:30,0.0,17.0147,17.0147,232.25,0.987914,80.0,180.0,0.0
2024-08-27,47,19:45,0.0,17.1381,17.1381,232.25,0.995081,80.0,180.0,0.0
2024-08-27,48,20:00,0.0,16.0793,16.0793,217.92,0.875999,80.0,180.0,0.0
2024-08-27,49,20:15,0.0,3.2115,3.2115,217.92,0.174962,80.0,180.0,0.0
2024-08-27,50,20:30,0.0,0.0,0.0,217.92,0.0,80.0,220.0,0.0
2024-08-27,51,20:45,0.0,0.0,0.0,217.92,0.0,80.0,220.0,0.0
2024-08-27,52,21:00,0.0,0.0,0.0,120.52,0.0,80.0,220.0,0.0
2024-08-27,53,21:15,0.0,0.0,0.0,120.52,0.0,80.0,220.0,0.0
2024-08-27,54,21:30,0.0,0.0,0.0,120.52,0.0,80.0,220.0,0.0
2024-08-27,55,21:45,0.0,0.0,0.0,120.52,0.0,80.0,30.0,190.0
2024-08-28,0,08:00,1.8638,9.5021,11.3659,121.0,0.343819,40.0,30.0,0.0
2024-08-28,1,08:15,6.7293,17.0147,23.744,121.0,0.718255,40.0,30.0,0.0
2024-08-28,2,08:30,5.9956,17.1381,23.1337,121.0,0.699794,40.0,30.0,0.0
2024-08-28,3,08:45,7.1179,16.0793,23.1972,121.0,0.701714,40.0,30.0,0.0
2024-08-28,4,09:00,6.1091,3.2115,9.3206,105.4,0.245597,40.0,30.0,0.0
2024-08-28,5,09:15,5.6324,9.5021,15.1345,105.4,0.398795,0.0,70.0,0.0
2024-08-28,6,09:30,5.8458,17.0147,22.8605,105.4,0.602374,0.0,70.0,0.0
2024-08-28,7,09:45,5.1816,17.1381,22.3197,105.4,0.588123,0.0,70.0,0.0
2024-08-28,8,10:00,6.7301,16.0793,22.8094,87.56,0.499297,0.0,70.0,0.0
2024-08-28,9,10:15,3.9878,3.2115,7.1993,87.56,0.157592,0.0,70.0,0.0
2024-08-28,10,10:30,1.8638,9.5021,11.3659,87.56,0.2488,60.0,110.0,0.0
2024-08-28,11,10:45,6.7293,17.0147,23.744,87.56,0.519755,60.0,110.0,0.0
2024-08-28,12,11:00,5.9956,17.1381,23.1337,68.78,0.397784,60.0,110.0,0.0
2024-08-28,13,11:15,7.1179,16.0793,23.1972,68.78,0.398875,60.0,110.0,0.0
2024-08-28,14,11:30,6.1091,3.2115,9.3206,68.78,0.160267,60.0,110.0,0.0
2024-08-28,15,11:45,5.6324,9.5021,15.1345,68.78,0.260238,20.0,150.0,0.0
2024-08-28,16,12:00,5.8458,17.0147,22.8605,35.14,0.200829,20.0,150.0,0.0
2024-08-28,17,12:15,5.1816,17.1381,22.3197,35.14,0.196078,20.0,150.0,0.0
2024-08-28,18,12:30,6.7301,16.0793,22.8094,35.14,0.20038,20.0,150.0,0.0
2024-08-28,19,12:45,3.9878,3.2115,7.1993,35.14,0.063246,20.0,150.0,0.0
2024-08-28,20,13:00,1.8638,9.5021,11.3659,10.4,0.029551,80.0,190.0,0.0
2024-08-28,21,13:15,6.7293,17.0147,23.744,10.4,0.061734,80.0,190.0,0.0
2024-08-28,22,13:30,5.9956,17.1381,23.1337,10.4,0.060148,80.0,190.0,0.0
2024-08-28,23,13:45,7.1179,16.0793,23.1972,10.4,0.060313,80.0,190.0,0.0
2024-08-28,24,14:00,6.1091,3.2115,9.3206,8.17,0.019037,80.0,190.0,0.0
2024-08-28,25,14:15,5.6324,9.5021,15.1345,8.17,0.030912,40.0,230.0,0.0
2024-08-28,26,14:30,5.8458,17.0147,22.8605,8.17,0.046693,40.0,230.0,0.0
2024-08-28,27,14:45,5.1816,17.1381,22.3197,8.17,0.045588,40.0,230.0,0.0
2024-08-28,28,15:00,6.7301,16.0793,22.8094,54.84,0.312717,40.0,100.0,130.0
2024-08-28,29,15:15,3.9878,3.2115,7.1993,54.84,0.098702,40.0,100.0,0.0
2024-08-28,30,15:30,0.0,9.5021,9.5021,54.84,0.130274,100.0,140.0,0.0
2024-08-28,31,15:45,0.0,17.0147,17.0147,54.84,0.233271,100.0,140.0,0.0
2024-08-28,32,16:00,0.0,17.1381,17.1381,78.56,0.336592,100.0,140.0,0.0
2024-08-28,33,16:15,0.0,16.0793,16.0793,78.56,0.315797,100.0,140.0,0.0
2024-08-28,34,16:30,0.0,3.2115,3.2115,78.56,0.063074,100.0,140.0,0.0
2024-08-28,35,16:45,0.0,9.5021,9.5021,78.56,0.186621,60.0,180.0,0.0
2024-08-28,36,17:00,0.0,17.0147,17.0147,92.37,0.392911,60.0,180.0,0.0
2024-08-28,37,17:15,0.0,17.1381,17.1381,92.37,0.395761,60.0,180.0,0.0
2024-08-28,38,17:30,0.0,16.0793,16.0793,92.37,0.371311,60.0,180.0,0.0
2024-08-28,39,17:45,0.0,3.2115,3.2115,92.37,0.074161,60.0,180.0,0.0
2024-08-28,40,18:00,0.0,0.0,0.0,111.57,0.0,60.0,220.0,0.0
2024-08-28,41,18:15,0.0,0.0,0.0,111.57,0.0,60.0,220.0,0.0
2024-08-28,42,18:30,0.0,0.0,0.0,111.57,0.0,60.0,220.0,0.0
2024-08-28,43,18:45,0.0,0.0,0.0,111.57,0.0,60.0,220.0,0.0
2024-08-28,44,19:00,0.0,0.0,0.0,201.91,0.0,60.0,220.0,0.0
2024-08-28,45,19:15,0.0,0.0,0.0,201.91,0.0,60.0,220.0,0.0
2024-08-28,46,19:30,0.0,0.0,0.0,201.91,0.0,60.0,220.0,0.0
2024-08-28,47,19:45,0.0,0.0,0.0,201.91,0.0,60.0,220.0,0.0
2024-08-28,48,20:00,0.0,0.0,0.0,204.03,0.0,60.0,220.0,0.0
2024-08-28,49,20:15,0.0,0.0,0.0,204.03,0.0,60.0,220.0,0.0
2024-08-28,50,20:30,0.0,0.0,0.0,204.03,0.0,60.0,220.0,0.0
2024-08-28,51,20:45,0.0,0.0,0.0,204.03,0.0,60.0,220.0,0.0
2024-08-28,52,21:00,0.0,0.0,0.0,124.84,0.0,60.0,220.0,0.0
2024-08-28,53,21:15,0.0,0.0,0.0,124.84,0.0,60.0,220.0,0.0
2024-08-28,54,21:30,0.0,0.0,0.0,124.84,0.0,60.0,220.0,0.0
2024-08-28,55,21:45,0.0,0.0,0.0,124.84,0.0,60.0,30.0,190.0
2024-08-29,0,08:00,1.8638,9.5021,11.3659,126.24,0.358709,20.0,30.0,0.0
2024-08-29,1,08:15,6.7293,17.0147,23.744,126.24,0.749359,20.0,30.0,0.0
2024-08-29,2,08:30,5.9956,17.1381,23.1337,126.24,0.730099,20.0,30.0,0.0
2024-08-29,3,08:45,7.1179,16.0793,23.1972,126.24,0.732103,20.0,30.0,0.0
2024-08-29,4,09:00,6.1091,3.2115,9.3206,108.71,0.25331,20.0,30.0,0.0
2024-08-29,5,09:15,5.6324,0.0,5.6324,108.71,0.153076,20.0,70.0,0.0
2024-08-29,6,09:30,5.8458,0.0,5.8458,108.71,0.158875,20.0,70.0,0.0
2024-08-29,7,09:45,5.1816,0.0,5.1816,108.71,0.140822,20.0,70.0,0.0
2024-08-29,8,10:00,6.7301,0.0,6.7301,92.19,0.155112,20.0,70.0,0.0
2024-08-29,9,10:15,3.9878,0.0,3.9878,92.19,0.091909,20.0,70.0,0.0
2024-08-29,10,10:30,0.0,9.5021,9.5021,92.19,0.218999,80.0,70.0,0.0
2024-08-29,11,10:45,0.0,17.0147,17.0147,92.19,0.392146,80.0,70.0,0.0
2024-08-29,12,11:00,0.0,17.1381,17.1381,84.4,0.361614,80.0,70.0,0.0
2024-08-29,13,11:15,0.0,16.0793,16.0793,84.4,0.339273,80.0,70.0,0.0
2024-08-29,14,11:30,0.0,3.2115,3.2115,84.4,0.067762,80.0,70.0,0.0
2024-08-29,15,11:45,0.0,9.5021,9.5021,84.4,0.200494,40.0,110.0,0.0
2024-08-29,16,12:00,0.0,17.0147,17.0147,65.78,0.279806,40.0,110.0,0.0
2024-08-29,17,12:15,0.0,17.1381,17.1381,65.78,0.281836,40.0,110.0,0.0
2024-08-29,18,12:30,0.0,16.0793,16.0793,65.78,0.264424,40.0,110.0,0.0
2024-08-29,19,12:45,0.0,3.2115,3.2115,65.78,0.052813,40.0,110.0,0.0
2024-08-29,20,13:00,0.0,0.0,0.0,45.25,0.0,40.0,150.0,0.0
2024-08-29,21,13:15,0.0,0.0,0.0,45.25,0.0,40.0,150.0,0.0
2024-08-29,22,13:30,0.0,0.0,0.0,45.25,0.0,40.0,150.0,0.0
2024-08-29,23,13:45,0.0,0.0,0.0,45.25,0.0,40.0,150.0,0.0
2024-08-29,24,14:00,0.0,0.0,0.0,51.32,0.0,40.0,150.0,0.0
2024-08-29,25,14:15,0.0,0.0,0.0,51.32,0.0,40.0,150.0,0.0
2024-08-29,26,14:30,0.0,0.0,0.0,51.32,0.0,40.0,150.0,0.0
2024-08-29,27,14:45,0.0,0.0,0.0,51.32,0.0,40.0,150.0,0.0
2024-08-29,28,15:00,0.0,0.0,0.0,79.45,0.0,40.0,20.0,130.0
2024-08-29,29,15:15,0.0,0.0,0.0,79.45,0.0,40.0,20.0,0.0
2024-08-29,30,15:30,0.0,0.0,0.0,79.45,0.0,40.0,20.0,0.0
2024-08-29,31,15:45,0.0,0.0,0.0,79.45,0.0,40.0,20.0,0.0
2024-08-29,32,16:00,0.0,0.0,0.0,90.15,0.0,40.0,20.0,0.0
2024-08-29,33,16:15,0.0,0.0,0.0,90.15,0.0,40.0,20.0,0.0
2024-08-29,34,16:30,0.0,0.0,0.0,90.15,0.0,40.0,20.0,0.0
2024-08-29,35,16:45,0.0,0.0,0.0,90.15,0.0,40.0,20.0,0.0
2024-08-29,36,17:00,0.0,0.0,0.0,105.38,0.0,40.0,20.0,0.0
2024-08-29,37,17:15,0.0,0.0,0.0,105.38,0.0,40.0,20.0,0.0
2024-08-29,38,17:30,0.0,0.0,0.0,105.38,0.0,40.0,20.0,0.0
2024-08-29,39,17:45,0.0,0.0,0.0,105.38,0.0,40.0,20.0,0.0
2024-08-29,40,18:00,0.0,0.0,0.0,123.51,0.0,40.0,20.0,0.0
2024-08-29,41,18:15,0.0,0.0,0.0,123.51,0.0,40.0,20.0,0.0
2024-08-29,42,18:30,0.0,0.0,0.0,123.51,0.0,40.0,20.0,0.0
2024-08-29,43,18:45,0.0,0.0,0.0,123.51,0.0,40.0,20.0,0.0
2024-08-29,44,19:00,0.0,0.0,0.0,227.49,0.0,40.0,20.0,0.0
2024-08-29,45,19:15,0.0,0.0,0.0,227.49,0.0,40.0,20.0,0.0
2024-08-29,46,19:30,0.0,0.0,0.0,227.49,0.0,40.0,20.0,0.0
2024-08-29,47,19:45,0.0,0.0,0.0,227.49,0.0,40.0,20.0,0.0
2024-08-29,48,20:00,0.0,0.0,0.0,289.27,0.0,40.0,20.0,0.0
2024-08-29,49,20:15,0.0,0.0,0.0,289.27,0.0,40.0,20.0,0.0
2024-08-29,50,20:30,0.0,0.0,0.0,289.27,0.0,40.0,20.0,0.0
2024-08-29,51,20:45,0.0,0.0,0.0,289.27,0.0,40.0,20.0,0.0
2024-08-29,52,21:00,0.0,0.0,0.0,169.09,0.0,40.0,20.0,0.0
2024-08-29,53,21:15,0.0,0.0,0.0,169.09,0.0,40.0,20.0,0.0
2024-08-29,54,21:30,0.0,0.0,0.0,169.09,0.0,40.0,20.0,0.0
2024-08-29,55,21:45,0.0,0.0,0.0,169.09,0.0,40.0,20.0,0.0
2024-08-30,0,08:00,1.8638,9.5021,11.3659,133.55,0.37948,0.0,20.0,0.0
2024-08-30,1,08:15,6.7293,17.0147,23.744,133.55,0.792751,0.0,20.0,0.0
2024-08-30,2,08:30,5.9956,17.1381,23.1337,133.55,0.772376,0.0,20.0,0.0
2024-08-30,3,08:45,7.1179,16.0793,23.1972,133.55,0.774496,0.0,20.0,0.0
2024-08-30,4,09:00,6.1091,3.2115,9.3206,113.7,0.264937,0.0,20.0,0.0
2024-08-30,5,09:15,5.6324,0.0,5.6324,113.7,0.160102,0.0,60.0,0.0
2024-08-30,6,09:30,5.8458,0.0,5.8458,113.7,0.166167,0.0,60.0,0.0
2024-08-30,7,09:45,5.1816,0.0,5.1816,113.7,0.147286,0.0,60.0,0.0
2024-08-30,8,10:00,6.7301,0.0,6.7301,98.24,0.165291,0.0,60.0,0.0
2024-08-30,9,10:15,3.9878,0.0,3.9878,98.24,0.09794,0.0,60.0,0.0
2024-08-30,10,10:30,1.8638,9.5021,11.3659,98.24,0.279147,60.0,60.0,0.0
2024-08-30,11,10:45,6.7293,17.0147,23.744,98.24,0.583151,60.0,60.0,0.0
2024-08-30,12,11:00,5.9956,17.1381,23.1337,89.95,0.520219,60.0,60.0,0.0
2024-08-30,13,11:15,7.1179,16.0793,23.1972,89.95,0.521646,60.0,60.0,0.0
2024-08-30,14,11:30,6.1091,3.2115,9.3206,89.95,0.209596,60.0,60.0,0.0
2024-08-30,15,11:45,5.6324,9.5021,15.1345,89.95,0.340338,20.0,100.0,0.0
2024-08-30,16,12:00,5.8458,17.0147,22.8605,86.13,0.492243,20.0,100.0,0.0
2024-08-30,17,12:15,5.1816,17.1381,22.3197,86.13,0.480598,20.0,100.0,0.0
2024-08-30,18,12:30,6.7301,16.0793,22.8094,86.13,0.491143,20.0,100.0,0.0
2024-08-30,19,12:45,3.9878,3.2115,7.1993,86.13,0.155019,20.0,100.0,0.0
2024-08-30,20,13:00,1.8638,9.5021,11.3659,80.2,0.227887,80.0,140.0,0.0
2024-08-30,21,13:15,6.7293,17.0147,23.744,80.2,0.476066,80.0,140.0,0.0
2024-08-30,22,13:30,5.9956,17.1381,23.1337,80.2,0.46383,80.0,140.0,0.0
2024-08-30,23,13:45,7.1179,16.0793,23.1972,80.2,0.465103,80.0,140.0,0.0
2024-08-30,24,14:00,6.1091,3.2115,9.3206,79.08,0.184267,80.0,140.0,0.0
2024-08-30,25,14:15,5.6324,9.5021,15.1345,79.08,0.29921,40.0,180.0,0.0
2024-08-30,26,14:30,5.8458,17.0147,22.8605,79.08,0.451952,40.0,180.0,0.0
2024-08-30,27,14:45,5.1816,17.1381,22.3197,79.08,0.44126,40.0,180.0,0.0
2024-08-30,28,15:00,6.7301,16.0793,22.8094,81.98,0.467478,40.0,20.0,160.0
2024-08-30,29,15:15,3.9878,3.2115,7.1993,81.98,0.147549,40.0,20.0,0.0
2024-08-30,30,15:30,1.8638,9.5021,11.3659,81.98,0.232945,100.0,60.0,0.0
2024-08-30,31,15:45,6.7293,17.0147,23.744,81.98,0.486632,100.0,60.0,0.0
2024-08-30,32,16:00,5.9956,17.1381,23.1337,86.35,0.499398,100.0,60.0,0.0
2024-08-30,33,16:15,7.1179,16.0793,23.1972,86.35,0.500769,100.0,60.0,0.0
2024-08-30,34,16:30,6.1091,3.2115,9.3206,86.35,0.201208,100.0,60.0,0.0
2024-08-30,35,16:45,5.6324,9.5021,15.1345,86.35,0.326717,60.0,100.0,0.0
2024-08-30,36,17:00,5.8458,17.0147,22.8605,101.96,0.582714,60.0,100.0,0.0
2024-08-30,37,17:15,5.1816,17.1381,22.3197,101.96,0.568928,60.0,100.0,0.0
2024-08-30,38,17:30,6.7301,16.0793,22.8094,101.96,0.581411,60.0,100.0,0.0
2024-08-30,39,17:45,3.9878,3.2115,7.1993,101.96,0.18351,60.0,100.0,0.0
2024-08-30,40,18:00,0.0,9.5021,9.5021,119.99,0.285039,120.0,140.0,0.0
2024-08-30,41,18:15,0.0,17.0147,17.0147,119.99,0.510398,120.0,140.0,0.0
2024-08-30,42,18:30,0.0,17.1381,17.1381,119.99,0.5141,120.0,140.0,0.0
2024-08-30,43,18:45,0.0,16.0793,16.0793,119.99,0.482338,120.0,140.0,0.0
2024-08-30,44,19:00,0.0,3.2115,3.2115,156.11,0.125336,120.0,140.0,0.0
2024-08-30,45,19:15,0.0,9.5021,9.5021,156.11,0.370843,80.0,180.0,0.0
2024-08-30,46,19:30,0.0,17.0147,17.0147,156.11,0.66404,80.0,180.0,0.0
2024-08-30,47,19:45,0.0,17.1381,17.1381,156.11,0.668857,80.0,180.0,0.0
2024-08-30,48,20:00,0.0,16.0793,16.0793,137.29,0.551881,80.0,180.0,0.0
2024-08-30,49,20:15,0.0,3.2115,3.2115,137.29,0.110226,80.0,180.0,0.0
2024-08-30,50,20:30,0.0,0.0,0.0,137.29,0.0,80.0,220.0,0.0
2024-08-30,51,20:45,0.0,0.0,0.0,137.29,0.0,80.0,220.0,0.0
2024-08-30,52,21:00,0.0,0.0,0.0,112.71,0.0,80.0,220.0,0.0
2024-08-30,53,21:15,0.0,0.0,0.0,112.71,0.0,80.0,220.0,0.0
2024-08-30,54,21:30,0.0,0.0,0.0,112.71,0.0,80.0,220.0,0.0
2024-08-30,55,21:45,0.0,0.0,0.0,112.71,0.0,80.0,30.0,190.0
2024-09-02,0,08:00,1.8638,9.5021,11.3659,131.94,0.374905,40.0,30.0,0.0
2024-09-02,1,08:15,6.7293,17.0147,23.744,131.94,0.783194,40.0,30.0,0.0
2024-09-02,2,08:30,5.9956,17.1381,23.1337,131.94,0.763064,40.0,30.0,0.0
2024-09-02,3,08:45,7.1179,16.0793,23.1972,131.94,0.765159,40.0,30.0,0.0
2024-09-02,4,09:00,6.1091,3.2115,9.3206,122.64,0.285768,40.0,30.0,0.0
2024-09-02,5,09:15,5.6324,9.5021,15.1345,122.64,0.464025,0.0,70.0,0.0
2024-09-02,6,09:30,5.8458,17.0147,22.8605,122.64,0.700903,0.0,70.0,0.0
2024-09-02,7,09:45,5.1816,17.1381,22.3197,122.64,0.684321,0.0,70.0,0.0
2024-09-02,8,10:00,6.7301,16.0793,22.8094,102.83,0.586372,0.0,70.0,0.0
2024-09-02,9,10:15,3.9878,3.2115,7.1993,102.83,0.185076,0.0,70.0,0.0
2024-09-02,10,10:30,1.8638,9.5021,11.3659,102.83,0.29219,60.0,110.0,0.0
2024-09-02,11,10:45,6.7293,17.0147,23.744,102.83,0.610398,60.0,110.0,0.0
2024-09-02,12,11:00,5.9956,17.1381,23.1337,90.82,0.52525,60.0,110.0,0.0
2024-09-02,13,11:15,7.1179,16.0793,23.1972,90.82,0.526692,60.0,110.0,0.0
2024-09-02,14,11:30,6.1091,3.2115,9.3206,90.82,0.211623,60.0,110.0,0.0
2024-09-02,15,11:45,5.6324,9.5021,15.1345,90.82,0.34363,20.0,150.0,0.0
2024-09-02,16,12:00,5.8458,17.0147,22.8605,85.05,0.486071,20.0,150.0,0.0
2024-09-02,17,12:15,5.1816,17.1381,22.3197,85.05,0.474572,20.0,150.0,0.0
2024-09-02,18,12:30,6.7301,16.0793,22.8094,85.05,0.484984,20.0,150.0,0.0
2024-09-02,19,12:45,3.9878,3.2115,7.1993,85.05,0.153075,20.0,150.0,0.0
2024-09-02,20,13:00,1.8638,9.5021,11.3659,81.19,0.2307,80.0,190.0,0.0
2024-09-02,21,13:15,6.7293,17.0147,23.744,81.19,0.481943,80.0,190.0,0.0
2024-09-02,22,13:30,5.9956,17.1381,23.1337,81.19,0.469556,80.0,190.0,0.0
2024-09-02,23,13:45,7.1179,16.0793,23.1972,81.19,0.470845,80.0,190.0,0.0
2024-09-02,24,14:00,6.1091,3.2115,9.3206,83.63,0.19487,80.0,190.0,0.0
2024-09-02,25,14:15,5.6324,9.5021,15.1345,83.63,0.316425,40.0,230.0,0.0
2024-09-02,26,14:30,5.8458,17.0147,22.8605,83.63,0.477956,40.0,230.0,0.0
2024-09-02,27,14:45,5.1816,17.1381,22.3197,83.63,0.466648,40.0,230.0,0.0
2024-09-02,28,15:00,6.7301,16.0793,22.8094,88.24,0.503175,40.0,110.0,120.0
2024-09-02,29,15:15,3.9878,3.2115,7.1993,88.24,0.158816,40.0,110.0,0.0
2024-09-02,30,15:30,0.0,9.5021,9.5021,88.24,0.209616,100.0,150.0,0.0
2024-09-02,31,15:45,0.0,17.0147,17.0147,88.24,0.375344,100.0,150.0,0.0
2024-09-02,32,16:00,0.0,17.1381,17.1381,93.63,0.40116,100.0,150.0,0.0
2024-09-02,33,16:15,0.0,16.0793,16.0793,93.63,0.376376,100.0,150.0,0.0
2024-09-02,34,16:30,0.0,3.2115,3.2115,93.63,0.075173,100.0,150.0,0.0
2024-09-02,35,16:45,0.0,9.5021,9.5021,93.63,0.22242,60.0,190.0,0.0
2024-09-02,36,17:00,0.0,17.0147,17.0147,112.88,0.480154,60.0,190.0,0.0
2024-09-02,37,17:15,0.0,17.1381,17.1381,112.88,0.483637,60.0,190.0,0.0
2024-09-02,38,17:30,0.0,16.0793,16.0793,112.88,0.453757,60.0,190.0,0.0
2024-09-02,39,17:45,0.0,3.2115,3.2115,112.88,0.090628,60.0,190.0,0.0
2024-09-02,40,18:00,0.0,0.0,0.0,137.78,0.0,60.0,230.0,0.0
2024-09-02,41,18:15,0.0,0.0,0.0,137.78,0.0,60.0,230.0,0.0
2024-09-02,42,18:30,0.0,0.0,0.0,137.78,0.0,60.0,230.0,0.0
2024-09-02,43,18:45,0.0,0.0,0.0,137.78,0.0,60.0,230.0,0.0
2024-09-02,44,19:00,0.0,0.0,0.0,255.4,0.0,60.0,230.0,0.0
2024-09-02,45,19:15,0.0,0.0,0.0,255.4,0.0,60.0,230.0,0.0
2024-09-02,46,19:30,0.0,0.0,0.0,255.4,0.0,60.0,230.0,0.0
2024-09-02,47,19:45,0.0,0.0,0.0,255.4,0.0,60.0,230.0,0.0
2024-09-02,48,20:00,0.0,0.0,0.0,212.06,0.0,60.0,230.0,0.0
2024-09-02,49,20:15,0.0,0.0,0.0,212.06,0.0,60.0,230.0,0.0
2024-09-02,50,20:30,0.0,0.0,0.0,212.06,0.0,60.0,230.0,0.0
2024-09-02,51,20:45,0.0,0.0,0.0,212.06,0.0,60.0,230.0,0.0
2024-09-02,52,21:00,0.0,0.0,0.0,131.9,0.0,60.0,230.0,0.0
2024-09-02,53,21:15,0.0,0.0,0.0,131.9,0.0,60.0,230.0,0.0
2024-09-02,54,21:30,0.0,0.0,0.0,131.9,0.0,60.0,230.0,0.0
2024-09-02,55,21:45,0.0,0.0,0.0,131.9,0.0,60.0,60.0,170.0
2024-09-03,0,08:00,1.8638,9.5021,11.3659,133.95,0.380617,20.0,60.0,0.0
2024-09-03,1,08:15,6.7293,17.0147,23.744,133.95,0.795126,20.0,60.0,0.0
2024-09-03,2,08:30,5.9956,17.1381,23.1337,133.95,0.774689,20.0,60.0,0.0
2024-09-03,3,08:45,7.1179,16.0793,23.1972,133.95,0.776815,20.0,60.0,0.0
2024-09-03,4,09:00,6.1091,3.2115,9.3206,115.98,0.27025,20.0,60.0,0.0
2024-09-03,5,09:15,5.6324,0.0,5.6324,115.98,0.163313,20.0,100.0,0.0
2024-09-03,6,09:30,5.8458,0.0,5.8458,115.98,0.169499,20.0,100.0,0.0
2024-09-03,7,09:45,5.1816,0.0,5.1816,115.98,0.15024,20.0,100.0,0.0
2024-09-03,8,10:00,6.7301,0.0,6.7301,98.88,0.166368,20.0,100.0,0.0
2024-09-03,9,10:15,3.9878,0.0,3.9878,98.88,0.098578,20.0,100.0,0.0
2024-09-03,10,10:30,1.8638,9.5021,11.3659,98.88,0.280966,80.0,100.0,0.0
2024-09-03,11,10:45,6.7293,17.0147,23.744,98.88,0.586951,80.0,100.0,0.0
2024-09-03,12,11:00,5.9956,17.1381,23.1337,90.02,0.520623,80.0,100.0,0.0
2024-09-03,13,11:15,7.1179,16.0793,23.1972,90.02,0.522052,80.0,100.0,0.0
2024-09-03,14,11:30,6.1091,3.2115,9.3206,90.02,0.209759,80.0,100.0,0.0
2024-09-03,15,11:45,5.6324,9.5021,15.1345,90.02,0.340603,40.0,140.0,0.0
2024-09-03,16,12:00,5.8458,17.0147,22.8605,84.8,0.484642,40.0,140.0,0.0
2024-09-03,17,12:15,5.1816,17.1381,22.3197,84.8,0.473177,40.0,140.0,0.0
2024-09-03,18,12:30,6.7301,16.0793,22.8094,84.8,0.483559,40.0,140.0,0.0
2024-09-03,19,12:45,3.9878,3.2115,7.1993,84.8,0.152625,40.0,140.0,0.0
2024-09-03,20,13:00,1.8638,9.5021,11.3659,82.69,0.234962,100.0,180.0,0.0
2024-09-03,21,13:15,6.7293,17.0147,23.744,82.69,0.490847,100.0,180.0,0.0
2024-09-03,22,13:30,5.9956,17.1381,23.1337,82.69,0.478231,100.0,180.0,0.0
2024-09-03,23,13:45,7.1179,16.0793,23.1972,82.69,0.479544,100.0,180.0,0.0
2024-09-03,24,14:00,6.1091,3.2115,9.3206,84.13,0.196035,100.0,180.0,0.0
2024-09-03,25,14:15,5.6324,9.5021,15.1345,84.13,0.318317,60.0,220.0,0.0
2024-09-03,26,14:30,5.8458,17.0147,22.8605,84.13,0.480813,60.0,220.0,0.0
2024-09-03,27,14:45,5.1816,17.1381,22.3197,84.13,0.469438,60.0,220.0,0.0
2024-09-03,28,15:00,6.7301,16.0793,22.8094,86.67,0.494222,60.0,40.0,180.0
2024-09-03,29,15:15,3.9878,3.2115,7.1993,86.67,0.155991,60.0,40.0,0.0
2024-09-03,30,15:30,0.0,9.5021,9.5021,86.67,0.205887,120.0,80.0,0.0
2024-09-03,31,15:45,0.0,17.0147,17.0147,86.67,0.368665,120.0,80.0,0.0
2024-09-03,32,16:00,0.0,17.1381,17.1381,91.21,0.390791,120.0,80.0,0.0
2024-09-03,33,16:15,0.0,16.0793,16.0793,91.21,0.366648,120.0,80.0,0.0
2024-09-03,34,16:30,0.0,3.2115,3.2115,91.21,0.07323,120.0,80.0,0.0
2024-09-03,35,16:45,0.0,9.5021,9.5021,91.21,0.216671,80.0,120.0,0.0
2024-09-03,36,17:00,0.0,17.0147,17.0147,123.93,0.527157,80.0,120.0,0.0
2024-09-03,37,17:15,0.0,17.1381,17.1381,123.93,0.530981,80.0,120.0,0.0
2024-09-03,38,17:30,0.0,16.0793,16.0793,123.93,0.498176,80.0,120.0,0.0
2024-09-03,39,17:45,0.0,3.2115,3.2115,123.93,0.0995,80.0,120.0,0.0
2024-09-03,40,18:00,0.0,0.0,0.0,300.01,0.0,80.0,160.0,0.0
2024-09-03,41,18:15,0.0,0.0,0.0,300.01,0.0,80.0,160.0,0.0
2024-09-03,42,18:30,0.0,0.0,0.0,300.01,0.0,80.0,160.0,0.0
2024-09-03,43,18:45,0.0,0.0,0.0,300.01,0.0,80.0,160.0,0.0
2024-09-03,44,19:00,0.0,0.0,0.0,656.37,0.0,80.0,160.0,0.0
2024-09-03,45,19:15,0.0,0.0,0.0,656.37,0.0,80.0,160.0,0.0
2024-09-03,46,19:30,0.0,0.0,0.0,656.37,0.0,80.0,160.0,0.0
2024-09-03,47,19:45,0.0,0.0,0.0,656.37,0.0,80.0,160.0,0.0
2024-09-03,48,20:00,0.0,0.0,0.0,520.32,0.0,80.0,160.0,0.0
2024-09-03,49,20:15,0.0,0.0,0.0,520.32,0.0,80.0,160.0,0.0
2024-09-03,50,20:30,0.0,0.0,0.0,520.32,0.0,80.0,160.0,0.0
2024-09-03,51,20:45,0.0,0.0,0.0,520.32,0.0,80.0,160.0,0.0
2024-09-03,52,21:00,0.0,0.0,0.0,216.97,0.0,80.0,160.0,0.0
2024-09-03,53,21:15,0.0,0.0,0.0,216.97,0.0,80.0,160.0,0.0
2024-09-03,54,21:30,0.0,0.0,0.0,216.97,0.0,80.0,160.0,0.0
2024-09-03,55,21:45,0.0,0.0,0.0,216.97,0.0,80.0,0.0,160.0
2024-09-04,0,08:00,1.8638,9.5021,11.3659,155.89,0.442959,40.0,0.0,0.0
2024-09-04,1,08:15,6.7293,17.0147,23.744,155.89,0.925361,40.0,0.0,0.0
2024-09-04,2,08:30,5.9956,17.1381,23.1337,155.89,0.901577,40.0,0.0,0.0
2024-09-04,3,08:45,7.1179,16.0793,23.1972,155.89,0.904052,40.0,0.0,0.0
2024-09-04,4,09:00,6.1091,3.2115,9.3206,125.29,0.291943,40.0,0.0,0.0
2024-09-04,5,09:15,5.6324,9.5021,15.1345,125.29,0.474052,0.0,40.0,0.0
2024-09-04,6,09:30,5.8458,17.0147,22.8605,125.29,0.716048,0.0,40.0,0.0
2024-09-04,7,09:45,5.1816,17.1381,22.3197,125.29,0.699108,0.0,40.0,0.0
2024-09-04,8,10:00,6.7301,16.0793,22.8094,107.21,0.611348,0.0,40.0,0.0
2024-09-04,9,10:15,3.9878,3.2115,7.1993,107.21,0.192959,0.0,40.0,0.0
2024-09-04,10,10:30,0.0,9.5021,9.5021,107.21,0.25468,60.0,80.0,0.0
2024-09-04,11,10:45,0.0,17.0147,17.0147,107.21,0.456036,60.0,80.0,0.0
2024-09-04,12,11:00,0.0,17.1381,17.1381,96.06,0.411571,60.0,80.0,0.0
2024-09-04,13,11:15,0.0,16.0793,16.0793,96.06,0.386144,60.0,80.0,0.0
2024-09-04,14,11:30,0.0,3.2115,3.2115,96.06,0.077124,60.0,80.0,0.0
2024-09-04,15,11:45,0.0,9.5021,9.5021,96.06,0.228193,20.0,120.0,0.0
2024-09-04,16,12:00,0.0,17.0147,17.0147,92.0,0.391337,20.0,120.0,0.0
2024-09-04,17,12:15,0.0,17.1381,17.1381,92.0,0.394176,20.0,120.0,0.0
2024-09-04,18,12:30,0.0,16.0793,16.0793,92.0,0.369823,20.0,120.0,0.0
2024-09-04,19,12:45,0.0,3.2115,3.2115,92.0,0.073864,20.0,120.0,0.0
2024-09-04,20,13:00,0.0,0.0,0.0,90.49,0.0,20.0,160.0,0.0
2024-09-04,21,13:15,0.0,0.0,0.0,90.49,0.0,20.0,160.0,0.0
2024-09-04,22,13:30,0.0,0.0,0.0,90.49,0.0,20.0,160.0,0.0
2024-09-04,23,13:45,0.0,0.0,0.0,90.49,0.0,20.0,160.0,0.0
2024-09-04,24,14:00,0.0,0.0,0.0,89.2,0.0,20.0,160.0,0.0
2024-09-04,25,14:15,0.0,0.0,0.0,89.2,0.0,20.0,160.0,0.0
2024-09-04,26,14:30,0.0,0.0,0.0,89.2,0.0,20.0,160.0,0.0
2024-09-04,27,14:45,0.0,0.0,0.0,89.2,0.0,20.0,160.0,0.0
2024-09-04,28,15:00,0.0,0.0,0.0,92.72,0.0,20.0,160.0,0.0
2024-09-04,29,15:15,0.0,0.0,0.0,92.72,0.0,20.0,160.0,0.0
2024-09-04,30,15:30,0.0,0.0,0.0,92.72,0.0,20.0,160.0,0.0
2024-09-04,31,15:45,0.0,0.0,0.0,92.72,0.0,20.0,160.0,0.0
2024-09-04,32,16:00,0.0,0.0,0.0,101.85,0.0,20.0,160.0,0.0
2024-09-04,33,16:15,0.0,0.0,0.0,101.85,0.0,20.0,160.0,0.0
2024-09-04,34,16:30,0.0,0.0,0.0,101.85,0.0,20.0,160.0,0.0
2024-09-04,35,16:45,0.0,0.0,0.0,101.85,0.0,20.0,160.0,0.0
2024-09-04,36,17:00,0.0,0.0,0.0,123.97,0.0,20.0,160.0,0.0
2024-09-04,37,17:15,0.0,0.0,0.0,123.97,0.0,20.0,160.0,0.0
2024-09-04,38,17:30,0.0,0.0,0.0,123.97,0.0,20.0,160.0,0.0
2024-09-04,39,17:45,0.0,0.0,0.0,123.97,0.0,20.0,160.0,0.0
2024-09-04,40,18:00,0.0,0.0,0.0,155.7,0.0,20.0,160.0,0.0
2024-09-04,41,18:15,0.0,0.0,0.0,155.7,0.0,20.0,160.0,0.0
2024-09-04,42,18:30,0.0,0.0,0.0,155.7,0.0,20.0,160.0,0.0
2024-09-04,43,18:45,0.0,0.0,0.0,155.7,0.0,20.0,160.0,0.0
2024-09-04,44,19:00,0.0,0.0,0.0,320.07,0.0,20.0,160.0,0.0
2024-09-04,45,19:15,0.0,0.0,0.0,320.07,0.0,20.0,160.0,0.0
2024-09-04,46,19:30,0.0,0.0,0.0,320.07,0.0,20.0,160.0,0.0
2024-09-04,47,19:45,0.0,0.0,0.0,320.07,0.0,20.0,160.0,0.0
2024-09-04,48,20:00,0.0,0.0,0.0,189.23,0.0,20.0,160.0,0.0
2024-09-04,49,20:15,0.0,0.0,0.0,189.23,0.0,20.0,160.0,0.0
2024-09-04,50,20:30,0.0,0.0,0.0,189.23,0.0,20.0,160.0,0.0
2024-09-04,51,20:45,0.0,0.0,0.0,189.23,0.0,20.0,160.0,0.0
2024-09-04,52,21:00,0.0,0.0,0.0,130.42,0.0,20.0,160.0,0.0
2024-09-04,53,21:15,0.0,0.0,0.0,130.42,0.0,20.0,160.0,0.0
2024-09-04,54,21:30,0.0,0.0,0.0,130.42,0.0,20.0,160.0,0.0
2024-09-04,55,21:45,0.0,0.0,0.0,130.42,0.0,20.0,0.0,160.0
2024-09-05,0,08:00,1.8638,0.0,1.8638,119.04,0.055468,20.0,0.0,0.0
2024-09-05,1,08:15,6.7293,0.0,6.7293,119.04,0.200263,20.0,0.0,0.0
2024-09-05,2,08:30,5.9956,0.0,5.9956,119.04,0.178429,20.0,0.0,0.0
2024-09-05,3,08:45,7.1179,0.0,7.1179,119.04,0.211829,20.0,0.0,0.0
2024-09-05,4,09:00,6.1091,0.0,6.1091,97.68,0.149184,20.0,0.0,0.0
2024-09-05,5,09:15,5.6324,0.0,5.6324,97.68,0.137544,20.0,0.0,0.0
2024-09-05,6,09:30,5.8458,0.0,5.8458,97.68,0.142755,20.0,0.0,0.0
2024-09-05,7,09:45,5.1816,0.0,5.1816,97.68,0.126534,20.0,0.0,0.0
2024-09-05,8,10:00,6.7301,0.0,6.7301,71.04,0.119527,20.0,0.0,0.0
2024-09-05,9,10:15,3.9878,0.0,3.9878,71.04,0.070823,20.0,0.0,0.0
2024-09-05,10,10:30,1.8638,9.5021,11.3659,71.04,0.201859,80.0,0.0,0.0
2024-09-05,11,10:45,6.7293,17.0147,23.744,71.04,0.421693,80.0,0.0,0.0
2024-09-05,12,11:00,5.9956,17.1381,23.1337,0.11,0.000636,80.0,0.0,0.0
2024-09-05,13,11:15,7.1179,16.0793,23.1972,0.11,0.000638,80.0,0.0,0.0
2024-09-05,14,11:30,6.1091,3.2115,9.3206,0.11,0.000256,80.0,0.0,0.0
2024-09-05,15,11:45,5.6324,9.5021,15.1345,0.11,0.000416,40.0,40.0,0.0
2024-09-05,16,12:00,5.8458,17.0147,22.8605,-3.05,-0.017431,40.0,40.0,0.0
2024-09-05,17,12:15,5.1816,17.1381,22.3197,-3.05,-0.017019,40.0,40.0,0.0
2024-09-05,18,12:30,6.7301,16.0793,22.8094,-3.05,-0.017392,40.0,40.0,0.0
2024-09-05,19,12:45,3.9878,3.2115,7.1993,-3.05,-0.005489,40.0,40.0,0.0
2024-09-05,20,13:00,1.8638,9.5021,11.3659,-11.7,-0.033245,100.0,80.0,0.0
2024-09-05,21,13:15,6.7293,17.0147,23.744,-11.7,-0.069451,100.0,80.0,0.0
2024-09-05,22,13:30,5.9956,17.1381,23.1337,-11.7,-0.067666,100.0,80.0,0.0
2024-09-05,23,13:45,7.1179,16.0793,23.1972,-11.7,-0.067852,100.0,80.0,0.0
2024-09-05,24,14:00,6.1091,3.2115,9.3206,-19.68,-0.045857,100.0,80.0,0.0
2024-09-05,25,14:15,5.6324,9.5021,15.1345,-19.68,-0.074462,60.0,120.0,0.0
2024-09-05,26,14:30,5.8458,17.0147,22.8605,-19.68,-0.112474,60.0,120.0,0.0
2024-09-05,27,14:45,5.1816,17.1381,22.3197,-19.68,-0.109813,60.0,120.0,0.0
2024-09-05,28,15:00,6.7301,16.0793,22.8094,-7.02,-0.04003,60.0,10.0,110.0
2024-09-05,29,15:15,3.9878,3.2115,7.1993,-7.02,-0.012635,60.0,10.0,0.0
2024-09-05,30,15:30,0.0,9.5021,9.5021,-7.02,-0.016676,120.0,50.0,0.0
2024-09-05,31,15:45,0.0,17.0147,17.0147,-7.02,-0.029861,120.0,50.0,0.0
2024-09-05,32,16:00,0.0,17.1381,17.1381,-0.01,-4.3e-05,120.0,50.0,0.0
2024-09-05,33,16:15,0.0,16.0793,16.0793,-0.01,-4e-05,120.0,50.0,0.0
2024-09-05,34,16:30,0.0,3.2115,3.2115,-0.01,-8e-06,120.0,50.0,0.0
2024-09-05,35,16:45,0.0,9.5021,9.5021,-0.01,-2.4e-05,80.0,90.0,0.0
2024-09-05,36,17:00,0.0,17.0147,17.0147,36.13,0.153685,80.0,90.0,0.0
2024-09-05,37,17:15,0.0,17.1381,17.1381,36.13,0.1548,80.0,90.0,0.0
2024-09-05,38,17:30,0.0,16.0793,16.0793,36.13,0.145236,80.0,90.0,0.0
2024-09-05,39,17:45,0.0,3.2115,3.2115,36.13,0.029008,80.0,90.0,0.0
2024-09-05,40,18:00,0.0,0.0,0.0,84.95,0.0,80.0,130.0,0.0
2024-09-05,41,18:15,0.0,0.0,0.0,84.95,0.0,80.0,130.0,0.0
2024-09-05,42,18:30,0.0,0.0,0.0,84.95,0.0,80.0,130.0,0.0
2024-09-05,43,18:45,0.0,0.0,0.0,84.95,0.0,80.0,130.0,0.0
2024-09-05,44,19:00,0.0,0.0,0.0,99.74,0.0,80.0,130.0,0.0
2024-09-05,45,19:15,0.0,0.0,0.0,99.74,0.0,80.0,130.0,0.0
2024-09-05,46,19:30,0.0,0.0,0.0,99.74,0.0,80.0,130.0,0.0
2024-09-05,47,19:45,0.0,0.0,0.0,99.74,0.0,80.0,130.0,0.0
2024-09-05,48,20:00,0.0,0.0,0.0,92.93,0.0,80.0,130.0,0.0
2024-09-05,49,20:15,0.0,0.0,0.0,92.93,0.0,80.0,130.0,0.0
2024-09-05,50,20:30,0.0,0.0,0.0,92.93,0.0,80.0,130.0,0.0
2024-09-05,51,20:45,0.0,0.0,0.0,92.93,0.0,80.0,130.0,0.0
2024-09-05,52,21:00,0.0,0.0,0.0,80.1,0.0,80.0,130.0,0.0
2024-09-05,53,21:15,0.0,0.0,0.0,80.1,0.0,80.0,130.0,0.0
2024-09-05,54,21:30,0.0,0.0,0.0,80.1,0.0,80.0,130.0,0.0
2024-09-05,55,21:45,0.0,0.0,0.0,80.1,0.0,80.0,0.0,130.0
2024-09-06,0,08:00,1.8638,9.5021,11.3659,120.37,0.342029,40.0,0.0,0.0
2024-09-06,1,08:15,6.7293,17.0147,23.744,120.37,0.714515,40.0,0.0,0.0
2024-09-06,2,08:30,5.9956,17.1381,23.1337,120.37,0.69615,40.0,0.0,0.0
2024-09-06,3,08:45,7.1179,16.0793,23.1972,120.37,0.698061,40.0,0.0,0.0
2024-09-06,4,09:00,6.1091,3.2115,9.3206,100.09,0.233224,40.0,0.0,0.0
2024-09-06,5,09:15,5.6324,9.5021,15.1345,100.09,0.378704,0.0,40.0,0.0
2024-09-06,6,09:30,5.8458,17.0147,22.8605,100.09,0.572027,0.0,40.0,0.0
2024-09-06,7,09:45,5.1816,17.1381,22.3197,100.09,0.558494,0.0,40.0,0.0
2024-09-06,8,10:00,6.7301,16.0793,22.8094,80.0,0.456188,0.0,40.0,0.0
2024-09-06,9,10:15,3.9878,3.2115,7.1993,80.0,0.143986,0.0,40.0,0.0
2024-09-06,10,10:30,1.8638,9.5021,11.3659,80.0,0.227319,60.0,80.0,0.0
2024-09-06,11,10:45,6.7293,17.0147,23.744,80.0,0.474879,60.0,80.0,0.0
2024-09-06,12,11:00,5.9956,17.1381,23.1337,59.51,0.344171,60.0,80.0,0.0
2024-09-06,13,11:15,7.1179,16.0793,23.1972,59.51,0.345116,60.0,80.0,0.0
2024-09-06,14,11:30,6.1091,3.2115,9.3206,59.51,0.138667,60.0,80.0,0.0
2024-09-06,15,11:45,5.6324,9.5021,15.1345,59.51,0.225164,20.0,120.0,0.0
2024-09-06,16,12:00,5.8458,17.0147,22.8605,31.54,0.180255,20.0,120.0,0.0
2024-09-06,17,12:15,5.1816,17.1381,22.3197,31.54,0.175991,20.0,120.0,0.0
2024-09-06,18,12:30,6.7301,16.0793,22.8094,31.54,0.179852,20.0,120.0,0.0
2024-09-06,19,12:45,3.9878,3.2115,7.1993,31.54,0.056766,20.0,120.0,0.0
2024-09-06,20,13:00,0.0,9.5021,9.5021,12.48,0.029647,80.0,160.0,0.0
2024-09-06,21,13:15,0.0,17.0147,17.0147,12.48,0.053086,80.0,160.0,0.0
2024-09-06,22,13:30,0.0,17.1381,17.1381,12.48,0.053471,80.0,160.0,0.0
2024-09-06,23,13:45,0.0,16.0793,16.0793,12.48,0.050167,80.0,160.0,0.0
2024-09-06,24,14:00,0.0,3.2115,3.2115,14.53,0.011666,80.0,160.0,0.0
2024-09-06,25,14:15,0.0,0.0,0.0,14.53,0.0,80.0,200.0,0.0
2024-09-06,26,14:30,0.0,0.0,0.0,14.53,0.0,80.0,200.0,0.0
2024-09-06,27,14:45,0.0,0.0,0.0,14.53,0.0,80.0,200.0,0.0
2024-09-06,28,15:00,0.0,0.0,0.0,30.06,0.0,80.0,40.0,160.0
2024-09-06,29,15:15,0.0,0.0,0.0,30.06,0.0,80.0,40.0,0.0
2024-09-06,30,15:30,0.0,0.0,0.0,30.06,0.0,80.0,40.0,0.0
2024-09-06,31,15:45,0.0,0.0,0.0,30.06,0.0,80.0,40.0,0.0
2024-09-06,32,16:00,0.0,0.0,0.0,71.18,0.0,80.0,40.0,0.0
2024-09-06,33,16:15,0.0,0.0,0.0,71.18,0.0,80.0,40.0,0.0
2024-09-06,34,16:30,0.0,0.0,0.0,71.18,0.0,80.0,40.0,0.0
2024-09-06,35,16:45,0.0,0.0,0.0,71.18,0.0,80.0,40.0,0.0
2024-09-06,36,17:00,0.0,0.0,0.0,87.56,0.0,80.0,40.0,0.0
2024-09-06,37,17:15,0.0,0.0,0.0,87.56,0.0,80.0,40.0,0.0
2024-09-06,38,17:30,0.0,0.0,0.0,87.56,0.0,80.0,40.0,0.0
2024-09-06,39,17:45,0.0,0.0,0.0,87.56,0.0,80.0,40.0,0.0
2024-09-06,40,18:00,0.0,0.0,0.0,100.27,0.0,80.0,40.0,0.0
2024-09-06,41,18:15,0.0,0.0,0.0,100.27,0.0,80.0,40.0,0.0
2024-09-06,42,18:30,0.0,0.0,0.0,100.27,0.0,80.0,40.0,0.0
2024-09-06,43,18:45,0.0,0.0,0.0,100.27,0.0,80.0,40.0,0.0
2024-09-06,44,19:00,0.0,0.0,0.0,129.0,0.0,80.0,40.0,0.0
2024-09-06,45,19:15,0.0,0.0,0.0,129.0,0.0,80.0,40.0,0.0
2024-09-06,46,19:30,0.0,0.0,0.0,129.0,0.0,80.0,40.0,0.0
2024-09-06,47,19:45,0.0,0.0,0.0,129.0,0.0,80.0,40.0,0.0
2024-09-06,48,20:00,0.0,0.0,0.0,136.49,0.0,80.0,40.0,0.0
2024-09-06,49,20:15,0.0,0.0,0.0,136.49,0.0,80.0,40.0,0.0
2024-09-06,50,20:30,0.0,0.0,0.0,136.49,0.0,80.0,40.0,0.0
2024-09-06,51,20:45,0.0,0.0,0.0,136.49,0.0,80.0,40.0,0.0
2024-09-06,52,21:00,0.0,0.0,0.0,99.76,0.0,80.0,40.0,0.0
2024-09-06,53,21:15,0.0,0.0,0.0,99.76,0.0,80.0,40.0,0.0
2024-09-06,54,21:30,0.0,0.0,0.0,99.76,0.0,80.0,40.0,0.0
2024-09-06,55,21:45,0.0,0.0,0.0,99.76,0.0,80.0,40.0,0.0
2024-09-09,0,08:00,1.8638,9.5021,11.3659,159.57,0.453415,40.0,40.0,0.0
2024-09-09,1,08:15,6.7293,17.0147,23.744,159.57,0.947206,40.0,40.0,0.0
2024-09-09,2,08:30,5.9956,17.1381,23.1337,159.57,0.92286,40.0,40.0,0.0
2024-09-09,3,08:45,7.1179,16.0793,23.1972,159.57,0.925393,40.0,40.0,0.0
2024-09-09,4,09:00,6.1091,3.2115,9.3206,129.68,0.302173,40.0,40.0,0.0
2024-09-09,5,09:15,5.6324,9.5021,15.1345,129.68,0.490662,0.0,80.0,0.0
2024-09-09,6,09:30,5.8458,17.0147,22.8605,129.68,0.741137,0.0,80.0,0.0
2024-09-09,7,09:45,5.1816,17.1381,22.3197,129.68,0.723604,0.0,80.0,0.0
2024-09-09,8,10:00,6.7301,16.0793,22.8094,110.87,0.632219,0.0,80.0,0.0
2024-09-09,9,10:15,3.9878,3.2115,7.1993,110.87,0.199546,0.0,80.0,0.0
2024-09-09,10,10:30,1.8638,9.5021,11.3659,110.87,0.315035,60.0,120.0,0.0
2024-09-09,11,10:45,6.7293,17.0147,23.744,110.87,0.658123,60.0,120.0,0.0
2024-09-09,12,11:00,5.9956,17.1381,23.1337,100.74,0.582622,60.0,120.0,0.0
2024-09-09,13,11:15,7.1179,16.0793,23.1972,100.74,0.584221,60.0,120.0,0.0
2024-09-09,14,11:30,6.1091,3.2115,9.3206,100.74,0.234738,60.0,120.0,0.0
2024-09-09,15,11:45,5.6324,9.5021,15.1345,100.74,0.381163,20.0,160.0,0.0
2024-09-09,16,12:00,5.8458,17.0147,22.8605,94.98,0.542822,20.0,160.0,0.0
2024-09-09,17,12:15,5.1816,17.1381,22.3197,94.98,0.52998,20.0,160.0,0.0
2024-09-09,18,12:30,6.7301,16.0793,22.8094,94.98,0.541609,20.0,160.0,0.0
2024-09-09,19,12:45,3.9878,3.2115,7.1993,94.98,0.170947,20.0,160.0,0.0
2024-09-09,20,13:00,1.8638,9.5021,11.3659,89.17,0.253375,80.0,200.0,0.0
2024-09-09,21,13:15,6.7293,17.0147,23.744,89.17,0.529312,80.0,200.0,0.0
2024-09-09,22,13:30,5.9956,17.1381,23.1337,89.17,0.515708,80.0,200.0,0.0
2024-09-09,23,13:45,7.1179,16.0793,23.1972,89.17,0.517123,80.0,200.0,0.0
2024-09-09,24,14:00,6.1091,3.2115,9.3206,82.06,0.191211,80.0,200.0,0.0
2024-09-09,25,14:15,5.6324,9.5021,15.1345,82.06,0.310485,40.0,240.0,0.0
2024-09-09,26,14:30,5.8458,17.0147,22.8605,82.06,0.468983,40.0,240.0,0.0
2024-09-09,27,14:45,5.1816,17.1381,22.3197,82.06,0.457888,40.0,240.0,0.0
2024-09-09,28,15:00,6.7301,16.0793,22.8094,83.98,0.478883,40.0,50.0,190.0
2024-09-09,29,15:15,3.9878,3.2115,7.1993,83.98,0.151149,40.0,50.0,0.0
2024-09-09,30,15:30,0.0,9.5021,9.5021,83.98,0.199496,100.0,90.0,0.0
2024-09-09,31,15:45,0.0,17.0147,17.0147,83.98,0.357223,100.0,90.0,0.0
2024-09-09,32,16:00,0.0,17.1381,17.1381,78.68,0.337106,100.0,90.0,0.0
2024-09-09,33,16:15,0.0,16.0793,16.0793,78.68,0.316279,100.0,90.0,0.0
2024-09-09,34,16:30,0.0,3.2115,3.2115,78.68,0.06317,100.0,90.0,0.0
2024-09-09,35,16:45,0.0,9.5021,9.5021,78.68,0.186906,60.0,130.0,0.0
2024-09-09,36,17:00,0.0,17.0147,17.0147,92.8,0.39474,60.0,130.0,0.0
2024-09-09,37,17:15,0.0,17.1381,17.1381,92.8,0.397604,60.0,130.0,0.0
2024-09-09,38,17:30,0.0,16.0793,16.0793,92.8,0.373039,60.0,130.0,0.0
2024-09-09,39,17:45,0.0,3.2115,3.2115,92.8,0.074506,60.0,130.0,0.0
2024-09-09,40,18:00,0.0,0.0,0.0,113.15,0.0,60.0,170.0,0.0
2024-09-09,41,18:15,0.0,0.0,0.0,113.15,0.0,60.0,170.0,0.0
2024-09-09,42,18:30,0.0,0.0,0.0,113.15,0.0,60.0,170.0,0.0
2024-09-09,43,18:45,0.0,0.0,0.0,113.15,0.0,60.0,170.0,0.0
2024-09-09,44,19:00,0.0,0.0,0.0,114.56,0.0,60.0,170.0,0.0
2024-09-09,45,19:15,0.0,0.0,0.0,114.56,0.0,60.0,170.0,0.0
2024-09-09,46,19:30,0.0,0.0,0.0,114.56,0.0,60.0,170.0,0.0
2024-09-09,47,19:45,0.0,0.0,0.0,114.56,0.0,60.0,170.0,0.0
2024-09-09,48,20:00,0.0,0.0,0.0,111.53,0.0,60.0,170.0,0.0
2024-09-09,49,20:15,0.0,0.0,0.0,111.53,0.0,60.0,170.0,0.0
2024-09-09,50,20:30,0.0,0.0,0.0,111.53,0.0,60.0,170.0,0.0
2024-09-09,51,20:45,0.0,0.0,0.0,111.53,0.0,60.0,170.0,0.0
2024-09-09,52,21:00,0.0,0.0,0.0,96.02,0.0,60.0,170.0,0.0
2024-09-09,53,21:15,0.0,0.0,0.0,96.02,0.0,60.0,170.0,0.0
2024-09-09,54,21:30,0.0,0.0,0.0,96.02,0.0,60.0,170.0,0.0
2024-09-09,55,21:45,0.0,0.0,0.0,96.02,0.0,60.0,0.0,170.0
2024-09-10,0,08:00,1.8638,9.5021,11.3659,114.94,0.3266,20.0,0.0,0.0
2024-09-10,1,08:15,6.7293,17.0147,23.744,114.94,0.682282,20.0,0.0,0.0
2024-09-10,2,08:30,5.9956,17.1381,23.1337,114.94,0.664746,20.0,0.0,0.0
2024-09-10,3,08:45,7.1179,16.0793,23.1972,114.94,0.666571,20.0,0.0,0.0
2024-09-10,4,09:00,6.1091,3.2115,9.3206,100.0,0.233014,20.0,0.0,0.0
2024-09-10,5,09:15,5.6324,0.0,5.6324,100.0,0.140811,20.0,40.0,0.0
2024-09-10,6,09:30,5.8458,0.0,5.8458,100.0,0.146145,20.0,40.0,0.0
2024-09-10,7,09:45,5.1816,0.0,5.1816,100.0,0.129539,20.0,40.0,0.0
2024-09-10,8,10:00,6.7301,0.0,6.7301,59.92,0.100817,20.0,40.0,0.0
2024-09-10,9,10:15,3.9878,0.0,3.9878,59.92,0.059737,20.0,40.0,0.0
2024-09-10,10,10:30,1.8638,9.5021,11.3659,59.92,0.170262,80.0,40.0,0.0
2024-09-10,11,10:45,6.7293,17.0147,23.744,59.92,0.355684,80.0,40.0,0.0
2024-09-10,12,11:00,5.9956,17.1381,23.1337,9.52,0.055058,80.0,40.0,0.0
2024-09-10,13,11:15,7.1179,16.0793,23.1972,9.52,0.055209,80.0,40.0,0.0
2024-09-10,14,11:30,6.1091,3.2115,9.3206,9.52,0.022183,80.0,40.0,0.0
2024-09-10,15,11:45,5.6324,9.5021,15.1345,9.52,0.03602,40.0,80.0,0.0
2024-09-10,16,12:00,5.8458,17.0147,22.8605,0.04,0.000229,40.0,80.0,0.0
2024-09-10,17,12:15,5.1816,17.1381,22.3197,0.04,0.000223,40.0,80.0,0.0
2024-09-10,18,12:30,6.7301,16.0793,22.8094,0.04,0.000228,40.0,80.0,0.0
2024-09-10,19,12:45,3.9878,3.2115,7.1993,0.04,7.2e-05,40.0,80.0,0.0
2024-09-10,20,13:00,1.8638,9.5021,11.3659,-0.07,-0.000199,100.0,120.0,0.0
2024-09-10,21,13:15,6.7293,17.0147,23.744,-0.07,-0.000416,100.0,120.0,0.0
2024-09-10,22,13:30,5.9956,17.1381,23.1337,-0.07,-0.000405,100.0,120.0,0.0
2024-09-10,23,13:45,7.1179,16.0793,23.1972,-0.07,-0.000406,100.0,120.0,0.0
2024-09-10,24,14:00,6.1091,3.2115,9.3206,-0.16,-0.000373,100.0,120.0,0.0
2024-09-10,25,14:15,5.6324,9.5021,15.1345,-0.16,-0.000605,60.0,160.0,0.0
2024-09-10,26,14:30,5.8458,17.0147,22.8605,-0.16,-0.000914,60.0,160.0,0.0
2024-09-10,27,14:45,5.1816,17.1381,22.3197,-0.16,-0.000893,60.0,160.0,0.0
2024-09-10,28,15:00,6.7301,16.0793,22.8094,-0.04,-0.000228,60.0,20.0,140.0
2024-09-10,29,15:15,3.9878,3.2115,7.1993,-0.04,-7.2e-05,60.0,20.0,0.0
2024-09-10,30,15:30,0.0,9.5021,9.5021,-0.04,-9.5e-05,120.0,60.0,0.0
2024-09-10,31,15:45,0.0,17.0147,17.0147,-0.04,-0.00017,120.0,60.0,0.0
2024-09-10,32,16:00,0.0,17.1381,17.1381,0.22,0.000943,120.0,60.0,0.0
2024-09-10,33,16:15,0.0,16.0793,16.0793,0.22,0.000884,120.0,60.0,0.0
2024-09-10,34,16:30,0.0,3.2115,3.2115,0.22,0.000177,120.0,60.0,0.0
2024-09-10,35,16:45,0.0,9.5021,9.5021,0.22,0.000523,80.0,100.0,0.0
2024-09-10,36,17:00,0.0,17.0147,17.0147,21.77,0.092602,80.0,100.0,0.0
2024-09-10,37,17:15,0.0,17.1381,17.1381,21.77,0.093274,80.0,100.0,0.0
2024-09-10,38,17:30,0.0,16.0793,16.0793,21.77,0.087511,80.0,100.0,0.0
2024-09-10,39,17:45,0.0,3.2115,3.2115,21.77,0.017479,80.0,100.0,0.0
2024-09-10,40,18:00,0.0,9.5021,9.5021,80.4,0.190992,40.0,140.0,0.0
2024-09-10,41,18:15,0.0,17.0147,17.0147,80.4,0.341995,40.0,140.0,0.0
2024-09-10,42,18:30,0.0,17.1381,17.1381,80.4,0.344476,40.0,140.0,0.0
2024-09-10,43,18:45,0.0,16.0793,16.0793,80.4,0.323194,40.0,140.0,0.0
2024-09-10,44,19:00,0.0,3.2115,3.2115,92.91,0.074595,40.0,140.0,0.0
2024-09-10,45,19:15,0.0,0.0,0.0,92.91,0.0,40.0,180.0,0.0
2024-09-10,46,19:30,0.0,0.0,0.0,92.91,0.0,40.0,180.0,0.0
2024-09-10,47,19:45,0.0,0.0,0.0,92.91,0.0,40.0,180.0,0.0
2024-09-10,48,20:00,0.0,0.0,0.0,83.25,0.0,40.0,180.0,0.0
2024-09-10,49,20:15,0.0,0.0,0.0,83.25,0.0,40.0,180.0,0.0
2024-09-10,50,20:30,0.0,0.0,0.0,83.25,0.0,40.0,180.0,0.0
2024-09-10,51,20:45,0.0,0.0,0.0,83.25,0.0,40.0,180.0,0.0
2024-09-10,52,21:00,0.0,0.0,0.0,82.02,0.0,40.0,180.0,0.0
2024-09-10,53,21:15,0.0,0.0,0.0,82.02,0.0,40.0,180.0,0.0
2024-09-10,54,21:30,0.0,0.0,0.0,82.02,0.0,40.0,180.0,0.0
2024-09-10,55,21:45,0.0,0.0,0.0,82.02,0.0,40.0,30.0,150.0
2024-09-11,0,08:00,1.8638,9.5021,11.3659,110.72,0.314609,0.0,30.0,0.0
2024-09-11,1,08:15,6.7293,17.0147,23.744,110.72,0.657233,0.0,30.0,0.0
2024-09-11,2,08:30,5.9956,17.1381,23.1337,110.72,0.64034,0.0,30.0,0.0
2024-09-11,3,08:45,7.1179,16.0793,23.1972,110.72,0.642098,0.0,30.0,0.0
2024-09-11,4,09:00,6.1091,3.2115,9.3206,97.6,0.227422,0.0,30.0,0.0
2024-09-11,5,09:15,5.6324,0.0,5.6324,97.6,0.137432,0.0,70.0,0.0
2024-09-11,6,09:30,5.8458,0.0,5.8458,97.6,0.142638,0.0,70.0,0.0
2024-09-11,7,09:45,5.1816,0.0,5.1816,97.6,0.12643,0.0,70.0,0.0
2024-09-11,8,10:00,6.7301,0.0,6.7301,76.81,0.129235,0.0,70.0,0.0
2024-09-11,9,10:15,3.9878,0.0,3.9878,76.81,0.076576,0.0,70.0,0.0
2024-09-11,10,10:30,1.8638,9.5021,11.3659,76.81,0.218254,60.0,70.0,0.0
2024-09-11,11,10:45,6.7293,17.0147,23.744,76.81,0.455943,60.0,70.0,0.0
2024-09-11,12,11:00,5.9956,17.1381,23.1337,67.51,0.390439,60.0,70.0,0.0
2024-09-11,13,11:15,7.1179,16.0793,23.1972,67.51,0.39151,60.0,70.0,0.0
2024-09-11,14,11:30,6.1091,3.2115,9.3206,67.51,0.157308,60.0,70.0,0.0
2024-09-11,15,11:45,5.6324,9.5021,15.1345,67.51,0.255433,20.0,110.0,0.0
2024-09-11,16,12:00,5.8458,17.0147,22.8605,62.45,0.356909,20.0,110.0,0.0
2024-09-11,17,12:15,5.1816,17.1381,22.3197,62.45,0.348466,20.0,110.0,0.0
2024-09-11,18,12:30,6.7301,16.0793,22.8094,62.45,0.356111,20.0,110.0,0.0
2024-09-11,19,12:45,3.9878,3.2115,7.1993,62.45,0.112399,20.0,110.0,0.0
2024-09-11,20,13:00,1.8638,9.5021,11.3659,63.85,0.181429,80.0,150.0,0.0
2024-09-11,21,13:15,6.7293,17.0147,23.744,63.85,0.379013,80.0,150.0,0.0
2024-09-11,22,13:30,5.9956,17.1381,23.1337,63.85,0.369271,80.0,150.0,0.0
2024-09-11,23,13:45,7.1179,16.0793,23.1972,63.85,0.370285,80.0,150.0,0.0
2024-09-11,24,14:00,6.1091,3.2115,9.3206,69.0,0.16078,80.0,150.0,0.0
2024-09-11,25,14:15,5.6324,9.5021,15.1345,69.0,0.261071,40.0,190.0,0.0
2024-09-11,26,14:30,5.8458,17.0147,22.8605,69.0,0.394343,40.0,190.0,0.0
2024-09-11,27,14:45,5.1816,17.1381,22.3197,69.0,0.385014,40.0,190.0,0.0
2024-09-11,28,15:00,6.7301,16.0793,22.8094,69.05,0.393747,40.0,0.0,190.0
2024-09-11,29,15:15,3.9878,3.2115,7.1993,69.05,0.124278,40.0,0.0,0.0
2024-09-11,30,15:30,0.0,9.5021,9.5021,69.05,0.16403,100.0,40.0,0.0
2024-09-11,31,15:45,0.0,17.0147,17.0147,69.05,0.293716,100.0,40.0,0.0
2024-09-11,32,16:00,0.0,17.1381,17.1381,76.75,0.328837,100.0,40.0,0.0
2024-09-11,33,16:15,0.0,16.0793,16.0793,76.75,0.308521,100.0,40.0,0.0
2024-09-11,34,16:30,0.0,3.2115,3.2115,76.75,0.06162,100.0,40.0,0.0
2024-09-11,35,16:45,0.0,9.5021,9.5021,76.75,0.182321,60.0,80.0,0.0
2024-09-11,36,17:00,0.0,17.0147,17.0147,101.39,0.431279,60.0,80.0,0.0
2024-09-11,37,17:15,0.0,17.1381,17.1381,101.39,0.434408,60.0,80.0,0.0
2024-09-11,38,17:30,0.0,16.0793,16.0793,101.39,0.40757,60.0,80.0,0.0
2024-09-11,39,17:45,0.0,3.2115,3.2115,101.39,0.081403,60.0,80.0,0.0
2024-09-11,40,18:00,0.0,9.5021,9.5021,115.14,0.273518,20.0,120.0,0.0
2024-09-11,41,18:15,0.0,17.0147,17.0147,115.14,0.489767,20.0,120.0,0.0
2024-09-11,42,18:30,0.0,17.1381,17.1381,115.14,0.49332,20.0,120.0,0.0
2024-09-11,43,18:45,0.0,16.0793,16.0793,115.14,0.462842,20.0,120.0,0.0
2024-09-11,44,19:00,0.0,3.2115,3.2115,142.86,0.114698,20.0,120.0,0.0
2024-09-11,45,19:15,0.0,0.0,0.0,142.86,0.0,20.0,160.0,0.0
2024-09-11,46,19:30,0.0,0.0,0.0,142.86,0.0,20.0,160.0,0.0
2024-09-11,47,19:45,0.0,0.0,0.0,142.86,0.0,20.0,160.0,0.0
2024-09-11,48,20:00,0.0,0.0,0.0,138.36,0.0,20.0,160.0,0.0
2024-09-11,49,20:15,0.0,0.0,0.0,138.36,0.0,20.0,160.0,0.0
2024-09-11,50,20:30,0.0,0.0,0.0,138.36,0.0,20.0,160.0,0.0
2024-09-11,51,20:45,0.0,0.0,0.0,138.36,0.0,20.0,160.0,0.0
2024-09-11,52,21:00,0.0,0.0,0.0,115.14,0.0,20.0,160.0,0.0
2024-09-11,53,21:15,0.0,0.0,0.0,115.14,0.0,20.0,160.0,0.0
2024-09-11,54,21:30,0.0,0.0,0.0,115.14,0.0,20.0,160.0,0.0
2024-09-11,55,21:45,0.0,0.0,0.0,115.14,0.0,20.0,0.0,160.0
2024-09-12,0,08:00,1.8638,0.0,1.8638,135.94,0.063343,20.0,0.0,0.0
2024-09-12,1,08:15,6.7293,0.0,6.7293,135.94,0.228695,20.0,0.0,0.0
2024-09-12,2,08:30,5.9956,0.0,5.9956,135.94,0.20376,20.0,0.0,0.0
2024-09-12,3,08:45,7.1179,0.0,7.1179,135.94,0.241902,20.0,0.0,0.0
2024-09-12,4,09:00,6.1091,0.0,6.1091,103.36,0.157858,20.0,0.0,0.0
2024-09-12,5,09:15,5.6324,0.0,5.6324,103.36,0.145542,20.0,0.0,0.0
2024-09-12,6,09:30,5.8458,0.0,5.8458,103.36,0.151056,20.0,0.0,0.0
2024-09-12,7,09:45,5.1816,0.0,5.1816,103.36,0.133892,20.0,0.0,0.0
2024-09-12,8,10:00,6.7301,0.0,6.7301,85.0,0.143015,20.0,0.0,0.0
2024-09-12,9,10:15,3.9878,0.0,3.9878,85.0,0.084741,20.0,0.0,0.0
2024-09-12,10,10:30,1.8638,9.5021,11.3659,85.0,0.241526,80.0,0.0,0.0
2024-09-12,11,10:45,6.7293,17.0147,23.744,85.0,0.504559,80.0,0.0,0.0
2024-09-12,12,11:00,5.9956,17.1381,23.1337,80.41,0.465045,80.0,0.0,0.0
2024-09-12,13,11:15,7.1179,16.0793,23.1972,80.41,0.466321,80.0,0.0,0.0
2024-09-12,14,11:30,6.1091,3.2115,9.3206,80.41,0.187367,80.0,0.0,0.0
2024-09-12,15,11:45,5.6324,9.5021,15.1345,80.41,0.304242,40.0,40.0,0.0
2024-09-12,16,12:00,5.8458,17.0147,22.8605,78.62,0.449323,40.0,40.0,0.0
2024-09-12,17,12:15,5.1816,17.1381,22.3197,78.62,0.438693,40.0,40.0,0.0
2024-09-12,18,12:30,6.7301,16.0793,22.8094,78.62,0.448318,40.0,40.0,0.0
2024-09-12,19,12:45,3.9878,3.2115,7.1993,78.62,0.141502,40.0,40.0,0.0
2024-09-12,20,13:00,0.0,9.5021,9.5021,78.23,0.185837,100.0,80.0,0.0
2024-09-12,21,13:15,0.0,17.0147,17.0147,78.23,0.332764,100.0,80.0,0.0
2024-09-12,22,13:30,0.0,17.1381,17.1381,78.23,0.335178,100.0,80.0,0.0
2024-09-12,23,13:45,0.0,16.0793,16.0793,78.23,0.314471,100.0,80.0,0.0
2024-09-12,24,14:00,0.0,3.2115,3.2115,80.11,0.064318,100.0,80.0,0.0
2024-09-12,25,14:15,0.0,9.5021,9.5021,80.11,0.190303,60.0,120.0,0.0
2024-09-12,26,14:30,0.0,17.0147,17.0147,80.11,0.340761,60.0,120.0,0.0
2024-09-12,27,14:45,0.0,17.1381,17.1381,80.11,0.343233,60.0,120.0,0.0
2024-09-12,28,15:00,0.0,16.0793,16.0793,84.93,0.341403,60.0,120.0,0.0
2024-09-12,29,15:15,0.0,3.2115,3.2115,84.93,0.068188,60.0,120.0,0.0
2024-09-12,30,15:30,0.0,0.0,0.0,84.93,0.0,60.0,160.0,0.0
2024-09-12,31,15:45,0.0,0.0,0.0,84.93,0.0,60.0,160.0,0.0
2024-09-12,32,16:00,0.0,0.0,0.0,91.67,0.0,60.0,160.0,0.0
2024-09-12,33,16:15,0.0,0.0,0.0,91.67,0.0,60.0,160.0,0.0
2024-09-12,34,16:30,0.0,0.0,0.0,91.67,0.0,60.0,160.0,0.0
2024-09-12,35,16:45,0.0,0.0,0.0,91.67,0.0,60.0,160.0,0.0
2024-09-12,36,17:00,0.0,0.0,0.0,109.74,0.0,60.0,160.0,0.0
2024-09-12,37,17:15,0.0,0.0,0.0,109.74,0.0,60.0,160.0,0.0
2024-09-12,38,17:30,0.0,0.0,0.0,109.74,0.0,60.0,160.0,0.0
2024-09-12,39,17:45,0.0,0.0,0.0,109.74,0.0,60.0,160.0,0.0
2024-09-12,40,18:00,0.0,0.0,0.0,145.19,0.0,60.0,160.0,0.0
2024-09-12,41,18:15,0.0,0.0,0.0,145.19,0.0,60.0,160.0,0.0
2024-09-12,42,18:30,0.0,0.0,0.0,145.19,0.0,60.0,160.0,0.0
2024-09-12,43,18:45,0.0,0.0,0.0,145.19,0.0,60.0,160.0,0.0
2024-09-12,44,19:00,0.0,0.0,0.0,300.01,0.0,60.0,160.0,0.0
2024-09-12,45,19:15,0.0,0.0,0.0,300.01,0.0,60.0,160.0,0.0
2024-09-12,46,19:30,0.0,0.0,0.0,300.01,0.0,60.0,160.0,0.0
2024-09-12,47,19:45,0.0,0.0,0.0,300.01,0.0,60.0,160.0,0.0
2024-09-12,48,20:00,0.0,0.0,0.0,250.02,0.0,60.0,160.0,0.0
2024-09-12,49,20:15,0.0,0.0,0.0,250.02,0.0,60.0,160.0,0.0
2024-09-12,50,20:30,0.0,0.0,0.0,250.02,0.0,60.0,160.0,0.0
2024-09-12,51,20:45,0.0,0.0,0.0,250.02,0.0,60.0,160.0,0.0
2024-09-12,52,21:00,0.0,0.0,0.0,125.0,0.0,60.0,160.0,0.0
2024-09-12,53,21:15,0.0,0.0,0.0,125.0,0.0,60.0,160.0,0.0
2024-09-12,54,21:30,0.0,0.0,0.0,125.0,0.0,60.0,160.0,0.0
2024-09-12,55,21:45,0.0,0.0,0.0,125.0,0.0,60.0,50.0,110.0
2024-09-13,0,08:00,1.8638,9.5021,11.3659,132.24,0.375758,20.0,50.0,0.0
2024-09-13,1,08:15,6.7293,17.0147,23.744,132.24,0.784975,20.0,50.0,0.0
2024-09-13,2,08:30,5.9956,17.1381,23.1337,132.24,0.764799,20.0,50.0,0.0
2024-09-13,3,08:45,7.1179,16.0793,23.1972,132.24,0.766899,20.0,50.0,0.0
2024-09-13,4,09:00,6.1091,3.2115,9.3206,116.24,0.270855,20.0,50.0,0.0
2024-09-13,5,09:15,5.6324,0.0,5.6324,116.24,0.163679,20.0,90.0,0.0
2024-09-13,6,09:30,5.8458,0.0,5.8458,116.24,0.169879,20.0,90.0,0.0
2024-09-13,7,09:45,5.1816,0.0,5.1816,116.24,0.150577,20.0,90.0,0.0
2024-09-13,8,10:00,6.7301,0.0,6.7301,102.54,0.172526,20.0,90.0,0.0
2024-09-13,9,10:15,3.9878,0.0,3.9878,102.54,0.102227,20.0,90.0,0.0
2024-09-13,10,10:30,0.0,9.5021,9.5021,102.54,0.243586,80.0,90.0,0.0
2024-09-13,11,10:45,0.0,17.0147,17.0147,102.54,0.436171,80.0,90.0,0.0
2024-09-13,12,11:00,0.0,17.1381,17.1381,94.99,0.406987,80.0,90.0,0.0
2024-09-13,13,11:15,0.0,16.0793,16.0793,94.99,0.381843,80.0,90.0,0.0
2024-09-13,14,11:30,0.0,3.2115,3.2115,94.99,0.076265,80.0,90.0,0.0
2024-09-13,15,11:45,0.0,9.5021,9.5021,94.99,0.225651,40.0,130.0,0.0
2024-09-13,16,12:00,0.0,17.0147,17.0147,88.55,0.376662,40.0,130.0,0.0
2024-09-13,17,12:15,0.0,17.1381,17.1381,88.55,0.379395,40.0,130.0,0.0
2024-09-13,18,12:30,0.0,16.0793,16.0793,88.55,0.355955,40.0,130.0,0.0
2024-09-13,19,12:45,0.0,3.2115,3.2115,88.55,0.071094,40.0,130.0,0.0
2024-09-13,20,13:00,0.0,0.0,0.0,77.5,0.0,40.0,170.0,0.0
2024-09-13,21,13:15,0.0,0.0,0.0,77.5,0.0,40.0,170.0,0.0
2024-09-13,22,13:30,0.0,0.0,0.0,77.5,0.0,40.0,170.0,0.0
2024-09-13,23,13:45,0.0,0.0,0.0,77.5,0.0,40.0,170.0,0.0
2024-09-13,24,14:00,0.0,0.0,0.0,66.96,0.0,40.0,170.0,0.0
2024-09-13,25,14:15,0.0,0.0,0.0,66.96,0.0,40.0,170.0,0.0
2024-09-13,26,14:30,0.0,0.0,0.0,66.96,0.0,40.0,170.0,0.0
2024-09-13,27,14:45,0.0,0.0,0.0,66.96,0.0,40.0,170.0,0.0
2024-09-13,28,15:00,0.0,0.0,0.0,72.2,0.0,40.0,20.0,150.0
2024-09-13,29,15:15,0.0,0.0,0.0,72.2,0.0,40.0,20.0,0.0
2024-09-13,30,15:30,0.0,0.0,0.0,72.2,0.0,40.0,20.0,0.0
2024-09-13,31,15:45,0.0,0.0,0.0,72.2,0.0,40.0,20.0,0.0
2024-09-13,32,16:00,0.0,0.0,0.0,74.3,0.0,40.0,20.0,0.0
2024-09-13,33,16:15,0.0,0.0,0.0,74.3,0.0,40.0,20.0,0.0
2024-09-13,34,16:30,0.0,0.0,0.0,74.3,0.0,40.0,20.0,0.0
2024-09-13,35,16:45,0.0,0.0,0.0,74.3,0.0,40.0,20.0,0.0
2024-09-13,36,17:00,0.0,0.0,0.0,79.85,0.0,40.0,20.0,0.0
2024-09-13,37,17:15,0.0,0.0,0.0,79.85,0.0,40.0,20.0,0.0
2024-09-13,38,17:30,0.0,0.0,0.0,79.85,0.0,40.0,20.0,0.0
2024-09-13,39,17:45,0.0,0.0,0.0,79.85,0.0,40.0,20.0,0.0
2024-09-13,40,18:00,0.0,0.0,0.0,96.47,0.0,40.0,20.0,0.0
2024-09-13,41,18:15,0.0,0.0,0.0,96.47,0.0,40.0,20.0,0.0
2024-09-13,42,18:30,0.0,0.0,0.0,96.47,0.0,40.0,20.0,0.0
2024-09-13,43,18:45,0.0,0.0,0.0,96.47,0.0,40.0,20.0,0.0
2024-09-13,44,19:00,0.0,0.0,0.0,100.0,0.0,40.0,20.0,0.0
2024-09-13,45,19:15,0.0,0.0,0.0,100.0,0.0,40.0,20.0,0.0
2024-09-13,46,19:30,0.0,0.0,0.0,100.0,0.0,40.0,20.0,0.0
2024-09-13,47,19:45,0.0,0.0,0.0,100.0,0.0,40.0,20.0,0.0
2024-09-13,48,20:00,0.0,0.0,0.0,94.25,0.0,40.0,20.0,0.0
2024-09-13,49,20:15,0.0,0.0,0.0,94.25,0.0,40.0,20.0,0.0
2024-09-13,50,20:30,0.0,0.0,0.0,94.25,0.0,40.0,20.0,0.0
2024-09-13,51,20:45,0.0,0.0,0.0,94.25,0.0,40.0,20.0,0.0
2024-09-13,52,21:00,0.0,0.0,0.0,84.57,0.0,40.0,20.0,0.0
2024-09-13,53,21:15,0.0,0.0,0.0,84.57,0.0,40.0,20.0,0.0
2024-09-13,54,21:30,0.0,0.0,0.0,84.57,0.0,40.0,20.0,0.0
2024-09-13,55,21:45,0.0,0.0,0.0,84.57,0.0,40.0,20.0,0.0
2024-09-16,0,08:00,1.8638,9.5021,11.3659,146.06,0.415027,0.0,20.0,0.0
2024-09-16,1,08:15,6.7293,17.0147,23.744,146.06,0.86701,0.0,20.0,0.0
2024-09-16,2,08:30,5.9956,17.1381,23.1337,146.06,0.844726,0.0,20.0,0.0
2024-09-16,3,08:45,7.1179,16.0793,23.1972,146.06,0.847045,0.0,20.0,0.0
2024-09-16,4,09:00,6.1091,3.2115,9.3206,126.4,0.29453,0.0,20.0,0.0
2024-09-16,5,09:15,5.6324,0.0,5.6324,126.4,0.177985,0.0,60.0,0.0
2024-09-16,6,09:30,5.8458,0.0,5.8458,126.4,0.184728,0.0,60.0,0.0
2024-09-16,7,09:45,5.1816,0.0,5.1816,126.4,0.163738,0.0,60.0,0.0
2024-09-16,8,10:00,6.7301,0.0,6.7301,112.63,0.189503,0.0,60.0,0.0
2024-09-16,9,10:15,3.9878,0.0,3.9878,112.63,0.112286,0.0,60.0,0.0
2024-09-16,10,10:30,1.8638,9.5021,11.3659,112.63,0.320036,60.0,60.0,0.0
2024-09-16,11,10:45,6.7293,17.0147,23.744,112.63,0.66857,60.0,60.0,0.0
2024-09-16,12,11:00,5.9956,17.1381,23.1337,105.02,0.607375,60.0,60.0,0.0
2024-09-16,13,11:15,7.1179,16.0793,23.1972,105.02,0.609042,60.0,60.0,0.0
2024-09-16,14,11:30,6.1091,3.2115,9.3206,105.02,0.244711,60.0,60.0,0.0
2024-09-16,15,11:45,5.6324,9.5021,15.1345,105.02,0.397357,20.0,100.0,0.0
2024-09-16,16,12:00,5.8458,17.0147,22.8605,96.02,0.548766,20.0,100.0,0.0
2024-09-16,17,12:15,5.1816,17.1381,22.3197,96.02,0.535784,20.0,100.0,0.0
2024-09-16,18,12:30,6.7301,16.0793,22.8094,96.02,0.547539,20.0,100.0,0.0
2024-09-16,19,12:45,3.9878,3.2115,7.1993,96.02,0.172819,20.0,100.0,0.0
2024-09-16,20,13:00,1.8638,9.5021,11.3659,86.89,0.246896,80.0,140.0,0.0
2024-09-16,21,13:15,6.7293,17.0147,23.744,86.89,0.515778,80.0,140.0,0.0
2024-09-16,22,13:30,5.9956,17.1381,23.1337,86.89,0.502521,80.0,140.0,0.0
2024-09-16,23,13:45,7.1179,16.0793,23.1972,86.89,0.503901,80.0,140.0,0.0
2024-09-16,24,14:00,6.1091,3.2115,9.3206,80.86,0.188415,80.0,140.0,0.0
2024-09-16,25,14:15,5.6324,9.5021,15.1345,80.86,0.305945,40.0,180.0,0.0
2024-09-16,26,14:30,5.8458,17.0147,22.8605,80.86,0.462125,40.0,180.0,0.0
2024-09-16,27,14:45,5.1816,17.1381,22.3197,80.86,0.451192,40.0,180.0,0.0
2024-09-16,28,15:00,6.7301,16.0793,22.8094,75.37,0.429786,40.0,30.0,150.0
2024-09-16,29,15:15,3.9878,3.2115,7.1993,75.37,0.135653,40.0,30.0,0.0
2024-09-16,30,15:30,1.8638,9.5021,11.3659,75.37,0.214163,100.0,70.0,0.0
2024-09-16,31,15:45,6.7293,17.0147,23.744,75.37,0.447395,100.0,70.0,0.0
2024-09-16,32,16:00,5.9956,17.1381,23.1337,76.3,0.441275,100.0,70.0,0.0
2024-09-16,33,16:15,7.1179,16.0793,23.1972,76.3,0.442486,100.0,70.0,0.0
2024-09-16,34,16:30,6.1091,3.2115,9.3206,76.3,0.17779,100.0,70.0,0.0
2024-09-16,35,16:45,5.6324,9.5021,15.1345,76.3,0.288691,60.0,110.0,0.0
2024-09-16,36,17:00,5.8458,17.0147,22.8605,86.98,0.497101,60.0,110.0,0.0
2024-09-16,37,17:15,5.1816,17.1381,22.3197,86.98,0.485341,60.0,110.0,0.0
2024-09-16,38,17:30,6.7301,16.0793,22.8094,86.98,0.49599,60.0,110.0,0.0
2024-09-16,39,17:45,3.9878,3.2115,7.1993,86.98,0.156548,60.0,110.0,0.0
2024-09-16,40,18:00,0.0,9.5021,9.5021,107.87,0.256248,120.0,150.0,0.0
2024-09-16,41,18:15,0.0,17.0147,17.0147,107.87,0.458843,120.0,150.0,0.0
2024-09-16,42,18:30,0.0,17.1381,17.1381,107.87,0.462172,120.0,150.0,0.0
2024-09-16,43,18:45,0.0,16.0793,16.0793,107.87,0.433618,120.0,150.0,0.0
2024-09-16,44,19:00,0.0,3.2115,3.2115,112.57,0.090379,120.0,150.0,0.0
2024-09-16,45,19:15,0.0,9.5021,9.5021,112.57,0.267413,80.0,190.0,0.0
2024-09-16,46,19:30,0.0,17.0147,17.0147,112.57,0.478835,80.0,190.0,0.0
2024-09-16,47,19:45,0.0,17.1381,17.1381,112.57,0.482309,80.0,190.0,0.0
2024-09-16,48,20:00,0.0,16.0793,16.0793,109.01,0.438201,80.0,190.0,0.0
2024-09-16,49,20:15,0.0,3.2115,3.2115,109.01,0.087521,80.0,190.0,0.0
2024-09-16,50,20:30,0.0,0.0,0.0,109.01,0.0,80.0,230.0,0.0
2024-09-16,51,20:45,0.0,0.0,0.0,109.01,0.0,80.0,230.0,0.0
2024-09-16,52,21:00,0.0,0.0,0.0,90.1,0.0,80.0,230.0,0.0
2024-09-16,53,21:15,0.0,0.0,0.0,90.1,0.0,80.0,230.0,0.0
2024-09-16,54,21:30,0.0,0.0,0.0,90.1,0.0,80.0,230.0,0.0
2024-09-16,55,21:45,0.0,0.0,0.0,90.1,0.0,80.0,40.0,190.0
2024-09-17,0,08:00,1.8638,9.5021,11.3659,137.52,0.390761,40.0,40.0,0.0
2024-09-17,1,08:15,6.7293,17.0147,23.744,137.52,0.816317,40.0,40.0,0.0
2024-09-17,2,08:30,5.9956,17.1381,23.1337,137.52,0.795336,40.0,40.0,0.0
2024-09-17,3,08:45,7.1179,16.0793,23.1972,137.52,0.797519,40.0,40.0,0.0
2024-09-17,4,09:00,6.1091,3.2115,9.3206,108.91,0.253776,40.0,40.0,0.0
2024-09-17,5,09:15,5.6324,9.5021,15.1345,108.91,0.412076,0.0,80.0,0.0
2024-09-17,6,09:30,5.8458,17.0147,22.8605,108.91,0.622434,0.0,80.0,0.0
2024-09-17,7,09:45,5.1816,17.1381,22.3197,108.91,0.607709,0.0,80.0,0.0
2024-09-17,8,10:00,6.7301,16.0793,22.8094,96.52,0.55039,0.0,80.0,0.0
2024-09-17,9,10:15,3.9878,3.2115,7.1993,96.52,0.173719,0.0,80.0,0.0
2024-09-17,10,10:30,1.8638,9.5021,11.3659,96.52,0.27426,60.0,120.0,0.0
2024-09-17,11,10:45,6.7293,17.0147,23.744,96.52,0.572942,60.0,120.0,0.0
2024-09-17,12,11:00,5.9956,17.1381,23.1337,82.39,0.476496,60.0,120.0,0.0
2024-09-17,13,11:15,7.1179,16.0793,23.1972,82.39,0.477804,60.0,120.0,0.0
2024-09-17,14,11:30,6.1091,3.2115,9.3206,82.39,0.19198,60.0,120.0,0.0
2024-09-17,15,11:45,5.6324,9.5021,15.1345,82.39,0.311734,20.0,160.0,0.0
2024-09-17,16,12:00,5.8458,17.0147,22.8605,59.81,0.341821,20.0,160.0,0.0
2024-09-17,17,12:15,5.1816,17.1381,22.3197,59.81,0.333735,20.0,160.0,0.0
2024-09-17,18,12:30,6.7301,16.0793,22.8094,59.81,0.341057,20.0,160.0,0.0
2024-09-17,19,12:45,3.9878,3.2115,7.1993,59.81,0.107647,20.0,160.0,0.0
2024-09-17,20,13:00,1.8638,9.5021,11.3659,41.77,0.118689,80.0,200.0,0.0
2024-09-17,21,13:15,6.7293,17.0147,23.744,41.77,0.247946,80.0,200.0,0.0
2024-09-17,22,13:30,5.9956,17.1381,23.1337,41.77,0.241573,80.0,200.0,0.0
2024-09-17,23,13:45,7.1179,16.0793,23.1972,41.77,0.242236,80.0,200.0,0.0
2024-09-17,24,14:00,6.1091,3.2115,9.3206,25.64,0.059745,80.0,200.0,0.0
2024-09-17,25,14:15,5.6324,9.5021,15.1345,25.64,0.097012,40.0,240.0,0.0
2024-09-17,26,14:30,5.8458,17.0147,22.8605,25.64,0.146536,40.0,240.0,0.0
2024-09-17,27,14:45,5.1816,17.1381,22.3197,25.64,0.143069,40.0,240.0,0.0
2024-09-17,28,15:00,6.7301,16.0793,22.8094,44.44,0.253412,40.0,80.0,160.0
2024-09-17,29,15:15,3.9878,3.2115,7.1993,44.44,0.079984,40.0,80.0,0.0
2024-09-17,30,15:30,0.0,9.5021,9.5021,44.44,0.105568,100.0,120.0,0.0
2024-09-17,31,15:45,0.0,17.0147,17.0147,44.44,0.189033,100.0,120.0,0.0
2024-09-17,32,16:00,0.0,17.1381,17.1381,74.29,0.318297,100.0,120.0,0.0
2024-09-17,33,16:15,0.0,16.0793,16.0793,74.29,0.298632,100.0,120.0,0.0
2024-09-17,34,16:30,0.0,3.2115,3.2115,74.29,0.059645,100.0,120.0,0.0
2024-09-17,35,16:45,0.0,9.5021,9.5021,74.29,0.176478,60.0,160.0,0.0
2024-09-17,36,17:00,0.0,17.0147,17.0147,93.5,0.397718,60.0,160.0,0.0
2024-09-17,37,17:15,0.0,17.1381,17.1381,93.5,0.400603,60.0,160.0,0.0
2024-09-17,38,17:30,0.0,16.0793,16.0793,93.5,0.375853,60.0,160.0,0.0
2024-09-17,39,17:45,0.0,3.2115,3.2115,93.5,0.075069,60.0,160.0,0.0
2024-09-17,40,18:00,0.0,0.0,0.0,112.99,0.0,60.0,200.0,0.0
2024-09-17,41,18:15,0.0,0.0,0.0,112.99,0.0,60.0,200.0,0.0
2024-09-17,42,18:30,0.0,0.0,0.0,112.99,0.0,60.0,200.0,0.0
2024-09-17,43,18:45,0.0,0.0,0.0,112.99,0.0,60.0,200.0,0.0
2024-09-17,44,19:00,0.0,0.0,0.0,132.53,0.0,60.0,200.0,0.0
2024-09-17,45,19:15,0.0,0.0,0.0,132.53,0.0,60.0,200.0,0.0
2024-09-17,46,19:30,0.0,0.0,0.0,132.53,0.0,60.0,200.0,0.0
2024-09-17,47,19:45,0.0,0.0,0.0,132.53,0.0,60.0,200.0,0.0
2024-09-17,48,20:00,0.0,0.0,0.0,111.24,0.0,60.0,200.0,0.0
2024-09-17,49,20:15,0.0,0.0,0.0,111.24,0.0,60.0,200.0,0.0
2024-09-17,50,20:30,0.0,0.0,0.0,111.24,0.0,60.0,200.0,0.0
2024-09-17,51,20:45,0.0,0.0,0.0,111.24,0.0,60.0,200.0,0.0
2024-09-17,52,21:00,0.0,0.0,0.0,96.12,0.0,60.0,200.0,0.0
2024-09-17,53,21:15,0.0,0.0,0.0,96.12,0.0,60.0,200.0,0.0
2024-09-17,54,21:30,0.0,0.0,0.0,96.12,0.0,60.0,200.0,0.0
2024-09-17,55,21:45,0.0,0.0,0.0,96.12,0.0,60.0,40.0,160.0
2024-09-18,0,08:00,1.8638,9.5021,11.3659,133.07,0.378116,20.0,40.0,0.0
2024-09-18,1,08:15,6.7293,17.0147,23.744,133.07,0.789902,20.0,40.0,0.0
2024-09-18,2,08:30,5.9956,17.1381,23.1337,133.07,0.7696,20.0,40.0,0.0
2024-09-18,3,08:45,7.1179,16.0793,23.1972,133.07,0.771712,20.0,40.0,0.0
2024-09-18,4,09:00,6.1091,3.2115,9.3206,102.44,0.2387,20.0,40.0,0.0
2024-09-18,5,09:15,5.6324,0.0,5.6324,102.44,0.144247,20.0,80.0,0.0
2024-09-18,6,09:30,5.8458,0.0,5.8458,102.44,0.149711,20.0,80.0,0.0
2024-09-18,7,09:45,5.1816,0.0,5.1816,102.44,0.1327,20.0,80.0,0.0
2024-09-18,8,10:00,6.7301,0.0,6.7301,79.0,0.132919,20.0,80.0,0.0
2024-09-18,9,10:15,3.9878,0.0,3.9878,79.0,0.078759,20.0,80.0,0.0
2024-09-18,10,10:30,1.8638,9.5021,11.3659,79.0,0.224477,80.0,80.0,0.0
2024-09-18,11,10:45,6.7293,17.0147,23.744,79.0,0.468943,80.0,80.0,0.0
2024-09-18,12,11:00,5.9956,17.1381,23.1337,55.32,0.319939,80.0,80.0,0.0
2024-09-18,13,11:15,7.1179,16.0793,23.1972,55.32,0.320817,80.0,80.0,0.0
2024-09-18,14,11:30,6.1091,3.2115,9.3206,55.32,0.128903,80.0,80.0,0.0
2024-09-18,15,11:45,5.6324,9.5021,15.1345,55.32,0.209311,40.0,120.0,0.0
2024-09-18,16,12:00,5.8458,17.0147,22.8605,5.49,0.031376,40.0,120.0,0.0
2024-09-18,17,12:15,5.1816,17.1381,22.3197,5.49,0.030634,40.0,120.0,0.0
2024-09-18,18,12:30,6.7301,16.0793,22.8094,5.49,0.031306,40.0,120.0,0.0
2024-09-18,19,12:45,3.9878,3.2115,7.1993,5.49,0.009881,40.0,120.0,0.0
2024-09-18,20,13:00,1.8638,9.5021,11.3659,0.0,0.0,100.0,160.0,0.0
2024-09-18,21,13:15,6.7293,17.0147,23.744,0.0,0.0,100.0,160.0,0.0
2024-09-18,22,13:30,5.9956,17.1381,23.1337,0.0,0.0,100.0,160.0,0.0
2024-09-18,23,13:45,7.1179,16.0793,23.1972,0.0,0.0,100.0,160.0,0.0
2024-09-18,24,14:00,6.1091,3.2115,9.3206,-0.09,-0.00021,100.0,160.0,0.0
2024-09-18,25,14:15,5.6324,9.5021,15.1345,-0.09,-0.000341,60.0,200.0,0.0
2024-09-18,26,14:30,5.8458,17.0147,22.8605,-0.09,-0.000514,60.0,200.0,0.0
2024-09-18,27,14:45,5.1816,17.1381,22.3197,-0.09,-0.000502,60.0,200.0,0.0
2024-09-18,28,15:00,6.7301,16.0793,22.8094,1.04,0.00593,60.0,60.0,140.0
2024-09-18,29,15:15,3.9878,3.2115,7.1993,1.04,0.001872,60.0,60.0,0.0
2024-09-18,30,15:30,0.0,9.5021,9.5021,1.04,0.002471,120.0,100.0,0.0
2024-09-18,31,15:45,0.0,17.0147,17.0147,1.04,0.004424,120.0,100.0,0.0
2024-09-18,32,16:00,0.0,17.1381,17.1381,40.05,0.171595,120.0,100.0,0.0
2024-09-18,33,16:15,0.0,16.0793,16.0793,40.05,0.160994,120.0,100.0,0.0
2024-09-18,34,16:30,0.0,3.2115,3.2115,40.05,0.032155,120.0,100.0,0.0
2024-09-18,35,16:45,0.0,9.5021,9.5021,40.05,0.09514,80.0,140.0,0.0
2024-09-18,36,17:00,0.0,17.0147,17.0147,87.52,0.372281,80.0,140.0,0.0
2024-09-18,37,17:15,0.0,17.1381,17.1381,87.52,0.374981,80.0,140.0,0.0
2024-09-18,38,17:30,0.0,16.0793,16.0793,87.52,0.351815,80.0,140.0,0.0
2024-09-18,39,17:45,0.0,3.2115,3.2115,87.52,0.070267,80.0,140.0,0.0
2024-09-18,40,18:00,0.0,0.0,0.0,113.91,0.0,80.0,180.0,0.0
2024-09-18,41,18:15,0.0,0.0,0.0,113.91,0.0,80.0,180.0,0.0
2024-09-18,42,18:30,0.0,0.0,0.0,113.91,0.0,80.0,180.0,0.0
2024-09-18,43,18:45,0.0,0.0,0.0,113.91,0.0,80.0,180.0,0.0
2024-09-18,44,19:00,0.0,0.0,0.0,129.92,0.0,80.0,180.0,0.0
2024-09-18,45,19:15,0.0,0.0,0.0,129.92,0.0,80.0,180.0,0.0
2024-09-18,46,19:30,0.0,0.0,0.0,129.92,0.0,80.0,180.0,0.0
2024-09-18,47,19:45,0.0,0.0,0.0,129.92,0.0,80.0,180.0,0.0
2024-09-18,48,20:00,0.0,0.0,0.0,108.2,0.0,80.0,180.0,0.0
2024-09-18,49,20:15,0.0,0.0,0.0,108.2,0.0,80.0,180.0,0.0
2024-09-18,50,20:30,0.0,0.0,0.0,108.2,0.0,80.0,180.0,0.0
2024-09-18,51,20:45,0.0,0.0,0.0,108.2,0.0,80.0,180.0,0.0
2024-09-18,52,21:00,0.0,0.0,0.0,93.25,0.0,80.0,180.0,0.0
2024-09-18,53,21:15,0.0,0.0,0.0,93.25,0.0,80.0,180.0,0.0
2024-09-18,54,21:30,0.0,0.0,0.0,93.25,0.0,80.0,180.0,0.0
2024-09-18,55,21:45,0.0,0.0,0.0,93.25,0.0,80.0,40.0,140.0
2024-09-19,0,08:00,1.8638,9.5021,11.3659,124.12,0.352685,40.0,40.0,0.0
2024-09-19,1,08:15,6.7293,17.0147,23.744,124.12,0.736775,40.0,40.0,0.0
2024-09-19,2,08:30,5.9956,17.1381,23.1337,124.12,0.717838,40.0,40.0,0.0
2024-09-19,3,08:45,7.1179,16.0793,23.1972,124.12,0.719808,40.0,40.0,0.0
2024-09-19,4,09:00,6.1091,3.2115,9.3206,97.64,0.227515,40.0,40.0,0.0
2024-09-19,5,09:15,5.6324,9.5021,15.1345,97.64,0.369434,0.0,80.0,0.0
2024-09-19,6,09:30,5.8458,17.0147,22.8605,97.64,0.558024,0.0,80.0,0.0
2024-09-19,7,09:45,5.1816,17.1381,22.3197,97.64,0.544823,0.0,80.0,0.0
2024-09-19,8,10:00,6.7301,16.0793,22.8094,74.81,0.426592,0.0,80.0,0.0
2024-09-19,9,10:15,3.9878,3.2115,7.1993,74.81,0.134645,0.0,80.0,0.0
2024-09-19,10,10:30,1.8638,9.5021,11.3659,74.81,0.212571,60.0,120.0,0.0
2024-09-19,11,10:45,6.7293,17.0147,23.744,74.81,0.444071,60.0,120.0,0.0
2024-09-19,12,11:00,5.9956,17.1381,23.1337,50.41,0.291542,60.0,120.0,0.0
2024-09-19,13,11:15,7.1179,16.0793,23.1972,50.41,0.292342,60.0,120.0,0.0
2024-09-19,14,11:30,6.1091,3.2115,9.3206,50.41,0.117462,60.0,120.0,0.0
2024-09-19,15,11:45,5.6324,9.5021,15.1345,50.41,0.190733,20.0,160.0,0.0
2024-09-19,16,12:00,5.8458,17.0147,22.8605,4.97,0.028404,20.0,160.0,0.0
2024-09-19,17,12:15,5.1816,17.1381,22.3197,4.97,0.027732,20.0,160.0,0.0
2024-09-19,18,12:30,6.7301,16.0793,22.8094,4.97,0.028341,20.0,160.0,0.0
2024-09-19,19,12:45,3.9878,3.2115,7.1993,4.97,0.008945,20.0,160.0,0.0
2024-09-19,20,13:00,0.0,9.5021,9.5021,-0.06,-0.000143,80.0,200.0,0.0
2024-09-19,21,13:15,0.0,17.0147,17.0147,-0.06,-0.000255,80.0,200.0,0.0
2024-09-19,22,13:30,0.0,17.1381,17.1381,-0.06,-0.000257,80.0,200.0,0.0
2024-09-19,23,13:45,0.0,16.0793,16.0793,-0.06,-0.000241,80.0,200.0,0.0
2024-09-19,24,14:00,0.0,3.2115,3.2115,-0.09,-7.2e-05,80.0,200.0,0.0
2024-09-19,25,14:15,0.0,9.5021,9.5021,-0.09,-0.000214,40.0,240.0,0.0
2024-09-19,26,14:30,0.0,17.0147,17.0147,-0.09,-0.000383,40.0,240.0,0.0
2024-09-19,27,14:45,0.0,17.1381,17.1381,-0.09,-0.000386,40.0,240.0,0.0
2024-09-19,28,15:00,0.0,16.0793,16.0793,10.91,0.043856,40.0,70.0,170.0
2024-09-19,29,15:15,0.0,3.2115,3.2115,10.91,0.008759,40.0,70.0,0.0
2024-09-19,30,15:30,0.0,9.5021,9.5021,10.91,0.025917,0.0,110.0,0.0
2024-09-19,31,15:45,0.0,17.0147,17.0147,10.91,0.046408,0.0,110.0,0.0
2024-09-19,32,16:00,0.0,17.1381,17.1381,58.55,0.250859,0.0,110.0,0.0
2024-09-19,33,16:15,0.0,16.0793,16.0793,58.55,0.23536,0.0,110.0,0.0
2024-09-19,34,16:30,0.0,3.2115,3.2115,58.55,0.047008,0.0,110.0,0.0
2024-09-19,35,16:45,0.0,0.0,0.0,58.55,0.0,0.0,150.0,0.0
2024-09-19,36,17:00,0.0,0.0,0.0,91.05,0.0,0.0,150.0,0.0
2024-09-19,37,17:15,0.0,0.0,0.0,91.05,0.0,0.0,150.0,0.0
2024-09-19,38,17:30,0.0,0.0,0.0,91.05,0.0,0.0,150.0,0.0
2024-09-19,39,17:45,0.0,0.0,0.0,91.05,0.0,0.0,150.0,0.0
2024-09-19,40,18:00,0.0,0.0,0.0,114.53,0.0,0.0,150.0,0.0
2024-09-19,41,18:15,0.0,0.0,0.0,114.53,0.0,0.0,150.0,0.0
2024-09-19,42,18:30,0.0,0.0,0.0,114.53,0.0,0.0,150.0,0.0
2024-09-19,43,18:45,0.0,0.0,0.0,114.53,0.0,0.0,150.0,0.0
2024-09-19,44,19:00,0.0,0.0,0.0,134.3,0.0,0.0,150.0,0.0
2024-09-19,45,19:15,0.0,0.0,0.0,134.3,0.0,0.0,150.0,0.0
2024-09-19,46,19:30,0.0,0.0,0.0,134.3,0.0,0.0,150.0,0.0
2024-09-19,47,19:45,0.0,0.0,0.0,134.3,0.0,0.0,150.0,0.0
2024-09-19,48,20:00,0.0,0.0,0.0,113.5,0.0,0.0,150.0,0.0
2024-09-19,49,20:15,0.0,0.0,0.0,113.5,0.0,0.0,150.0,0.0
2024-09-19,50,20:30,0.0,0.0,0.0,113.5,0.0,0.0,150.0,0.0
2024-09-19,51,20:45,0.0,0.0,0.0,113.5,0.0,0.0,150.0,0.0
2024-09-19,52,21:00,0.0,0.0,0.0,91.1,0.0,0.0,150.0,0.0
2024-09-19,53,21:15,0.0,0.0,0.0,91.1,0.0,0.0,150.0,0.0
2024-09-19,54,21:30,0.0,0.0,0.0,91.1,0.0,0.0,150.0,0.0
2024-09-19,55,21:45,0.0,0.0,0.0,91.1,0.0,0.0,20.0,130.0
2024-09-20,0,08:00,1.8638,0.0,1.8638,108.6,0.050603,0.0,20.0,0.0
2024-09-20,1,08:15,6.7293,0.0,6.7293,108.6,0.1827,0.0,20.0,0.0
2024-09-20,2,08:30,5.9956,0.0,5.9956,108.6,0.16278,0.0,20.0,0.0
2024-09-20,3,08:45,7.1179,0.0,7.1179,108.6,0.193251,0.0,20.0,0.0
2024-09-20,4,09:00,6.1091,0.0,6.1091,88.92,0.135805,0.0,20.0,0.0
2024-09-20,5,09:15,5.6324,0.0,5.6324,88.92,0.125209,0.0,20.0,0.0
2024-09-20,6,09:30,5.8458,0.0,5.8458,88.92,0.129952,0.0,20.0,0.0
2024-09-20,7,09:45,5.1816,0.0,5.1816,88.92,0.115186,0.0,20.0,0.0
2024-09-20,8,10:00,6.7301,0.0,6.7301,62.05,0.104401,0.0,20.0,0.0
2024-09-20,9,10:15,3.9878,0.0,3.9878,62.05,0.061861,0.0,20.0,0.0
2024-09-20,10,10:30,1.8638,9.5021,11.3659,62.05,0.176314,60.0,20.0,0.0
2024-09-20,11,10:45,6.7293,17.0147,23.744,62.05,0.368328,60.0,20.0,0.0
2024-09-20,12,11:00,5.9956,17.1381,23.1337,24.69,0.142793,60.0,20.0,0.0
2024-09-20,13,11:15,7.1179,16.0793,23.1972,24.69,0.143185,60.0,20.0,0.0
2024-09-20,14,11:30,6.1091,3.2115,9.3206,24.69,0.057531,60.0,20.0,0.0
2024-09-20,15,11:45,5.6324,9.5021,15.1345,24.69,0.093418,20.0,60.0,0.0
2024-09-20,16,12:00,5.8458,17.0147,22.8605,8.24,0.047093,20.0,60.0,0.0
2024-09-20,17,12:15,5.1816,17.1381,22.3197,8.24,0.045979,20.0,60.0,0.0
2024-09-20,18,12:30,6.7301,16.0793,22.8094,8.24,0.046987,20.0,60.0,0.0
2024-09-20,19,12:45,3.9878,3.2115,7.1993,8.24,0.014831,20.0,60.0,0.0
2024-09-20,20,13:00,1.8638,9.5021,11.3659,-0.01,-2.8e-05,80.0,100.0,0.0
2024-09-20,21,13:15,6.7293,17.0147,23.744,-0.01,-5.9e-05,80.0,100.0,0.0
2024-09-20,22,13:30,5.9956,17.1381,23.1337,-0.01,-5.8e-05,80.0,100.0,0.0
2024-09-20,23,13:45,7.1179,16.0793,23.1972,-0.01,-5.8e-05,80.0,100.0,0.0
2024-09-20,24,14:00,6.1091,3.2115,9.3206,0.07,0.000163,80.0,100.0,0.0
2024-09-20,25,14:15,5.6324,9.5021,15.1345,0.07,0.000265,40.0,140.0,0.0
2024-09-20,26,14:30,5.8458,17.0147,22.8605,0.07,0.0004,40.0,140.0,0.0
2024-09-20,27,14:45,5.1816,17.1381,22.3197,0.07,0.000391,40.0,140.0,0.0
2024-09-20,28,15:00,6.7301,16.0793,22.8094,7.56,0.04311,40.0,10.0,130.0
2024-09-20,29,15:15,3.9878,3.2115,7.1993,7.56,0.013607,40.0,10.0,0.0
2024-09-20,30,15:30,0.0,9.5021,9.5021,7.56,0.017959,100.0,50.0,0.0
2024-09-20,31,15:45,0.0,17.0147,17.0147,7.56,0.032158,100.0,50.0,0.0
2024-09-20,32,16:00,0.0,17.1381,17.1381,43.68,0.187148,100.0,50.0,0.0
2024-09-20,33,16:15,0.0,16.0793,16.0793,43.68,0.175586,100.0,50.0,0.0
2024-09-20,34,16:30,0.0,3.2115,3.2115,43.68,0.035069,100.0,50.0,0.0
2024-09-20,35,16:45,0.0,9.5021,9.5021,43.68,0.103763,60.0,90.0,0.0
2024-09-20,36,17:00,0.0,17.0147,17.0147,84.12,0.357819,60.0,90.0,0.0
2024-09-20,37,17:15,0.0,17.1381,17.1381,84.12,0.360414,60.0,90.0,0.0
2024-09-20,38,17:30,0.0,16.0793,16.0793,84.12,0.338147,60.0,90.0,0.0
2024-09-20,39,17:45,0.0,3.2115,3.2115,84.12,0.067538,60.0,90.0,0.0
2024-09-20,40,18:00,0.0,0.0,0.0,106.01,0.0,60.0,130.0,0.0
2024-09-20,41,18:15,0.0,0.0,0.0,106.01,0.0,60.0,130.0,0.0
2024-09-20,42,18:30,0.0,0.0,0.0,106.01,0.0,60.0,130.0,0.0
2024-09-20,43,18:45,0.0,0.0,0.0,106.01,0.0,60.0,130.0,0.0
2024-09-20,44,19:00,0.0,0.0,0.0,145.72,0.0,60.0,130.0,0.0
2024-09-20,45,19:15,0.0,0.0,0.0,145.72,0.0,60.0,130.0,0.0
2024-09-20,46,19:30,0.0,0.0,0.0,145.72,0.0,60.0,130.0,0.0
2024-09-20,47,19:45,0.0,0.0,0.0,145.72,0.0,60.0,130.0,0.0
2024-09-20,48,20:00,0.0,0.0,0.0,108.84,0.0,60.0,130.0,0.0
2024-09-20,49,20:15,0.0,0.0,0.0,108.84,0.0,60.0,130.0,0.0
2024-09-20,50,20:30,0.0,0.0,0.0,108.84,0.0,60.0,130.0,0.0
2024-09-20,51,20:45,0.0,0.0,0.0,108.84,0.0,60.0,130.0,0.0
2024-09-20,52,21:00,0.0,0.0,0.0,91.07,0.0,60.0,130.0,0.0
2024-09-20,53,21:15,0.0,0.0,0.0,91.07,0.0,60.0,130.0,0.0
2024-09-20,54,21:30,0.0,0.0,0.0,91.07,0.0,60.0,130.0,0.0
2024-09-20,55,21:45,0.0,0.0,0.0,91.07,0.0,60.0,10.0,120.0
2024-09-23,0,08:00,1.8638,9.5021,11.3659,151.33,0.430002,20.0,10.0,0.0
2024-09-23,1,08:15,6.7293,17.0147,23.744,151.33,0.898293,20.0,10.0,0.0
2024-09-23,2,08:30,5.9956,17.1381,23.1337,151.33,0.875205,20.0,10.0,0.0
2024-09-23,3,08:45,7.1179,16.0793,23.1972,151.33,0.877607,20.0,10.0,0.0
2024-09-23,4,09:00,6.1091,3.2115,9.3206,109.99,0.256292,20.0,10.0,0.0
2024-09-23,5,09:15,5.6324,0.0,5.6324,109.99,0.154878,20.0,50.0,0.0
2024-09-23,6,09:30,5.8458,0.0,5.8458,109.99,0.160745,20.0,50.0,0.0
2024-09-23,7,09:45,5.1816,0.0,5.1816,109.99,0.14248,20.0,50.0,0.0
2024-09-23,8,10:00,6.7301,0.0,6.7301,94.66,0.159268,20.0,50.0,0.0
2024-09-23,9,10:15,3.9878,0.0,3.9878,94.66,0.094371,20.0,50.0,0.0
2024-09-23,10,10:30,1.8638,9.5021,11.3659,94.66,0.268975,80.0,50.0,0.0
2024-09-23,11,10:45,6.7293,17.0147,23.744,94.66,0.561901,80.0,50.0,0.0
2024-09-23,12,11:00,5.9956,17.1381,23.1337,80.16,0.463599,80.0,50.0,0.0
2024-09-23,13,11:15,7.1179,16.0793,23.1972,80.16,0.464871,80.0,50.0,0.0
2024-09-23,14,11:30,6.1091,3.2115,9.3206,80.16,0.186784,80.0,50.0,0.0
2024-09-23,15,11:45,5.6324,9.5021,15.1345,80.16,0.303296,40.0,90.0,0.0
2024-09-23,16,12:00,5.8458,17.0147,22.8605,78.94,0.451152,40.0,90.0,0.0
2024-09-23,17,12:15,5.1816,17.1381,22.3197,78.94,0.440479,40.0,90.0,0.0
2024-09-23,18,12:30,6.7301,16.0793,22.8094,78.94,0.450143,40.0,90.0,0.0
2024-09-23,19,12:45,3.9878,3.2115,7.1993,78.94,0.142078,40.0,90.0,0.0
2024-09-23,20,13:00,1.8638,9.5021,11.3659,76.55,0.217516,100.0,130.0,0.0
2024-09-23,21,13:15,6.7293,17.0147,23.744,76.55,0.4544,100.0,130.0,0.0
2024-09-23,22,13:30,5.9956,17.1381,23.1337,76.55,0.442721,100.0,130.0,0.0
2024-09-23,23,13:45,7.1179,16.0793,23.1972,76.55,0.443936,100.0,130.0,0.0
2024-09-23,24,14:00,6.1091,3.2115,9.3206,76.77,0.178885,100.0,130.0,0.0
2024-09-23,25,14:15,5.6324,9.5021,15.1345,76.77,0.29047,60.0,170.0,0.0
2024-09-23,26,14:30,5.8458,17.0147,22.8605,76.77,0.43875,60.0,170.0,0.0
2024-09-23,27,14:45,5.1816,17.1381,22.3197,76.77,0.42837,60.0,170.0,0.0
2024-09-23,28,15:00,6.7301,16.0793,22.8094,80.98,0.461776,60.0,0.0,170.0
2024-09-23,29,15:15,3.9878,3.2115,7.1993,80.98,0.14575,60.0,0.0,0.0
2024-09-23,30,15:30,0.0,9.5021,9.5021,80.98,0.19237,120.0,40.0,0.0
2024-09-23,31,15:45,0.0,17.0147,17.0147,80.98,0.344462,120.0,40.0,0.0
2024-09-23,32,16:00,0.0,17.1381,17.1381,102.25,0.438093,120.0,40.0,0.0
2024-09-23,33,16:15,0.0,16.0793,16.0793,102.25,0.411027,120.0,40.0,0.0
2024-09-23,34,16:30,0.0,3.2115,3.2115,102.25,0.082094,120.0,40.0,0.0
2024-09-23,35,16:45,0.0,9.5021,9.5021,102.25,0.242897,80.0,80.0,0.0
2024-09-23,36,17:00,0.0,17.0147,17.0147,136.01,0.578541,80.0,80.0,0.0
2024-09-23,37,17:15,0.0,17.1381,17.1381,136.01,0.582738,80.0,80.0,0.0
2024-09-23,38,17:30,0.0,16.0793,16.0793,136.01,0.546736,80.0,80.0,0.0
2024-09-23,39,17:45,0.0,3.2115,3.2115,136.01,0.109199,80.0,80.0,0.0
2024-09-23,40,18:00,0.0,9.5021,9.5021,240.26,0.570743,40.0,120.0,0.0
2024-09-23,41,18:15,0.0,17.0147,17.0147,240.26,1.021986,40.0,120.0,0.0
2024-09-23,42,18:30,0.0,17.1381,17.1381,240.26,1.0294,40.0,120.0,0.0
2024-09-23,43,18:45,0.0,16.0793,16.0793,240.26,0.965802,40.0,120.0,0.0
2024-09-23,44,19:00,0.0,3.2115,3.2115,328.39,0.263655,40.0,120.0,0.0
2024-09-23,45,19:15,0.0,0.0,0.0,328.39,0.0,40.0,160.0,0.0
2024-09-23,46,19:30,0.0,0.0,0.0,328.39,0.0,40.0,160.0,0.0
2024-09-23,47,19:45,0.0,0.0,0.0,328.39,0.0,40.0,160.0,0.0
2024-09-23,48,20:00,0.0,0.0,0.0,178.64,0.0,40.0,160.0,0.0
2024-09-23,49,20:15,0.0,0.0,0.0,178.64,0.0,40.0,160.0,0.0
2024-09-23,50,20:30,0.0,0.0,0.0,178.64,0.0,40.0,160.0,0.0
2024-09-23,51,20:45,0.0,0.0,0.0,178.64,0.0,40.0,160.0,0.0
2024-09-23,52,21:00,0.0,0.0,0.0,116.71,0.0,40.0,160.0,0.0
2024-09-23,53,21:15,0.0,0.0,0.0,116.71,0.0,40.0,160.0,0.0
2024-09-23,54,21:30,0.0,0.0,0.0,116.71,0.0,40.0,160.0,0.0
2024-09-23,55,21:45,0.0,0.0,0.0,116.71,0.0,40.0,20.0,140.0
2024-09-24,0,08:00,1.8638,9.5021,11.3659,127.4,0.362005,0.0,20.0,0.0
2024-09-24,1,08:15,6.7293,17.0147,23.744,127.4,0.756245,0.0,20.0,0.0
2024-09-24,2,08:30,5.9956,17.1381,23.1337,127.4,0.736808,0.0,20.0,0.0
2024-09-24,3,08:45,7.1179,16.0793,23.1972,127.4,0.73883,0.0,20.0,0.0
2024-09-24,4,09:00,6.1091,3.2115,9.3206,106.02,0.247041,0.0,20.0,0.0
2024-09-24,5,09:15,5.6324,0.0,5.6324,106.02,0.149288,0.0,60.0,0.0
2024-09-24,6,09:30,5.8458,0.0,5.8458,106.02,0.154943,0.0,60.0,0.0
2024-09-24,7,09:45,5.1816,0.0,5.1816,106.02,0.137338,0.0,60.0,0.0
2024-09-24,8,10:00,6.7301,0.0,6.7301,92.61,0.155819,0.0,60.0,0.0
2024-09-24,9,10:15,3.9878,0.0,3.9878,92.61,0.092328,0.0,60.0,0.0
2024-09-24,10,10:30,1.8638,9.5021,11.3659,92.61,0.26315,60.0,60.0,0.0
2024-09-24,11,10:45,6.7293,17.0147,23.744,92.61,0.549732,60.0,60.0,0.0
2024-09-24,12,11:00,5.9956,17.1381,23.1337,83.87,0.485055,60.0,60.0,0.0
2024-09-24,13,11:15,7.1179,16.0793,23.1972,83.87,0.486387,60.0,60.0,0.0
2024-09-24,14,11:30,6.1091,3.2115,9.3206,83.87,0.195429,60.0,60.0,0.0
2024-09-24,15,11:45,5.6324,9.5021,15.1345,83.87,0.317333,20.0,100.0,0.0
2024-09-24,16,12:00,5.8458,17.0147,22.8605,75.75,0.43292,20.0,100.0,0.0
2024-09-24,17,12:15,5.1816,17.1381,22.3197,75.75,0.422679,20.0,100.0,0.0
2024-09-24,18,12:30,6.7301,16.0793,22.8094,75.75,0.431953,20.0,100.0,0.0
2024-09-24,19,12:45,3.9878,3.2115,7.1993,75.75,0.136336,20.0,100.0,0.0
2024-09-24,20,13:00,0.0,9.5021,9.5021,68.99,0.163887,80.0,140.0,0.0
2024-09-24,21,13:15,0.0,17.0147,17.0147,68.99,0.293461,80.0,140.0,0.0
2024-09-24,22,13:30,0.0,17.1381,17.1381,68.99,0.295589,80.0,140.0,0.0
2024-09-24,23,13:45,0.0,16.0793,16.0793,68.99,0.277327,80.0,140.0,0.0
2024-09-24,24,14:00,0.0,3.2115,3.2115,61.59,0.049449,80.0,140.0,0.0
2024-09-24,25,14:15,0.0,9.5021,9.5021,61.59,0.146308,40.0,180.0,0.0
2024-09-24,26,14:30,0.0,17.0147,17.0147,61.59,0.261983,40.0,180.0,0.0
2024-09-24,27,14:45,0.0,17.1381,17.1381,61.59,0.263884,40.0,180.0,0.0
2024-09-24,28,15:00,0.0,16.0793,16.0793,74.94,0.301245,40.0,70.0,110.0
2024-09-24,29,15:15,0.0,3.2115,3.2115,74.94,0.060167,40.0,70.0,0.0
2024-09-24,30,15:30,0.0,0.0,0.0,74.94,0.0,40.0,110.0,0.0
2024-09-24,31,15:45,0.0,0.0,0.0,74.94,0.0,40.0,110.0,0.0
2024-09-24,32,16:00,0.0,0.0,0.0,83.27,0.0,40.0,110.0,0.0
2024-09-24,33,16:15,0.0,0.0,0.0,83.27,0.0,40.0,110.0,0.0
2024-09-24,34,16:30,0.0,0.0,0.0,83.27,0.0,40.0,110.0,0.0
2024-09-24,35,16:45,0.0,0.0,0.0,83.27,0.0,40.0,110.0,0.0
2024-09-24,36,17:00,0.0,0.0,0.0,104.04,0.0,40.0,110.0,0.0
2024-09-24,37,17:15,0.0,0.0,0.0,104.04,0.0,40.0,110.0,0.0
2024-09-24,38,17:30,0.0,0.0,0.0,104.04,0.0,40.0,110.0,0.0
2024-09-24,39,17:45,0.0,0.0,0.0,104.04,0.0,40.0,110.0,0.0
2024-09-24,40,18:00,0.0,0.0,0.0,119.05,0.0,40.0,110.0,0.0
2024-09-24,41,18:15,0.0,0.0,0.0,119.05,0.0,40.0,110.0,0.0
2024-09-24,42,18:30,0.0,0.0,0.0,119.05,0.0,40.0,110.0,0.0
2024-09-24,43,18:45,0.0,0.0,0.0,119.05,0.0,40.0,110.0,0.0
2024-09-24,44,19:00,0.0,0.0,0.0,124.13,0.0,40.0,110.0,0.0
2024-09-24,45,19:15,0.0,0.0,0.0,124.13,0.0,40.0,110.0,0.0
2024-09-24,46,19:30,0.0,0.0,0.0,124.13,0.0,40.0,110.0,0.0
2024-09-24,47,19:45,0.0,0.0,0.0,124.13,0.0,40.0,110.0,0.0
2024-09-24,48,20:00,0.0,0.0,0.0,101.7,0.0,40.0,110.0,0.0
2024-09-24,49,20:15,0.0,0.0,0.0,101.7,0.0,40.0,110.0,0.0
2024-09-24,50,20:30,0.0,0.0,0.0,101.7,0.0,40.0,110.0,0.0
2024-09-24,51,20:45,0.0,0.0,0.0,101.7,0.0,40.0,110.0,0.0
2024-09-24,52,21:00,0.0,0.0,0.0,80.44,0.0,40.0,110.0,0.0
2024-09-24,53,21:15,0.0,0.0,0.0,80.44,0.0,40.0,110.0,0.0
2024-09-24,54,21:30,0.0,0.0,0.0,80.44,0.0,40.0,110.0,0.0
2024-09-24,55,21:45,0.0,0.0,0.0,80.44,0.0,40.0,10.0,100.0
2024-09-25,0,08:00,1.8638,9.5021,11.3659,88.15,0.250477,0.0,10.0,0.0
2024-09-25,1,08:15,6.7293,17.0147,23.744,88.15,0.523257,0.0,10.0,0.0
2024-09-25,2,08:30,5.9956,17.1381,23.1337,88.15,0.509808,0.0,10.0,0.0
2024-09-25,3,08:45,7.1179,16.0793,23.1972,88.15,0.511208,0.0,10.0,0.0
2024-09-25,4,09:00,6.1091,3.2115,9.3206,70.32,0.163855,0.0,10.0,0.0
2024-09-25,5,09:15,5.6324,0.0,5.6324,70.32,0.099018,0.0,50.0,0.0
2024-09-25,6,09:30,5.8458,0.0,5.8458,70.32,0.102769,0.0,50.0,0.0
2024-09-25,7,09:45,5.1816,0.0,5.1816,70.32,0.091092,0.0,50.0,0.0
2024-09-25,8,10:00,6.7301,0.0,6.7301,49.46,0.083218,0.0,50.0,0.0
2024-09-25,9,10:15,3.9878,0.0,3.9878,49.46,0.049309,0.0,50.0,0.0
2024-09-25,10,10:30,1.8638,9.5021,11.3659,49.46,0.14054,60.0,50.0,0.0
2024-09-25,11,10:45,6.7293,17.0147,23.744,49.46,0.293594,60.0,50.0,0.0
2024-09-25,12,11:00,5.9956,17.1381,23.1337,25.24,0.145974,60.0,50.0,0.0
2024-09-25,13,11:15,7.1179,16.0793,23.1972,25.24,0.146374,60.0,50.0,0.0
2024-09-25,14,11:30,6.1091,3.2115,9.3206,25.24,0.058813,60.0,50.0,0.0
2024-09-25,15,11:45,5.6324,9.5021,15.1345,25.24,0.095499,20.0,90.0,0.0
2024-09-25,16,12:00,5.8458,17.0147,22.8605,19.1,0.109159,20.0,90.0,0.0
2024-09-25,17,12:15,5.1816,17.1381,22.3197,19.1,0.106576,20.0,90.0,0.0
2024-09-25,18,12:30,6.7301,16.0793,22.8094,19.1,0.108915,20.0,90.0,0.0
2024-09-25,19,12:45,3.9878,3.2115,7.1993,19.1,0.034377,20.0,90.0,0.0
2024-09-25,20,13:00,1.8638,9.5021,11.3659,18.78,0.053363,80.0,130.0,0.0
2024-09-25,21,13:15,6.7293,17.0147,23.744,18.78,0.111478,80.0,130.0,0.0
2024-09-25,22,13:30,5.9956,17.1381,23.1337,18.78,0.108613,80.0,130.0,0.0
2024-09-25,23,13:45,7.1179,16.0793,23.1972,18.78,0.108911,80.0,130.0,0.0
2024-09-25,24,14:00,6.1091,3.2115,9.3206,55.53,0.129393,80.0,130.0,0.0
2024-09-25,25,14:15,5.6324,9.5021,15.1345,55.53,0.210105,40.0,170.0,0.0
2024-09-25,26,14:30,5.8458,17.0147,22.8605,55.53,0.317361,40.0,170.0,0.0
2024-09-25,27,14:45,5.1816,17.1381,22.3197,55.53,0.309853,40.0,170.0,0.0
2024-09-25,28,15:00,6.7301,16.0793,22.8094,72.23,0.41188,40.0,10.0,160.0
2024-09-25,29,15:15,3.9878,3.2115,7.1993,72.23,0.130001,40.0,10.0,0.0
2024-09-25,30,15:30,1.8638,9.5021,11.3659,72.23,0.20524,100.0,50.0,0.0
2024-09-25,31,15:45,6.7293,17.0147,23.744,72.23,0.428756,100.0,50.0,0.0
2024-09-25,32,16:00,5.9956,17.1381,23.1337,89.69,0.518715,100.0,50.0,0.0
2024-09-25,33,16:15,7.1179,16.0793,23.1972,89.69,0.520139,100.0,50.0,0.0
2024-09-25,34,16:30,6.1091,3.2115,9.3206,89.69,0.20899,100.0,50.0,0.0
2024-09-25,35,16:45,5.6324,9.5021,15.1345,89.69,0.339354,60.0,90.0,0.0
2024-09-25,36,17:00,5.8458,17.0147,22.8605,107.85,0.616376,60.0,90.0,0.0
2024-09-25,37,17:15,5.1816,17.1381,22.3197,107.85,0.601794,60.0,90.0,0.0
2024-09-25,38,17:30,6.7301,16.0793,22.8094,107.85,0.614998,60.0,90.0,0.0
2024-09-25,39,17:45,3.9878,3.2115,7.1993,107.85,0.194111,60.0,90.0,0.0
2024-09-25,40,18:00,0.0,9.5021,9.5021,156.2,0.371057,120.0,130.0,0.0
2024-09-25,41,18:15,0.0,17.0147,17.0147,156.2,0.664423,120.0,130.0,0.0
2024-09-25,42,18:30,0.0,17.1381,17.1381,156.2,0.669243,120.0,130.0,0.0
2024-09-25,43,18:45,0.0,16.0793,16.0793,156.2,0.627896,120.0,130.0,0.0
2024-09-25,44,19:00,0.0,3.2115,3.2115,195.42,0.156897,120.0,130.0,0.0
2024-09-25,45,19:15,0.0,9.5021,9.5021,195.42,0.464225,80.0,170.0,0.0
2024-09-25,46,19:30,0.0,17.0147,17.0147,195.42,0.831252,80.0,170.0,0.0
2024-09-25,47,19:45,0.0,17.1381,17.1381,195.42,0.837282,80.0,170.0,0.0
2024-09-25,48,20:00,0.0,16.0793,16.0793,131.84,0.529973,80.0,170.0,0.0
2024-09-25,49,20:15,0.0,3.2115,3.2115,131.84,0.105851,80.0,170.0,0.0
2024-09-25,50,20:30,0.0,0.0,0.0,131.84,0.0,80.0,210.0,0.0
2024-09-25,51,20:45,0.0,0.0,0.0,131.84,0.0,80.0,210.0,0.0
2024-09-25,52,21:00,0.0,0.0,0.0,96.61,0.0,80.0,210.0,0.0
2024-09-25,53,21:15,0.0,0.0,0.0,96.61,0.0,80.0,210.0,0.0
2024-09-25,54,21:30,0.0,0.0,0.0,96.61,0.0,80.0,210.0,0.0
2024-09-25,55,21:45,0.0,0.0,0.0,96.61,0.0,80.0,20.0,190.0
2024-09-26,0,08:00,1.8638,9.5021,11.3659,83.4,0.23698,40.0,20.0,0.0
2024-09-26,1,08:15,6.7293,17.0147,23.744,83.4,0.495061,40.0,20.0,0.0
2024-09-26,2,08:30,5.9956,17.1381,23.1337,83.4,0.482337,40.0,20.0,0.0
2024-09-26,3,08:45,7.1179,16.0793,23.1972,83.4,0.483661,40.0,20.0,0.0
2024-09-26,4,09:00,6.1091,3.2115,9.3206,67.33,0.156888,40.0,20.0,0.0
2024-09-26,5,09:15,5.6324,9.5021,15.1345,67.33,0.254752,0.0,60.0,0.0
2024-09-26,6,09:30,5.8458,17.0147,22.8605,67.33,0.384799,0.0,60.0,0.0
2024-09-26,7,09:45,5.1816,17.1381,22.3197,67.33,0.375696,0.0,60.0,0.0
2024-09-26,8,10:00,6.7301,16.0793,22.8094,49.23,0.280726,0.0,60.0,0.0
2024-09-26,9,10:15,3.9878,3.2115,7.1993,49.23,0.088605,0.0,60.0,0.0
2024-09-26,10,10:30,0.0,9.5021,9.5021,49.23,0.116947,60.0,100.0,0.0
2024-09-26,11,10:45,0.0,17.0147,17.0147,49.23,0.209408,60.0,100.0,0.0
2024-09-26,12,11:00,0.0,17.1381,17.1381,31.62,0.135477,60.0,100.0,0.0
2024-09-26,13,11:15,0.0,16.0793,16.0793,31.62,0.127107,60.0,100.0,0.0
2024-09-26,14,11:30,0.0,3.2115,3.2115,31.62,0.025387,60.0,100.0,0.0
2024-09-26,15,11:45,0.0,0.0,0.0,31.62,0.0,60.0,140.0,0.0
2024-09-26,16,12:00,0.0,0.0,0.0,17.0,0.0,60.0,140.0,0.0
2024-09-26,17,12:15,0.0,0.0,0.0,17.0,0.0,60.0,140.0,0.0
2024-09-26,18,12:30,0.0,0.0,0.0,17.0,0.0,60.0,140.0,0.0
2024-09-26,19,12:45,0.0,0.0,0.0,17.0,0.0,60.0,140.0,0.0
2024-09-26,20,13:00,0.0,0.0,0.0,12.08,0.0,60.0,140.0,0.0
2024-09-26,21,13:15,0.0,0.0,0.0,12.08,0.0,60.0,140.0,0.0
2024-09-26,22,13:30,0.0,0.0,0.0,12.08,0.0,60.0,140.0,0.0
2024-09-26,23,13:45,0.0,0.0,0.0,12.08,0.0,60.0,140.0,0.0
2024-09-26,24,14:00,0.0,0.0,0.0,12.68,0.0,60.0,140.0,0.0
2024-09-26,25,14:15,0.0,0.0,0.0,12.68,0.0,60.0,140.0,0.0
2024-09-26,26,14:30,0.0,0.0,0.0,12.68,0.0,60.0,140.0,0.0
2024-09-26,27,14:45,0.0,0.0,0.0,12.68,0.0,60.0,140.0,0.0
2024-09-26,28,15:00,0.0,0.0,0.0,37.9,0.0,60.0,140.0,0.0
2024-09-26,29,15:15,0.0,0.0,0.0,37.9,0.0,60.0,140.0,0.0
2024-09-26,30,15:30,0.0,0.0,0.0,37.9,0.0,60.0,140.0,0.0
2024-09-26,31,15:45,0.0,0.0,0.0,37.9,0.0,60.0,140.0,0.0
2024-09-26,32,16:00,0.0,0.0,0.0,54.91,0.0,60.0,140.0,0.0
2024-09-26,33,16:15,0.0,0.0,0.0,54.91,0.0,60.0,140.0,0.0
2024-09-26,34,16:30,0.0,0.0,0.0,54.91,0.0,60.0,140.0,0.0
2024-09-26,35,16:45,0.0,0.0,0.0,54.91,0.0,60.0,140.0,0.0
2024-09-26,36,17:00,0.0,0.0,0.0,73.65,0.0,60.0,140.0,0.0
2024-09-26,37,17:15,0.0,0.0,0.0,73.65,0.0,60.0,140.0,0.0
2024-09-26,38,17:30,0.0,0.0,0.0,73.65,0.0,60.0,140.0,0.0
2024-09-26,39,17:45,0.0,0.0,0.0,73.65,0.0,60.0,140.0,0.0
2024-09-26,40,18:00,0.0,0.0,0.0,80.0,0.0,60.0,140.0,0.0
2024-09-26,41,18:15,0.0,0.0,0.0,80.0,0.0,60.0,140.0,0.0
2024-09-26,42,18:30,0.0,0.0,0.0,80.0,0.0,60.0,140.0,0.0
2024-09-26,43,18:45,0.0,0.0,0.0,80.0,0.0,60.0,140.0,0.0
2024-09-26,44,19:00,0.0,0.0,0.0,89.0,0.0,60.0,140.0,0.0
2024-09-26,45,19:15,0.0,0.0,0.0,89.0,0.0,60.0,140.0,0.0
2024-09-26,46,19:30,0.0,0.0,0.0,89.0,0.0,60.0,140.0,0.0
2024-09-26,47,19:45,0.0,0.0,0.0,89.0,0.0,60.0,140.0,0.0
2024-09-26,48,20:00,0.0,0.0,0.0,78.93,0.0,60.0,140.0,0.0
2024-09-26,49,20:15,0.0,0.0,0.0,78.93,0.0,60.0,140.0,0.0
2024-09-26,50,20:30,0.0,0.0,0.0,78.93,0.0,60.0,140.0,0.0
2024-09-26,51,20:45,0.0,0.0,0.0,78.93,0.0,60.0,140.0,0.0
2024-09-26,52,21:00,0.0,0.0,0.0,62.84,0.0,60.0,140.0,0.0
2024-09-26,53,21:15,0.0,0.0,0.0,62.84,0.0,60.0,140.0,0.0
2024-09-26,54,21:30,0.0,0.0,0.0,62.84,0.0,60.0,140.0,0.0
2024-09-26,55,21:45,0.0,0.0,0.0,62.84,0.0,60.0,0.0,140.0
2024-09-27,0,08:00,1.8638,9.5021,11.3659,39.92,0.113432,20.0,0.0,0.0
2024-09-27,1,08:15,6.7293,17.0147,23.744,39.92,0.236965,20.0,0.0,0.0
2024-09-27,2,08:30,5.9956,17.1381,23.1337,39.92,0.230874,20.0,0.0,0.0
2024-09-27,3,08:45,7.1179,16.0793,23.1972,39.92,0.231508,20.0,0.0,0.0
2024-09-27,4,09:00,6.1091,3.2115,9.3206,5.53,0.012886,20.0,0.0,0.0
2024-09-27,5,09:15,5.6324,0.0,5.6324,5.53,0.007787,20.0,40.0,0.0
2024-09-27,6,09:30,5.8458,0.0,5.8458,5.53,0.008082,20.0,40.0,0.0
2024-09-27,7,09:45,5.1816,0.0,5.1816,5.53,0.007164,20.0,40.0,0.0
2024-09-27,8,10:00,6.7301,0.0,6.7301,-0.09,-0.000151,20.0,40.0,0.0
2024-09-27,9,10:15,3.9878,0.0,3.9878,-0.09,-9e-05,20.0,40.0,0.0
2024-09-27,10,10:30,1.8638,9.5021,11.3659,-0.09,-0.000256,80.0,40.0,0.0
2024-09-27,11,10:45,6.7293,17.0147,23.744,-0.09,-0.000534,80.0,40.0,0.0
2024-09-27,12,11:00,5.9956,17.1381,23.1337,-3.75,-0.021688,80.0,40.0,0.0
2024-09-27,13,11:15,7.1179,16.0793,23.1972,-3.75,-0.021747,80.0,40.0,0.0
2024-09-27,14,11:30,6.1091,3.2115,9.3206,-3.75,-0.008738,80.0,40.0,0.0
2024-09-27,15,11:45,5.6324,9.5021,15.1345,-3.75,-0.014189,40.0,80.0,0.0
2024-09-27,16,12:00,5.8458,17.0147,22.8605,-5.56,-0.031776,40.0,80.0,0.0
2024-09-27,17,12:15,5.1816,17.1381,22.3197,-5.56,-0.031024,40.0,80.0,0.0
2024-09-27,18,12:30,6.7301,16.0793,22.8094,-5.56,-0.031705,40.0,80.0,0.0
2024-09-27,19,12:45,3.9878,3.2115,7.1993,-5.56,-0.010007,40.0,80.0,0.0
2024-09-27,20,13:00,1.8638,9.5021,11.3659,-6.32,-0.017958,100.0,120.0,0.0
2024-09-27,21,13:15,6.7293,17.0147,23.744,-6.32,-0.037515,100.0,120.0,0.0
2024-09-27,22,13:30,5.9956,17.1381,23.1337,-6.32,-0.036551,100.0,120.0,0.0
2024-09-27,23,13:45,7.1179,16.0793,23.1972,-6.32,-0.036652,100.0,120.0,0.0
2024-09-27,24,14:00,6.1091,3.2115,9.3206,-5.05,-0.011767,100.0,120.0,0.0
2024-09-27,25,14:15,5.6324,9.5021,15.1345,-5.05,-0.019107,60.0,160.0,0.0
2024-09-27,26,14:30,5.8458,17.0147,22.8605,-5.05,-0.028861,60.0,160.0,0.0
2024-09-27,27,14:45,5.1816,17.1381,22.3197,-5.05,-0.028179,60.0,160.0,0.0
2024-09-27,28,15:00,6.7301,16.0793,22.8094,-0.11,-0.000627,60.0,10.0,150.0
2024-09-27,29,15:15,3.9878,3.2115,7.1993,-0.11,-0.000198,60.0,10.0,0.0
2024-09-27,30,15:30,1.8638,9.5021,11.3659,-0.11,-0.000313,120.0,50.0,0.0
2024-09-27,31,15:45,6.7293,17.0147,23.744,-0.11,-0.000653,120.0,50.0,0.0
2024-09-27,32,16:00,5.9956,17.1381,23.1337,0.0,0.0,120.0,50.0,0.0
2024-09-27,33,16:15,7.1179,16.0793,23.1972,0.0,0.0,120.0,50.0,0.0
2024-09-27,34,16:30,6.1091,3.2115,9.3206,0.0,0.0,120.0,50.0,0.0
2024-09-27,35,16:45,5.6324,9.5021,15.1345,0.0,0.0,80.0,90.0,0.0
2024-09-27,36,17:00,5.8458,17.0147,22.8605,37.83,0.216203,80.0,90.0,0.0
2024-09-27,37,17:15,5.1816,17.1381,22.3197,37.83,0.211088,80.0,90.0,0.0
2024-09-27,38,17:30,6.7301,16.0793,22.8094,37.83,0.21572,80.0,90.0,0.0
2024-09-27,39,17:45,3.9878,3.2115,7.1993,37.83,0.068087,80.0,90.0,0.0
2024-09-27,40,18:00,0.0,9.5021,9.5021,62.55,0.148589,140.0,130.0,0.0
2024-09-27,41,18:15,0.0,17.0147,17.0147,62.55,0.266067,140.0,130.0,0.0
2024-09-27,42,18:30,0.0,17.1381,17.1381,62.55,0.267997,140.0,130.0,0.0
2024-09-27,43,18:45,0.0,16.0793,16.0793,62.55,0.25144,140.0,130.0,0.0
2024-09-27,44,19:00,0.0,3.2115,3.2115,60.47,0.04855,140.0,130.0,0.0
2024-09-27,45,19:15,0.0,9.5021,9.5021,60.47,0.143648,100.0,170.0,0.0
2024-09-27,46,19:30,0.0,17.0147,17.0147,60.47,0.257219,100.0,170.0,0.0
2024-09-27,47,19:45,0.0,17.1381,17.1381,60.47,0.259085,100.0,170.0,0.0
2024-09-27,48,20:00,0.0,16.0793,16.0793,59.57,0.239461,100.0,170.0,0.0
2024-09-27,49,20:15,0.0,3.2115,3.2115,59.57,0.047827,100.0,170.0,0.0
2024-09-27,50,20:30,0.0,9.5021,9.5021,59.57,0.14151,60.0,210.0,0.0
2024-09-27,51,20:45,0.0,17.0147,17.0147,59.57,0.253391,60.0,210.0,0.0
2024-09-27,52,21:00,0.0,17.1381,17.1381,33.09,0.141775,60.0,210.0,0.0
2024-09-27,53,21:15,0.0,16.0793,16.0793,33.09,0.133016,60.0,210.0,0.0
2024-09-27,54,21:30,0.0,3.2115,3.2115,33.09,0.026567,60.0,210.0,0.0
2024-09-27,55,21:45,0.0,0.0,0.0,33.09,0.0,60.0,60.0,190.0
2024-09-30,0,08:00,1.8638,9.5021,11.3659,93.55,0.265821,20.0,60.0,0.0
2024-09-30,1,08:15,6.7293,17.0147,23.744,93.55,0.555312,20.0,60.0,0.0
2024-09-30,2,08:30,5.9956,17.1381,23.1337,93.55,0.541039,20.0,60.0,0.0
2024-09-30,3,08:45,7.1179,16.0793,23.1972,93.55,0.542524,20.0,60.0,0.0
2024-09-30,4,09:00,6.1091,3.2115,9.3206,68.46,0.159521,20.0,60.0,0.0
2024-09-30,5,09:15,5.6324,0.0,5.6324,68.46,0.096399,20.0,100.0,0.0
2024-09-30,6,09:30,5.8458,0.0,5.8458,68.46,0.100051,20.0,100.0,0.0
2024-09-30,7,09:45,5.1816,0.0,5.1816,68.46,0.088683,20.0,100.0,0.0
2024-09-30,8,10:00,6.7301,0.0,6.7301,44.41,0.074721,20.0,100.0,0.0
2024-09-30,9,10:15,3.9878,0.0,3.9878,44.41,0.044275,20.0,100.0,0.0
2024-09-30,10,10:30,0.0,9.5021,9.5021,44.41,0.105497,80.0,100.0,0.0
2024-09-30,11,10:45,0.0,17.0147,17.0147,44.41,0.188905,80.0,100.0,0.0
2024-09-30,12,11:00,0.0,17.1381,17.1381,20.91,0.089589,80.0,100.0,0.0
2024-09-30,13,11:15,0.0,16.0793,16.0793,20.91,0.084054,80.0,100.0,0.0
2024-09-30,14,11:30,0.0,3.2115,3.2115,20.91,0.016788,80.0,100.0,0.0
2024-09-30,15,11:45,0.0,9.5021,9.5021,20.91,0.049672,40.0,140.0,0.0
2024-09-30,16,12:00,0.0,17.0147,17.0147,9.28,0.039474,40.0,140.0,0.0
2024-09-30,17,12:15,0.0,17.1381,17.1381,9.28,0.03976,40.0,140.0,0.0
2024-09-30,18,12:30,0.0,16.0793,16.0793,9.28,0.037304,40.0,140.0,0.0
2024-09-30,19,12:45,0.0,3.2115,3.2115,9.28,0.007451,40.0,140.0,0.0
2024-09-30,20,13:00,0.0,0.0,0.0,2.06,0.0,40.0,180.0,0.0
2024-09-30,21,13:15,0.0,0.0,0.0,2.06,0.0,40.0,180.0,0.0
2024-09-30,22,13:30,0.0,0.0,0.0,2.06,0.0,40.0,180.0,0.0
2024-09-30,23,13:45,0.0,0.0,0.0,2.06,0.0,40.0,180.0,0.0
2024-09-30,24,14:00,0.0,0.0,0.0,7.63,0.0,40.0,180.0,0.0
2024-09-30,25,14:15,0.0,0.0,0.0,7.63,0.0,40.0,180.0,0.0
2024-09-30,26,14:30,0.0,0.0,0.0,7.63,0.0,40.0,180.0,0.0
2024-09-30,27,14:45,0.0,0.0,0.0,7.63,0.0,40.0,180.0,0.0
2024-09-30,28,15:00,0.0,0.0,0.0,21.96,0.0,40.0,0.0,180.0
2024-09-30,29,15:15,0.0,0.0,0.0,21.96,0.0,40.0,0.0,0.0
2024-09-30,30,15:30,0.0,0.0,0.0,21.96,0.0,40.0,0.0,0.0
2024-09-30,31,15:45,0.0,0.0,0.0,21.96,0.0,40.0,0.0,0.0
2024-09-30,32,16:00,0.0,0.0,0.0,35.13,0.0,40.0,0.0,0.0
2024-09-30,33,16:15,0.0,0.0,0.0,35.13,0.0,40.0,0.0,0.0
2024-09-30,34,16:30,0.0,0.0,0.0,35.13,0.0,40.0,0.0,0.0
2024-09-30,35,16:45,0.0,0.0,0.0,35.13,0.0,40.0,0.0,0.0
2024-09-30,36,17:00,0.0,0.0,0.0,64.6,0.0,40.0,0.0,0.0
2024-09-30,37,17:15,0.0,0.0,0.0,64.6,0.0,40.0,0.0,0.0
2024-09-30,38,17:30,0.0,0.0,0.0,64.6,0.0,40.0,0.0,0.0
2024-09-30,39,17:45,0.0,0.0,0.0,64.6,0.0,40.0,0.0,0.0
2024-09-30,40,18:00,0.0,0.0,0.0,70.36,0.0,40.0,0.0,0.0
2024-09-30,41,18:15,0.0,0.0,0.0,70.36,0.0,40.0,0.0,0.0
2024-09-30,42,18:30,0.0,0.0,0.0,70.36,0.0,40.0,0.0,0.0
2024-09-30,43,18:45,0.0,0.0,0.0,70.36,0.0,40.0,0.0,0.0
2024-09-30,44,19:00,0.0,0.0,0.0,64.24,0.0,40.0,0.0,0.0
2024-09-30,45,19:15,0.0,0.0,0.0,64.24,0.0,40.0,0.0,0.0
2024-09-30,46,19:30,0.0,0.0,0.0,64.24,0.0,40.0,0.0,0.0
2024-09-30,47,19:45,0.0,0.0,0.0,64.24,0.0,40.0,0.0,0.0
2024-09-30,48,20:00,0.0,0.0,0.0,42.35,0.0,40.0,0.0,0.0
2024-09-30,49,20:15,0.0,0.0,0.0,42.35,0.0,40.0,0.0,0.0
2024-09-30,50,20:30,0.0,0.0,0.0,42.35,0.0,40.0,0.0,0.0
2024-09-30,51,20:45,0.0,0.0,0.0,42.35,0.0,40.0,0.0,0.0
2024-09-30,52,21:00,0.0,0.0,0.0,21.93,0.0,40.0,0.0,0.0
2024-09-30,53,21:15,0.0,0.0,0.0,21.93,0.0,40.0,0.0,0.0
2024-09-30,54,21:30,0.0,0.0,0.0,21.93,0.0,40.0,0.0,0.0
2024-09-30,55,21:45,0.0,0.0,0.0,21.93,0.0,40.0,0.0,0.0
2024-10-01,0,08:00,1.8638,9.5021,11.3659,114.98,0.326714,0.0,0.0,0.0
2024-10-01,1,08:15,6.7293,17.0147,23.744,114.98,0.68252,0.0,0.0,0.0
2024-10-01,2,08:30,5.9956,17.1381,23.1337,114.98,0.664978,0.0,0.0,0.0
2024-10-01,3,08:45,7.1179,16.0793,23.1972,114.98,0.666803,0.0,0.0,0.0
2024-10-01,4,09:00,6.1091,3.2115,9.3206,100.41,0.233969,0.0,0.0,0.0
2024-10-01,5,09:15,5.6324,0.0,5.6324,100.41,0.141388,0.0,40.0,0.0
2024-10-01,6,09:30,5.8458,0.0,5.8458,100.41,0.146745,0.0,40.0,0.0
2024-10-01,7,09:45,5.1816,0.0,5.1816,100.41,0.13007,0.0,40.0,0.0
2024-10-01,8,10:00,6.7301,0.0,6.7301,76.48,0.12868,0.0,40.0,0.0
2024-10-01,9,10:15,3.9878,0.0,3.9878,76.48,0.076247,0.0,40.0,0.0
2024-10-01,10,10:30,1.8638,9.5021,11.3659,76.48,0.217317,60.0,40.0,0.0
2024-10-01,11,10:45,6.7293,17.0147,23.744,76.48,0.453984,60.0,40.0,0.0
2024-10-01,12,11:00,5.9956,17.1381,23.1337,68.21,0.394487,60.0,40.0,0.0
2024-10-01,13,11:15,7.1179,16.0793,23.1972,68.21,0.39557,60.0,40.0,0.0
2024-10-01,14,11:30,6.1091,3.2115,9.3206,68.21,0.158939,60.0,40.0,0.0
2024-10-01,15,11:45,5.6324,9.5021,15.1345,68.21,0.258082,20.0,80.0,0.0
2024-10-01,16,12:00,5.8458,17.0147,22.8605,58.6,0.334906,20.0,80.0,0.0
2024-10-01,17,12:15,5.1816,17.1381,22.3197,58.6,0.326983,20.0,80.0,0.0
2024-10-01,18,12:30,6.7301,16.0793,22.8094,58.6,0.334157,20.0,80.0,0.0
2024-10-01,19,12:45,3.9878,3.2115,7.1993,58.6,0.10547,20.0,80.0,0.0
2024-10-01,20,13:00,0.0,9.5021,9.5021,55.66,0.132222,80.0,120.0,0.0
2024-10-01,21,13:15,0.0,17.0147,17.0147,55.66,0.236759,80.0,120.0,0.0
2024-10-01,22,13:30,0.0,17.1381,17.1381,55.66,0.238477,80.0,120.0,0.0
2024-10-01,23,13:45,0.0,16.0793,16.0793,55.66,0.223743,80.0,120.0,0.0
2024-10-01,24,14:00,0.0,3.2115,3.2115,56.51,0.04537,80.0,120.0,0.0
2024-10-01,25,14:15,0.0,9.5021,9.5021,56.51,0.134241,40.0,160.0,0.0
2024-10-01,26,14:30,0.0,17.0147,17.0147,56.51,0.240375,40.0,160.0,0.0
2024-10-01,27,14:45,0.0,17.1381,17.1381,56.51,0.242118,40.0,160.0,0.0
2024-10-01,28,15:00,0.0,16.0793,16.0793,62.18,0.249952,40.0,50.0,110.0
2024-10-01,29,15:15,0.0,3.2115,3.2115,62.18,0.049923,40.0,50.0,0.0
2024-10-01,30,15:30,0.0,9.5021,9.5021,62.18,0.14771,0.0,90.0,0.0
2024-10-01,31,15:45,0.0,17.0147,17.0147,62.18,0.264493,0.0,90.0,0.0
2024-10-01,32,16:00,0.0,17.1381,17.1381,98.94,0.423911,0.0,90.0,0.0
2024-10-01,33,16:15,0.0,16.0793,16.0793,98.94,0.397721,0.0,90.0,0.0
2024-10-01,34,16:30,0.0,3.2115,3.2115,98.94,0.079436,0.0,90.0,0.0
2024-10-01,35,16:45,0.0,0.0,0.0,98.94,0.0,0.0,130.0,0.0
2024-10-01,36,17:00,0.0,0.0,0.0,109.58,0.0,0.0,130.0,0.0
2024-10-01,37,17:15,0.0,0.0,0.0,109.58,0.0,0.0,130.0,0.0
2024-10-01,38,17:30,0.0,0.0,0.0,109.58,0.0,0.0,130.0,0.0
2024-10-01,39,17:45,0.0,0.0,0.0,109.58,0.0,0.0,130.0,0.0
2024-10-01,40,18:00,0.0,0.0,0.0,133.9,0.0,0.0,130.0,0.0
2024-10-01,41,18:15,0.0,0.0,0.0,133.9,0.0,0.0,130.0,0.0
2024-10-01,42,18:30,0.0,0.0,0.0,133.9,0.0,0.0,130.0,0.0
2024-10-01,43,18:45,0.0,0.0,0.0,133.9,0.0,0.0,130.0,0.0
2024-10-01,44,19:00,0.0,0.0,0.0,136.51,0.0,0.0,130.0,0.0
2024-10-01,45,19:15,0.0,0.0,0.0,136.51,0.0,0.0,130.0,0.0
2024-10-01,46,19:30,0.0,0.0,0.0,136.51,0.0,0.0,130.0,0.0
2024-10-01,47,19:45,0.0,0.0,0.0,136.51,0.0,0.0,130.0,0.0
2024-10-01,48,20:00,0.0,0.0,0.0,118.54,0.0,0.0,130.0,0.0
2024-10-01,49,20:15,0.0,0.0,0.0,118.54,0.0,0.0,130.0,0.0
2024-10-01,50,20:30,0.0,0.0,0.0,118.54,0.0,0.0,130.0,0.0
2024-10-01,51,20:45,0.0,0.0,0.0,118.54,0.0,0.0,130.0,0.0
2024-10-01,52,21:00,0.0,0.0,0.0,92.3,0.0,0.0,130.0,0.0
2024-10-01,53,21:15,0.0,0.0,0.0,92.3,0.0,0.0,130.0,0.0
2024-10-01,54,21:30,0.0,0.0,0.0,92.3,0.0,0.0,130.0,0.0
2024-10-01,55,21:45,0.0,0.0,0.0,92.3,0.0,0.0,10.0,120.0
2024-10-02,0,08:00,1.8638,0.0,1.8638,135.7,0.063231,0.0,10.0,0.0
2024-10-02,1,08:15,6.7293,0.0,6.7293,135.7,0.228291,0.0,10.0,0.0
2024-10-02,2,08:30,5.9956,0.0,5.9956,135.7,0.2034,0.0,10.0,0.0
2024-10-02,3,08:45,7.1179,0.0,7.1179,135.7,0.241475,0.0,10.0,0.0
2024-10-02,4,09:00,6.1091,0.0,6.1091,117.59,0.179591,0.0,10.0,0.0
2024-10-02,5,09:15,5.6324,0.0,5.6324,117.59,0.16558,0.0,10.0,0.0
2024-10-02,6,09:30,5.8458,0.0,5.8458,117.59,0.171852,0.0,10.0,0.0
2024-10-02,7,09:45,5.1816,0.0,5.1816,117.59,0.152325,0.0,10.0,0.0
2024-10-02,8,10:00,6.7301,0.0,6.7301,103.21,0.173653,0.0,10.0,0.0
2024-10-02,9,10:15,3.9878,0.0,3.9878,103.21,0.102895,0.0,10.0,0.0
2024-10-02,10,10:30,1.8638,9.5021,11.3659,103.21,0.293269,60.0,10.0,0.0
2024-10-02,11,10:45,6.7293,17.0147,23.744,103.21,0.612653,60.0,10.0,0.0
2024-10-02,12,11:00,5.9956,17.1381,23.1337,96.52,0.558216,60.0,10.0,0.0
2024-10-02,13,11:15,7.1179,16.0793,23.1972,96.52,0.559748,60.0,10.0,0.0
2024-10-02,14,11:30,6.1091,3.2115,9.3206,96.52,0.224905,60.0,10.0,0.0
2024-10-02,15,11:45,5.6324,9.5021,15.1345,96.52,0.365196,20.0,50.0,0.0
2024-10-02,16,12:00,5.8458,17.0147,22.8605,90.45,0.516933,20.0,50.0,0.0
2024-10-02,17,12:15,5.1816,17.1381,22.3197,90.45,0.504703,20.0,50.0,0.0
2024-10-02,18,12:30,6.7301,16.0793,22.8094,90.45,0.515777,20.0,50.0,0.0
2024-10-02,19,12:45,3.9878,3.2115,7.1993,90.45,0.162794,20.0,50.0,0.0
2024-10-02,20,13:00,1.8638,9.5021,11.3659,86.44,0.245618,80.0,90.0,0.0
2024-10-02,21,13:15,6.7293,17.0147,23.744,86.44,0.513107,80.0,90.0,0.0
2024-10-02,22,13:30,5.9956,17.1381,23.1337,86.44,0.499919,80.0,90.0,0.0
2024-10-02,23,13:45,7.1179,16.0793,23.1972,86.44,0.501291,80.0,90.0,0.0
2024-10-02,24,14:00,6.1091,3.2115,9.3206,78.87,0.183778,80.0,90.0,0.0
2024-10-02,25,14:15,5.6324,9.5021,15.1345,78.87,0.298415,40.0,130.0,0.0
2024-10-02,26,14:30,5.8458,17.0147,22.8605,78.87,0.450752,40.0,130.0,0.0
2024-10-02,27,14:45,5.1816,17.1381,22.3197,78.87,0.440088,40.0,130.0,0.0
2024-10-02,28,15:00,6.7301,16.0793,22.8094,82.07,0.467991,40.0,130.0,0.0
2024-10-02,29,15:15,3.9878,3.2115,7.1993,82.07,0.147711,40.0,130.0,0.0
2024-10-02,30,15:30,0.0,9.5021,9.5021,82.07,0.194959,100.0,170.0,0.0
2024-10-02,31,15:45,0.0,17.0147,17.0147,82.07,0.349099,100.0,170.0,0.0
2024-10-02,32,16:00,0.0,17.1381,17.1381,81.51,0.349231,100.0,170.0,0.0
2024-10-02,33,16:15,0.0,16.0793,16.0793,81.51,0.327656,100.0,170.0,0.0
2024-10-02,34,16:30,0.0,3.2115,3.2115,81.51,0.065442,100.0,170.0,0.0
2024-10-02,35,16:45,0.0,9.5021,9.5021,81.51,0.193629,60.0,210.0,0.0
2024-10-02,36,17:00,0.0,17.0147,17.0147,100.1,0.425792,60.0,210.0,0.0
2024-10-02,37,17:15,0.0,17.1381,17.1381,100.1,0.428881,60.0,210.0,0.0
2024-10-02,38,17:30,0.0,16.0793,16.0793,100.1,0.402384,60.0,210.0,0.0
2024-10-02,39,17:45,0.0,3.2115,3.2115,100.1,0.080367,60.0,210.0,0.0
2024-10-02,40,18:00,0.0,0.0,0.0,117.01,0.0,60.0,250.0,0.0
2024-10-02,41,18:15,0.0,0.0,0.0,117.01,0.0,60.0,250.0,0.0
2024-10-02,42,18:30,0.0,0.0,0.0,117.01,0.0,60.0,250.0,0.0
2024-10-02,43,18:45,0.0,0.0,0.0,117.01,0.0,60.0,250.0,0.0
2024-10-02,44,19:00,0.0,0.0,0.0,130.07,0.0,60.0,250.0,0.0
2024-10-02,45,19:15,0.0,0.0,0.0,130.07,0.0,60.0,250.0,0.0
2024-10-02,46,19:30,0.0,0.0,0.0,130.07,0.0,60.0,250.0,0.0
2024-10-02,47,19:45,0.0,0.0,0.0,130.07,0.0,60.0,250.0,0.0
2024-10-02,48,20:00,0.0,0.0,0.0,114.37,0.0,60.0,250.0,0.0
2024-10-02,49,20:15,0.0,0.0,0.0,114.37,0.0,60.0,250.0,0.0
2024-10-02,50,20:30,0.0,0.0,0.0,114.37,0.0,60.0,250.0,0.0
2024-10-02,51,20:45,0.0,0.0,0.0,114.37,0.0,60.0,250.0,0.0
2024-10-02,52,21:00,0.0,0.0,0.0,96.54,0.0,60.0,250.0,0.0
2024-10-02,53,21:15,0.0,0.0,0.0,96.54,0.0,60.0,250.0,0.0
2024-10-02,54,21:30,0.0,0.0,0.0,96.54,0.0,60.0,250.0,0.0
2024-10-02,55,21:45,0.0,0.0,0.0,96.54,0.0,60.0,100.0,150.0
2024-10-04,0,08:00,1.8638,9.5021,11.3659,141.42,0.401843,20.0,100.0,0.0
2024-10-04,1,08:15,6.7293,17.0147,23.744,141.42,0.839467,20.0,100.0,0.0
2024-10-04,2,08:30,5.9956,17.1381,23.1337,141.42,0.817891,20.0,100.0,0.0
2024-10-04,3,08:45,7.1179,16.0793,23.1972,141.42,0.820136,20.0,100.0,0.0
2024-10-04,4,09:00,6.1091,3.2115,9.3206,116.27,0.270925,20.0,100.0,0.0
2024-10-04,5,09:15,5.6324,0.0,5.6324,116.27,0.163721,20.0,140.0,0.0
2024-10-04,6,09:30,5.8458,0.0,5.8458,116.27,0.169923,20.0,140.0,0.0
2024-10-04,7,09:45,5.1816,0.0,5.1816,116.27,0.150615,20.0,140.0,0.0
2024-10-04,8,10:00,6.7301,0.0,6.7301,100.09,0.168404,20.0,140.0,0.0
2024-10-04,9,10:15,3.9878,0.0,3.9878,100.09,0.099785,20.0,140.0,0.0
2024-10-04,10,10:30,1.8638,9.5021,11.3659,100.09,0.284404,80.0,140.0,0.0
2024-10-04,11,10:45,6.7293,17.0147,23.744,100.09,0.594133,80.0,140.0,0.0
2024-10-04,12,11:00,5.9956,17.1381,23.1337,85.0,0.491591,80.0,140.0,0.0
2024-10-04,13,11:15,7.1179,16.0793,23.1972,85.0,0.49294,80.0,140.0,0.0
2024-10-04,14,11:30,6.1091,3.2115,9.3206,85.0,0.198062,80.0,140.0,0.0
2024-10-04,15,11:45,5.6324,9.5021,15.1345,85.0,0.321609,40.0,180.0,0.0
2024-10-04,16,12:00,5.8458,17.0147,22.8605,75.07,0.429034,40.0,180.0,0.0
2024-10-04,17,12:15,5.1816,17.1381,22.3197,75.07,0.418884,40.0,180.0,0.0
2024-10-04,18,12:30,6.7301,16.0793,22.8094,75.07,0.428075,40.0,180.0,0.0
2024-10-04,19,12:45,3.9878,3.2115,7.1993,75.07,0.135113,40.0,180.0,0.0
2024-10-04,20,13:00,1.8638,9.5021,11.3659,73.49,0.208821,100.0,220.0,0.0
2024-10-04,21,13:15,6.7293,17.0147,23.744,73.49,0.436236,100.0,220.0,0.0
2024-10-04,22,13:30,5.9956,17.1381,23.1337,73.49,0.425024,100.0,220.0,0.0
2024-10-04,23,13:45,7.1179,16.0793,23.1972,73.49,0.42619,100.0,220.0,0.0
2024-10-04,24,14:00,6.1091,3.2115,9.3206,75.82,0.176671,100.0,220.0,0.0
2024-10-04,25,14:15,5.6324,9.5021,15.1345,75.82,0.286875,60.0,260.0,0.0
2024-10-04,26,14:30,5.8458,17.0147,22.8605,75.82,0.433321,60.0,260.0,0.0
2024-10-04,27,14:45,5.1816,17.1381,22.3197,75.82,0.423069,60.0,260.0,0.0
2024-10-04,28,15:00,6.7301,16.0793,22.8094,79.07,0.450884,60.0,70.0,190.0
2024-10-04,29,15:15,3.9878,3.2115,7.1993,79.07,0.142312,60.0,70.0,0.0
2024-10-04,30,15:30,0.0,9.5021,9.5021,79.07,0.187833,120.0,110.0,0.0
2024-10-04,31,15:45,0.0,17.0147,17.0147,79.07,0.336338,120.0,110.0,0.0
2024-10-04,32,16:00,0.0,17.1381,17.1381,89.8,0.38475,120.0,110.0,0.0
2024-10-04,33,16:15,0.0,16.0793,16.0793,89.8,0.36098,120.0,110.0,0.0
2024-10-04,34,16:30,0.0,3.2115,3.2115,89.8,0.072098,120.0,110.0,0.0
2024-10-04,35,16:45,0.0,9.5021,9.5021,89.8,0.213322,80.0,150.0,0.0
2024-10-04,36,17:00,0.0,17.0147,17.0147,107.1,0.455568,80.0,150.0,0.0
2024-10-04,37,17:15,0.0,17.1381,17.1381,107.1,0.458872,80.0,150.0,0.0
2024-10-04,38,17:30,0.0,16.0793,16.0793,107.1,0.430523,80.0,150.0,0.0
2024-10-04,39,17:45,0.0,3.2115,3.2115,107.1,0.085988,80.0,150.0,0.0
2024-10-04,40,18:00,0.0,0.0,0.0,131.97,0.0,80.0,190.0,0.0
2024-10-04,41,18:15,0.0,0.0,0.0,131.97,0.0,80.0,190.0,0.0
2024-10-04,42,18:30,0.0,0.0,0.0,131.97,0.0,80.0,190.0,0.0
2024-10-04,43,18:45,0.0,0.0,0.0,131.97,0.0,80.0,190.0,0.0
2024-10-04,44,19:00,0.0,0.0,0.0,149.02,0.0,80.0,190.0,0.0
2024-10-04,45,19:15,0.0,0.0,0.0,149.02,0.0,80.0,190.0,0.0
2024-10-04,46,19:30,0.0,0.0,0.0,149.02,0.0,80.0,190.0,0.0
2024-10-04,47,19:45,0.0,0.0,0.0,149.02,0.0,80.0,190.0,0.0
2024-10-04,48,20:00,0.0,0.0,0.0,123.7,0.0,80.0,190.0,0.0
2024-10-04,49,20:15,0.0,0.0,0.0,123.7,0.0,80.0,190.0,0.0
2024-10-04,50,20:30,0.0,0.0,0.0,123.7,0.0,80.0,190.0,0.0
2024-10-04,51,20:45,0.0,0.0,0.0,123.7,0.0,80.0,190.0,0.0
2024-10-04,52,21:00,0.0,0.0,0.0,99.9,0.0,80.0,190.0,0.0
2024-10-04,53,21:15,0.0,0.0,0.0,99.9,0.0,80.0,190.0,0.0
2024-10-04,54,21:30,0.0,0.0,0.0,99.9,0.0,80.0,190.0,0.0
2024-10-04,55,21:45,0.0,0.0,0.0,99.9,0.0,80.0,40.0,150.0
2024-10-07,0,08:00,1.8638,9.5021,11.3659,108.32,0.307789,40.0,40.0,0.0
2024-10-07,1,08:15,6.7293,17.0147,23.744,108.32,0.642986,40.0,40.0,0.0
2024-10-07,2,08:30,5.9956,17.1381,23.1337,108.32,0.62646,40.0,40.0,0.0
2024-10-07,3,08:45,7.1179,16.0793,23.1972,108.32,0.628179,40.0,40.0,0.0
2024-10-07,4,09:00,6.1091,3.2115,9.3206,91.86,0.214047,40.0,40.0,0.0
2024-10-07,5,09:15,5.6324,9.5021,15.1345,91.86,0.347565,0.0,80.0,0.0
2024-10-07,6,09:30,5.8458,17.0147,22.8605,91.86,0.524991,0.0,80.0,0.0
2024-10-07,7,09:45,5.1816,17.1381,22.3197,91.86,0.512571,0.0,80.0,0.0
2024-10-07,8,10:00,6.7301,16.0793,22.8094,66.09,0.376868,0.0,80.0,0.0
2024-10-07,9,10:15,3.9878,3.2115,7.1993,66.09,0.11895,0.0,80.0,0.0
2024-10-07,10,10:30,1.8638,9.5021,11.3659,66.09,0.187794,60.0,120.0,0.0
2024-10-07,11,10:45,6.7293,17.0147,23.744,66.09,0.392309,60.0,120.0,0.0
2024-10-07,12,11:00,5.9956,17.1381,23.1337,60.22,0.348278,60.0,120.0,0.0
2024-10-07,13,11:15,7.1179,16.0793,23.1972,60.22,0.349233,60.0,120.0,0.0
2024-10-07,14,11:30,6.1091,3.2115,9.3206,60.22,0.140321,60.0,120.0,0.0
2024-10-07,15,11:45,5.6324,9.5021,15.1345,60.22,0.22785,20.0,160.0,0.0
2024-10-07,16,12:00,5.8458,17.0147,22.8605,54.11,0.309245,20.0,160.0,0.0
2024-10-07,17,12:15,5.1816,17.1381,22.3197,54.11,0.301929,20.0,160.0,0.0
2024-10-07,18,12:30,6.7301,16.0793,22.8094,54.11,0.308554,20.0,160.0,0.0
2024-10-07,19,12:45,3.9878,3.2115,7.1993,54.11,0.097388,20.0,160.0,0.0
2024-10-07,20,13:00,0.0,9.5021,9.5021,43.29,0.102836,80.0,200.0,0.0
2024-10-07,21,13:15,0.0,17.0147,17.0147,43.29,0.184141,80.0,200.0,0.0
2024-10-07,22,13:30,0.0,17.1381,17.1381,43.29,0.185477,80.0,200.0,0.0
2024-10-07,23,13:45,0.0,16.0793,16.0793,43.29,0.174018,80.0,200.0,0.0
2024-10-07,24,14:00,0.0,3.2115,3.2115,55.0,0.044158,80.0,200.0,0.0
2024-10-07,25,14:15,0.0,9.5021,9.5021,55.0,0.130654,40.0,240.0,0.0
2024-10-07,26,14:30,0.0,17.0147,17.0147,55.0,0.233952,40.0,240.0,0.0
2024-10-07,27,14:45,0.0,17.1381,17.1381,55.0,0.235649,40.0,240.0,0.0
2024-10-07,28,15:00,0.0,16.0793,16.0793,67.01,0.269368,40.0,100.0,140.0
2024-10-07,29,15:15,0.0,3.2115,3.2115,67.01,0.0538,40.0,100.0,0.0
2024-10-07,30,15:30,0.0,9.5021,9.5021,67.01,0.159184,0.0,140.0,0.0
2024-10-07,31,15:45,0.0,17.0147,17.0147,67.01,0.285038,0.0,140.0,0.0
2024-10-07,32,16:00,0.0,17.1381,17.1381,97.9,0.419455,0.0,140.0,0.0
2024-10-07,33,16:15,0.0,16.0793,16.0793,97.9,0.39354,0.0,140.0,0.0
2024-10-07,34,16:30,0.0,3.2115,3.2115,97.9,0.078601,0.0,140.0,0.0
2024-10-07,35,16:45,0.0,0.0,0.0,97.9,0.0,0.0,180.0,0.0
2024-10-07,36,17:00,0.0,0.0,0.0,120.71,0.0,0.0,180.0,0.0
2024-10-07,37,17:15,0.0,0.0,0.0,120.71,0.0,0.0,180.0,0.0
2024-10-07,38,17:30,0.0,0.0,0.0,120.71,0.0,0.0,180.0,0.0
2024-10-07,39,17:45,0.0,0.0,0.0,120.71,0.0,0.0,180.0,0.0
2024-10-07,40,18:00,0.0,0.0,0.0,237.65,0.0,0.0,180.0,0.0
2024-10-07,41,18:15,0.0,0.0,0.0,237.65,0.0,0.0,180.0,0.0
2024-10-07,42,18:30,0.0,0.0,0.0,237.65,0.0,0.0,180.0,0.0
2024-10-07,43,18:45,0.0,0.0,0.0,237.65,0.0,0.0,180.0,0.0
2024-10-07,44,19:00,0.0,0.0,0.0,229.53,0.0,0.0,180.0,0.0
2024-10-07,45,19:15,0.0,0.0,0.0,229.53,0.0,0.0,180.0,0.0
2024-10-07,46,19:30,0.0,0.0,0.0,229.53,0.0,0.0,180.0,0.0
2024-10-07,47,19:45,0.0,0.0,0.0,229.53,0.0,0.0,180.0,0.0
2024-10-07,48,20:00,0.0,0.0,0.0,121.98,0.0,0.0,180.0,0.0
2024-10-07,49,20:15,0.0,0.0,0.0,121.98,0.0,0.0,180.0,0.0
2024-10-07,50,20:30,0.0,0.0,0.0,121.98,0.0,0.0,180.0,0.0
2024-10-07,51,20:45,0.0,0.0,0.0,121.98,0.0,0.0,180.0,0.0
2024-10-07,52,21:00,0.0,0.0,0.0,99.93,0.0,0.0,180.0,0.0
2024-10-07,53,21:15,0.0,0.0,0.0,99.93,0.0,0.0,180.0,0.0
2024-10-07,54,21:30,0.0,0.0,0.0,99.93,0.0,0.0,180.0,0.0
2024-10-07,55,21:45,0.0,0.0,0.0,99.93,0.0,0.0,10.0,170.0
2024-10-08,0,08:00,1.8638,0.0,1.8638,106.24,0.049504,0.0,10.0,0.0
2024-10-08,1,08:15,6.7293,0.0,6.7293,106.24,0.17873,0.0,10.0,0.0
2024-10-08,2,08:30,5.9956,0.0,5.9956,106.24,0.159243,0.0,10.0,0.0
2024-10-08,3,08:45,7.1179,0.0,7.1179,106.24,0.189051,0.0,10.0,0.0
2024-10-08,4,09:00,6.1091,0.0,6.1091,85.0,0.129818,0.0,10.0,0.0
2024-10-08,5,09:15,5.6324,0.0,5.6324,85.0,0.119689,0.0,10.0,0.0
2024-10-08,6,09:30,5.8458,0.0,5.8458,85.0,0.124224,0.0,10.0,0.0
2024-10-08,7,09:45,5.1816,0.0,5.1816,85.0,0.110108,0.0,10.0,0.0
2024-10-08,8,10:00,6.7301,0.0,6.7301,80.33,0.135157,0.0,10.0,0.0
2024-10-08,9,10:15,3.9878,0.0,3.9878,80.33,0.080085,0.0,10.0,0.0
2024-10-08,10,10:30,1.8638,9.5021,11.3659,80.33,0.228256,60.0,10.0,0.0
2024-10-08,11,10:45,6.7293,17.0147,23.744,80.33,0.476838,60.0,10.0,0.0
2024-10-08,12,11:00,5.9956,17.1381,23.1337,80.5,0.465565,60.0,10.0,0.0
2024-10-08,13,11:15,7.1179,16.0793,23.1972,80.5,0.466843,60.0,10.0,0.0
2024-10-08,14,11:30,6.1091,3.2115,9.3206,80.5,0.187576,60.0,10.0,0.0
2024-10-08,15,11:45,5.6324,9.5021,15.1345,80.5,0.304583,20.0,50.0,0.0
2024-10-08,16,12:00,5.8458,17.0147,22.8605,76.0,0.434349,20.0,50.0,0.0
2024-10-08,17,12:15,5.1816,17.1381,22.3197,76.0,0.424074,20.0,50.0,0.0
2024-10-08,18,12:30,6.7301,16.0793,22.8094,76.0,0.433378,20.0,50.0,0.0
2024-10-08,19,12:45,3.9878,3.2115,7.1993,76.0,0.136786,20.0,50.0,0.0
2024-10-08,20,13:00,1.8638,9.5021,11.3659,82.53,0.234508,80.0,90.0,0.0
2024-10-08,21,13:15,6.7293,17.0147,23.744,82.53,0.489897,80.0,90.0,0.0
2024-10-08,22,13:30,5.9956,17.1381,23.1337,82.53,0.477306,80.0,90.0,0.0
2024-10-08,23,13:45,7.1179,16.0793,23.1972,82.53,0.478616,80.0,90.0,0.0
2024-10-08,24,14:00,6.1091,3.2115,9.3206,88.39,0.205961,80.0,90.0,0.0
2024-10-08,25,14:15,5.6324,9.5021,15.1345,88.39,0.334435,40.0,130.0,0.0
2024-10-08,26,14:30,5.8458,17.0147,22.8605,88.39,0.50516,40.0,130.0,0.0
2024-10-08,27,14:45,5.1816,17.1381,22.3197,88.39,0.493209,40.0,130.0,0.0
2024-10-08,28,15:00,6.7301,16.0793,22.8094,90.08,0.513667,40.0,0.0,130.0
2024-10-08,29,15:15,3.9878,3.2115,7.1993,90.08,0.162128,40.0,0.0,0.0
2024-10-08,30,15:30,0.0,9.5021,9.5021,90.08,0.213987,100.0,40.0,0.0
2024-10-08,31,15:45,0.0,17.0147,17.0147,90.08,0.38317,100.0,40.0,0.0
2024-10-08,32,16:00,0.0,17.1381,17.1381,101.19,0.433551,100.0,40.0,0.0
2024-10-08,33,16:15,0.0,16.0793,16.0793,101.19,0.406766,100.0,40.0,0.0
2024-10-08,34,16:30,0.0,3.2115,3.2115,101.19,0.081243,100.0,40.0,0.0
2024-10-08,35,16:45,0.0,9.5021,9.5021,101.19,0.240379,60.0,80.0,0.0
2024-10-08,36,17:00,0.0,17.0147,17.0147,126.34,0.537408,60.0,80.0,0.0
2024-10-08,37,17:15,0.0,17.1381,17.1381,126.34,0.541307,60.0,80.0,0.0
2024-10-08,38,17:30,0.0,16.0793,16.0793,126.34,0.507864,60.0,80.0,0.0
2024-10-08,39,17:45,0.0,3.2115,3.2115,126.34,0.101435,60.0,80.0,0.0
2024-10-08,40,18:00,0.0,0.0,0.0,156.77,0.0,60.0,120.0,0.0
2024-10-08,41,18:15,0.0,0.0,0.0,156.77,0.0,60.0,120.0,0.0
2024-10-08,42,18:30,0.0,0.0,0.0,156.77,0.0,60.0,120.0,0.0
2024-10-08,43,18:45,0.0,0.0,0.0,156.77,0.0,60.0,120.0,0.0
2024-10-08,44,19:00,0.0,0.0,0.0,168.2,0.0,60.0,120.0,0.0
2024-10-08,45,19:15,0.0,0.0,0.0,168.2,0.0,60.0,120.0,0.0
2024-10-08,46,19:30,0.0,0.0,0.0,168.2,0.0,60.0,120.0,0.0
2024-10-08,47,19:45,0.0,0.0,0.0,168.2,0.0,60.0,120.0,0.0
2024-10-08,48,20:00,0.0,0.0,0.0,114.41,0.0,60.0,120.0,0.0
2024-10-08,49,20:15,0.0,0.0,0.0,114.41,0.0,60.0,120.0,0.0
2024-10-08,50,20:30,0.0,0.0,0.0,114.41,0.0,60.0,120.0,0.0
2024-10-08,51,20:45,0.0,0.0,0.0,114.41,0.0,60.0,120.0,0.0
2024-10-08,52,21:00,0.0,0.0,0.0,94.9,0.0,60.0,120.0,0.0
2024-10-08,53,21:15,0.0,0.0,0.0,94.9,0.0,60.0,120.0,0.0
2024-10-08,54,21:30,0.0,0.0,0.0,94.9,0.0,60.0,120.0,0.0
2024-10-08,55,21:45,0.0,0.0,0.0,94.9,0.0,60.0,10.0,110.0
2024-10-09,0,08:00,1.8638,9.5021,11.3659,110.98,0.315348,20.0,10.0,0.0
2024-10-09,1,08:15,6.7293,17.0147,23.744,110.98,0.658776,20.0,10.0,0.0
2024-10-09,2,08:30,5.9956,17.1381,23.1337,110.98,0.641844,20.0,10.0,0.0
2024-10-09,3,08:45,7.1179,16.0793,23.1972,110.98,0.643606,20.0,10.0,0.0
2024-10-09,4,09:00,6.1091,3.2115,9.3206,87.0,0.202722,20.0,10.0,0.0
2024-10-09,5,09:15,5.6324,0.0,5.6324,87.0,0.122506,20.0,50.0,0.0
2024-10-09,6,09:30,5.8458,0.0,5.8458,87.0,0.127146,20.0,50.0,0.0
2024-10-09,7,09:45,5.1816,0.0,5.1816,87.0,0.112699,20.0,50.0,0.0
2024-10-09,8,10:00,6.7301,0.0,6.7301,72.09,0.121293,20.0,50.0,0.0
2024-10-09,9,10:15,3.9878,0.0,3.9878,72.09,0.07187,20.0,50.0,0.0
2024-10-09,10,10:30,1.8638,9.5021,11.3659,72.09,0.204843,80.0,50.0,0.0
2024-10-09,11,10:45,6.7293,17.0147,23.744,72.09,0.427925,80.0,50.0,0.0
2024-10-09,12,11:00,5.9956,17.1381,23.1337,59.9,0.346427,80.0,50.0,0.0
2024-10-09,13,11:15,7.1179,16.0793,23.1972,59.9,0.347378,80.0,50.0,0.0
2024-10-09,14,11:30,6.1091,3.2115,9.3206,59.9,0.139575,80.0,50.0,0.0
2024-10-09,15,11:45,5.6324,9.5021,15.1345,59.9,0.22664,40.0,90.0,0.0
2024-10-09,16,12:00,5.8458,17.0147,22.8605,59.8,0.341764,40.0,90.0,0.0
2024-10-09,17,12:15,5.1816,17.1381,22.3197,59.8,0.333679,40.0,90.0,0.0
2024-10-09,18,12:30,6.7301,16.0793,22.8094,59.8,0.341,40.0,90.0,0.0
2024-10-09,19,12:45,3.9878,3.2115,7.1993,59.8,0.107629,40.0,90.0,0.0
2024-10-09,20,13:00,1.8638,9.5021,11.3659,59.85,0.170063,100.0,130.0,0.0
2024-10-09,21,13:15,6.7293,17.0147,23.744,59.85,0.355269,100.0,130.0,0.0
2024-10-09,22,13:30,5.9956,17.1381,23.1337,59.85,0.346138,100.0,130.0,0.0
2024-10-09,23,13:45,7.1179,16.0793,23.1972,59.85,0.347088,100.0,130.0,0.0
2024-10-09,24,14:00,6.1091,3.2115,9.3206,67.63,0.157587,100.0,130.0,0.0
2024-10-09,25,14:15,5.6324,9.5021,15.1345,67.63,0.255887,60.0,170.0,0.0
2024-10-09,26,14:30,5.8458,17.0147,22.8605,67.63,0.386514,60.0,170.0,0.0
2024-10-09,27,14:45,5.1816,17.1381,22.3197,67.63,0.37737,60.0,170.0,0.0
2024-10-09,28,15:00,6.7301,16.0793,22.8094,77.17,0.44005,60.0,20.0,150.0
2024-10-09,29,15:15,3.9878,3.2115,7.1993,77.17,0.138892,60.0,20.0,0.0
2024-10-09,30,15:30,0.0,9.5021,9.5021,77.17,0.183319,120.0,60.0,0.0
2024-10-09,31,15:45,0.0,17.0147,17.0147,77.17,0.328256,120.0,60.0,0.0
2024-10-09,32,16:00,0.0,17.1381,17.1381,95.0,0.40703,120.0,60.0,0.0
2024-10-09,33,16:15,0.0,16.0793,16.0793,95.0,0.381883,120.0,60.0,0.0
2024-10-09,34,16:30,0.0,3.2115,3.2115,95.0,0.076273,120.0,60.0,0.0
2024-10-09,35,16:45,0.0,9.5021,9.5021,95.0,0.225675,80.0,100.0,0.0
2024-10-09,36,17:00,0.0,17.0147,17.0147,117.45,0.499593,80.0,100.0,0.0
2024-10-09,37,17:15,0.0,17.1381,17.1381,117.45,0.503217,80.0,100.0,0.0
2024-10-09,38,17:30,0.0,16.0793,16.0793,117.45,0.472128,80.0,100.0,0.0
2024-10-09,39,17:45,0.0,3.2115,3.2115,117.45,0.094297,80.0,100.0,0.0
2024-10-09,40,18:00,0.0,0.0,0.0,122.53,0.0,80.0,140.0,0.0
2024-10-09,41,18:15,0.0,0.0,0.0,122.53,0.0,80.0,140.0,0.0
2024-10-09,42,18:30,0.0,0.0,0.0,122.53,0.0,80.0,140.0,0.0
2024-10-09,43,18:45,0.0,0.0,0.0,122.53,0.0,80.0,140.0,0.0
2024-10-09,44,19:00,0.0,0.0,0.0,127.12,0.0,80.0,140.0,0.0
2024-10-09,45,19:15,0.0,0.0,0.0,127.12,0.0,80.0,140.0,0.0
2024-10-09,46,19:30,0.0,0.0,0.0,127.12,0.0,80.0,140.0,0.0
2024-10-09,47,19:45,0.0,0.0,0.0,127.12,0.0,80.0,140.0,0.0
2024-10-09,48,20:00,0.0,0.0,0.0,111.05,0.0,80.0,140.0,0.0
2024-10-09,49,20:15,0.0,0.0,0.0,111.05,0.0,80.0,140.0,0.0
2024-10-09,50,20:30,0.0,0.0,0.0,111.05,0.0,80.0,140.0,0.0
2024-10-09,51,20:45,0.0,0.0,0.0,111.05,0.0,80.0,140.0,0.0
2024-10-09,52,21:00,0.0,0.0,0.0,95.8,0.0,80.0,140.0,0.0
2024-10-09,53,21:15,0.0,0.0,0.0,95.8,0.0,80.0,140.0,0.0
2024-10-09,54,21:30,0.0,0.0,0.0,95.8,0.0,80.0,140.0,0.0
2024-10-09,55,21:45,0.0,0.0,0.0,95.8,0.0,80.0,0.0,140.0
2024-10-10,0,08:00,1.8638,9.5021,11.3659,80.46,0.228626,40.0,0.0,0.0
2024-10-10,1,08:15,6.7293,17.0147,23.744,80.46,0.47761,40.0,0.0,0.0
2024-10-10,2,08:30,5.9956,17.1381,23.1337,80.46,0.465334,40.0,0.0,0.0
2024-10-10,3,08:45,7.1179,16.0793,23.1972,80.46,0.466611,40.0,0.0,0.0
2024-10-10,4,09:00,6.1091,3.2115,9.3206,67.5,0.157284,40.0,0.0,0.0
2024-10-10,5,09:15,5.6324,9.5021,15.1345,67.5,0.255395,0.0,40.0,0.0
2024-10-10,6,09:30,5.8458,17.0147,22.8605,67.5,0.385771,0.0,40.0,0.0
2024-10-10,7,09:45,5.1816,17.1381,22.3197,67.5,0.376644,0.0,40.0,0.0
2024-10-10,8,10:00,6.7301,16.0793,22.8094,52.01,0.296579,0.0,40.0,0.0
2024-10-10,9,10:15,3.9878,3.2115,7.1993,52.01,0.093609,0.0,40.0,0.0
2024-10-10,10,10:30,1.8638,9.5021,11.3659,52.01,0.147786,60.0,80.0,0.0
2024-10-10,11,10:45,6.7293,17.0147,23.744,52.01,0.308731,60.0,80.0,0.0
2024-10-10,12,11:00,5.9956,17.1381,23.1337,38.93,0.225149,60.0,80.0,0.0
2024-10-10,13,11:15,7.1179,16.0793,23.1972,38.93,0.225766,60.0,80.0,0.0
2024-10-10,14,11:30,6.1091,3.2115,9.3206,38.93,0.090712,60.0,80.0,0.0
2024-10-10,15,11:45,5.6324,9.5021,15.1345,38.93,0.147297,20.0,120.0,0.0
2024-10-10,16,12:00,5.8458,17.0147,22.8605,21.89,0.125104,20.0,120.0,0.0
2024-10-10,17,12:15,5.1816,17.1381,22.3197,21.89,0.122144,20.0,120.0,0.0
2024-10-10,18,12:30,6.7301,16.0793,22.8094,21.89,0.124824,20.0,120.0,0.0
2024-10-10,19,12:45,3.9878,3.2115,7.1993,21.89,0.039398,20.0,120.0,0.0
2024-10-10,20,13:00,1.8638,9.5021,11.3659,15.94,0.045293,80.0,160.0,0.0
2024-10-10,21,13:15,6.7293,17.0147,23.744,15.94,0.09462,80.0,160.0,0.0
2024-10-10,22,13:30,5.9956,17.1381,23.1337,15.94,0.092188,80.0,160.0,0.0
2024-10-10,23,13:45,7.1179,16.0793,23.1972,15.94,0.092441,80.0,160.0,0.0
2024-10-10,24,14:00,6.1091,3.2115,9.3206,20.01,0.046626,80.0,160.0,0.0
2024-10-10,25,14:15,5.6324,9.5021,15.1345,20.01,0.075711,40.0,200.0,0.0
2024-10-10,26,14:30,5.8458,17.0147,22.8605,20.01,0.11436,40.0,200.0,0.0
2024-10-10,27,14:45,5.1816,17.1381,22.3197,20.01,0.111654,40.0,200.0,0.0
2024-10-10,28,15:00,6.7301,16.0793,22.8094,38.37,0.218799,40.0,60.0,140.0
2024-10-10,29,15:15,3.9878,3.2115,7.1993,38.37,0.069059,40.0,60.0,0.0
2024-10-10,30,15:30,0.0,9.5021,9.5021,38.37,0.091149,100.0,100.0,0.0
2024-10-10,31,15:45,0.0,17.0147,17.0147,38.37,0.163213,100.0,100.0,0.0
2024-10-10,32,16:00,0.0,17.1381,17.1381,58.5,0.250645,100.0,100.0,0.0
2024-10-10,33,16:15,0.0,16.0793,16.0793,58.5,0.235159,100.0,100.0,0.0
2024-10-10,34,16:30,0.0,3.2115,3.2115,58.5,0.046968,100.0,100.0,0.0
2024-10-10,35,16:45,0.0,9.5021,9.5021,58.5,0.138968,60.0,140.0,0.0
2024-10-10,36,17:00,0.0,17.0147,17.0147,85.82,0.36505,60.0,140.0,0.0
2024-10-10,37,17:15,0.0,17.1381,17.1381,85.82,0.367698,60.0,140.0,0.0
2024-10-10,38,17:30,0.0,16.0793,16.0793,85.82,0.344981,60.0,140.0,0.0
2024-10-10,39,17:45,0.0,3.2115,3.2115,85.82,0.068902,60.0,140.0,0.0
2024-10-10,40,18:00,0.0,0.0,0.0,96.07,0.0,60.0,180.0,0.0
2024-10-10,41,18:15,0.0,0.0,0.0,96.07,0.0,60.0,180.0,0.0
2024-10-10,42,18:30,0.0,0.0,0.0,96.07,0.0,60.0,180.0,0.0
2024-10-10,43,18:45,0.0,0.0,0.0,96.07,0.0,60.0,180.0,0.0
2024-10-10,44,19:00,0.0,0.0,0.0,119.32,0.0,60.0,180.0,0.0
2024-10-10,45,19:15,0.0,0.0,0.0,119.32,0.0,60.0,180.0,0.0
2024-10-10,46,19:30,0.0,0.0,0.0,119.32,0.0,60.0,180.0,0.0
2024-10-10,47,19:45,0.0,0.0,0.0,119.32,0.0,60.0,180.0,0.0
2024-10-10,48,20:00,0.0,0.0,0.0,101.19,0.0,60.0,180.0,0.0
2024-10-10,49,20:15,0.0,0.0,0.0,101.19,0.0,60.0,180.0,0.0
2024-10-10,50,20:30,0.0,0.0,0.0,101.19,0.0,60.0,180.0,0.0
2024-10-10,51,20:45,0.0,0.0,0.0,101.19,0.0,60.0,180.0,0.0
2024-10-10,52,21:00,0.0,0.0,0.0,90.41,0.0,60.0,180.0,0.0
2024-10-10,53,21:15,0.0,0.0,0.0,90.41,0.0,60.0,180.0,0.0
2024-10-10,54,21:30,0.0,0.0,0.0,90.41,0.0,60.0,180.0,0.0
2024-10-10,55,21:45,0.0,0.0,0.0,90.41,0.0,60.0,40.0,140.0
2024-10-11,0,08:00,1.8638,9.5021,11.3659,155.49,0.441822,20.0,40.0,0.0
2024-10-11,1,08:15,6.7293,17.0147,23.744,155.49,0.922987,20.0,40.0,0.0
2024-10-11,2,08:30,5.9956,17.1381,23.1337,155.49,0.899264,20.0,40.0,0.0
2024-10-11,3,08:45,7.1179,16.0793,23.1972,155.49,0.901732,20.0,40.0,0.0
2024-10-11,4,09:00,6.1091,3.2115,9.3206,110.01,0.256339,20.0,40.0,0.0
2024-10-11,5,09:15,5.6324,0.0,5.6324,110.01,0.154906,20.0,80.0,0.0
2024-10-11,6,09:30,5.8458,0.0,5.8458,110.01,0.160774,20.0,80.0,0.0
2024-10-11,7,09:45,5.1816,0.0,5.1816,110.01,0.142506,20.0,80.0,0.0
2024-10-11,8,10:00,6.7301,0.0,6.7301,90.0,0.151427,20.0,80.0,0.0
2024-10-11,9,10:15,3.9878,0.0,3.9878,90.0,0.089725,20.0,80.0,0.0
2024-10-11,10,10:30,1.8638,9.5021,11.3659,90.0,0.255734,80.0,80.0,0.0
2024-10-11,11,10:45,6.7293,17.0147,23.744,90.0,0.534239,80.0,80.0,0.0
2024-10-11,12,11:00,5.9956,17.1381,23.1337,72.35,0.41843,80.0,80.0,0.0
2024-10-11,13,11:15,7.1179,16.0793,23.1972,72.35,0.419579,80.0,80.0,0.0
2024-10-11,14,11:30,6.1091,3.2115,9.3206,72.35,0.168586,80.0,80.0,0.0
2024-10-11,15,11:45,5.6324,9.5021,15.1345,72.35,0.273746,40.0,120.0,0.0
2024-10-11,16,12:00,5.8458,17.0147,22.8605,61.65,0.352337,40.0,120.0,0.0
2024-10-11,17,12:15,5.1816,17.1381,22.3197,61.65,0.344002,40.0,120.0,0.0
2024-10-11,18,12:30,6.7301,16.0793,22.8094,61.65,0.35155,40.0,120.0,0.0
2024-10-11,19,12:45,3.9878,3.2115,7.1993,61.65,0.110959,40.0,120.0,0.0
2024-10-11,20,13:00,1.8638,9.5021,11.3659,57.17,0.162448,100.0,160.0,0.0
2024-10-11,21,13:15,6.7293,17.0147,23.744,57.17,0.33936,100.0,160.0,0.0
2024-10-11,22,13:30,5.9956,17.1381,23.1337,57.17,0.330638,100.0,160.0,0.0
2024-10-11,23,13:45,7.1179,16.0793,23.1972,57.17,0.331546,100.0,160.0,0.0
2024-10-11,24,14:00,6.1091,3.2115,9.3206,59.56,0.138783,100.0,160.0,0.0
2024-10-11,25,14:15,5.6324,9.5021,15.1345,59.56,0.225353,60.0,200.0,0.0
2024-10-11,26,14:30,5.8458,17.0147,22.8605,59.56,0.340393,60.0,200.0,0.0
2024-10-11,27,14:45,5.1816,17.1381,22.3197,59.56,0.33234,60.0,200.0,0.0
2024-10-11,28,15:00,6.7301,16.0793,22.8094,66.96,0.381829,60.0,10.0,190.0
2024-10-11,29,15:15,3.9878,3.2115,7.1993,66.96,0.120516,60.0,10.0,0.0
2024-10-11,30,15:30,0.0,9.5021,9.5021,66.96,0.159065,120.0,50.0,0.0
2024-10-11,31,15:45,0.0,17.0147,17.0147,66.96,0.284826,120.0,50.0,0.0
2024-10-11,32,16:00,0.0,17.1381,17.1381,73.35,0.31427,120.0,50.0,0.0
2024-10-11,33,16:15,0.0,16.0793,16.0793,73.35,0.294854,120.0,50.0,0.0
2024-10-11,34,16:30,0.0,3.2115,3.2115,73.35,0.058891,120.0,50.0,0.0
2024-10-11,35,16:45,0.0,9.5021,9.5021,73.35,0.174245,80.0,90.0,0.0
2024-10-11,36,17:00,0.0,17.0147,17.0147,112.78,0.479729,80.0,90.0,0.0
2024-10-11,37,17:15,0.0,17.1381,17.1381,112.78,0.483209,80.0,90.0,0.0
2024-10-11,38,17:30,0.0,16.0793,16.0793,112.78,0.453355,80.0,90.0,0.0
2024-10-11,39,17:45,0.0,3.2115,3.2115,112.78,0.090548,80.0,90.0,0.0
2024-10-11,40,18:00,0.0,9.5021,9.5021,167.86,0.398755,40.0,130.0,0.0
2024-10-11,41,18:15,0.0,17.0147,17.0147,167.86,0.714021,40.0,130.0,0.0
2024-10-11,42,18:30,0.0,17.1381,17.1381,167.86,0.7192,40.0,130.0,0.0
2024-10-11,43,18:45,0.0,16.0793,16.0793,167.86,0.674767,40.0,130.0,0.0
2024-10-11,44,19:00,0.0,3.2115,3.2115,174.24,0.139892,40.0,130.0,0.0
2024-10-11,45,19:15,0.0,9.5021,9.5021,174.24,0.413911,0.0,170.0,0.0
2024-10-11,46,19:30,0.0,17.0147,17.0147,174.24,0.741159,0.0,170.0,0.0
2024-10-11,47,19:45,0.0,17.1381,17.1381,174.24,0.746535,0.0,170.0,0.0
2024-10-11,48,20:00,0.0,16.0793,16.0793,121.31,0.487644,0.0,170.0,0.0
2024-10-11,49,20:15,0.0,3.2115,3.2115,121.31,0.097396,0.0,170.0,0.0
2024-10-11,50,20:30,0.0,0.0,0.0,121.31,0.0,0.0,210.0,0.0
2024-10-11,51,20:45,0.0,0.0,0.0,121.31,0.0,0.0,210.0,0.0
2024-10-11,52,21:00,0.0,0.0,0.0,99.79,0.0,0.0,210.0,0.0
2024-10-11,53,21:15,0.0,0.0,0.0,99.79,0.0,0.0,210.0,0.0
2024-10-11,54,21:30,0.0,0.0,0.0,99.79,0.0,0.0,210.0,0.0
2024-10-11,55,21:45,0.0,0.0,0.0,99.79,0.0,0.0,20.0,190.0
2024-10-14,0,08:00,1.8638,0.0,1.8638,153.61,0.071576,0.0,20.0,0.0
2024-10-14,1,08:15,6.7293,0.0,6.7293,153.61,0.258421,0.0,20.0,0.0
2024-10-14,2,08:30,5.9956,0.0,5.9956,153.61,0.230246,0.0,20.0,0.0
2024-10-14,3,08:45,7.1179,0.0,7.1179,153.61,0.273345,0.0,20.0,0.0
2024-10-14,4,09:00,6.1091,0.0,6.1091,117.94,0.180126,0.0,20.0,0.0
2024-10-14,5,09:15,5.6324,0.0,5.6324,117.94,0.166073,0.0,20.0,0.0
2024-10-14,6,09:30,5.8458,0.0,5.8458,117.94,0.172364,0.0,20.0,0.0
2024-10-14,7,09:45,5.1816,0.0,5.1816,117.94,0.152779,0.0,20.0,0.0
2024-10-14,8,10:00,6.7301,0.0,6.7301,100.95,0.169851,0.0,20.0,0.0
2024-10-14,9,10:15,3.9878,0.0,3.9878,100.95,0.100642,0.0,20.0,0.0
2024-10-14,10,10:30,0.0,9.5021,9.5021,100.95,0.239809,60.0,20.0,0.0
2024-10-14,11,10:45,0.0,17.0147,17.0147,100.95,0.429408,60.0,20.0,0.0
2024-10-14,12,11:00,0.0,17.1381,17.1381,95.53,0.409301,60.0,20.0,0.0
2024-10-14,13,11:15,0.0,16.0793,16.0793,95.53,0.384013,60.0,20.0,0.0
2024-10-14,14,11:30,0.0,3.2115,3.2115,95.53,0.076698,60.0,20.0,0.0
2024-10-14,15,11:45,0.0,9.5021,9.5021,95.53,0.226934,20.0,60.0,0.0
2024-10-14,16,12:00,0.0,17.0147,17.0147,88.36,0.375854,20.0,60.0,0.0
2024-10-14,17,12:15,0.0,17.1381,17.1381,88.36,0.37858,20.0,60.0,0.0
2024-10-14,18,12:30,0.0,16.0793,16.0793,88.36,0.355191,20.0,60.0,0.0
2024-10-14,19,12:45,0.0,3.2115,3.2115,88.36,0.070942,20.0,60.0,0.0
2024-10-14,20,13:00,0.0,0.0,0.0,82.6,0.0,20.0,100.0,0.0
2024-10-14,21,13:15,0.0,0.0,0.0,82.6,0.0,20.0,100.0,0.0
2024-10-14,22,13:30,0.0,0.0,0.0,82.6,0.0,20.0,100.0,0.0
2024-10-14,23,13:45,0.0,0.0,0.0,82.6,0.0,20.0,100.0,0.0
2024-10-14,24,14:00,0.0,0.0,0.0,74.16,0.0,20.0,100.0,0.0
2024-10-14,25,14:15,0.0,0.0,0.0,74.16,0.0,20.0,100.0,0.0
2024-10-14,26,14:30,0.0,0.0,0.0,74.16,0.0,20.0,100.0,0.0
2024-10-14,27,14:45,0.0,0.0,0.0,74.16,0.0,20.0,100.0,0.0
2024-10-14,28,15:00,0.0,0.0,0.0,87.08,0.0,20.0,100.0,0.0
2024-10-14,29,15:15,0.0,0.0,0.0,87.08,0.0,20.0,100.0,0.0
2024-10-14,30,15:30,0.0,0.0,0.0,87.08,0.0,20.0,100.0,0.0
2024-10-14,31,15:45,0.0,0.0,0.0,87.08,0.0,20.0,100.0,0.0
2024-10-14,32,16:00,0.0,0.0,0.0,105.79,0.0,20.0,100.0,0.0
2024-10-14,33,16:15,0.0,0.0,0.0,105.79,0.0,20.0,100.0,0.0
2024-10-14,34,16:30,0.0,0.0,0.0,105.79,0.0,20.0,100.0,0.0
2024-10-14,35,16:45,0.0,0.0,0.0,105.79,0.0,20.0,100.0,0.0
2024-10-14,36,17:00,0.0,0.0,0.0,159.59,0.0,20.0,100.0,0.0
2024-10-14,37,17:15,0.0,0.0,0.0,159.59,0.0,20.0,100.0,0.0
2024-10-14,38,17:30,0.0,0.0,0.0,159.59,0.0,20.0,100.0,0.0
2024-10-14,39,17:45,0.0,0.0,0.0,159.59,0.0,20.0,100.0,0.0
2024-10-14,40,18:00,0.0,0.0,0.0,257.1,0.0,20.0,100.0,0.0
2024-10-14,41,18:15,0.0,0.0,0.0,257.1,0.0,20.0,100.0,0.0
2024-10-14,42,18:30,0.0,0.0,0.0,257.1,0.0,20.0,100.0,0.0
2024-10-14,43,18:45,0.0,0.0,0.0,257.1,0.0,20.0,100.0,0.0
2024-10-14,44,19:00,0.0,0.0,0.0,269.74,0.0,20.0,100.0,0.0
2024-10-14,45,19:15,0.0,0.0,0.0,269.74,0.0,20.0,100.0,0.0
2024-10-14,46,19:30,0.0,0.0,0.0,269.74,0.0,20.0,100.0,0.0
2024-10-14,47,19:45,0.0,0.0,0.0,269.74,0.0,20.0,100.0,0.0
2024-10-14,48,20:00,0.0,0.0,0.0,158.0,0.0,20.0,100.0,0.0
2024-10-14,49,20:15,0.0,0.0,0.0,158.0,0.0,20.0,100.0,0.0
2024-10-14,50,20:30,0.0,0.0,0.0,158.0,0.0,20.0,100.0,0.0
2024-10-14,51,20:45,0.0,0.0,0.0,158.0,0.0,20.0,100.0,0.0
2024-10-14,52,21:00,0.0,0.0,0.0,114.12,0.0,20.0,100.0,0.0
2024-10-14,53,21:15,0.0,0.0,0.0,114.12,0.0,20.0,100.0,0.0
2024-10-14,54,21:30,0.0,0.0,0.0,114.12,0.0,20.0,100.0,0.0
2024-10-14,55,21:45,0.0,0.0,0.0,114.12,0.0,20.0,10.0,90.0
2024-10-15,0,08:00,1.8638,0.0,1.8638,176.61,0.082293,20.0,10.0,0.0
2024-10-15,1,08:15,6.7293,0.0,6.7293,176.61,0.297115,20.0,10.0,0.0
2024-10-15,2,08:30,5.9956,0.0,5.9956,176.61,0.26472,20.0,10.0,0.0
2024-10-15,3,08:45,7.1179,0.0,7.1179,176.61,0.314273,20.0,10.0,0.0
2024-10-15,4,09:00,6.1091,0.0,6.1091,110.54,0.168824,20.0,10.0,0.0
2024-10-15,5,09:15,5.6324,0.0,5.6324,110.54,0.155653,20.0,10.0,0.0
2024-10-15,6,09:30,5.8458,0.0,5.8458,110.54,0.161549,20.0,10.0,0.0
2024-10-15,7,09:45,5.1816,0.0,5.1816,110.54,0.143193,20.0,10.0,0.0
2024-10-15,8,10:00,6.7301,0.0,6.7301,92.75,0.156054,20.0,10.0,0.0
2024-10-15,9,10:15,3.9878,0.0,3.9878,92.75,0.092467,20.0,10.0,0.0
2024-10-15,10,10:30,1.8638,9.5021,11.3659,92.75,0.263548,80.0,10.0,0.0
2024-10-15,11,10:45,6.7293,17.0147,23.744,92.75,0.550563,80.0,10.0,0.0
2024-10-15,12,11:00,5.9956,17.1381,23.1337,83.05,0.480313,80.0,10.0,0.0
2024-10-15,13,11:15,7.1179,16.0793,23.1972,83.05,0.481631,80.0,10.0,0.0
2024-10-15,14,11:30,6.1091,3.2115,9.3206,83.05,0.193518,80.0,10.0,0.0
2024-10-15,15,11:45,5.6324,9.5021,15.1345,83.05,0.314231,40.0,50.0,0.0
2024-10-15,16,12:00,5.8458,17.0147,22.8605,78.47,0.448466,40.0,50.0,0.0
2024-10-15,17,12:15,5.1816,17.1381,22.3197,78.47,0.437856,40.0,50.0,0.0
2024-10-15,18,12:30,6.7301,16.0793,22.8094,78.47,0.447463,40.0,50.0,0.0
2024-10-15,19,12:45,3.9878,3.2115,7.1993,78.47,0.141232,40.0,50.0,0.0
2024-10-15,20,13:00,0.0,9.5021,9.5021,71.75,0.170444,100.0,90.0,0.0
2024-10-15,21,13:15,0.0,17.0147,17.0147,71.75,0.305201,100.0,90.0,0.0
2024-10-15,22,13:30,0.0,17.1381,17.1381,71.75,0.307415,100.0,90.0,0.0
2024-10-15,23,13:45,0.0,16.0793,16.0793,71.75,0.288422,100.0,90.0,0.0
2024-10-15,24,14:00,0.0,3.2115,3.2115,75.9,0.060938,100.0,90.0,0.0
2024-10-15,25,14:15,0.0,9.5021,9.5021,75.9,0.180302,60.0,130.0,0.0
2024-10-15,26,14:30,0.0,17.0147,17.0147,75.9,0.322853,60.0,130.0,0.0
2024-10-15,27,14:45,0.0,17.1381,17.1381,75.9,0.325195,60.0,130.0,0.0
2024-10-15,28,15:00,0.0,16.0793,16.0793,83.36,0.335092,60.0,30.0,100.0
2024-10-15,29,15:15,0.0,3.2115,3.2115,83.36,0.066927,60.0,30.0,0.0
2024-10-15,30,15:30,0.0,0.0,0.0,83.36,0.0,60.0,70.0,0.0
2024-10-15,31,15:45,0.0,0.0,0.0,83.36,0.0,60.0,70.0,0.0
2024-10-15,32,16:00,0.0,0.0,0.0,89.03,0.0,60.0,70.0,0.0
2024-10-15,33,16:15,0.0,0.0,0.0,89.03,0.0,60.0,70.0,0.0
2024-10-15,34,16:30,0.0,0.0,0.0,89.03,0.0,60.0,70.0,0.0
2024-10-15,35,16:45,0.0,0.0,0.0,89.03,0.0,60.0,70.0,0.0
2024-10-15,36,17:00,0.0,0.0,0.0,120.69,0.0,60.0,70.0,0.0
2024-10-15,37,17:15,0.0,0.0,0.0,120.69,0.0,60.0,70.0,0.0
2024-10-15,38,17:30,0.0,0.0,0.0,120.69,0.0,60.0,70.0,0.0
2024-10-15,39,17:45,0.0,0.0,0.0,120.69,0.0,60.0,70.0,0.0
2024-10-15,40,18:00,0.0,0.0,0.0,136.79,0.0,60.0,70.0,0.0
2024-10-15,41,18:15,0.0,0.0,0.0,136.79,0.0,60.0,70.0,0.0
2024-10-15,42,18:30,0.0,0.0,0.0,136.79,0.0,60.0,70.0,0.0
2024-10-15,43,18:45,0.0,0.0,0.0,136.79,0.0,60.0,70.0,0.0
2024-10-15,44,19:00,0.0,0.0,0.0,97.31,0.0,60.0,70.0,0.0
2024-10-15,45,19:15,0.0,0.0,0.0,97.31,0.0,60.0,70.0,0.0
2024-10-15,46,19:30,0.0,0.0,0.0,97.31,0.0,60.0,70.0,0.0
2024-10-15,47,19:45,0.0,0.0,0.0,97.31,0.0,60.0,70.0,0.0
2024-10-15,48,20:00,0.0,0.0,0.0,76.26,0.0,60.0,70.0,0.0
2024-10-15,49,20:15,0.0,0.0,0.0,76.26,0.0,60.0,70.0,0.0
2024-10-15,50,20:30,0.0,0.0,0.0,76.26,0.0,60.0,70.0,0.0
2024-10-15,51,20:45,0.0,0.0,0.0,76.26,0.0,60.0,70.0,0.0
2024-10-15,52,21:00,0.0,0.0,0.0,66.65,0.0,60.0,70.0,0.0
2024-10-15,53,21:15,0.0,0.0,0.0,66.65,0.0,60.0,70.0,0.0
2024-10-15,54,21:30,0.0,0.0,0.0,66.65,0.0,60.0,70.0,0.0
2024-10-15,55,21:45,0.0,0.0,0.0,66.65,0.0,60.0,70.0,0.0
2024-10-16,0,08:00,1.8638,9.5021,11.3659,66.52,0.189015,20.0,70.0,0.0
2024-10-16,1,08:15,6.7293,17.0147,23.744,66.52,0.394862,20.0,70.0,0.0
2024-10-16,2,08:30,5.9956,17.1381,23.1337,66.52,0.384713,20.0,70.0,0.0
2024-10-16,3,08:45,7.1179,16.0793,23.1972,66.52,0.385769,20.0,70.0,0.0
2024-10-16,4,09:00,6.1091,3.2115,9.3206,54.29,0.126503,20.0,70.0,0.0
2024-10-16,5,09:15,5.6324,0.0,5.6324,54.29,0.076446,20.0,110.0,0.0
2024-10-16,6,09:30,5.8458,0.0,5.8458,54.29,0.079342,20.0,110.0,0.0
2024-10-16,7,09:45,5.1816,0.0,5.1816,54.29,0.070327,20.0,110.0,0.0
2024-10-16,8,10:00,6.7301,0.0,6.7301,26.68,0.04489,20.0,110.0,0.0
2024-10-16,9,10:15,3.9878,0.0,3.9878,26.68,0.026599,20.0,110.0,0.0
2024-10-16,10,10:30,1.8638,9.5021,11.3659,26.68,0.075811,80.0,110.0,0.0
2024-10-16,11,10:45,6.7293,17.0147,23.744,26.68,0.158372,80.0,110.0,0.0
2024-10-16,12,11:00,5.9956,17.1381,23.1337,14.16,0.081893,80.0,110.0,0.0
2024-10-16,13,11:15,7.1179,16.0793,23.1972,14.16,0.082118,80.0,110.0,0.0
2024-10-16,14,11:30,6.1091,3.2115,9.3206,14.16,0.032995,80.0,110.0,0.0
2024-10-16,15,11:45,5.6324,9.5021,15.1345,14.16,0.053576,40.0,150.0,0.0
2024-10-16,16,12:00,5.8458,17.0147,22.8605,4.09,0.023375,40.0,150.0,0.0
2024-10-16,17,12:15,5.1816,17.1381,22.3197,4.09,0.022822,40.0,150.0,0.0
2024-10-16,18,12:30,6.7301,16.0793,22.8094,4.09,0.023323,40.0,150.0,0.0
2024-10-16,19,12:45,3.9878,3.2115,7.1993,4.09,0.007361,40.0,150.0,0.0
2024-10-16,20,13:00,1.8638,9.5021,11.3659,2.04,0.005797,100.0,190.0,0.0
2024-10-16,21,13:15,6.7293,17.0147,23.744,2.04,0.012109,100.0,190.0,0.0
2024-10-16,22,13:30,5.9956,17.1381,23.1337,2.04,0.011798,100.0,190.0,0.0
2024-10-16,23,13:45,7.1179,16.0793,23.1972,2.04,0.011831,100.0,190.0,0.0
2024-10-16,24,14:00,6.1091,3.2115,9.3206,4.0,0.009321,100.0,190.0,0.0
2024-10-16,25,14:15,5.6324,9.5021,15.1345,4.0,0.015135,60.0,230.0,0.0
2024-10-16,26,14:30,5.8458,17.0147,22.8605,4.0,0.02286,60.0,230.0,0.0
2024-10-16,27,14:45,5.1816,17.1381,22.3197,4.0,0.02232,60.0,230.0,0.0
2024-10-16,28,15:00,6.7301,16.0793,22.8094,14.18,0.080859,60.0,60.0,170.0
2024-10-16,29,15:15,3.9878,3.2115,7.1993,14.18,0.025521,60.0,60.0,0.0
2024-10-16,30,15:30,0.0,9.5021,9.5021,14.18,0.033685,120.0,100.0,0.0
2024-10-16,31,15:45,0.0,17.0147,17.0147,14.18,0.060317,120.0,100.0,0.0
2024-10-16,32,16:00,0.0,17.1381,17.1381,54.92,0.235306,120.0,100.0,0.0
2024-10-16,33,16:15,0.0,16.0793,16.0793,54.92,0.220769,120.0,100.0,0.0
2024-10-16,34,16:30,0.0,3.2115,3.2115,54.92,0.044094,120.0,100.0,0.0
2024-10-16,35,16:45,0.0,9.5021,9.5021,54.92,0.130464,80.0,140.0,0.0
2024-10-16,36,17:00,0.0,17.0147,17.0147,72.95,0.310305,80.0,140.0,0.0
2024-10-16,37,17:15,0.0,17.1381,17.1381,72.95,0.312556,80.0,140.0,0.0
2024-10-16,38,17:30,0.0,16.0793,16.0793,72.95,0.293246,80.0,140.0,0.0
2024-10-16,39,17:45,0.0,3.2115,3.2115,72.95,0.058569,80.0,140.0,0.0
2024-10-16,40,18:00,0.0,0.0,0.0,84.47,0.0,80.0,180.0,0.0
2024-10-16,41,18:15,0.0,0.0,0.0,84.47,0.0,80.0,180.0,0.0
2024-10-16,42,18:30,0.0,0.0,0.0,84.47,0.0,80.0,180.0,0.0
2024-10-16,43,18:45,0.0,0.0,0.0,84.47,0.0,80.0,180.0,0.0
2024-10-16,44,19:00,0.0,0.0,0.0,88.38,0.0,80.0,180.0,0.0
2024-10-16,45,19:15,0.0,0.0,0.0,88.38,0.0,80.0,180.0,0.0
2024-10-16,46,19:30,0.0,0.0,0.0,88.38,0.0,80.0,180.0,0.0
2024-10-16,47,19:45,0.0,0.0,0.0,88.38,0.0,80.0,180.0,0.0
2024-10-16,48,20:00,0.0,0.0,0.0,65.31,0.0,80.0,180.0,0.0
2024-10-16,49,20:15,0.0,0.0,0.0,65.31,0.0,80.0,180.0,0.0
2024-10-16,50,20:30,0.0,0.0,0.0,65.31,0.0,80.0,180.0,0.0
2024-10-16,51,20:45,0.0,0.0,0.0,65.31,0.0,80.0,180.0,0.0
2024-10-16,52,21:00,0.0,0.0,0.0,61.86,0.0,80.0,180.0,0.0
2024-10-16,53,21:15,0.0,0.0,0.0,61.86,0.0,80.0,180.0,0.0
2024-10-16,54,21:30,0.0,0.0,0.0,61.86,0.0,80.0,180.0,0.0
2024-10-16,55,21:45,0.0,0.0,0.0,61.86,0.0,80.0,60.0,120.0
2024-10-17,0,08:00,1.8638,9.5021,11.3659,92.53,0.262922,40.0,60.0,0.0
2024-10-17,1,08:15,6.7293,17.0147,23.744,92.53,0.549257,40.0,60.0,0.0
2024-10-17,2,08:30,5.9956,17.1381,23.1337,92.53,0.53514,40.0,60.0,0.0
2024-10-17,3,08:45,7.1179,16.0793,23.1972,92.53,0.536609,40.0,60.0,0.0
2024-10-17,4,09:00,6.1091,3.2115,9.3206,73.76,0.171871,40.0,60.0,0.0
2024-10-17,5,09:15,5.6324,9.5021,15.1345,73.76,0.279081,0.0,100.0,0.0
2024-10-17,6,09:30,5.8458,17.0147,22.8605,73.76,0.421547,0.0,100.0,0.0
2024-10-17,7,09:45,5.1816,17.1381,22.3197,73.76,0.411575,0.0,100.0,0.0
2024-10-17,8,10:00,6.7301,16.0793,22.8094,62.22,0.3548,0.0,100.0,0.0
2024-10-17,9,10:15,3.9878,3.2115,7.1993,62.22,0.111985,0.0,100.0,0.0
2024-10-17,10,10:30,1.8638,9.5021,11.3659,62.22,0.176797,60.0,140.0,0.0
2024-10-17,11,10:45,6.7293,17.0147,23.744,62.22,0.369337,60.0,140.0,0.0
2024-10-17,12,11:00,5.9956,17.1381,23.1337,52.02,0.300854,60.0,140.0,0.0
2024-10-17,13,11:15,7.1179,16.0793,23.1972,52.02,0.301679,60.0,140.0,0.0
2024-10-17,14,11:30,6.1091,3.2115,9.3206,52.02,0.121214,60.0,140.0,0.0
2024-10-17,15,11:45,5.6324,9.5021,15.1345,52.02,0.196825,20.0,180.0,0.0
2024-10-17,16,12:00,5.8458,17.0147,22.8605,46.54,0.265982,20.0,180.0,0.0
2024-10-17,17,12:15,5.1816,17.1381,22.3197,46.54,0.259689,20.0,180.0,0.0
2024-10-17,18,12:30,6.7301,16.0793,22.8094,46.54,0.265387,20.0,180.0,0.0
2024-10-17,19,12:45,3.9878,3.2115,7.1993,46.54,0.083764,20.0,180.0,0.0
2024-10-17,20,13:00,0.0,9.5021,9.5021,47.52,0.112885,80.0,220.0,0.0
2024-10-17,21,13:15,0.0,17.0147,17.0147,47.52,0.202134,80.0,220.0,0.0
2024-10-17,22,13:30,0.0,17.1381,17.1381,47.52,0.203601,80.0,220.0,0.0
2024-10-17,23,13:45,0.0,16.0793,16.0793,47.52,0.191022,80.0,220.0,0.0
2024-10-17,24,14:00,0.0,3.2115,3.2115,60.04,0.048204,80.0,220.0,0.0
2024-10-17,25,14:15,0.0,9.5021,9.5021,60.04,0.142626,40.0,260.0,0.0
2024-10-17,26,14:30,0.0,17.0147,17.0147,60.04,0.25539,40.0,260.0,0.0
2024-10-17,27,14:45,0.0,17.1381,17.1381,60.04,0.257243,40.0,260.0,0.0
2024-10-17,28,15:00,0.0,16.0793,16.0793,63.55,0.25546,40.0,110.0,150.0
2024-10-17,29,15:15,0.0,3.2115,3.2115,63.55,0.051022,40.0,110.0,0.0
2024-10-17,30,15:30,0.0,0.0,0.0,63.55,0.0,40.0,150.0,0.0
2024-10-17,31,15:45,0.0,0.0,0.0,63.55,0.0,40.0,150.0,0.0
2024-10-17,32,16:00,0.0,0.0,0.0,92.68,0.0,40.0,150.0,0.0
2024-10-17,33,16:15,0.0,0.0,0.0,92.68,0.0,40.0,150.0,0.0
2024-10-17,34,16:30,0.0,0.0,0.0,92.68,0.0,40.0,150.0,0.0
2024-10-17,35,16:45,0.0,0.0,0.0,92.68,0.0,40.0,150.0,0.0
2024-10-17,36,17:00,0.0,0.0,0.0,123.6,0.0,40.0,150.0,0.0
2024-10-17,37,17:15,0.0,0.0,0.0,123.6,0.0,40.0,150.0,0.0
2024-10-17,38,17:30,0.0,0.0,0.0,123.6,0.0,40.0,150.0,0.0
2024-10-17,39,17:45,0.0,0.0,0.0,123.6,0.0,40.0,150.0,0.0
2024-10-17,40,18:00,0.0,0.0,0.0,186.21,0.0,40.0,150.0,0.0
2024-10-17,41,18:15,0.0,0.0,0.0,186.21,0.0,40.0,150.0,0.0
2024-10-17,42,18:30,0.0,0.0,0.0,186.21,0.0,40.0,150.0,0.0
2024-10-17,43,18:45,0.0,0.0,0.0,186.21,0.0,40.0,150.0,0.0
2024-10-17,44,19:00,0.0,0.0,0.0,172.19,0.0,40.0,150.0,0.0
2024-10-17,45,19:15,0.0,0.0,0.0,172.19,0.0,40.0,150.0,0.0
2024-10-17,46,19:30,0.0,0.0,0.0,172.19,0.0,40.0,150.0,0.0
2024-10-17,47,19:45,0.0,0.0,0.0,172.19,0.0,40.0,150.0,0.0
2024-10-17,48,20:00,0.0,0.0,0.0,117.5,0.0,40.0,150.0,0.0
2024-10-17,49,20:15,0.0,0.0,0.0,117.5,0.0,40.0,150.0,0.0
2024-10-17,50,20:30,0.0,0.0,0.0,117.5,0.0,40.0,150.0,0.0
2024-10-17,51,20:45,0.0,0.0,0.0,117.5,0.0,40.0,150.0,0.0
2024-10-17,52,21:00,0.0,0.0,0.0,97.81,0.0,40.0,150.0,0.0
2024-10-17,53,21:15,0.0,0.0,0.0,97.81,0.0,40.0,150.0,0.0
2024-10-17,54,21:30,0.0,0.0,0.0,97.81,0.0,40.0,150.0,0.0
2024-10-17,55,21:45,0.0,0.0,0.0,97.81,0.0,40.0,20.0,130.0
2024-10-18,0,08:00,1.8638,9.5021,11.3659,156.24,0.443953,0.0,20.0,0.0
2024-10-18,1,08:15,6.7293,17.0147,23.744,156.24,0.927439,0.0,20.0,0.0
2024-10-18,2,08:30,5.9956,17.1381,23.1337,156.24,0.903602,0.0,20.0,0.0
2024-10-18,3,08:45,7.1179,16.0793,23.1972,156.24,0.906082,0.0,20.0,0.0
2024-10-18,4,09:00,6.1091,3.2115,9.3206,111.0,0.258646,0.0,20.0,0.0
2024-10-18,5,09:15,5.6324,0.0,5.6324,111.0,0.1563,0.0,60.0,0.0
2024-10-18,6,09:30,5.8458,0.0,5.8458,111.0,0.162221,0.0,60.0,0.0
2024-10-18,7,09:45,5.1816,0.0,5.1816,111.0,0.143789,0.0,60.0,0.0
2024-10-18,8,10:00,6.7301,0.0,6.7301,95.76,0.161119,0.0,60.0,0.0
2024-10-18,9,10:15,3.9878,0.0,3.9878,95.76,0.095468,0.0,60.0,0.0
2024-10-18,10,10:30,1.8638,9.5021,11.3659,95.76,0.2721,60.0,60.0,0.0
2024-10-18,11,10:45,6.7293,17.0147,23.744,95.76,0.56843,60.0,60.0,0.0
2024-10-18,12,11:00,5.9956,17.1381,23.1337,85.3,0.493326,60.0,60.0,0.0
2024-10-18,13,11:15,7.1179,16.0793,23.1972,85.3,0.49468,60.0,60.0,0.0
2024-10-18,14,11:30,6.1091,3.2115,9.3206,85.3,0.198761,60.0,60.0,0.0
2024-10-18,15,11:45,5.6324,9.5021,15.1345,85.3,0.322744,20.0,100.0,0.0
2024-10-18,16,12:00,5.8458,17.0147,22.8605,82.96,0.474126,20.0,100.0,0.0
2024-10-18,17,12:15,5.1816,17.1381,22.3197,82.96,0.46291,20.0,100.0,0.0
2024-10-18,18,12:30,6.7301,16.0793,22.8094,82.96,0.473067,20.0,100.0,0.0
2024-10-18,19,12:45,3.9878,3.2115,7.1993,82.96,0.149313,20.0,100.0,0.0
2024-10-18,20,13:00,0.0,9.5021,9.5021,80.2,0.190517,80.0,140.0,0.0
2024-10-18,21,13:15,0.0,17.0147,17.0147,80.2,0.341144,80.0,140.0,0.0
2024-10-18,22,13:30,0.0,17.1381,17.1381,80.2,0.343619,80.0,140.0,0.0
2024-10-18,23,13:45,0.0,16.0793,16.0793,80.2,0.32239,80.0,140.0,0.0
2024-10-18,24,14:00,0.0,3.2115,3.2115,81.19,0.065185,80.0,140.0,0.0
2024-10-18,25,14:15,0.0,9.5021,9.5021,81.19,0.192869,40.0,180.0,0.0
2024-10-18,26,14:30,0.0,17.0147,17.0147,81.19,0.345355,40.0,180.0,0.0
2024-10-18,27,14:45,0.0,17.1381,17.1381,81.19,0.34786,40.0,180.0,0.0
2024-10-18,28,15:00,0.0,16.0793,16.0793,84.34,0.339032,40.0,50.0,130.0
2024-10-18,29,15:15,0.0,3.2115,3.2115,84.34,0.067714,40.0,50.0,0.0
2024-10-18,30,15:30,0.0,0.0,0.0,84.34,0.0,40.0,90.0,0.0
2024-10-18,31,15:45,0.0,0.0,0.0,84.34,0.0,40.0,90.0,0.0
2024-10-18,32,16:00,0.0,0.0,0.0,103.29,0.0,40.0,90.0,0.0
2024-10-18,33,16:15,0.0,0.0,0.0,103.29,0.0,40.0,90.0,0.0
2024-10-18,34,16:30,0.0,0.0,0.0,103.29,0.0,40.0,90.0,0.0
2024-10-18,35,16:45,0.0,0.0,0.0,103.29,0.0,40.0,90.0,0.0
2024-10-18,36,17:00,0.0,0.0,0.0,133.67,0.0,40.0,90.0,0.0
2024-10-18,37,17:15,0.0,0.0,0.0,133.67,0.0,40.0,90.0,0.0
2024-10-18,38,17:30,0.0,0.0,0.0,133.67,0.0,40.0,90.0,0.0
2024-10-18,39,17:45,0.0,0.0,0.0,133.67,0.0,40.0,90.0,0.0
2024-10-18,40,18:00,0.0,0.0,0.0,181.28,0.0,40.0,90.0,0.0
2024-10-18,41,18:15,0.0,0.0,0.0,181.28,0.0,40.0,90.0,0.0
2024-10-18,42,18:30,0.0,0.0,0.0,181.28,0.0,40.0,90.0,0.0
2024-10-18,43,18:45,0.0,0.0,0.0,181.28,0.0,40.0,90.0,0.0
2024-10-18,44,19:00,0.0,0.0,0.0,142.58,0.0,40.0,90.0,0.0
2024-10-18,45,19:15,0.0,0.0,0.0,142.58,0.0,40.0,90.0,0.0
2024-10-18,46,19:30,0.0,0.0,0.0,142.58,0.0,40.0,90.0,0.0
2024-10-18,47,19:45,0.0,0.0,0.0,142.58,0.0,40.0,90.0,0.0
2024-10-18,48,20:00,0.0,0.0,0.0,103.25,0.0,40.0,90.0,0.0
2024-10-18,49,20:15,0.0,0.0,0.0,103.25,0.0,40.0,90.0,0.0
2024-10-18,50,20:30,0.0,0.0,0.0,103.25,0.0,40.0,90.0,0.0
2024-10-18,51,20:45,0.0,0.0,0.0,103.25,0.0,40.0,90.0,0.0
2024-10-18,52,21:00,0.0,0.0,0.0,96.83,0.0,40.0,90.0,0.0
2024-10-18,53,21:15,0.0,0.0,0.0,96.83,0.0,40.0,90.0,0.0
2024-10-18,54,21:30,0.0,0.0,0.0,96.83,0.0,40.0,90.0,0.0
2024-10-18,55,21:45,0.0,0.0,0.0,96.83,0.0,40.0,10.0,80.0
2024-10-21,0,08:00,1.8638,9.5021,11.3659,120.39,0.342086,0.0,10.0,0.0
2024-10-21,1,08:15,6.7293,17.0147,23.744,120.39,0.714634,0.0,10.0,0.0
2024-10-21,2,08:30,5.9956,17.1381,23.1337,120.39,0.696266,0.0,10.0,0.0
2024-10-21,3,08:45,7.1179,16.0793,23.1972,120.39,0.698177,0.0,10.0,0.0
2024-10-21,4,09:00,6.1091,3.2115,9.3206,103.9,0.242102,0.0,10.0,0.0
2024-10-21,5,09:15,5.6324,0.0,5.6324,103.9,0.146303,0.0,50.0,0.0
2024-10-21,6,09:30,5.8458,0.0,5.8458,103.9,0.151845,0.0,50.0,0.0
2024-10-21,7,09:45,5.1816,0.0,5.1816,103.9,0.134591,0.0,50.0,0.0
2024-10-21,8,10:00,6.7301,0.0,6.7301,89.04,0.149812,0.0,50.0,0.0
2024-10-21,9,10:15,3.9878,0.0,3.9878,89.04,0.088768,0.0,50.0,0.0
2024-10-21,10,10:30,1.8638,9.5021,11.3659,89.04,0.253006,60.0,50.0,0.0
2024-10-21,11,10:45,6.7293,17.0147,23.744,89.04,0.52854,60.0,50.0,0.0
2024-10-21,12,11:00,5.9956,17.1381,23.1337,81.03,0.468631,60.0,50.0,0.0
2024-10-21,13,11:15,7.1179,16.0793,23.1972,81.03,0.469917,60.0,50.0,0.0
2024-10-21,14,11:30,6.1091,3.2115,9.3206,81.03,0.188811,60.0,50.0,0.0
2024-10-21,15,11:45,5.6324,9.5021,15.1345,81.03,0.306588,20.0,90.0,0.0
2024-10-21,16,12:00,5.8458,17.0147,22.8605,73.19,0.41829,20.0,90.0,0.0
2024-10-21,17,12:15,5.1816,17.1381,22.3197,73.19,0.408394,20.0,90.0,0.0
2024-10-21,18,12:30,6.7301,16.0793,22.8094,73.19,0.417355,20.0,90.0,0.0
2024-10-21,19,12:45,3.9878,3.2115,7.1993,73.19,0.131729,20.0,90.0,0.0
2024-10-21,20,13:00,0.0,9.5021,9.5021,81.36,0.193273,80.0,130.0,0.0
2024-10-21,21,13:15,0.0,17.0147,17.0147,81.36,0.346078,80.0,130.0,0.0
2024-10-21,22,13:30,0.0,17.1381,17.1381,81.36,0.348589,80.0,130.0,0.0
2024-10-21,23,13:45,0.0,16.0793,16.0793,81.36,0.327053,80.0,130.0,0.0
2024-10-21,24,14:00,0.0,3.2115,3.2115,81.65,0.065554,80.0,130.0,0.0
2024-10-21,25,14:15,0.0,0.0,0.0,81.65,0.0,80.0,170.0,0.0
2024-10-21,26,14:30,0.0,0.0,0.0,81.65,0.0,80.0,170.0,0.0
2024-10-21,27,14:45,0.0,0.0,0.0,81.65,0.0,80.0,170.0,0.0
2024-10-21,28,15:00,0.0,0.0,0.0,98.59,0.0,80.0,170.0,0.0
2024-10-21,29,15:15,0.0,0.0,0.0,98.59,0.0,80.0,170.0,0.0
2024-10-21,30,15:30,0.0,0.0,0.0,98.59,0.0,80.0,170.0,0.0
2024-10-21,31,15:45,0.0,0.0,0.0,98.59,0.0,80.0,170.0,0.0
2024-10-21,32,16:00,0.0,0.0,0.0,123.5,0.0,80.0,170.0,0.0
2024-10-21,33,16:15,0.0,0.0,0.0,123.5,0.0,80.0,170.0,0.0
2024-10-21,34,16:30,0.0,0.0,0.0,123.5,0.0,80.0,170.0,0.0
2024-10-21,35,16:45,0.0,0.0,0.0,123.5,0.0,80.0,170.0,0.0
2024-10-21,36,17:00,0.0,0.0,0.0,131.54,0.0,80.0,170.0,0.0
2024-10-21,37,17:15,0.0,0.0,0.0,131.54,0.0,80.0,170.0,0.0
2024-10-21,38,17:30,0.0,0.0,0.0,131.54,0.0,80.0,170.0,0.0
2024-10-21,39,17:45,0.0,0.0,0.0,131.54,0.0,80.0,170.0,0.0
2024-10-21,40,18:00,0.0,0.0,0.0,222.11,0.0,80.0,170.0,0.0
2024-10-21,41,18:15,0.0,0.0,0.0,222.11,0.0,80.0,170.0,0.0
2024-10-21,42,18:30,0.0,0.0,0.0,222.11,0.0,80.0,170.0,0.0
2024-10-21,43,18:45,0.0,0.0,0.0,222.11,0.0,80.0,170.0,0.0
2024-10-21,44,19:00,0.0,0.0,0.0,190.87,0.0,80.0,170.0,0.0
2024-10-21,45,19:15,0.0,0.0,0.0,190.87,0.0,80.0,170.0,0.0
2024-10-21,46,19:30,0.0,0.0,0.0,190.87,0.0,80.0,170.0,0.0
2024-10-21,47,19:45,0.0,0.0,0.0,190.87,0.0,80.0,170.0,0.0
2024-10-21,48,20:00,0.0,0.0,0.0,128.44,0.0,80.0,170.0,0.0
2024-10-21,49,20:15,0.0,0.0,0.0,128.44,0.0,80.0,170.0,0.0
2024-10-21,50,20:30,0.0,0.0,0.0,128.44,0.0,80.0,170.0,0.0
2024-10-21,51,20:45,0.0,0.0,0.0,128.44,0.0,80.0,170.0,0.0
2024-10-21,52,21:00,0.0,0.0,0.0,102.0,0.0,80.0,170.0,0.0
2024-10-21,53,21:15,0.0,0.0,0.0,102.0,0.0,80.0,170.0,0.0
2024-10-21,54,21:30,0.0,0.0,0.0,102.0,0.0,80.0,170.0,0.0
2024-10-21,55,21:45,0.0,0.0,0.0,102.0,0.0,80.0,20.0,150.0
2024-10-22,0,08:00,1.8638,9.5021,11.3659,170.12,0.483393,40.0,20.0,0.0
2024-10-22,1,08:15,6.7293,17.0147,23.744,170.12,1.00983,40.0,20.0,0.0
2024-10-22,2,08:30,5.9956,17.1381,23.1337,170.12,0.983875,40.0,20.0,0.0
2024-10-22,3,08:45,7.1179,16.0793,23.1972,170.12,0.986576,40.0,20.0,0.0
2024-10-22,4,09:00,6.1091,3.2115,9.3206,113.44,0.264331,40.0,20.0,0.0
2024-10-22,5,09:15,5.6324,9.5021,15.1345,113.44,0.429216,0.0,60.0,0.0
2024-10-22,6,09:30,5.8458,17.0147,22.8605,113.44,0.648323,0.0,60.0,0.0
2024-10-22,7,09:45,5.1816,17.1381,22.3197,113.44,0.632986,0.0,60.0,0.0
2024-10-22,8,10:00,6.7301,16.0793,22.8094,99.22,0.565787,0.0,60.0,0.0
2024-10-22,9,10:15,3.9878,3.2115,7.1993,99.22,0.178578,0.0,60.0,0.0
2024-10-22,10,10:30,1.8638,9.5021,11.3659,99.22,0.281932,60.0,100.0,0.0
2024-10-22,11,10:45,6.7293,17.0147,23.744,99.22,0.588969,60.0,100.0,0.0
2024-10-22,12,11:00,5.9956,17.1381,23.1337,87.75,0.507495,60.0,100.0,0.0
2024-10-22,13,11:15,7.1179,16.0793,23.1972,87.75,0.508888,60.0,100.0,0.0
2024-10-22,14,11:30,6.1091,3.2115,9.3206,87.75,0.20447,60.0,100.0,0.0
2024-10-22,15,11:45,5.6324,9.5021,15.1345,87.75,0.332014,20.0,140.0,0.0
2024-10-22,16,12:00,5.8458,17.0147,22.8605,77.11,0.440693,20.0,140.0,0.0
2024-10-22,17,12:15,5.1816,17.1381,22.3197,77.11,0.430267,20.0,140.0,0.0
2024-10-22,18,12:30,6.7301,16.0793,22.8094,77.11,0.439708,20.0,140.0,0.0
2024-10-22,19,12:45,3.9878,3.2115,7.1993,77.11,0.138784,20.0,140.0,0.0
2024-10-22,20,13:00,0.0,9.5021,9.5021,70.88,0.168377,80.0,180.0,0.0
2024-10-22,21,13:15,0.0,17.0147,17.0147,70.88,0.3015,80.0,180.0,0.0
2024-10-22,22,13:30,0.0,17.1381,17.1381,70.88,0.303687,80.0,180.0,0.0
2024-10-22,23,13:45,0.0,16.0793,16.0793,70.88,0.284925,80.0,180.0,0.0
2024-10-22,24,14:00,0.0,3.2115,3.2115,73.53,0.059035,80.0,180.0,0.0
2024-10-22,25,14:15,0.0,0.0,0.0,73.53,0.0,80.0,220.0,0.0
2024-10-22,26,14:30,0.0,0.0,0.0,73.53,0.0,80.0,220.0,0.0
2024-10-22,27,14:45,0.0,0.0,0.0,73.53,0.0,80.0,220.0,0.0
2024-10-22,28,15:00,0.0,0.0,0.0,87.08,0.0,80.0,220.0,0.0
2024-10-22,29,15:15,0.0,0.0,0.0,87.08,0.0,80.0,220.0,0.0
2024-10-22,30,15:30,0.0,0.0,0.0,87.08,0.0,80.0,220.0,0.0
2024-10-22,31,15:45,0.0,0.0,0.0,87.08,0.0,80.0,220.0,0.0
2024-10-22,32,16:00,0.0,0.0,0.0,107.45,0.0,80.0,220.0,0.0
2024-10-22,33,16:15,0.0,0.0,0.0,107.45,0.0,80.0,220.0,0.0
2024-10-22,34,16:30,0.0,0.0,0.0,107.45,0.0,80.0,220.0,0.0
2024-10-22,35,16:45,0.0,0.0,0.0,107.45,0.0,80.0,220.0,0.0
2024-10-22,36,17:00,0.0,0.0,0.0,109.97,0.0,80.0,220.0,0.0
2024-10-22,37,17:15,0.0,0.0,0.0,109.97,0.0,80.0,220.0,0.0
2024-10-22,38,17:30,0.0,0.0,0.0,109.97,0.0,80.0,220.0,0.0
2024-10-22,39,17:45,0.0,0.0,0.0,109.97,0.0,80.0,220.0,0.0
2024-10-22,40,18:00,0.0,0.0,0.0,140.36,0.0,80.0,220.0,0.0
2024-10-22,41,18:15,0.0,0.0,0.0,140.36,0.0,80.0,220.0,0.0
2024-10-22,42,18:30,0.0,0.0,0.0,140.36,0.0,80.0,220.0,0.0
2024-10-22,43,18:45,0.0,0.0,0.0,140.36,0.0,80.0,220.0,0.0
2024-10-22,44,19:00,0.0,0.0,0.0,157.75,0.0,80.0,220.0,0.0
2024-10-22,45,19:15,0.0,0.0,0.0,157.75,0.0,80.0,220.0,0.0
2024-10-22,46,19:30,0.0,0.0,0.0,157.75,0.0,80.0,220.0,0.0
2024-10-22,47,19:45,0.0,0.0,0.0,157.75,0.0,80.0,220.0,0.0
2024-10-22,48,20:00,0.0,0.0,0.0,114.02,0.0,80.0,220.0,0.0
2024-10-22,49,20:15,0.0,0.0,0.0,114.02,0.0,80.0,220.0,0.0
2024-10-22,50,20:30,0.0,0.0,0.0,114.02,0.0,80.0,220.0,0.0
2024-10-22,51,20:45,0.0,0.0,0.0,114.02,0.0,80.0,220.0,0.0
2024-10-22,52,21:00,0.0,0.0,0.0,99.4,0.0,80.0,220.0,0.0
2024-10-22,53,21:15,0.0,0.0,0.0,99.4,0.0,80.0,220.0,0.0
2024-10-22,54,21:30,0.0,0.0,0.0,99.4,0.0,80.0,220.0,0.0
2024-10-22,55,21:45,0.0,0.0,0.0,99.4,0.0,80.0,70.0,150.0
2024-10-23,0,08:00,1.8638,9.5021,11.3659,183.13,0.520361,40.0,70.0,0.0
2024-10-23,1,08:15,6.7293,17.0147,23.744,183.13,1.087058,40.0,70.0,0.0
2024-10-23,2,08:30,5.9956,17.1381,23.1337,183.13,1.059118,40.0,70.0,0.0
2024-10-23,3,08:45,7.1179,16.0793,23.1972,183.13,1.062025,40.0,70.0,0.0
2024-10-23,4,09:00,6.1091,3.2115,9.3206,128.42,0.299237,40.0,70.0,0.0
2024-10-23,5,09:15,5.6324,9.5021,15.1345,128.42,0.485894,0.0,110.0,0.0
2024-10-23,6,09:30,5.8458,17.0147,22.8605,128.42,0.733936,0.0,110.0,0.0
2024-10-23,7,09:45,5.1816,17.1381,22.3197,128.42,0.716573,0.0,110.0,0.0
2024-10-23,8,10:00,6.7301,16.0793,22.8094,104.1,0.593614,0.0,110.0,0.0
2024-10-23,9,10:15,3.9878,3.2115,7.1993,104.1,0.187361,0.0,110.0,0.0
2024-10-23,10,10:30,1.8638,9.5021,11.3659,104.1,0.295798,60.0,150.0,0.0
2024-10-23,11,10:45,6.7293,17.0147,23.744,104.1,0.617936,60.0,150.0,0.0
2024-10-23,12,11:00,5.9956,17.1381,23.1337,93.86,0.542832,60.0,150.0,0.0
2024-10-23,13,11:15,7.1179,16.0793,23.1972,93.86,0.544322,60.0,150.0,0.0
2024-10-23,14,11:30,6.1091,3.2115,9.3206,93.86,0.218707,60.0,150.0,0.0
2024-10-23,15,11:45,5.6324,9.5021,15.1345,93.86,0.355132,20.0,190.0,0.0
2024-10-23,16,12:00,5.8458,17.0147,22.8605,85.62,0.489329,20.0,190.0,0.0
2024-10-23,17,12:15,5.1816,17.1381,22.3197,85.62,0.477752,20.0,190.0,0.0
2024-10-23,18,12:30,6.7301,16.0793,22.8094,85.62,0.488235,20.0,190.0,0.0
2024-10-23,19,12:45,3.9878,3.2115,7.1993,85.62,0.154101,20.0,190.0,0.0
2024-10-23,20,13:00,0.0,9.5021,9.5021,80.99,0.192394,80.0,230.0,0.0
2024-10-23,21,13:15,0.0,17.0147,17.0147,80.99,0.344505,80.0,230.0,0.0
2024-10-23,22,13:30,0.0,17.1381,17.1381,80.99,0.347004,80.0,230.0,0.0
2024-10-23,23,13:45,0.0,16.0793,16.0793,80.99,0.325565,80.0,230.0,0.0
2024-10-23,24,14:00,0.0,3.2115,3.2115,78.97,0.063403,80.0,230.0,0.0
2024-10-23,25,14:15,0.0,9.5021,9.5021,78.97,0.187595,40.0,270.0,0.0
2024-10-23,26,14:30,0.0,17.0147,17.0147,78.97,0.335912,40.0,270.0,0.0
2024-10-23,27,14:45,0.0,17.1381,17.1381,78.97,0.338349,40.0,270.0,0.0
2024-10-23,28,15:00,0.0,16.0793,16.0793,88.62,0.356236,40.0,110.0,160.0
2024-10-23,29,15:15,0.0,3.2115,3.2115,88.62,0.07115,40.0,110.0,0.0
2024-10-23,30,15:30,0.0,0.0,0.0,88.62,0.0,40.0,150.0,0.0
2024-10-23,31,15:45,0.0,0.0,0.0,88.62,0.0,40.0,150.0,0.0
2024-10-23,32,16:00,0.0,0.0,0.0,101.9,0.0,40.0,150.0,0.0
2024-10-23,33,16:15,0.0,0.0,0.0,101.9,0.0,40.0,150.0,0.0
2024-10-23,34,16:30,0.0,0.0,0.0,101.9,0.0,40.0,150.0,0.0
2024-10-23,35,16:45,0.0,0.0,0.0,101.9,0.0,40.0,150.0,0.0
2024-10-23,36,17:00,0.0,0.0,0.0,147.15,0.0,40.0,150.0,0.0
2024-10-23,37,17:15,0.0,0.0,0.0,147.15,0.0,40.0,150.0,0.0
2024-10-23,38,17:30,0.0,0.0,0.0,147.15,0.0,40.0,150.0,0.0
2024-10-23,39,17:45,0.0,0.0,0.0,147.15,0.0,40.0,150.0,0.0
2024-10-23,40,18:00,0.0,0.0,0.0,218.18,0.0,40.0,150.0,0.0
2024-10-23,41,18:15,0.0,0.0,0.0,218.18,0.0,40.0,150.0,0.0
2024-10-23,42,18:30,0.0,0.0,0.0,218.18,0.0,40.0,150.0,0.0
2024-10-23,43,18:45,0.0,0.0,0.0,218.18,0.0,40.0,150.0,0.0
2024-10-23,44,19:00,0.0,0.0,0.0,177.6,0.0,40.0,150.0,0.0
2024-10-23,45,19:15,0.0,0.0,0.0,177.6,0.0,40.0,150.0,0.0
2024-10-23,46,19:30,0.0,0.0,0.0,177.6,0.0,40.0,150.0,0.0
2024-10-23,47,19:45,0.0,0.0,0.0,177.6,0.0,40.0,150.0,0.0
2024-10-23,48,20:00,0.0,0.0,0.0,111.71,0.0,40.0,150.0,0.0
2024-10-23,49,20:15,0.0,0.0,0.0,111.71,0.0,40.0,150.0,0.0
2024-10-23,50,20:30,0.0,0.0,0.0,111.71,0.0,40.0,150.0,0.0
2024-10-23,51,20:45,0.0,0.0,0.0,111.71,0.0,40.0,150.0,0.0
2024-10-23,52,21:00,0.0,0.0,0.0,101.51,0.0,40.0,150.0,0.0
2024-10-23,53,21:15,0.0,0.0,0.0,101.51,0.0,40.0,150.0,0.0
2024-10-23,54,21:30,0.0,0.0,0.0,101.51,0.0,40.0,150.0,0.0
2024-10-23,55,21:45,0.0,0.0,0.0,101.51,0.0,40.0,20.0,130.0
2024-10-24,0,08:00,1.8638,9.5021,11.3659,171.27,0.486661,0.0,20.0,0.0
2024-10-24,1,08:15,6.7293,17.0147,23.744,171.27,1.016657,0.0,20.0,0.0
2024-10-24,2,08:30,5.9956,17.1381,23.1337,171.27,0.990526,0.0,20.0,0.0
2024-10-24,3,08:45,7.1179,16.0793,23.1972,171.27,0.993245,0.0,20.0,0.0
2024-10-24,4,09:00,6.1091,3.2115,9.3206,117.3,0.273325,0.0,20.0,0.0
2024-10-24,5,09:15,5.6324,0.0,5.6324,117.3,0.165171,0.0,60.0,0.0
2024-10-24,6,09:30,5.8458,0.0,5.8458,117.3,0.171428,0.0,60.0,0.0
2024-10-24,7,09:45,5.1816,0.0,5.1816,117.3,0.15195,0.0,60.0,0.0
2024-10-24,8,10:00,6.7301,0.0,6.7301,101.91,0.171466,0.0,60.0,0.0
2024-10-24,9,10:15,3.9878,0.0,3.9878,101.91,0.101599,0.0,60.0,0.0
2024-10-24,10,10:30,1.8638,9.5021,11.3659,101.91,0.289576,60.0,60.0,0.0
2024-10-24,11,10:45,6.7293,17.0147,23.744,101.91,0.604937,60.0,60.0,0.0
2024-10-24,12,11:00,5.9956,17.1381,23.1337,93.05,0.538147,60.0,60.0,0.0
2024-10-24,13,11:15,7.1179,16.0793,23.1972,93.05,0.539624,60.0,60.0,0.0
2024-10-24,14,11:30,6.1091,3.2115,9.3206,93.05,0.21682,60.0,60.0,0.0
2024-10-24,15,11:45,5.6324,9.5021,15.1345,93.05,0.352067,20.0,100.0,0.0
2024-10-24,16,12:00,5.8458,17.0147,22.8605,83.96,0.479842,20.0,100.0,0.0
2024-10-24,17,12:15,5.1816,17.1381,22.3197,83.96,0.46849,20.0,100.0,0.0
2024-10-24,18,12:30,6.7301,16.0793,22.8094,83.96,0.478769,20.0,100.0,0.0
2024-10-24,19,12:45,3.9878,3.2115,7.1993,83.96,0.151113,20.0,100.0,0.0
2024-10-24,20,13:00,1.8638,9.5021,11.3659,79.15,0.224903,80.0,140.0,0.0
2024-10-24,21,13:15,6.7293,17.0147,23.744,79.15,0.469833,80.0,140.0,0.0
2024-10-24,22,13:30,5.9956,17.1381,23.1337,79.15,0.457758,80.0,140.0,0.0
2024-10-24,23,13:45,7.1179,16.0793,23.1972,79.15,0.459014,80.0,140.0,0.0
2024-10-24,24,14:00,6.1091,3.2115,9.3206,81.51,0.18993,80.0,140.0,0.0
2024-10-24,25,14:15,5.6324,9.5021,15.1345,81.51,0.308404,40.0,180.0,0.0
2024-10-24,26,14:30,5.8458,17.0147,22.8605,81.51,0.46584,40.0,180.0,0.0
2024-10-24,27,14:45,5.1816,17.1381,22.3197,81.51,0.454819,40.0,180.0,0.0
2024-10-24,28,15:00,6.7301,16.0793,22.8094,95.7,0.545714,40.0,30.0,150.0
2024-10-24,29,15:15,3.9878,3.2115,7.1993,95.7,0.172243,40.0,30.0,0.0
2024-10-24,30,15:30,0.0,9.5021,9.5021,95.7,0.227338,100.0,70.0,0.0
2024-10-24,31,15:45,0.0,17.0147,17.0147,95.7,0.407076,100.0,70.0,0.0
2024-10-24,32,16:00,0.0,17.1381,17.1381,116.17,0.497733,100.0,70.0,0.0
2024-10-24,33,16:15,0.0,16.0793,16.0793,116.17,0.466982,100.0,70.0,0.0
2024-10-24,34,16:30,0.0,3.2115,3.2115,116.17,0.09327,100.0,70.0,0.0
2024-10-24,35,16:45,0.0,9.5021,9.5021,116.17,0.275965,60.0,110.0,0.0
2024-10-24,36,17:00,0.0,17.0147,17.0147,129.9,0.552552,60.0,110.0,0.0
2024-10-24,37,17:15,0.0,17.1381,17.1381,129.9,0.55656,60.0,110.0,0.0
2024-10-24,38,17:30,0.0,16.0793,16.0793,129.9,0.522175,60.0,110.0,0.0
2024-10-24,39,17:45,0.0,3.2115,3.2115,129.9,0.104293,60.0,110.0,0.0
2024-10-24,40,18:00,0.0,0.0,0.0,141.53,0.0,60.0,150.0,0.0
2024-10-24,41,18:15,0.0,0.0,0.0,141.53,0.0,60.0,150.0,0.0
2024-10-24,42,18:30,0.0,0.0,0.0,141.53,0.0,60.0,150.0,0.0
2024-10-24,43,18:45,0.0,0.0,0.0,141.53,0.0,60.0,150.0,0.0
2024-10-24,44,19:00,0.0,0.0,0.0,114.19,0.0,60.0,150.0,0.0
2024-10-24,45,19:15,0.0,0.0,0.0,114.19,0.0,60.0,150.0,0.0
2024-10-24,46,19:30,0.0,0.0,0.0,114.19,0.0,60.0,150.0,0.0
2024-10-24,47,19:45,0.0,0.0,0.0,114.19,0.0,60.0,150.0,0.0
2024-10-24,48,20:00,0.0,0.0,0.0,96.61,0.0,60.0,150.0,0.0
2024-10-24,49,20:15,0.0,0.0,0.0,96.61,0.0,60.0,150.0,0.0
2024-10-24,50,20:30,0.0,0.0,0.0,96.61,0.0,60.0,150.0,0.0
2024-10-24,51,20:45,0.0,0.0,0.0,96.61,0.0,60.0,150.0,0.0
2024-10-24,52,21:00,0.0,0.0,0.0,93.64,0.0,60.0,150.0,0.0
2024-10-24,53,21:15,0.0,0.0,0.0,93.64,0.0,60.0,150.0,0.0
2024-10-24,54,21:30,0.0,0.0,0.0,93.64,0.0,60.0,150.0,0.0
2024-10-24,55,21:45,0.0,0.0,0.0,93.64,0.0,60.0,0.0,150.0
2024-10-25,0,08:00,1.8638,9.5021,11.3659,150.59,0.427899,20.0,0.0,0.0
2024-10-25,1,08:15,6.7293,17.0147,23.744,150.59,0.8939,20.0,0.0,0.0
2024-10-25,2,08:30,5.9956,17.1381,23.1337,150.59,0.870925,20.0,0.0,0.0
2024-10-25,3,08:45,7.1179,16.0793,23.1972,150.59,0.873316,20.0,0.0,0.0
2024-10-25,4,09:00,6.1091,3.2115,9.3206,122.43,0.285279,20.0,0.0,0.0
2024-10-25,5,09:15,5.6324,0.0,5.6324,122.43,0.172395,20.0,40.0,0.0
2024-10-25,6,09:30,5.8458,0.0,5.8458,122.43,0.178926,20.0,40.0,0.0
2024-10-25,7,09:45,5.1816,0.0,5.1816,122.43,0.158595,20.0,40.0,0.0
2024-10-25,8,10:00,6.7301,0.0,6.7301,108.15,0.181965,20.0,40.0,0.0
2024-10-25,9,10:15,3.9878,0.0,3.9878,108.15,0.10782,20.0,40.0,0.0
2024-10-25,10,10:30,1.8638,9.5021,11.3659,108.15,0.307306,80.0,40.0,0.0
2024-10-25,11,10:45,6.7293,17.0147,23.744,108.15,0.641977,80.0,40.0,0.0
2024-10-25,12,11:00,5.9956,17.1381,23.1337,93.9,0.543063,80.0,40.0,0.0
2024-10-25,13,11:15,7.1179,16.0793,23.1972,93.9,0.544554,80.0,40.0,0.0
2024-10-25,14,11:30,6.1091,3.2115,9.3206,93.9,0.2188,80.0,40.0,0.0
2024-10-25,15,11:45,5.6324,9.5021,15.1345,93.9,0.355283,40.0,80.0,0.0
2024-10-25,16,12:00,5.8458,17.0147,22.8605,81.08,0.463382,40.0,80.0,0.0
2024-10-25,17,12:15,5.1816,17.1381,22.3197,81.08,0.45242,40.0,80.0,0.0
2024-10-25,18,12:30,6.7301,16.0793,22.8094,81.08,0.462346,40.0,80.0,0.0
2024-10-25,19,12:45,3.9878,3.2115,7.1993,81.08,0.14593,40.0,80.0,0.0
2024-10-25,20,13:00,1.8638,9.5021,11.3659,78.18,0.222147,100.0,120.0,0.0
2024-10-25,21,13:15,6.7293,17.0147,23.744,78.18,0.464076,100.0,120.0,0.0
2024-10-25,22,13:30,5.9956,17.1381,23.1337,78.18,0.452148,100.0,120.0,0.0
2024-10-25,23,13:45,7.1179,16.0793,23.1972,78.18,0.453389,100.0,120.0,0.0
2024-10-25,24,14:00,6.1091,3.2115,9.3206,82.47,0.192167,100.0,120.0,0.0
2024-10-25,25,14:15,5.6324,9.5021,15.1345,82.47,0.312036,60.0,160.0,0.0
2024-10-25,26,14:30,5.8458,17.0147,22.8605,82.47,0.471326,60.0,160.0,0.0
2024-10-25,27,14:45,5.1816,17.1381,22.3197,82.47,0.460176,60.0,160.0,0.0
2024-10-25,28,15:00,6.7301,16.0793,22.8094,99.33,0.566414,60.0,30.0,130.0
2024-10-25,29,15:15,3.9878,3.2115,7.1993,99.33,0.178776,60.0,30.0,0.0
2024-10-25,30,15:30,0.0,9.5021,9.5021,99.33,0.235961,120.0,70.0,0.0
2024-10-25,31,15:45,0.0,17.0147,17.0147,99.33,0.422517,120.0,70.0,0.0
2024-10-25,32,16:00,0.0,17.1381,17.1381,118.03,0.505702,120.0,70.0,0.0
2024-10-25,33,16:15,0.0,16.0793,16.0793,118.03,0.474459,120.0,70.0,0.0
2024-10-25,34,16:30,0.0,3.2115,3.2115,118.03,0.094763,120.0,70.0,0.0
2024-10-25,35,16:45,0.0,9.5021,9.5021,118.03,0.280383,80.0,110.0,0.0
2024-10-25,36,17:00,0.0,17.0147,17.0147,158.73,0.675185,80.0,110.0,0.0
2024-10-25,37,17:15,0.0,17.1381,17.1381,158.73,0.680082,80.0,110.0,0.0
2024-10-25,38,17:30,0.0,16.0793,16.0793,158.73,0.638066,80.0,110.0,0.0
2024-10-25,39,17:45,0.0,3.2115,3.2115,158.73,0.12744,80.0,110.0,0.0
2024-10-25,40,18:00,0.0,9.5021,9.5021,227.32,0.540004,40.0,150.0,0.0
2024-10-25,41,18:15,0.0,17.0147,17.0147,227.32,0.966944,40.0,150.0,0.0
2024-10-25,42,18:30,0.0,17.1381,17.1381,227.32,0.973958,40.0,150.0,0.0
2024-10-25,43,18:45,0.0,16.0793,16.0793,227.32,0.913785,40.0,150.0,0.0
2024-10-25,44,19:00,0.0,3.2115,3.2115,184.85,0.148411,40.0,150.0,0.0
2024-10-25,45,19:15,0.0,0.0,0.0,184.85,0.0,40.0,190.0,0.0
2024-10-25,46,19:30,0.0,0.0,0.0,184.85,0.0,40.0,190.0,0.0
2024-10-25,47,19:45,0.0,0.0,0.0,184.85,0.0,40.0,190.0,0.0
2024-10-25,48,20:00,0.0,0.0,0.0,123.86,0.0,40.0,190.0,0.0
2024-10-25,49,20:15,0.0,0.0,0.0,123.86,0.0,40.0,190.0,0.0
2024-10-25,50,20:30,0.0,0.0,0.0,123.86,0.0,40.0,190.0,0.0
2024-10-25,51,20:45,0.0,0.0,0.0,123.86,0.0,40.0,190.0,0.0
2024-10-25,52,21:00,0.0,0.0,0.0,116.29,0.0,40.0,190.0,0.0
2024-10-25,53,21:15,0.0,0.0,0.0,116.29,0.0,40.0,190.0,0.0
2024-10-25,54,21:30,0.0,0.0,0.0,116.29,0.0,40.0,190.0,0.0
2024-10-25,55,21:45,0.0,0.0,0.0,116.29,0.0,40.0,10.0,180.0
2024-10-28,0,08:00,1.8638,9.5021,11.3659,127.38,0.361948,0.0,10.0,0.0
2024-10-28,1,08:15,6.7293,17.0147,23.744,127.38,0.756126,0.0,10.0,0.0
2024-10-28,2,08:30,5.9956,17.1381,23.1337,127.38,0.736692,0.0,10.0,0.0
2024-10-28,3,08:45,7.1179,16.0793,23.1972,127.38,0.738714,0.0,10.0,0.0
2024-10-28,4,09:00,6.1091,3.2115,9.3206,116.18,0.270716,0.0,10.0,0.0
2024-10-28,5,09:15,5.6324,0.0,5.6324,116.18,0.163594,0.0,50.0,0.0
2024-10-28,6,09:30,5.8458,0.0,5.8458,116.18,0.169792,0.0,50.0,0.0
2024-10-28,7,09:45,5.1816,0.0,5.1816,116.18,0.150499,0.0,50.0,0.0
2024-10-28,8,10:00,6.7301,0.0,6.7301,97.61,0.164231,0.0,50.0,0.0
2024-10-28,9,10:15,3.9878,0.0,3.9878,97.61,0.097312,0.0,50.0,0.0
2024-10-28,10,10:30,1.8638,9.5021,11.3659,97.61,0.277357,60.0,50.0,0.0
2024-10-28,11,10:45,6.7293,17.0147,23.744,97.61,0.579412,60.0,50.0,0.0
2024-10-28,12,11:00,5.9956,17.1381,23.1337,98.31,0.568568,60.0,50.0,0.0
2024-10-28,13,11:15,7.1179,16.0793,23.1972,98.31,0.570129,60.0,50.0,0.0
2024-10-28,14,11:30,6.1091,3.2115,9.3206,98.31,0.229076,60.0,50.0,0.0
2024-10-28,15,11:45,5.6324,9.5021,15.1345,98.31,0.371969,20.0,90.0,0.0
2024-10-28,16,12:00,5.8458,17.0147,22.8605,94.93,0.542536,20.0,90.0,0.0
2024-10-28,17,12:15,5.1816,17.1381,22.3197,94.93,0.529701,20.0,90.0,0.0
2024-10-28,18,12:30,6.7301,16.0793,22.8094,94.93,0.541324,20.0,90.0,0.0
2024-10-28,19,12:45,3.9878,3.2115,7.1993,94.93,0.170857,20.0,90.0,0.0
2024-10-28,20,13:00,1.8638,9.5021,11.3659,101.33,0.287928,80.0,130.0,0.0
2024-10-28,21,13:15,6.7293,17.0147,23.744,101.33,0.601494,80.0,130.0,0.0
2024-10-28,22,13:30,5.9956,17.1381,23.1337,101.33,0.586034,80.0,130.0,0.0
2024-10-28,23,13:45,7.1179,16.0793,23.1972,101.33,0.587642,80.0,130.0,0.0
2024-10-28,24,14:00,6.1091,3.2115,9.3206,113.93,0.265473,80.0,130.0,0.0
2024-10-28,25,14:15,5.6324,9.5021,15.1345,113.93,0.43107,40.0,170.0,0.0
2024-10-28,26,14:30,5.8458,17.0147,22.8605,113.93,0.651124,40.0,170.0,0.0
2024-10-28,27,14:45,5.1816,17.1381,22.3197,113.93,0.63572,40.0,170.0,0.0
2024-10-28,28,15:00,6.7301,16.0793,22.8094,121.36,0.692037,40.0,30.0,140.0
2024-10-28,29,15:15,3.9878,3.2115,7.1993,121.36,0.218426,40.0,30.0,0.0
2024-10-28,30,15:30,1.8638,9.5021,11.3659,121.36,0.344842,100.0,70.0,0.0
2024-10-28,31,15:45,6.7293,17.0147,23.744,121.36,0.720392,100.0,70.0,0.0
2024-10-28,32,16:00,5.9956,17.1381,23.1337,124.2,0.718301,100.0,70.0,0.0
2024-10-28,33,16:15,7.1179,16.0793,23.1972,124.2,0.720272,100.0,70.0,0.0
2024-10-28,34,16:30,6.1091,3.2115,9.3206,124.2,0.289403,100.0,70.0,0.0
2024-10-28,35,16:45,5.6324,9.5021,15.1345,124.2,0.469927,60.0,110.0,0.0
2024-10-28,36,17:00,5.8458,17.0147,22.8605,141.11,0.806461,60.0,110.0,0.0
2024-10-28,37,17:15,5.1816,17.1381,22.3197,141.11,0.787382,60.0,110.0,0.0
2024-10-28,38,17:30,6.7301,16.0793,22.8094,141.11,0.804658,60.0,110.0,0.0
2024-10-28,39,17:45,3.9878,3.2115,7.1993,141.11,0.253973,60.0,110.0,0.0
2024-10-28,40,18:00,0.0,9.5021,9.5021,148.8,0.353478,120.0,150.0,0.0
2024-10-28,41,18:15,0.0,17.0147,17.0147,148.8,0.632946,120.0,150.0,0.0
2024-10-28,42,18:30,0.0,17.1381,17.1381,148.8,0.637537,120.0,150.0,0.0
2024-10-28,43,18:45,0.0,16.0793,16.0793,148.8,0.598149,120.0,150.0,0.0
2024-10-28,44,19:00,0.0,3.2115,3.2115,146.12,0.117316,120.0,150.0,0.0
2024-10-28,45,19:15,0.0,9.5021,9.5021,146.12,0.347111,80.0,190.0,0.0
2024-10-28,46,19:30,0.0,17.0147,17.0147,146.12,0.621546,80.0,190.0,0.0
2024-10-28,47,19:45,0.0,17.1381,17.1381,146.12,0.626055,80.0,190.0,0.0
2024-10-28,48,20:00,0.0,16.0793,16.0793,124.19,0.499221,80.0,190.0,0.0
2024-10-28,49,20:15,0.0,3.2115,3.2115,124.19,0.099709,80.0,190.0,0.0
2024-10-28,50,20:30,0.0,0.0,0.0,124.19,0.0,80.0,230.0,0.0
2024-10-28,51,20:45,0.0,0.0,0.0,124.19,0.0,80.0,230.0,0.0
2024-10-28,52,21:00,0.0,0.0,0.0,115.59,0.0,80.0,230.0,0.0
2024-10-28,53,21:15,0.0,0.0,0.0,115.59,0.0,80.0,230.0,0.0
2024-10-28,54,21:30,0.0,0.0,0.0,115.59,0.0,80.0,230.0,0.0
2024-10-28,55,21:45,0.0,0.0,0.0,115.59,0.0,80.0,40.0,190.0
2024-10-29,0,08:00,1.8638,9.5021,11.3659,151.32,0.429973,40.0,40.0,0.0
2024-10-29,1,08:15,6.7293,17.0147,23.744,151.32,0.898234,40.0,40.0,0.0
2024-10-29,2,08:30,5.9956,17.1381,23.1337,151.32,0.875147,40.0,40.0,0.0
2024-10-29,3,08:45,7.1179,16.0793,23.1972,151.32,0.877549,40.0,40.0,0.0
2024-10-29,4,09:00,6.1091,3.2115,9.3206,129.69,0.302196,40.0,40.0,0.0
2024-10-29,5,09:15,5.6324,9.5021,15.1345,129.69,0.4907,0.0,80.0,0.0
2024-10-29,6,09:30,5.8458,17.0147,22.8605,129.69,0.741194,0.0,80.0,0.0
2024-10-29,7,09:45,5.1816,17.1381,22.3197,129.69,0.723659,0.0,80.0,0.0
2024-10-29,8,10:00,6.7301,16.0793,22.8094,120.7,0.688273,0.0,80.0,0.0
2024-10-29,9,10:15,3.9878,3.2115,7.1993,120.7,0.217238,0.0,80.0,0.0
2024-10-29,10,10:30,1.8638,9.5021,11.3659,120.7,0.342967,60.0,120.0,0.0
2024-10-29,11,10:45,6.7293,17.0147,23.744,120.7,0.716474,60.0,120.0,0.0
2024-10-29,12,11:00,5.9956,17.1381,23.1337,112.97,0.653353,60.0,120.0,0.0
2024-10-29,13,11:15,7.1179,16.0793,23.1972,112.97,0.655146,60.0,120.0,0.0
2024-10-29,14,11:30,6.1091,3.2115,9.3206,112.97,0.263236,60.0,120.0,0.0
2024-10-29,15,11:45,5.6324,9.5021,15.1345,112.97,0.427437,20.0,160.0,0.0
2024-10-29,16,12:00,5.8458,17.0147,22.8605,105.45,0.60266,20.0,160.0,0.0
2024-10-29,17,12:15,5.1816,17.1381,22.3197,105.45,0.588402,20.0,160.0,0.0
2024-10-29,18,12:30,6.7301,16.0793,22.8094,105.45,0.601312,20.0,160.0,0.0
2024-10-29,19,12:45,3.9878,3.2115,7.1993,105.45,0.189791,20.0,160.0,0.0
2024-10-29,20,13:00,1.8638,9.5021,11.3659,117.73,0.334528,80.0,200.0,0.0
2024-10-29,21,13:15,6.7293,17.0147,23.744,117.73,0.698844,80.0,200.0,0.0
2024-10-29,22,13:30,5.9956,17.1381,23.1337,117.73,0.680882,80.0,200.0,0.0
2024-10-29,23,13:45,7.1179,16.0793,23.1972,117.73,0.682751,80.0,200.0,0.0
2024-10-29,24,14:00,6.1091,3.2115,9.3206,135.94,0.316759,80.0,200.0,0.0
2024-10-29,25,14:15,5.6324,9.5021,15.1345,135.94,0.514347,40.0,240.0,0.0
2024-10-29,26,14:30,5.8458,17.0147,22.8605,135.94,0.776914,40.0,240.0,0.0
2024-10-29,27,14:45,5.1816,17.1381,22.3197,135.94,0.758534,40.0,240.0,0.0
2024-10-29,28,15:00,6.7301,16.0793,22.8094,172.26,0.982286,40.0,60.0,180.0
2024-10-29,29,15:15,3.9878,3.2115,7.1993,172.26,0.310037,40.0,60.0,0.0
2024-10-29,30,15:30,0.0,9.5021,9.5021,172.26,0.409208,100.0,100.0,0.0
2024-10-29,31,15:45,0.0,17.0147,17.0147,172.26,0.732737,100.0,100.0,0.0
2024-10-29,32,16:00,0.0,17.1381,17.1381,212.72,0.911404,100.0,100.0,0.0
2024-10-29,33,16:15,0.0,16.0793,16.0793,212.72,0.855096,100.0,100.0,0.0
2024-10-29,34,16:30,0.0,3.2115,3.2115,212.72,0.170787,100.0,100.0,0.0
2024-10-29,35,16:45,0.0,9.5021,9.5021,212.72,0.505321,60.0,140.0,0.0
2024-10-29,36,17:00,0.0,17.0147,17.0147,285.8,1.215698,60.0,140.0,0.0
2024-10-29,37,17:15,0.0,17.1381,17.1381,285.8,1.224517,60.0,140.0,0.0
2024-10-29,38,17:30,0.0,16.0793,16.0793,285.8,1.148865,60.0,140.0,0.0
2024-10-29,39,17:45,0.0,3.2115,3.2115,285.8,0.229461,60.0,140.0,0.0
2024-10-29,40,18:00,0.0,0.0,0.0,257.44,0.0,60.0,180.0,0.0
2024-10-29,41,18:15,0.0,0.0,0.0,257.44,0.0,60.0,180.0,0.0
2024-10-29,42,18:30,0.0,0.0,0.0,257.44,0.0,60.0,180.0,0.0
2024-10-29,43,18:45,0.0,0.0,0.0,257.44,0.0,60.0,180.0,0.0
2024-10-29,44,19:00,0.0,0.0,0.0,203.82,0.0,60.0,180.0,0.0
2024-10-29,45,19:15,0.0,0.0,0.0,203.82,0.0,60.0,180.0,0.0
2024-10-29,46,19:30,0.0,0.0,0.0,203.82,0.0,60.0,180.0,0.0
2024-10-29,47,19:45,0.0,0.0,0.0,203.82,0.0,60.0,180.0,0.0
2024-10-29,48,20:00,0.0,0.0,0.0,140.6,0.0,60.0,180.0,0.0
2024-10-29,49,20:15,0.0,0.0,0.0,140.6,0.0,60.0,180.0,0.0
2024-10-29,50,20:30,0.0,0.0,0.0,140.6,0.0,60.0,180.0,0.0
2024-10-29,51,20:45,0.0,0.0,0.0,140.6,0.0,60.0,180.0,0.0
2024-10-29,52,21:00,0.0,0.0,0.0,124.05,0.0,60.0,180.0,0.0
2024-10-29,53,21:15,0.0,0.0,0.0,124.05,0.0,60.0,180.0,0.0
2024-10-29,54,21:30,0.0,0.0,0.0,124.05,0.0,60.0,180.0,0.0
2024-10-29,55,21:45,0.0,0.0,0.0,124.05,0.0,60.0,20.0,160.0
2024-10-30,0,08:00,1.8638,9.5021,11.3659,138.91,0.39471,20.0,20.0,0.0
2024-10-30,1,08:15,6.7293,17.0147,23.744,138.91,0.824568,20.0,20.0,0.0
2024-10-30,2,08:30,5.9956,17.1381,23.1337,138.91,0.803375,20.0,20.0,0.0
2024-10-30,3,08:45,7.1179,16.0793,23.1972,138.91,0.80558,20.0,20.0,0.0
2024-10-30,4,09:00,6.1091,3.2115,9.3206,124.34,0.28973,20.0,20.0,0.0
2024-10-30,5,09:15,5.6324,0.0,5.6324,124.34,0.175085,20.0,60.0,0.0
2024-10-30,6,09:30,5.8458,0.0,5.8458,124.34,0.181717,20.0,60.0,0.0
2024-10-30,7,09:45,5.1816,0.0,5.1816,124.34,0.161069,20.0,60.0,0.0
2024-10-30,8,10:00,6.7301,0.0,6.7301,115.0,0.19349,20.0,60.0,0.0
2024-10-30,9,10:15,3.9878,0.0,3.9878,115.0,0.114649,20.0,60.0,0.0
2024-10-30,10,10:30,1.8638,9.5021,11.3659,115.0,0.326771,80.0,60.0,0.0
2024-10-30,11,10:45,6.7293,17.0147,23.744,115.0,0.682639,80.0,60.0,0.0
2024-10-30,12,11:00,5.9956,17.1381,23.1337,109.68,0.634326,80.0,60.0,0.0
2024-10-30,13,11:15,7.1179,16.0793,23.1972,109.68,0.636066,80.0,60.0,0.0
2024-10-30,14,11:30,6.1091,3.2115,9.3206,109.68,0.25557,80.0,60.0,0.0
2024-10-30,15,11:45,5.6324,9.5021,15.1345,109.68,0.414989,40.0,100.0,0.0
2024-10-30,16,12:00,5.8458,17.0147,22.8605,102.53,0.585971,40.0,100.0,0.0
2024-10-30,17,12:15,5.1816,17.1381,22.3197,102.53,0.572109,40.0,100.0,0.0
2024-10-30,18,12:30,6.7301,16.0793,22.8094,102.53,0.584661,40.0,100.0,0.0
2024-10-30,19,12:45,3.9878,3.2115,7.1993,102.53,0.184536,40.0,100.0,0.0
2024-10-30,20,13:00,1.8638,9.5021,11.3659,106.95,0.303897,100.0,140.0,0.0
2024-10-30,21,13:15,6.7293,17.0147,23.744,106.95,0.634854,100.0,140.0,0.0
2024-10-30,22,13:30,5.9956,17.1381,23.1337,106.95,0.618537,100.0,140.0,0.0
2024-10-30,23,13:45,7.1179,16.0793,23.1972,106.95,0.620234,100.0,140.0,0.0
2024-10-30,24,14:00,6.1091,3.2115,9.3206,111.31,0.259368,100.0,140.0,0.0
2024-10-30,25,14:15,5.6324,9.5021,15.1345,111.31,0.421156,60.0,180.0,0.0
2024-10-30,26,14:30,5.8458,17.0147,22.8605,111.31,0.63615,60.0,180.0,0.0
2024-10-30,27,14:45,5.1816,17.1381,22.3197,111.31,0.621101,60.0,180.0,0.0
2024-10-30,28,15:00,6.7301,16.0793,22.8094,126.16,0.719408,60.0,20.0,160.0
2024-10-30,29,15:15,3.9878,3.2115,7.1993,126.16,0.227066,60.0,20.0,0.0
2024-10-30,30,15:30,0.0,9.5021,9.5021,126.16,0.299696,120.0,60.0,0.0
2024-10-30,31,15:45,0.0,17.0147,17.0147,126.16,0.536643,120.0,60.0,0.0
2024-10-30,32,16:00,0.0,17.1381,17.1381,160.0,0.685524,120.0,60.0,0.0
2024-10-30,33,16:15,0.0,16.0793,16.0793,160.0,0.643171,120.0,60.0,0.0
2024-10-30,34,16:30,0.0,3.2115,3.2115,160.0,0.128459,120.0,60.0,0.0
2024-10-30,35,16:45,0.0,9.5021,9.5021,160.0,0.380084,80.0,100.0,0.0
2024-10-30,36,17:00,0.0,17.0147,17.0147,193.88,0.824701,80.0,100.0,0.0
2024-10-30,37,17:15,0.0,17.1381,17.1381,193.88,0.830683,80.0,100.0,0.0
2024-10-30,38,17:30,0.0,16.0793,16.0793,193.88,0.779363,80.0,100.0,0.0
2024-10-30,39,17:45,0.0,3.2115,3.2115,193.88,0.155661,80.0,100.0,0.0
2024-10-30,40,18:00,0.0,9.5021,9.5021,192.89,0.458215,40.0,140.0,0.0
2024-10-30,41,18:15,0.0,17.0147,17.0147,192.89,0.82049,40.0,140.0,0.0
2024-10-30,42,18:30,0.0,17.1381,17.1381,192.89,0.826442,40.0,140.0,0.0
2024-10-30,43,18:45,0.0,16.0793,16.0793,192.89,0.775383,40.0,140.0,0.0
2024-10-30,44,19:00,0.0,3.2115,3.2115,159.44,0.12801,40.0,140.0,0.0
2024-10-30,45,19:15,0.0,0.0,0.0,159.44,0.0,40.0,180.0,0.0
2024-10-30,46,19:30,0.0,0.0,0.0,159.44,0.0,40.0,180.0,0.0
2024-10-30,47,19:45,0.0,0.0,0.0,159.44,0.0,40.0,180.0,0.0
2024-10-30,48,20:00,0.0,0.0,0.0,133.56,0.0,40.0,180.0,0.0
2024-10-30,49,20:15,0.0,0.0,0.0,133.56,0.0,40.0,180.0,0.0
2024-10-30,50,20:30,0.0,0.0,0.0,133.56,0.0,40.0,180.0,0.0
2024-10-30,51,20:45,0.0,0.0,0.0,133.56,0.0,40.0,180.0,0.0
2024-10-30,52,21:00,0.0,0.0,0.0,122.67,0.0,40.0,180.0,0.0
2024-10-30,53,21:15,0.0,0.0,0.0,122.67,0.0,40.0,180.0,0.0
2024-10-30,54,21:30,0.0,0.0,0.0,122.67,0.0,40.0,180.0,0.0
2024-10-30,55,21:45,0.0,0.0,0.0,122.67,0.0,40.0,20.0,160.0
2024-10-31,0,08:00,1.8638,9.5021,11.3659,133.47,0.379253,0.0,20.0,0.0
2024-10-31,1,08:15,6.7293,17.0147,23.744,133.47,0.792276,0.0,20.0,0.0
2024-10-31,2,08:30,5.9956,17.1381,23.1337,133.47,0.771913,0.0,20.0,0.0
2024-10-31,3,08:45,7.1179,16.0793,23.1972,133.47,0.774032,0.0,20.0,0.0
2024-10-31,4,09:00,6.1091,3.2115,9.3206,123.28,0.28726,0.0,20.0,0.0
2024-10-31,5,09:15,5.6324,0.0,5.6324,123.28,0.173592,0.0,60.0,0.0
2024-10-31,6,09:30,5.8458,0.0,5.8458,123.28,0.180168,0.0,60.0,0.0
2024-10-31,7,09:45,5.1816,0.0,5.1816,123.28,0.159696,0.0,60.0,0.0
2024-10-31,8,10:00,6.7301,0.0,6.7301,105.14,0.176901,0.0,60.0,0.0
2024-10-31,9,10:15,3.9878,0.0,3.9878,105.14,0.104819,0.0,60.0,0.0
2024-10-31,10,10:30,1.8638,9.5021,11.3659,105.14,0.298754,60.0,60.0,0.0
2024-10-31,11,10:45,6.7293,17.0147,23.744,105.14,0.62411,60.0,60.0,0.0
2024-10-31,12,11:00,5.9956,17.1381,23.1337,98.05,0.567064,60.0,60.0,0.0
2024-10-31,13,11:15,7.1179,16.0793,23.1972,98.05,0.568621,60.0,60.0,0.0
2024-10-31,14,11:30,6.1091,3.2115,9.3206,98.05,0.22847,60.0,60.0,0.0
2024-10-31,15,11:45,5.6324,9.5021,15.1345,98.05,0.370985,20.0,100.0,0.0
2024-10-31,16,12:00,5.8458,17.0147,22.8605,88.91,0.508131,20.0,100.0,0.0
2024-10-31,17,12:15,5.1816,17.1381,22.3197,88.91,0.49611,20.0,100.0,0.0
2024-10-31,18,12:30,6.7301,16.0793,22.8094,88.91,0.506995,20.0,100.0,0.0
2024-10-31,19,12:45,3.9878,3.2115,7.1993,88.91,0.160022,20.0,100.0,0.0
2024-10-31,20,13:00,1.8638,9.5021,11.3659,92.55,0.262979,80.0,140.0,0.0
2024-10-31,21,13:15,6.7293,17.0147,23.744,92.55,0.549376,80.0,140.0,0.0
2024-10-31,22,13:30,5.9956,17.1381,23.1337,92.55,0.535256,80.0,140.0,0.0
2024-10-31,23,13:45,7.1179,16.0793,23.1972,92.55,0.536725,80.0,140.0,0.0
2024-10-31,24,14:00,6.1091,3.2115,9.3206,99.38,0.231569,80.0,140.0,0.0
2024-10-31,25,14:15,5.6324,9.5021,15.1345,99.38,0.376018,40.0,180.0,0.0
2024-10-31,26,14:30,5.8458,17.0147,22.8605,99.38,0.567969,40.0,180.0,0.0
2024-10-31,27,14:45,5.1816,17.1381,22.3197,99.38,0.554532,40.0,180.0,0.0
2024-10-31,28,15:00,6.7301,16.0793,22.8094,111.5,0.635811,40.0,30.0,150.0
2024-10-31,29,15:15,3.9878,3.2115,7.1993,111.5,0.20068,40.0,30.0,0.0
2024-10-31,30,15:30,0.0,9.5021,9.5021,111.5,0.264871,100.0,70.0,0.0
2024-10-31,31,15:45,0.0,17.0147,17.0147,111.5,0.474284,100.0,70.0,0.0
2024-10-31,32,16:00,0.0,17.1381,17.1381,123.17,0.527725,100.0,70.0,0.0
2024-10-31,33,16:15,0.0,16.0793,16.0793,123.17,0.495121,100.0,70.0,0.0
2024-10-31,34,16:30,0.0,3.2115,3.2115,123.17,0.09889,100.0,70.0,0.0
2024-10-31,35,16:45,0.0,9.5021,9.5021,123.17,0.292593,60.0,110.0,0.0
2024-10-31,36,17:00,0.0,17.0147,17.0147,129.0,0.548723,60.0,110.0,0.0
2024-10-31,37,17:15,0.0,17.1381,17.1381,129.0,0.552704,60.0,110.0,0.0
2024-10-31,38,17:30,0.0,16.0793,16.0793,129.0,0.518557,60.0,110.0,0.0
2024-10-31,39,17:45,0.0,3.2115,3.2115,129.0,0.10357,60.0,110.0,0.0
2024-10-31,40,18:00,0.0,0.0,0.0,128.41,0.0,60.0,150.0,0.0
2024-10-31,41,18:15,0.0,0.0,0.0,128.41,0.0,60.0,150.0,0.0
2024-10-31,42,18:30,0.0,0.0,0.0,128.41,0.0,60.0,150.0,0.0
2024-10-31,43,18:45,0.0,0.0,0.0,128.41,0.0,60.0,150.0,0.0
2024-10-31,44,19:00,0.0,0.0,0.0,117.84,0.0,60.0,150.0,0.0
2024-10-31,45,19:15,0.0,0.0,0.0,117.84,0.0,60.0,150.0,0.0
2024-10-31,46,19:30,0.0,0.0,0.0,117.84,0.0,60.0,150.0,0.0
2024-10-31,47,19:45,0.0,0.0,0.0,117.84,0.0,60.0,150.0,0.0
2024-10-31,48,20:00,0.0,0.0,0.0,105.8,0.0,60.0,150.0,0.0
2024-10-31,49,20:15,0.0,0.0,0.0,105.8,0.0,60.0,150.0,0.0
2024-10-31,50,20:30,0.0,0.0,0.0,105.8,0.0,60.0,150.0,0.0
2024-10-31,51,20:45,0.0,0.0,0.0,105.8,0.0,60.0,150.0,0.0
2024-10-31,52,21:00,0.0,0.0,0.0,85.34,0.0,60.0,150.0,0.0
2024-10-31,53,21:15,0.0,0.0,0.0,85.34,0.0,60.0,150.0,0.0
2024-10-31,54,21:30,0.0,0.0,0.0,85.34,0.0,60.0,150.0,0.0
2024-10-31,55,21:45,0.0,0.0,0.0,85.34,0.0,60.0,30.0,120.0
2024-11-04,0,08:00,1.8638,9.5021,11.3659,139.18,0.395478,20.0,30.0,0.0
2024-11-04,1,08:15,6.7293,17.0147,23.744,139.18,0.826171,20.0,30.0,0.0
2024-11-04,2,08:30,5.9956,17.1381,23.1337,139.18,0.804936,20.0,30.0,0.0
2024-11-04,3,08:45,7.1179,16.0793,23.1972,139.18,0.807146,20.0,30.0,0.0
2024-11-04,4,09:00,6.1091,3.2115,9.3206,120.63,0.281085,20.0,30.0,0.0
2024-11-04,5,09:15,5.6324,0.0,5.6324,120.63,0.169861,20.0,70.0,0.0
2024-11-04,6,09:30,5.8458,0.0,5.8458,120.63,0.176295,20.0,70.0,0.0
2024-11-04,7,09:45,5.1816,0.0,5.1816,120.63,0.156263,20.0,70.0,0.0
2024-11-04,8,10:00,6.7301,0.0,6.7301,100.0,0.168252,20.0,70.0,0.0
2024-11-04,9,10:15,3.9878,0.0,3.9878,100.0,0.099695,20.0,70.0,0.0
2024-11-04,10,10:30,0.0,9.5021,9.5021,100.0,0.237552,80.0,70.0,0.0
2024-11-04,11,10:45,0.0,17.0147,17.0147,100.0,0.425367,80.0,70.0,0.0
2024-11-04,12,11:00,0.0,17.1381,17.1381,97.12,0.416113,80.0,70.0,0.0
2024-11-04,13,11:15,0.0,16.0793,16.0793,97.12,0.390405,80.0,70.0,0.0
2024-11-04,14,11:30,0.0,3.2115,3.2115,97.12,0.077975,80.0,70.0,0.0
2024-11-04,15,11:45,0.0,9.5021,9.5021,97.12,0.230711,40.0,110.0,0.0
2024-11-04,16,12:00,0.0,17.0147,17.0147,95.16,0.404779,40.0,110.0,0.0
2024-11-04,17,12:15,0.0,17.1381,17.1381,95.16,0.407715,40.0,110.0,0.0
2024-11-04,18,12:30,0.0,16.0793,16.0793,95.16,0.382526,40.0,110.0,0.0
2024-11-04,19,12:45,0.0,3.2115,3.2115,95.16,0.076401,40.0,110.0,0.0
2024-11-04,20,13:00,0.0,0.0,0.0,98.47,0.0,40.0,150.0,0.0
2024-11-04,21,13:15,0.0,0.0,0.0,98.47,0.0,40.0,150.0,0.0
2024-11-04,22,13:30,0.0,0.0,0.0,98.47,0.0,40.0,150.0,0.0
2024-11-04,23,13:45,0.0,0.0,0.0,98.47,0.0,40.0,150.0,0.0
2024-11-04,24,14:00,0.0,0.0,0.0,103.17,0.0,40.0,150.0,0.0
2024-11-04,25,14:15,0.0,0.0,0.0,103.17,0.0,40.0,150.0,0.0
2024-11-04,26,14:30,0.0,0.0,0.0,103.17,0.0,40.0,150.0,0.0
2024-11-04,27,14:45,0.0,0.0,0.0,103.17,0.0,40.0,150.0,0.0
2024-11-04,28,15:00,0.0,0.0,0.0,130.4,0.0,40.0,30.0,120.0
2024-11-04,29,15:15,0.0,0.0,0.0,130.4,0.0,40.0,30.0,0.0
2024-11-04,30,15:30,0.0,0.0,0.0,130.4,0.0,40.0,30.0,0.0
2024-11-04,31,15:45,0.0,0.0,0.0,130.4,0.0,40.0,30.0,0.0
2024-11-04,32,16:00,0.0,0.0,0.0,181.47,0.0,40.0,30.0,0.0
2024-11-04,33,16:15,0.0,0.0,0.0,181.47,0.0,40.0,30.0,0.0
2024-11-04,34,16:30,0.0,0.0,0.0,181.47,0.0,40.0,30.0,0.0
2024-11-04,35,16:45,0.0,0.0,0.0,181.47,0.0,40.0,30.0,0.0
2024-11-04,36,17:00,0.0,0.0,0.0,290.21,0.0,40.0,30.0,0.0
2024-11-04,37,17:15,0.0,0.0,0.0,290.21,0.0,40.0,30.0,0.0
2024-11-04,38,17:30,0.0,0.0,0.0,290.21,0.0,40.0,30.0,0.0
2024-11-04,39,17:45,0.0,0.0,0.0,290.21,0.0,40.0,30.0,0.0
2024-11-04,40,18:00,0.0,0.0,0.0,241.04,0.0,40.0,30.0,0.0
2024-11-04,41,18:15,0.0,0.0,0.0,241.04,0.0,40.0,30.0,0.0
2024-11-04,42,18:30,0.0,0.0,0.0,241.04,0.0,40.0,30.0,0.0
2024-11-04,43,18:45,0.0,0.0,0.0,241.04,0.0,40.0,30.0,0.0
2024-11-04,44,19:00,0.0,0.0,0.0,162.09,0.0,40.0,30.0,0.0
2024-11-04,45,19:15,0.0,0.0,0.0,162.09,0.0,40.0,30.0,0.0
2024-11-04,46,19:30,0.0,0.0,0.0,162.09,0.0,40.0,30.0,0.0
2024-11-04,47,19:45,0.0,0.0,0.0,162.09,0.0,40.0,30.0,0.0
2024-11-04,48,20:00,0.0,0.0,0.0,123.0,0.0,40.0,30.0,0.0
2024-11-04,49,20:15,0.0,0.0,0.0,123.0,0.0,40.0,30.0,0.0
2024-11-04,50,20:30,0.0,0.0,0.0,123.0,0.0,40.0,30.0,0.0
2024-11-04,51,20:45,0.0,0.0,0.0,123.0,0.0,40.0,30.0,0.0
2024-11-04,52,21:00,0.0,0.0,0.0,112.27,0.0,40.0,30.0,0.0
2024-11-04,53,21:15,0.0,0.0,0.0,112.27,0.0,40.0,30.0,0.0
2024-11-04,54,21:30,0.0,0.0,0.0,112.27,0.0,40.0,30.0,0.0
2024-11-04,55,21:45,0.0,0.0,0.0,112.27,0.0,40.0,30.0,0.0
2024-11-05,0,08:00,1.8638,9.5021,11.3659,139.15,0.395392,0.0,30.0,0.0
2024-11-05,1,08:15,6.7293,17.0147,23.744,139.15,0.825993,0.0,30.0,0.0
2024-11-05,2,08:30,5.9956,17.1381,23.1337,139.15,0.804763,0.0,30.0,0.0
2024-11-05,3,08:45,7.1179,16.0793,23.1972,139.15,0.806972,0.0,30.0,0.0
2024-11-05,4,09:00,6.1091,3.2115,9.3206,118.23,0.275492,0.0,30.0,0.0
2024-11-05,5,09:15,5.6324,0.0,5.6324,118.23,0.166481,0.0,70.0,0.0
2024-11-05,6,09:30,5.8458,0.0,5.8458,118.23,0.172788,0.0,70.0,0.0
2024-11-05,7,09:45,5.1816,0.0,5.1816,118.23,0.153154,0.0,70.0,0.0
2024-11-05,8,10:00,6.7301,0.0,6.7301,105.87,0.178129,0.0,70.0,0.0
2024-11-05,9,10:15,3.9878,0.0,3.9878,105.87,0.105547,0.0,70.0,0.0
2024-11-05,10,10:30,1.8638,9.5021,11.3659,105.87,0.300828,60.0,70.0,0.0
2024-11-05,11,10:45,6.7293,17.0147,23.744,105.87,0.628443,60.0,70.0,0.0
2024-11-05,12,11:00,5.9956,17.1381,23.1337,95.28,0.551044,60.0,70.0,0.0
2024-11-05,13,11:15,7.1179,16.0793,23.1972,95.28,0.552557,60.0,70.0,0.0
2024-11-05,14,11:30,6.1091,3.2115,9.3206,95.28,0.222016,60.0,70.0,0.0
2024-11-05,15,11:45,5.6324,9.5021,15.1345,95.28,0.360505,20.0,110.0,0.0
2024-11-05,16,12:00,5.8458,17.0147,22.8605,94.92,0.542479,20.0,110.0,0.0
2024-11-05,17,12:15,5.1816,17.1381,22.3197,94.92,0.529646,20.0,110.0,0.0
2024-11-05,18,12:30,6.7301,16.0793,22.8094,94.92,0.541267,20.0,110.0,0.0
2024-11-05,19,12:45,3.9878,3.2115,7.1993,94.92,0.170839,20.0,110.0,0.0
2024-11-05,20,13:00,1.8638,9.5021,11.3659,99.25,0.282017,80.0,150.0,0.0
2024-11-05,21,13:15,6.7293,17.0147,23.744,99.25,0.589147,80.0,150.0,0.0
2024-11-05,22,13:30,5.9956,17.1381,23.1337,99.25,0.574004,80.0,150.0,0.0
2024-11-05,23,13:45,7.1179,16.0793,23.1972,99.25,0.57558,80.0,150.0,0.0
2024-11-05,24,14:00,6.1091,3.2115,9.3206,110.35,0.257131,80.0,150.0,0.0
2024-11-05,25,14:15,5.6324,9.5021,15.1345,110.35,0.417524,40.0,190.0,0.0
2024-11-05,26,14:30,5.8458,17.0147,22.8605,110.35,0.630664,40.0,190.0,0.0
2024-11-05,27,14:45,5.1816,17.1381,22.3197,110.35,0.615744,40.0,190.0,0.0
2024-11-05,28,15:00,6.7301,16.0793,22.8094,155.99,0.889509,40.0,50.0,140.0
2024-11-05,29,15:15,3.9878,3.2115,7.1993,155.99,0.280754,40.0,50.0,0.0
2024-11-05,30,15:30,0.0,9.5021,9.5021,155.99,0.370558,100.0,90.0,0.0
2024-11-05,31,15:45,0.0,17.0147,17.0147,155.99,0.66353,100.0,90.0,0.0
2024-11-05,32,16:00,0.0,17.1381,17.1381,331.83,1.421733,100.0,90.0,0.0
2024-11-05,33,16:15,0.0,16.0793,16.0793,331.83,1.333897,100.0,90.0,0.0
2024-11-05,34,16:30,0.0,3.2115,3.2115,331.83,0.266417,100.0,90.0,0.0
2024-11-05,35,16:45,0.0,9.5021,9.5021,331.83,0.78827,60.0,130.0,0.0
2024-11-05,36,17:00,0.0,17.0147,17.0147,505.31,2.149421,60.0,130.0,0.0
2024-11-05,37,17:15,0.0,17.1381,17.1381,505.31,2.165012,60.0,130.0,0.0
2024-11-05,38,17:30,0.0,16.0793,16.0793,505.31,2.031255,60.0,130.0,0.0
2024-11-05,39,17:45,0.0,3.2115,3.2115,505.31,0.405699,60.0,130.0,0.0
2024-11-05,40,18:00,0.0,0.0,0.0,468.74,0.0,60.0,170.0,0.0
2024-11-05,41,18:15,0.0,0.0,0.0,468.74,0.0,60.0,170.0,0.0
2024-11-05,42,18:30,0.0,0.0,0.0,468.74,0.0,60.0,170.0,0.0
2024-11-05,43,18:45,0.0,0.0,0.0,468.74,0.0,60.0,170.0,0.0
2024-11-05,44,19:00,0.0,0.0,0.0,341.7,0.0,60.0,170.0,0.0
2024-11-05,45,19:15,0.0,0.0,0.0,341.7,0.0,60.0,170.0,0.0
2024-11-05,46,19:30,0.0,0.0,0.0,341.7,0.0,60.0,170.0,0.0
2024-11-05,47,19:45,0.0,0.0,0.0,341.7,0.0,60.0,170.0,0.0
2024-11-05,48,20:00,0.0,0.0,0.0,172.14,0.0,60.0,170.0,0.0
2024-11-05,49,20:15,0.0,0.0,0.0,172.14,0.0,60.0,170.0,0.0
2024-11-05,50,20:30,0.0,0.0,0.0,172.14,0.0,60.0,170.0,0.0
2024-11-05,51,20:45,0.0,0.0,0.0,172.14,0.0,60.0,170.0,0.0
2024-11-05,52,21:00,0.0,0.0,0.0,130.77,0.0,60.0,170.0,0.0
2024-11-05,53,21:15,0.0,0.0,0.0,130.77,0.0,60.0,170.0,0.0
2024-11-05,54,21:30,0.0,0.0,0.0,130.77,0.0,60.0,170.0,0.0
2024-11-05,55,21:45,0.0,0.0,0.0,130.77,0.0,60.0,30.0,140.0
2024-11-06,0,08:00,1.8638,9.5021,11.3659,240.54,0.68349,20.0,30.0,0.0
2024-11-06,1,08:15,6.7293,17.0147,23.744,240.54,1.427843,20.0,30.0,0.0
2024-11-06,2,08:30,5.9956,17.1381,23.1337,240.54,1.391144,20.0,30.0,0.0
2024-11-06,3,08:45,7.1179,16.0793,23.1972,240.54,1.394962,20.0,30.0,0.0
2024-11-06,4,09:00,6.1091,3.2115,9.3206,144.94,0.33773,20.0,30.0,0.0
2024-11-06,5,09:15,5.6324,0.0,5.6324,144.94,0.204092,20.0,70.0,0.0
2024-11-06,6,09:30,5.8458,0.0,5.8458,144.94,0.211823,20.0,70.0,0.0
2024-11-06,7,09:45,5.1816,0.0,5.1816,144.94,0.187754,20.0,70.0,0.0
2024-11-06,8,10:00,6.7301,0.0,6.7301,133.46,0.22455,20.0,70.0,0.0
2024-11-06,9,10:15,3.9878,0.0,3.9878,133.46,0.133053,20.0,70.0,0.0
2024-11-06,10,10:30,1.8638,9.5021,11.3659,133.46,0.379224,80.0,70.0,0.0
2024-11-06,11,10:45,6.7293,17.0147,23.744,133.46,0.792217,80.0,70.0,0.0
2024-11-06,12,11:00,5.9956,17.1381,23.1337,123.2,0.712517,80.0,70.0,0.0
2024-11-06,13,11:15,7.1179,16.0793,23.1972,123.2,0.714473,80.0,70.0,0.0
2024-11-06,14,11:30,6.1091,3.2115,9.3206,123.2,0.287073,80.0,70.0,0.0
2024-11-06,15,11:45,5.6324,9.5021,15.1345,123.2,0.466144,40.0,110.0,0.0
2024-11-06,16,12:00,5.8458,17.0147,22.8605,123.2,0.704103,40.0,110.0,0.0
2024-11-06,17,12:15,5.1816,17.1381,22.3197,123.2,0.687446,40.0,110.0,0.0
2024-11-06,18,12:30,6.7301,16.0793,22.8094,123.2,0.702529,40.0,110.0,0.0
2024-11-06,19,12:45,3.9878,3.2115,7.1993,123.2,0.221738,40.0,110.0,0.0
2024-11-06,20,13:00,1.8638,9.5021,11.3659,125.55,0.356748,100.0,150.0,0.0
2024-11-06,21,13:15,6.7293,17.0147,23.744,125.55,0.745263,100.0,150.0,0.0
2024-11-06,22,13:30,5.9956,17.1381,23.1337,125.55,0.726108,100.0,150.0,0.0
2024-11-06,23,13:45,7.1179,16.0793,23.1972,125.55,0.728101,100.0,150.0,0.0
2024-11-06,24,14:00,6.1091,3.2115,9.3206,141.76,0.330321,100.0,150.0,0.0
2024-11-06,25,14:15,5.6324,9.5021,15.1345,141.76,0.536368,60.0,190.0,0.0
2024-11-06,26,14:30,5.8458,17.0147,22.8605,141.76,0.810176,60.0,190.0,0.0
2024-11-06,27,14:45,5.1816,17.1381,22.3197,141.76,0.791009,60.0,190.0,0.0
2024-11-06,28,15:00,6.7301,16.0793,22.8094,270.09,1.540146,60.0,10.0,180.0
2024-11-06,29,15:15,3.9878,3.2115,7.1993,270.09,0.486114,60.0,10.0,0.0
2024-11-06,30,15:30,0.0,9.5021,9.5021,270.09,0.641605,120.0,50.0,0.0
2024-11-06,31,15:45,0.0,17.0147,17.0147,270.09,1.148873,120.0,50.0,0.0
2024-11-06,32,16:00,0.0,17.1381,17.1381,524.25,2.246161,120.0,50.0,0.0
2024-11-06,33,16:15,0.0,16.0793,16.0793,524.25,2.107391,120.0,50.0,0.0
2024-11-06,34,16:30,0.0,3.2115,3.2115,524.25,0.420905,120.0,50.0,0.0
2024-11-06,35,16:45,0.0,9.5021,9.5021,524.25,1.245368,80.0,90.0,0.0
2024-11-06,36,17:00,0.0,17.0147,17.0147,820.11,3.488476,80.0,90.0,0.0
2024-11-06,37,17:15,0.0,17.1381,17.1381,820.11,3.51378,80.0,90.0,0.0
2024-11-06,38,17:30,0.0,16.0793,16.0793,820.11,3.296695,80.0,90.0,0.0
2024-11-06,39,17:45,0.0,3.2115,3.2115,820.11,0.658443,80.0,90.0,0.0
2024-11-06,40,18:00,0.0,9.5021,9.5021,805.08,1.912486,40.0,130.0,0.0
2024-11-06,41,18:15,0.0,17.0147,17.0147,805.08,3.424543,40.0,130.0,0.0
2024-11-06,42,18:30,0.0,17.1381,17.1381,805.08,3.449384,40.0,130.0,0.0
2024-11-06,43,18:45,0.0,16.0793,16.0793,805.08,3.236277,40.0,130.0,0.0
2024-11-06,44,19:00,0.0,3.2115,3.2115,450.0,0.361292,40.0,130.0,0.0
2024-11-06,45,19:15,0.0,0.0,0.0,450.0,0.0,40.0,170.0,0.0
2024-11-06,46,19:30,0.0,0.0,0.0,450.0,0.0,40.0,170.0,0.0
2024-11-06,47,19:45,0.0,0.0,0.0,450.0,0.0,40.0,170.0,0.0
2024-11-06,48,20:00,0.0,0.0,0.0,207.35,0.0,40.0,170.0,0.0
2024-11-06,49,20:15,0.0,0.0,0.0,207.35,0.0,40.0,170.0,0.0
2024-11-06,50,20:30,0.0,0.0,0.0,207.35,0.0,40.0,170.0,0.0
2024-11-06,51,20:45,0.0,0.0,0.0,207.35,0.0,40.0,170.0,0.0
2024-11-06,52,21:00,0.0,0.0,0.0,133.48,0.0,40.0,170.0,0.0
2024-11-06,53,21:15,0.0,0.0,0.0,133.48,0.0,40.0,170.0,0.0
2024-11-06,54,21:30,0.0,0.0,0.0,133.48,0.0,40.0,170.0,0.0
2024-11-06,55,21:45,0.0,0.0,0.0,133.48,0.0,40.0,30.0,140.0
2024-11-07,0,08:00,1.8638,9.5021,11.3659,191.99,0.545536,0.0,30.0,0.0
2024-11-07,1,08:15,6.7293,17.0147,23.744,191.99,1.13965,0.0,30.0,0.0
2024-11-07,2,08:30,5.9956,17.1381,23.1337,191.99,1.110359,0.0,30.0,0.0
2024-11-07,3,08:45,7.1179,16.0793,23.1972,191.99,1.113406,0.0,30.0,0.0
2024-11-07,4,09:00,6.1091,3.2115,9.3206,152.92,0.356325,0.0,30.0,0.0
2024-11-07,5,09:15,5.6324,0.0,5.6324,152.92,0.215328,0.0,70.0,0.0
2024-11-07,6,09:30,5.8458,0.0,5.8458,152.92,0.223485,0.0,70.0,0.0
2024-11-07,7,09:45,5.1816,0.0,5.1816,152.92,0.198092,0.0,70.0,0.0
2024-11-07,8,10:00,6.7301,0.0,6.7301,148.9,0.250528,0.0,70.0,0.0
2024-11-07,9,10:15,3.9878,0.0,3.9878,148.9,0.148446,0.0,70.0,0.0
2024-11-07,10,10:30,1.8638,9.5021,11.3659,148.9,0.423097,60.0,70.0,0.0
2024-11-07,11,10:45,6.7293,17.0147,23.744,148.9,0.883869,60.0,70.0,0.0
2024-11-07,12,11:00,5.9956,17.1381,23.1337,134.81,0.779663,60.0,70.0,0.0
2024-11-07,13,11:15,7.1179,16.0793,23.1972,134.81,0.781803,60.0,70.0,0.0
2024-11-07,14,11:30,6.1091,3.2115,9.3206,134.81,0.314126,60.0,70.0,0.0
2024-11-07,15,11:45,5.6324,9.5021,15.1345,134.81,0.510072,20.0,110.0,0.0
2024-11-07,16,12:00,5.8458,17.0147,22.8605,135.06,0.771884,20.0,110.0,0.0
2024-11-07,17,12:15,5.1816,17.1381,22.3197,135.06,0.753624,20.0,110.0,0.0
2024-11-07,18,12:30,6.7301,16.0793,22.8094,135.06,0.770159,20.0,110.0,0.0
2024-11-07,19,12:45,3.9878,3.2115,7.1993,135.06,0.243084,20.0,110.0,0.0
2024-11-07,20,13:00,0.0,9.5021,9.5021,132.91,0.315731,80.0,150.0,0.0
2024-11-07,21,13:15,0.0,17.0147,17.0147,132.91,0.565355,80.0,150.0,0.0
2024-11-07,22,13:30,0.0,17.1381,17.1381,132.91,0.569456,80.0,150.0,0.0
2024-11-07,23,13:45,0.0,16.0793,16.0793,132.91,0.534274,80.0,150.0,0.0
2024-11-07,24,14:00,0.0,3.2115,3.2115,139.94,0.112354,80.0,150.0,0.0
2024-11-07,25,14:15,0.0,0.0,0.0,139.94,0.0,80.0,190.0,0.0
2024-11-07,26,14:30,0.0,0.0,0.0,139.94,0.0,80.0,190.0,0.0
2024-11-07,27,14:45,0.0,0.0,0.0,139.94,0.0,80.0,190.0,0.0
2024-11-07,28,15:00,0.0,0.0,0.0,189.42,0.0,80.0,190.0,0.0
2024-11-07,29,15:15,0.0,0.0,0.0,189.42,0.0,80.0,190.0,0.0
2024-11-07,30,15:30,0.0,0.0,0.0,189.42,0.0,80.0,190.0,0.0
2024-11-07,31,15:45,0.0,0.0,0.0,189.42,0.0,80.0,190.0,0.0
2024-11-07,32,16:00,0.0,0.0,0.0,261.16,0.0,80.0,190.0,0.0
2024-11-07,33,16:15,0.0,0.0,0.0,261.16,0.0,80.0,190.0,0.0
2024-11-07,34,16:30,0.0,0.0,0.0,261.16,0.0,80.0,190.0,0.0
2024-11-07,35,16:45,0.0,0.0,0.0,261.16,0.0,80.0,190.0,0.0
2024-11-07,36,17:00,0.0,0.0,0.0,408.26,0.0,80.0,190.0,0.0
2024-11-07,37,17:15,0.0,0.0,0.0,408.26,0.0,80.0,190.0,0.0
2024-11-07,38,17:30,0.0,0.0,0.0,408.26,0.0,80.0,190.0,0.0
2024-11-07,39,17:45,0.0,0.0,0.0,408.26,0.0,80.0,190.0,0.0
2024-11-07,40,18:00,0.0,0.0,0.0,296.78,0.0,80.0,190.0,0.0
2024-11-07,41,18:15,0.0,0.0,0.0,296.78,0.0,80.0,190.0,0.0
2024-11-07,42,18:30,0.0,0.0,0.0,296.78,0.0,80.0,190.0,0.0
2024-11-07,43,18:45,0.0,0.0,0.0,296.78,0.0,80.0,190.0,0.0
2024-11-07,44,19:00,0.0,0.0,0.0,175.11,0.0,80.0,190.0,0.0
2024-11-07,45,19:15,0.0,0.0,0.0,175.11,0.0,80.0,190.0,0.0
2024-11-07,46,19:30,0.0,0.0,0.0,175.11,0.0,80.0,190.0,0.0
2024-11-07,47,19:45,0.0,0.0,0.0,175.11,0.0,80.0,190.0,0.0
2024-11-07,48,20:00,0.0,0.0,0.0,129.41,0.0,80.0,190.0,0.0
2024-11-07,49,20:15,0.0,0.0,0.0,129.41,0.0,80.0,190.0,0.0
2024-11-07,50,20:30,0.0,0.0,0.0,129.41,0.0,80.0,190.0,0.0
2024-11-07,51,20:45,0.0,0.0,0.0,129.41,0.0,80.0,190.0,0.0
2024-11-07,52,21:00,0.0,0.0,0.0,113.92,0.0,80.0,190.0,0.0
2024-11-07,53,21:15,0.0,0.0,0.0,113.92,0.0,80.0,190.0,0.0
2024-11-07,54,21:30,0.0,0.0,0.0,113.92,0.0,80.0,190.0,0.0
2024-11-07,55,21:45,0.0,0.0,0.0,113.92,0.0,80.0,30.0,160.0
2024-11-08,0,08:00,1.8638,9.5021,11.3659,132.91,0.377662,40.0,30.0,0.0
2024-11-08,1,08:15,6.7293,17.0147,23.744,132.91,0.788952,40.0,30.0,0.0
2024-11-08,2,08:30,5.9956,17.1381,23.1337,132.91,0.768674,40.0,30.0,0.0
2024-11-08,3,08:45,7.1179,16.0793,23.1972,132.91,0.770784,40.0,30.0,0.0
2024-11-08,4,09:00,6.1091,3.2115,9.3206,126.52,0.294809,40.0,30.0,0.0
2024-11-08,5,09:15,5.6324,9.5021,15.1345,126.52,0.478706,0.0,70.0,0.0
2024-11-08,6,09:30,5.8458,17.0147,22.8605,126.52,0.723077,0.0,70.0,0.0
2024-11-08,7,09:45,5.1816,17.1381,22.3197,126.52,0.705971,0.0,70.0,0.0
2024-11-08,8,10:00,6.7301,16.0793,22.8094,117.34,0.669113,0.0,70.0,0.0
2024-11-08,9,10:15,3.9878,3.2115,7.1993,117.34,0.211191,0.0,70.0,0.0
2024-11-08,10,10:30,1.8638,9.5021,11.3659,117.34,0.33342,60.0,110.0,0.0
2024-11-08,11,10:45,6.7293,17.0147,23.744,117.34,0.696529,60.0,110.0,0.0
2024-11-08,12,11:00,5.9956,17.1381,23.1337,110.94,0.641613,60.0,110.0,0.0
2024-11-08,13,11:15,7.1179,16.0793,23.1972,110.94,0.643374,60.0,110.0,0.0
2024-11-08,14,11:30,6.1091,3.2115,9.3206,110.94,0.258506,60.0,110.0,0.0
2024-11-08,15,11:45,5.6324,9.5021,15.1345,110.94,0.419756,20.0,150.0,0.0
2024-11-08,16,12:00,5.8458,17.0147,22.8605,105.59,0.60346,20.0,150.0,0.0
2024-11-08,17,12:15,5.1816,17.1381,22.3197,105.59,0.589183,20.0,150.0,0.0
2024-11-08,18,12:30,6.7301,16.0793,22.8094,105.59,0.602111,20.0,150.0,0.0
2024-11-08,19,12:45,3.9878,3.2115,7.1993,105.59,0.190043,20.0,150.0,0.0
2024-11-08,20,13:00,0.0,9.5021,9.5021,106.81,0.25373,80.0,190.0,0.0
2024-11-08,21,13:15,0.0,17.0147,17.0147,106.81,0.454334,80.0,190.0,0.0
2024-11-08,22,13:30,0.0,17.1381,17.1381,106.81,0.45763,80.0,190.0,0.0
2024-11-08,23,13:45,0.0,16.0793,16.0793,106.81,0.429357,80.0,190.0,0.0
2024-11-08,24,14:00,0.0,3.2115,3.2115,112.25,0.090122,80.0,190.0,0.0
2024-11-08,25,14:15,0.0,9.5021,9.5021,112.25,0.266652,40.0,230.0,0.0
2024-11-08,26,14:30,0.0,17.0147,17.0147,112.25,0.477474,40.0,230.0,0.0
2024-11-08,27,14:45,0.0,17.1381,17.1381,112.25,0.480938,40.0,230.0,0.0
2024-11-08,28,15:00,0.0,16.0793,16.0793,123.59,0.49681,40.0,70.0,160.0
2024-11-08,29,15:15,0.0,3.2115,3.2115,123.59,0.099227,40.0,70.0,0.0
2024-11-08,30,15:30,0.0,9.5021,9.5021,123.59,0.293591,0.0,110.0,0.0
2024-11-08,31,15:45,0.0,17.0147,17.0147,123.59,0.525711,0.0,110.0,0.0
2024-11-08,32,16:00,0.0,17.1381,17.1381,129.1,0.553132,0.0,110.0,0.0
2024-11-08,33,16:15,0.0,16.0793,16.0793,129.1,0.518959,0.0,110.0,0.0
2024-11-08,34,16:30,0.0,3.2115,3.2115,129.1,0.103651,0.0,110.0,0.0
2024-11-08,35,16:45,0.0,0.0,0.0,129.1,0.0,0.0,150.0,0.0
2024-11-08,36,17:00,0.0,0.0,0.0,128.56,0.0,0.0,150.0,0.0
2024-11-08,37,17:15,0.0,0.0,0.0,128.56,0.0,0.0,150.0,0.0
2024-11-08,38,17:30,0.0,0.0,0.0,128.56,0.0,0.0,150.0,0.0
2024-11-08,39,17:45,0.0,0.0,0.0,128.56,0.0,0.0,150.0,0.0
2024-11-08,40,18:00,0.0,0.0,0.0,132.9,0.0,0.0,150.0,0.0
2024-11-08,41,18:15,0.0,0.0,0.0,132.9,0.0,0.0,150.0,0.0
2024-11-08,42,18:30,0.0,0.0,0.0,132.9,0.0,0.0,150.0,0.0
2024-11-08,43,18:45,0.0,0.0,0.0,132.9,0.0,0.0,150.0,0.0
2024-11-08,44,19:00,0.0,0.0,0.0,127.19,0.0,0.0,150.0,0.0
2024-11-08,45,19:15,0.0,0.0,0.0,127.19,0.0,0.0,150.0,0.0
2024-11-08,46,19:30,0.0,0.0,0.0,127.19,0.0,0.0,150.0,0.0
2024-11-08,47,19:45,0.0,0.0,0.0,127.19,0.0,0.0,150.0,0.0
2024-11-08,48,20:00,0.0,0.0,0.0,115.74,0.0,0.0,150.0,0.0
2024-11-08,49,20:15,0.0,0.0,0.0,115.74,0.0,0.0,150.0,0.0
2024-11-08,50,20:30,0.0,0.0,0.0,115.74,0.0,0.0,150.0,0.0
2024-11-08,51,20:45,0.0,0.0,0.0,115.74,0.0,0.0,150.0,0.0
2024-11-08,52,21:00,0.0,0.0,0.0,109.48,0.0,0.0,150.0,0.0
2024-11-08,53,21:15,0.0,0.0,0.0,109.48,0.0,0.0,150.0,0.0
2024-11-08,54,21:30,0.0,0.0,0.0,109.48,0.0,0.0,150.0,0.0
2024-11-08,55,21:45,0.0,0.0,0.0,109.48,0.0,0.0,10.0,140.0
2024-11-11,0,08:00,1.8638,0.0,1.8638,135.06,0.062933,0.0,10.0,0.0
2024-11-11,1,08:15,6.7293,0.0,6.7293,135.06,0.227214,0.0,10.0,0.0
2024-11-11,2,08:30,5.9956,0.0,5.9956,135.06,0.202441,0.0,10.0,0.0
2024-11-11,3,08:45,7.1179,0.0,7.1179,135.06,0.240336,0.0,10.0,0.0
2024-11-11,4,09:00,6.1091,0.0,6.1091,132.94,0.203035,0.0,10.0,0.0
2024-11-11,5,09:15,5.6324,0.0,5.6324,132.94,0.187194,0.0,10.0,0.0
2024-11-11,6,09:30,5.8458,0.0,5.8458,132.94,0.194286,0.0,10.0,0.0
2024-11-11,7,09:45,5.1816,0.0,5.1816,132.94,0.17221,0.0,10.0,0.0
2024-11-11,8,10:00,6.7301,0.0,6.7301,128.5,0.216204,0.0,10.0,0.0
2024-11-11,9,10:15,3.9878,0.0,3.9878,128.5,0.128108,0.0,10.0,0.0
2024-11-11,10,10:30,0.0,9.5021,9.5021,128.5,0.305255,60.0,10.0,0.0
2024-11-11,11,10:45,0.0,17.0147,17.0147,128.5,0.546596,60.0,10.0,0.0
2024-11-11,12,11:00,0.0,17.1381,17.1381,124.21,0.532181,60.0,10.0,0.0
2024-11-11,13,11:15,0.0,16.0793,16.0793,124.21,0.499302,60.0,10.0,0.0
2024-11-11,14,11:30,0.0,3.2115,3.2115,124.21,0.099725,60.0,10.0,0.0
2024-11-11,15,11:45,0.0,0.0,0.0,124.21,0.0,60.0,50.0,0.0
2024-11-11,16,12:00,0.0,0.0,0.0,119.84,0.0,60.0,50.0,0.0
2024-11-11,17,12:15,0.0,0.0,0.0,119.84,0.0,60.0,50.0,0.0
2024-11-11,18,12:30,0.0,0.0,0.0,119.84,0.0,60.0,50.0,0.0
2024-11-11,19,12:45,0.0,0.0,0.0,119.84,0.0,60.0,50.0,0.0
2024-11-11,20,13:00,0.0,0.0,0.0,129.02,0.0,60.0,50.0,0.0
2024-11-11,21,13:15,0.0,0.0,0.0,129.02,0.0,60.0,50.0,0.0
2024-11-11,22,13:30,0.0,0.0,0.0,129.02,0.0,60.0,50.0,0.0
2024-11-11,23,13:45,0.0,0.0,0.0,129.02,0.0,60.0,50.0,0.0
2024-11-11,24,14:00,0.0,0.0,0.0,130.44,0.0,60.0,50.0,0.0
2024-11-11,25,14:15,0.0,0.0,0.0,130.44,0.0,60.0,50.0,0.0
2024-11-11,26,14:30,0.0,0.0,0.0,130.44,0.0,60.0,50.0,0.0
2024-11-11,27,14:45,0.0,0.0,0.0,130.44,0.0,60.0,50.0,0.0
2024-11-11,28,15:00,0.0,0.0,0.0,139.05,0.0,60.0,50.0,0.0
2024-11-11,29,15:15,0.0,0.0,0.0,139.05,0.0,60.0,50.0,0.0
2024-11-11,30,15:30,0.0,0.0,0.0,139.05,0.0,60.0,50.0,0.0
2024-11-11,31,15:45,0.0,0.0,0.0,139.05,0.0,60.0,50.0,0.0
2024-11-11,32,16:00,0.0,0.0,0.0,140.94,0.0,60.0,50.0,0.0
2024-11-11,33,16:15,0.0,0.0,0.0,140.94,0.0,60.0,50.0,0.0
2024-11-11,34,16:30,0.0,0.0,0.0,140.94,0.0,60.0,50.0,0.0
2024-11-11,35,16:45,0.0,0.0,0.0,140.94,0.0,60.0,50.0,0.0
2024-11-11,36,17:00,0.0,0.0,0.0,153.18,0.0,60.0,50.0,0.0
2024-11-11,37,17:15,0.0,0.0,0.0,153.18,0.0,60.0,50.0,0.0
2024-11-11,38,17:30,0.0,0.0,0.0,153.18,0.0,60.0,50.0,0.0
2024-11-11,39,17:45,0.0,0.0,0.0,153.18,0.0,60.0,50.0,0.0
2024-11-11,40,18:00,0.0,0.0,0.0,147.09,0.0,60.0,50.0,0.0
2024-11-11,41,18:15,0.0,0.0,0.0,147.09,0.0,60.0,50.0,0.0
2024-11-11,42,18:30,0.0,0.0,0.0,147.09,0.0,60.0,50.0,0.0
2024-11-11,43,18:45,0.0,0.0,0.0,147.09,0.0,60.0,50.0,0.0
2024-11-11,44,19:00,0.0,0.0,0.0,133.7,0.0,60.0,50.0,0.0
2024-11-11,45,19:15,0.0,0.0,0.0,133.7,0.0,60.0,50.0,0.0
2024-11-11,46,19:30,0.0,0.0,0.0,133.7,0.0,60.0,50.0,0.0
2024-11-11,47,19:45,0.0,0.0,0.0,133.7,0.0,60.0,50.0,0.0
2024-11-11,48,20:00,0.0,0.0,0.0,121.94,0.0,60.0,50.0,0.0
2024-11-11,49,20:15,0.0,0.0,0.0,121.94,0.0,60.0,50.0,0.0
2024-11-11,50,20:30,0.0,0.0,0.0,121.94,0.0,60.0,50.0,0.0
2024-11-11,51,20:45,0.0,0.0,0.0,121.94,0.0,60.0,50.0,0.0
2024-11-11,52,21:00,0.0,0.0,0.0,112.88,0.0,60.0,50.0,0.0
2024-11-11,53,21:15,0.0,0.0,0.0,112.88,0.0,60.0,50.0,0.0
2024-11-11,54,21:30,0.0,0.0,0.0,112.88,0.0,60.0,50.0,0.0
2024-11-11,55,21:45,0.0,0.0,0.0,112.88,0.0,60.0,50.0,0.0
2024-11-12,0,08:00,1.8638,9.5021,11.3659,201.64,0.572957,20.0,50.0,0.0
2024-11-12,1,08:15,6.7293,17.0147,23.744,201.64,1.196933,20.0,50.0,0.0
2024-11-12,2,08:30,5.9956,17.1381,23.1337,201.64,1.166169,20.0,50.0,0.0
2024-11-12,3,08:45,7.1179,16.0793,23.1972,201.64,1.16937,20.0,50.0,0.0
2024-11-12,4,09:00,6.1091,3.2115,9.3206,223.33,0.52039,20.0,50.0,0.0
2024-11-12,5,09:15,5.6324,0.0,5.6324,223.33,0.314474,20.0,90.0,0.0
2024-11-12,6,09:30,5.8458,0.0,5.8458,223.33,0.326386,20.0,90.0,0.0
2024-11-12,7,09:45,5.1816,0.0,5.1816,223.33,0.2893,20.0,90.0,0.0
2024-11-12,8,10:00,6.7301,0.0,6.7301,190.24,0.320084,20.0,90.0,0.0
2024-11-12,9,10:15,3.9878,0.0,3.9878,190.24,0.18966,20.0,90.0,0.0
2024-11-12,10,10:30,0.0,9.5021,9.5021,190.24,0.45192,80.0,90.0,0.0
2024-11-12,11,10:45,0.0,17.0147,17.0147,190.24,0.809218,80.0,90.0,0.0
2024-11-12,12,11:00,0.0,17.1381,17.1381,171.08,0.732996,80.0,90.0,0.0
2024-11-12,13,11:15,0.0,16.0793,16.0793,171.08,0.687711,80.0,90.0,0.0
2024-11-12,14,11:30,0.0,3.2115,3.2115,171.08,0.137355,80.0,90.0,0.0
2024-11-12,15,11:45,0.0,9.5021,9.5021,171.08,0.406405,40.0,130.0,0.0
2024-11-12,16,12:00,0.0,17.0147,17.0147,161.59,0.68735,40.0,130.0,0.0
2024-11-12,17,12:15,0.0,17.1381,17.1381,161.59,0.692336,40.0,130.0,0.0
2024-11-12,18,12:30,0.0,16.0793,16.0793,161.59,0.649563,40.0,130.0,0.0
2024-11-12,19,12:45,0.0,3.2115,3.2115,161.59,0.129736,40.0,130.0,0.0
2024-11-12,20,13:00,0.0,0.0,0.0,156.47,0.0,40.0,170.0,0.0
2024-11-12,21,13:15,0.0,0.0,0.0,156.47,0.0,40.0,170.0,0.0
2024-11-12,22,13:30,0.0,0.0,0.0,156.47,0.0,40.0,170.0,0.0
2024-11-12,23,13:45,0.0,0.0,0.0,156.47,0.0,40.0,170.0,0.0
2024-11-12,24,14:00,0.0,0.0,0.0,174.37,0.0,40.0,170.0,0.0
2024-11-12,25,14:15,0.0,0.0,0.0,174.37,0.0,40.0,170.0,0.0
2024-11-12,26,14:30,0.0,0.0,0.0,174.37,0.0,40.0,170.0,0.0
2024-11-12,27,14:45,0.0,0.0,0.0,174.37,0.0,40.0,170.0,0.0
2024-11-12,28,15:00,0.0,0.0,0.0,218.78,0.0,40.0,20.0,150.0
2024-11-12,29,15:15,0.0,0.0,0.0,218.78,0.0,40.0,20.0,0.0
2024-11-12,30,15:30,0.0,0.0,0.0,218.78,0.0,40.0,20.0,0.0
2024-11-12,31,15:45,0.0,0.0,0.0,218.78,0.0,40.0,20.0,0.0
2024-11-12,32,16:00,0.0,0.0,0.0,272.73,0.0,40.0,20.0,0.0
2024-11-12,33,16:15,0.0,0.0,0.0,272.73,0.0,40.0,20.0,0.0
2024-11-12,34,16:30,0.0,0.0,0.0,272.73,0.0,40.0,20.0,0.0
2024-11-12,35,16:45,0.0,0.0,0.0,272.73,0.0,40.0,20.0,0.0
2024-11-12,36,17:00,0.0,0.0,0.0,317.89,0.0,40.0,20.0,0.0
2024-11-12,37,17:15,0.0,0.0,0.0,317.89,0.0,40.0,20.0,0.0
2024-11-12,38,17:30,0.0,0.0,0.0,317.89,0.0,40.0,20.0,0.0
2024-11-12,39,17:45,0.0,0.0,0.0,317.89,0.0,40.0,20.0,0.0
2024-11-12,40,18:00,0.0,0.0,0.0,225.33,0.0,40.0,20.0,0.0
2024-11-12,41,18:15,0.0,0.0,0.0,225.33,0.0,40.0,20.0,0.0
2024-11-12,42,18:30,0.0,0.0,0.0,225.33,0.0,40.0,20.0,0.0
2024-11-12,43,18:45,0.0,0.0,0.0,225.33,0.0,40.0,20.0,0.0
2024-11-12,44,19:00,0.0,0.0,0.0,171.35,0.0,40.0,20.0,0.0
2024-11-12,45,19:15,0.0,0.0,0.0,171.35,0.0,40.0,20.0,0.0
2024-11-12,46,19:30,0.0,0.0,0.0,171.35,0.0,40.0,20.0,0.0
2024-11-12,47,19:45,0.0,0.0,0.0,171.35,0.0,40.0,20.0,0.0
2024-11-12,48,20:00,0.0,0.0,0.0,149.12,0.0,40.0,20.0,0.0
2024-11-12,49,20:15,0.0,0.0,0.0,149.12,0.0,40.0,20.0,0.0
2024-11-12,50,20:30,0.0,0.0,0.0,149.12,0.0,40.0,20.0,0.0
2024-11-12,51,20:45,0.0,0.0,0.0,149.12,0.0,40.0,20.0,0.0
2024-11-12,52,21:00,0.0,0.0,0.0,131.9,0.0,40.0,20.0,0.0
2024-11-12,53,21:15,0.0,0.0,0.0,131.9,0.0,40.0,20.0,0.0
2024-11-12,54,21:30,0.0,0.0,0.0,131.9,0.0,40.0,20.0,0.0
2024-11-12,55,21:45,0.0,0.0,0.0,131.9,0.0,40.0,20.0,0.0
2024-11-13,0,08:00,1.8638,9.5021,11.3659,225.45,0.640612,0.0,20.0,0.0
2024-11-13,1,08:15,6.7293,17.0147,23.744,225.45,1.338269,0.0,20.0,0.0
2024-11-13,2,08:30,5.9956,17.1381,23.1337,225.45,1.303872,0.0,20.0,0.0
2024-11-13,3,08:45,7.1179,16.0793,23.1972,225.45,1.307451,0.0,20.0,0.0
2024-11-13,4,09:00,6.1091,3.2115,9.3206,227.43,0.529944,0.0,20.0,0.0
2024-11-13,5,09:15,5.6324,0.0,5.6324,227.43,0.320247,0.0,60.0,0.0
2024-11-13,6,09:30,5.8458,0.0,5.8458,227.43,0.332378,0.0,60.0,0.0
2024-11-13,7,09:45,5.1816,0.0,5.1816,227.43,0.294611,0.0,60.0,0.0
2024-11-13,8,10:00,6.7301,0.0,6.7301,200.8,0.337851,0.0,60.0,0.0
2024-11-13,9,10:15,3.9878,0.0,3.9878,200.8,0.200188,0.0,60.0,0.0
2024-11-13,10,10:30,1.8638,9.5021,11.3659,200.8,0.57057,60.0,60.0,0.0
2024-11-13,11,10:45,6.7293,17.0147,23.744,200.8,1.191946,60.0,60.0,0.0
2024-11-13,12,11:00,5.9956,17.1381,23.1337,177.7,1.027714,60.0,60.0,0.0
2024-11-13,13,11:15,7.1179,16.0793,23.1972,177.7,1.030534,60.0,60.0,0.0
2024-11-13,14,11:30,6.1091,3.2115,9.3206,177.7,0.414066,60.0,60.0,0.0
2024-11-13,15,11:45,5.6324,9.5021,15.1345,177.7,0.672352,20.0,100.0,0.0
2024-11-13,16,12:00,5.8458,17.0147,22.8605,160.99,0.920077,20.0,100.0,0.0
2024-11-13,17,12:15,5.1816,17.1381,22.3197,160.99,0.898311,20.0,100.0,0.0
2024-11-13,18,12:30,6.7301,16.0793,22.8094,160.99,0.918021,20.0,100.0,0.0
2024-11-13,19,12:45,3.9878,3.2115,7.1993,160.99,0.289753,20.0,100.0,0.0
2024-11-13,20,13:00,1.8638,9.5021,11.3659,162.07,0.460519,80.0,140.0,0.0
2024-11-13,21,13:15,6.7293,17.0147,23.744,162.07,0.962046,80.0,140.0,0.0
2024-11-13,22,13:30,5.9956,17.1381,23.1337,162.07,0.937319,80.0,140.0,0.0
2024-11-13,23,13:45,7.1179,16.0793,23.1972,162.07,0.939891,80.0,140.0,0.0
2024-11-13,24,14:00,6.1091,3.2115,9.3206,159.9,0.372589,80.0,140.0,0.0
2024-11-13,25,14:15,5.6324,9.5021,15.1345,159.9,0.605003,40.0,180.0,0.0
2024-11-13,26,14:30,5.8458,17.0147,22.8605,159.9,0.913848,40.0,180.0,0.0
2024-11-13,27,14:45,5.1816,17.1381,22.3197,159.9,0.892229,40.0,180.0,0.0
2024-11-13,28,15:00,6.7301,16.0793,22.8094,165.6,0.944308,40.0,40.0,140.0
2024-11-13,29,15:15,3.9878,3.2115,7.1993,165.6,0.29805,40.0,40.0,0.0
2024-11-13,30,15:30,0.0,9.5021,9.5021,165.6,0.393387,100.0,80.0,0.0
2024-11-13,31,15:45,0.0,17.0147,17.0147,165.6,0.704407,100.0,80.0,0.0
2024-11-13,32,16:00,0.0,17.1381,17.1381,178.28,0.763845,100.0,80.0,0.0
2024-11-13,33,16:15,0.0,16.0793,16.0793,178.28,0.716654,100.0,80.0,0.0
2024-11-13,34,16:30,0.0,3.2115,3.2115,178.28,0.143136,100.0,80.0,0.0
2024-11-13,35,16:45,0.0,9.5021,9.5021,178.28,0.423508,60.0,120.0,0.0
2024-11-13,36,17:00,0.0,17.0147,17.0147,178.43,0.758982,60.0,120.0,0.0
2024-11-13,37,17:15,0.0,17.1381,17.1381,178.43,0.764487,60.0,120.0,0.0
2024-11-13,38,17:30,0.0,16.0793,16.0793,178.43,0.717256,60.0,120.0,0.0
2024-11-13,39,17:45,0.0,3.2115,3.2115,178.43,0.143256,60.0,120.0,0.0
2024-11-13,40,18:00,0.0,0.0,0.0,173.9,0.0,60.0,160.0,0.0
2024-11-13,41,18:15,0.0,0.0,0.0,173.9,0.0,60.0,160.0,0.0
2024-11-13,42,18:30,0.0,0.0,0.0,173.9,0.0,60.0,160.0,0.0
2024-11-13,43,18:45,0.0,0.0,0.0,173.9,0.0,60.0,160.0,0.0
2024-11-13,44,19:00,0.0,0.0,0.0,161.79,0.0,60.0,160.0,0.0
2024-11-13,45,19:15,0.0,0.0,0.0,161.79,0.0,60.0,160.0,0.0
2024-11-13,46,19:30,0.0,0.0,0.0,161.79,0.0,60.0,160.0,0.0
2024-11-13,47,19:45,0.0,0.0,0.0,161.79,0.0,60.0,160.0,0.0
2024-11-13,48,20:00,0.0,0.0,0.0,125.22,0.0,60.0,160.0,0.0
2024-11-13,49,20:15,0.0,0.0,0.0,125.22,0.0,60.0,160.0,0.0
2024-11-13,50,20:30,0.0,0.0,0.0,125.22,0.0,60.0,160.0,0.0
2024-11-13,51,20:45,0.0,0.0,0.0,125.22,0.0,60.0,160.0,0.0
2024-11-13,52,21:00,0.0,0.0,0.0,114.86,0.0,60.0,160.0,0.0
2024-11-13,53,21:15,0.0,0.0,0.0,114.86,0.0,60.0,160.0,0.0
2024-11-13,54,21:30,0.0,0.0,0.0,114.86,0.0,60.0,160.0,0.0
2024-11-13,55,21:45,0.0,0.0,0.0,114.86,0.0,60.0,50.0,110.0
2024-11-14,0,08:00,1.8638,9.5021,11.3659,127.14,0.361266,20.0,50.0,0.0
2024-11-14,1,08:15,6.7293,17.0147,23.744,127.14,0.754702,20.0,50.0,0.0
2024-11-14,2,08:30,5.9956,17.1381,23.1337,127.14,0.735304,20.0,50.0,0.0
2024-11-14,3,08:45,7.1179,16.0793,23.1972,127.14,0.737322,20.0,50.0,0.0
2024-11-14,4,09:00,6.1091,3.2115,9.3206,123.92,0.288751,20.0,50.0,0.0
2024-11-14,5,09:15,5.6324,0.0,5.6324,123.92,0.174493,20.0,90.0,0.0
2024-11-14,6,09:30,5.8458,0.0,5.8458,123.92,0.181103,20.0,90.0,0.0
2024-11-14,7,09:45,5.1816,0.0,5.1816,123.92,0.160525,20.0,90.0,0.0
2024-11-14,8,10:00,6.7301,0.0,6.7301,125.65,0.211409,20.0,90.0,0.0
2024-11-14,9,10:15,3.9878,0.0,3.9878,125.65,0.125267,20.0,90.0,0.0
2024-11-14,10,10:30,1.8638,9.5021,11.3659,125.65,0.357032,80.0,90.0,0.0
2024-11-14,11,10:45,6.7293,17.0147,23.744,125.65,0.745857,80.0,90.0,0.0
2024-11-14,12,11:00,5.9956,17.1381,23.1337,124.84,0.722002,80.0,90.0,0.0
2024-11-14,13,11:15,7.1179,16.0793,23.1972,124.84,0.723984,80.0,90.0,0.0
2024-11-14,14,11:30,6.1091,3.2115,9.3206,124.84,0.290895,80.0,90.0,0.0
2024-11-14,15,11:45,5.6324,9.5021,15.1345,124.84,0.472349,40.0,130.0,0.0
2024-11-14,16,12:00,5.8458,17.0147,22.8605,121.68,0.695416,40.0,130.0,0.0
2024-11-14,17,12:15,5.1816,17.1381,22.3197,121.68,0.678964,40.0,130.0,0.0
2024-11-14,18,12:30,6.7301,16.0793,22.8094,121.68,0.693861,40.0,130.0,0.0
2024-11-14,19,12:45,3.9878,3.2115,7.1993,121.68,0.219002,40.0,130.0,0.0
2024-11-14,20,13:00,1.8638,9.5021,11.3659,127.4,0.362005,100.0,170.0,0.0
2024-11-14,21,13:15,6.7293,17.0147,23.744,127.4,0.756245,100.0,170.0,0.0
2024-11-14,22,13:30,5.9956,17.1381,23.1337,127.4,0.736808,100.0,170.0,0.0
2024-11-14,23,13:45,7.1179,16.0793,23.1972,127.4,0.73883,100.0,170.0,0.0
2024-11-14,24,14:00,6.1091,3.2115,9.3206,134.01,0.312262,100.0,170.0,0.0
2024-11-14,25,14:15,5.6324,9.5021,15.1345,134.01,0.507045,60.0,210.0,0.0
2024-11-14,26,14:30,5.8458,17.0147,22.8605,134.01,0.765883,60.0,210.0,0.0
2024-11-14,27,14:45,5.1816,17.1381,22.3197,134.01,0.747765,60.0,210.0,0.0
2024-11-14,28,15:00,6.7301,16.0793,22.8094,142.18,0.810759,60.0,70.0,140.0
2024-11-14,29,15:15,3.9878,3.2115,7.1993,142.18,0.255899,60.0,70.0,0.0
2024-11-14,30,15:30,0.0,9.5021,9.5021,142.18,0.337752,120.0,110.0,0.0
2024-11-14,31,15:45,0.0,17.0147,17.0147,142.18,0.604787,120.0,110.0,0.0
2024-11-14,32,16:00,0.0,17.1381,17.1381,147.41,0.631582,120.0,110.0,0.0
2024-11-14,33,16:15,0.0,16.0793,16.0793,147.41,0.592562,120.0,110.0,0.0
2024-11-14,34,16:30,0.0,3.2115,3.2115,147.41,0.118351,120.0,110.0,0.0
2024-11-14,35,16:45,0.0,9.5021,9.5021,147.41,0.350176,80.0,150.0,0.0
2024-11-14,36,17:00,0.0,17.0147,17.0147,155.91,0.663189,80.0,150.0,0.0
2024-11-14,37,17:15,0.0,17.1381,17.1381,155.91,0.668,80.0,150.0,0.0
2024-11-14,38,17:30,0.0,16.0793,16.0793,155.91,0.62673,80.0,150.0,0.0
2024-11-14,39,17:45,0.0,3.2115,3.2115,155.91,0.125176,80.0,150.0,0.0
2024-11-14,40,18:00,0.0,0.0,0.0,154.09,0.0,80.0,190.0,0.0
2024-11-14,41,18:15,0.0,0.0,0.0,154.09,0.0,80.0,190.0,0.0
2024-11-14,42,18:30,0.0,0.0,0.0,154.09,0.0,80.0,190.0,0.0
2024-11-14,43,18:45,0.0,0.0,0.0,154.09,0.0,80.0,190.0,0.0
2024-11-14,44,19:00,0.0,0.0,0.0,148.29,0.0,80.0,190.0,0.0
2024-11-14,45,19:15,0.0,0.0,0.0,148.29,0.0,80.0,190.0,0.0
2024-11-14,46,19:30,0.0,0.0,0.0,148.29,0.0,80.0,190.0,0.0
2024-11-14,47,19:45,0.0,0.0,0.0,148.29,0.0,80.0,190.0,0.0
2024-11-14,48,20:00,0.0,0.0,0.0,138.58,0.0,80.0,190.0,0.0
2024-11-14,49,20:15,0.0,0.0,0.0,138.58,0.0,80.0,190.0,0.0
2024-11-14,50,20:30,0.0,0.0,0.0,138.58,0.0,80.0,190.0,0.0
2024-11-14,51,20:45,0.0,0.0,0.0,138.58,0.0,80.0,190.0,0.0
2024-11-14,52,21:00,0.0,0.0,0.0,129.44,0.0,80.0,190.0,0.0
2024-11-14,53,21:15,0.0,0.0,0.0,129.44,0.0,80.0,190.0,0.0
2024-11-14,54,21:30,0.0,0.0,0.0,129.44,0.0,80.0,190.0,0.0
2024-11-14,55,21:45,0.0,0.0,0.0,129.44,0.0,80.0,20.0,170.0
2024-11-15,0,08:00,1.8638,9.5021,11.3659,157.77,0.448301,40.0,20.0,0.0
2024-11-15,1,08:15,6.7293,17.0147,23.744,157.77,0.936521,40.0,20.0,0.0
2024-11-15,2,08:30,5.9956,17.1381,23.1337,157.77,0.91245,40.0,20.0,0.0
2024-11-15,3,08:45,7.1179,16.0793,23.1972,157.77,0.914955,40.0,20.0,0.0
2024-11-15,4,09:00,6.1091,3.2115,9.3206,150.86,0.351525,40.0,20.0,0.0
2024-11-15,5,09:15,5.6324,9.5021,15.1345,150.86,0.570799,0.0,60.0,0.0
2024-11-15,6,09:30,5.8458,17.0147,22.8605,150.86,0.862183,0.0,60.0,0.0
2024-11-15,7,09:45,5.1816,17.1381,22.3197,150.86,0.841786,0.0,60.0,0.0
2024-11-15,8,10:00,6.7301,16.0793,22.8094,138.84,0.791714,0.0,60.0,0.0
2024-11-15,9,10:15,3.9878,3.2115,7.1993,138.84,0.249887,0.0,60.0,0.0
2024-11-15,10,10:30,1.8638,9.5021,11.3659,138.84,0.394512,60.0,100.0,0.0
2024-11-15,11,10:45,6.7293,17.0147,23.744,138.84,0.824153,60.0,100.0,0.0
2024-11-15,12,11:00,5.9956,17.1381,23.1337,135.08,0.781224,60.0,100.0,0.0
2024-11-15,13,11:15,7.1179,16.0793,23.1972,135.08,0.783369,60.0,100.0,0.0
2024-11-15,14,11:30,6.1091,3.2115,9.3206,135.08,0.314755,60.0,100.0,0.0
2024-11-15,15,11:45,5.6324,9.5021,15.1345,135.08,0.511093,20.0,140.0,0.0
2024-11-15,16,12:00,5.8458,17.0147,22.8605,121.74,0.695759,20.0,140.0,0.0
2024-11-15,17,12:15,5.1816,17.1381,22.3197,121.74,0.679299,20.0,140.0,0.0
2024-11-15,18,12:30,6.7301,16.0793,22.8094,121.74,0.694203,20.0,140.0,0.0
2024-11-15,19,12:45,3.9878,3.2115,7.1993,121.74,0.21911,20.0,140.0,0.0
2024-11-15,20,13:00,1.8638,9.5021,11.3659,121.8,0.346093,80.0,180.0,0.0
2024-11-15,21,13:15,6.7293,17.0147,23.744,121.8,0.723003,80.0,180.0,0.0
2024-11-15,22,13:30,5.9956,17.1381,23.1337,121.8,0.704421,80.0,180.0,0.0
2024-11-15,23,13:45,7.1179,16.0793,23.1972,121.8,0.706354,80.0,180.0,0.0
2024-11-15,24,14:00,6.1091,3.2115,9.3206,131.89,0.307322,80.0,180.0,0.0
2024-11-15,25,14:15,5.6324,9.5021,15.1345,131.89,0.499024,40.0,220.0,0.0
2024-11-15,26,14:30,5.8458,17.0147,22.8605,131.89,0.753767,40.0,220.0,0.0
2024-11-15,27,14:45,5.1816,17.1381,22.3197,131.89,0.735935,40.0,220.0,0.0
2024-11-15,28,15:00,6.7301,16.0793,22.8094,141.75,0.808307,40.0,40.0,180.0
2024-11-15,29,15:15,3.9878,3.2115,7.1993,141.75,0.255125,40.0,40.0,0.0
2024-11-15,30,15:30,0.0,9.5021,9.5021,141.75,0.33673,100.0,80.0,0.0
2024-11-15,31,15:45,0.0,17.0147,17.0147,141.75,0.602957,100.0,80.0,0.0
2024-11-15,32,16:00,0.0,17.1381,17.1381,133.95,0.573912,100.0,80.0,0.0
2024-11-15,33,16:15,0.0,16.0793,16.0793,133.95,0.538455,100.0,80.0,0.0
2024-11-15,34,16:30,0.0,3.2115,3.2115,133.95,0.107545,100.0,80.0,0.0
2024-11-15,35,16:45,0.0,9.5021,9.5021,133.95,0.318201,60.0,120.0,0.0
2024-11-15,36,17:00,0.0,17.0147,17.0147,136.26,0.579605,60.0,120.0,0.0
2024-11-15,37,17:15,0.0,17.1381,17.1381,136.26,0.583809,60.0,120.0,0.0
2024-11-15,38,17:30,0.0,16.0793,16.0793,136.26,0.547741,60.0,120.0,0.0
2024-11-15,39,17:45,0.0,3.2115,3.2115,136.26,0.109399,60.0,120.0,0.0
2024-11-15,40,18:00,0.0,0.0,0.0,134.77,0.0,60.0,160.0,0.0
2024-11-15,41,18:15,0.0,0.0,0.0,134.77,0.0,60.0,160.0,0.0
2024-11-15,42,18:30,0.0,0.0,0.0,134.77,0.0,60.0,160.0,0.0
2024-11-15,43,18:45,0.0,0.0,0.0,134.77,0.0,60.0,160.0,0.0
2024-11-15,44,19:00,0.0,0.0,0.0,128.39,0.0,60.0,160.0,0.0
2024-11-15,45,19:15,0.0,0.0,0.0,128.39,0.0,60.0,160.0,0.0
2024-11-15,46,19:30,0.0,0.0,0.0,128.39,0.0,60.0,160.0,0.0
2024-11-15,47,19:45,0.0,0.0,0.0,128.39,0.0,60.0,160.0,0.0
2024-11-15,48,20:00,0.0,0.0,0.0,115.73,0.0,60.0,160.0,0.0
2024-11-15,49,20:15,0.0,0.0,0.0,115.73,0.0,60.0,160.0,0.0
2024-11-15,50,20:30,0.0,0.0,0.0,115.73,0.0,60.0,160.0,0.0
2024-11-15,51,20:45,0.0,0.0,0.0,115.73,0.0,60.0,160.0,0.0
2024-11-15,52,21:00,0.0,0.0,0.0,110.74,0.0,60.0,160.0,0.0
2024-11-15,53,21:15,0.0,0.0,0.0,110.74,0.0,60.0,160.0,0.0
2024-11-15,54,21:30,0.0,0.0,0.0,110.74,0.0,60.0,160.0,0.0
2024-11-15,55,21:45,0.0,0.0,0.0,110.74,0.0,60.0,0.0,160.0
2024-11-18,0,08:00,1.8638,9.5021,11.3659,121.91,0.346405,20.0,0.0,0.0
2024-11-18,1,08:15,6.7293,17.0147,23.744,121.91,0.723656,20.0,0.0,0.0
2024-11-18,2,08:30,5.9956,17.1381,23.1337,121.91,0.705057,20.0,0.0,0.0
2024-11-18,3,08:45,7.1179,16.0793,23.1972,121.91,0.706992,20.0,0.0,0.0
2024-11-18,4,09:00,6.1091,3.2115,9.3206,119.56,0.278592,20.0,0.0,0.0
2024-11-18,5,09:15,5.6324,0.0,5.6324,119.56,0.168354,20.0,40.0,0.0
2024-11-18,6,09:30,5.8458,0.0,5.8458,119.56,0.174731,20.0,40.0,0.0
2024-11-18,7,09:45,5.1816,0.0,5.1816,119.56,0.154877,20.0,40.0,0.0
2024-11-18,8,10:00,6.7301,0.0,6.7301,111.51,0.187618,20.0,40.0,0.0
2024-11-18,9,10:15,3.9878,0.0,3.9878,111.51,0.11117,20.0,40.0,0.0
2024-11-18,10,10:30,1.8638,9.5021,11.3659,111.51,0.316854,80.0,40.0,0.0
2024-11-18,11,10:45,6.7293,17.0147,23.744,111.51,0.661922,80.0,40.0,0.0
2024-11-18,12,11:00,5.9956,17.1381,23.1337,92.98,0.537742,80.0,40.0,0.0
2024-11-18,13,11:15,7.1179,16.0793,23.1972,92.98,0.539218,80.0,40.0,0.0
2024-11-18,14,11:30,6.1091,3.2115,9.3206,92.98,0.216656,80.0,40.0,0.0
2024-11-18,15,11:45,5.6324,9.5021,15.1345,92.98,0.351802,40.0,80.0,0.0
2024-11-18,16,12:00,5.8458,17.0147,22.8605,79.5,0.454352,40.0,80.0,0.0
2024-11-18,17,12:15,5.1816,17.1381,22.3197,79.5,0.443603,40.0,80.0,0.0
2024-11-18,18,12:30,6.7301,16.0793,22.8094,79.5,0.453336,40.0,80.0,0.0
2024-11-18,19,12:45,3.9878,3.2115,7.1993,79.5,0.143086,40.0,80.0,0.0
2024-11-18,20,13:00,1.8638,9.5021,11.3659,94.13,0.267469,100.0,120.0,0.0
2024-11-18,21,13:15,6.7293,17.0147,23.744,94.13,0.558755,100.0,120.0,0.0
2024-11-18,22,13:30,5.9956,17.1381,23.1337,94.13,0.544393,100.0,120.0,0.0
2024-11-18,23,13:45,7.1179,16.0793,23.1972,94.13,0.545887,100.0,120.0,0.0
2024-11-18,24,14:00,6.1091,3.2115,9.3206,109.52,0.255197,100.0,120.0,0.0
2024-11-18,25,14:15,5.6324,9.5021,15.1345,109.52,0.414384,60.0,160.0,0.0
2024-11-18,26,14:30,5.8458,17.0147,22.8605,109.52,0.62592,60.0,160.0,0.0
2024-11-18,27,14:45,5.1816,17.1381,22.3197,109.52,0.611112,60.0,160.0,0.0
2024-11-18,28,15:00,6.7301,16.0793,22.8094,119.98,0.684167,60.0,10.0,150.0
2024-11-18,29,15:15,3.9878,3.2115,7.1993,119.98,0.215943,60.0,10.0,0.0
2024-11-18,30,15:30,0.0,9.5021,9.5021,119.98,0.285015,120.0,50.0,0.0
2024-11-18,31,15:45,0.0,17.0147,17.0147,119.98,0.510355,120.0,50.0,0.0
2024-11-18,32,16:00,0.0,17.1381,17.1381,132.48,0.567614,120.0,50.0,0.0
2024-11-18,33,16:15,0.0,16.0793,16.0793,132.48,0.532546,120.0,50.0,0.0
2024-11-18,34,16:30,0.0,3.2115,3.2115,132.48,0.106364,120.0,50.0,0.0
2024-11-18,35,16:45,0.0,9.5021,9.5021,132.48,0.314709,80.0,90.0,0.0
2024-11-18,36,17:00,0.0,17.0147,17.0147,159.9,0.680162,80.0,90.0,0.0
2024-11-18,37,17:15,0.0,17.1381,17.1381,159.9,0.685095,80.0,90.0,0.0
2024-11-18,38,17:30,0.0,16.0793,16.0793,159.9,0.642769,80.0,90.0,0.0
2024-11-18,39,17:45,0.0,3.2115,3.2115,159.9,0.128379,80.0,90.0,0.0
2024-11-18,40,18:00,0.0,9.5021,9.5021,161.82,0.384407,40.0,130.0,0.0
2024-11-18,41,18:15,0.0,17.0147,17.0147,161.82,0.688329,40.0,130.0,0.0
2024-11-18,42,18:30,0.0,17.1381,17.1381,161.82,0.693322,40.0,130.0,0.0
2024-11-18,43,18:45,0.0,16.0793,16.0793,161.82,0.650487,40.0,130.0,0.0
2024-11-18,44,19:00,0.0,3.2115,3.2115,152.96,0.122807,40.0,130.0,0.0
2024-11-18,45,19:15,0.0,0.0,0.0,152.96,0.0,40.0,170.0,0.0
2024-11-18,46,19:30,0.0,0.0,0.0,152.96,0.0,40.0,170.0,0.0
2024-11-18,47,19:45,0.0,0.0,0.0,152.96,0.0,40.0,170.0,0.0
2024-11-18,48,20:00,0.0,0.0,0.0,128.94,0.0,40.0,170.0,0.0
2024-11-18,49,20:15,0.0,0.0,0.0,128.94,0.0,40.0,170.0,0.0
2024-11-18,50,20:30,0.0,0.0,0.0,128.94,0.0,40.0,170.0,0.0
2024-11-18,51,20:45,0.0,0.0,0.0,128.94,0.0,40.0,170.0,0.0
2024-11-18,52,21:00,0.0,0.0,0.0,117.62,0.0,40.0,170.0,0.0
2024-11-18,53,21:15,0.0,0.0,0.0,117.62,0.0,40.0,170.0,0.0
2024-11-18,54,21:30,0.0,0.0,0.0,117.62,0.0,40.0,170.0,0.0
2024-11-18,55,21:45,0.0,0.0,0.0,117.62,0.0,40.0,30.0,140.0
2024-11-19,0,08:00,1.8638,9.5021,11.3659,155.06,0.4406,0.0,30.0,0.0
2024-11-19,1,08:15,6.7293,17.0147,23.744,155.06,0.920434,0.0,30.0,0.0
2024-11-19,2,08:30,5.9956,17.1381,23.1337,155.06,0.896777,0.0,30.0,0.0
2024-11-19,3,08:45,7.1179,16.0793,23.1972,155.06,0.899238,0.0,30.0,0.0
2024-11-19,4,09:00,6.1091,3.2115,9.3206,157.57,0.36716,0.0,30.0,0.0
2024-11-19,5,09:15,5.6324,0.0,5.6324,157.57,0.221876,0.0,70.0,0.0
2024-11-19,6,09:30,5.8458,0.0,5.8458,157.57,0.230281,0.0,70.0,0.0
2024-11-19,7,09:45,5.1816,0.0,5.1816,157.57,0.204115,0.0,70.0,0.0
2024-11-19,8,10:00,6.7301,0.0,6.7301,156.26,0.262911,0.0,70.0,0.0
2024-11-19,9,10:15,3.9878,0.0,3.9878,156.26,0.155783,0.0,70.0,0.0
2024-11-19,10,10:30,1.8638,9.5021,11.3659,156.26,0.44401,60.0,70.0,0.0
2024-11-19,11,10:45,6.7293,17.0147,23.744,156.26,0.927558,60.0,70.0,0.0
2024-11-19,12,11:00,5.9956,17.1381,23.1337,152.81,0.883764,60.0,70.0,0.0
2024-11-19,13,11:15,7.1179,16.0793,23.1972,152.81,0.88619,60.0,70.0,0.0
2024-11-19,14,11:30,6.1091,3.2115,9.3206,152.81,0.356069,60.0,70.0,0.0
2024-11-19,15,11:45,5.6324,9.5021,15.1345,152.81,0.578177,20.0,110.0,0.0
2024-11-19,16,12:00,5.8458,17.0147,22.8605,148.19,0.846924,20.0,110.0,0.0
2024-11-19,17,12:15,5.1816,17.1381,22.3197,148.19,0.826888,20.0,110.0,0.0
2024-11-19,18,12:30,6.7301,16.0793,22.8094,148.19,0.845031,20.0,110.0,0.0
2024-11-19,19,12:45,3.9878,3.2115,7.1993,148.19,0.266716,20.0,110.0,0.0
2024-11-19,20,13:00,1.8638,9.5021,11.3659,144.14,0.409571,80.0,150.0,0.0
2024-11-19,21,13:15,6.7293,17.0147,23.744,144.14,0.855613,80.0,150.0,0.0
2024-11-19,22,13:30,5.9956,17.1381,23.1337,144.14,0.833622,80.0,150.0,0.0
2024-11-19,23,13:45,7.1179,16.0793,23.1972,144.14,0.83591,80.0,150.0,0.0
2024-11-19,24,14:00,6.1091,3.2115,9.3206,140.15,0.326569,80.0,150.0,0.0
2024-11-19,25,14:15,5.6324,9.5021,15.1345,140.15,0.530276,40.0,190.0,0.0
2024-11-19,26,14:30,5.8458,17.0147,22.8605,140.15,0.800974,40.0,190.0,0.0
2024-11-19,27,14:45,5.1816,17.1381,22.3197,140.15,0.782025,40.0,190.0,0.0
2024-11-19,28,15:00,6.7301,16.0793,22.8094,128.78,0.734348,40.0,60.0,130.0
2024-11-19,29,15:15,3.9878,3.2115,7.1993,128.78,0.231781,40.0,60.0,0.0
2024-11-19,30,15:30,0.0,9.5021,9.5021,128.78,0.30592,100.0,100.0,0.0
2024-11-19,31,15:45,0.0,17.0147,17.0147,128.78,0.547787,100.0,100.0,0.0
2024-11-19,32,16:00,0.0,17.1381,17.1381,132.89,0.56937,100.0,100.0,0.0
2024-11-19,33,16:15,0.0,16.0793,16.0793,132.89,0.534194,100.0,100.0,0.0
2024-11-19,34,16:30,0.0,3.2115,3.2115,132.89,0.106694,100.0,100.0,0.0
2024-11-19,35,16:45,0.0,9.5021,9.5021,132.89,0.315683,60.0,140.0,0.0
2024-11-19,36,17:00,0.0,17.0147,17.0147,140.19,0.596322,60.0,140.0,0.0
2024-11-19,37,17:15,0.0,17.1381,17.1381,140.19,0.600647,60.0,140.0,0.0
2024-11-19,38,17:30,0.0,16.0793,16.0793,140.19,0.563539,60.0,140.0,0.0
2024-11-19,39,17:45,0.0,3.2115,3.2115,140.19,0.112555,60.0,140.0,0.0
2024-11-19,40,18:00,0.0,0.0,0.0,134.65,0.0,60.0,180.0,0.0
2024-11-19,41,18:15,0.0,0.0,0.0,134.65,0.0,60.0,180.0,0.0
2024-11-19,42,18:30,0.0,0.0,0.0,134.65,0.0,60.0,180.0,0.0
2024-11-19,43,18:45,0.0,0.0,0.0,134.65,0.0,60.0,180.0,0.0
2024-11-19,44,19:00,0.0,0.0,0.0,125.93,0.0,60.0,180.0,0.0
2024-11-19,45,19:15,0.0,0.0,0.0,125.93,0.0,60.0,180.0,0.0
2024-11-19,46,19:30,0.0,0.0,0.0,125.93,0.0,60.0,180.0,0.0
2024-11-19,47,19:45,0.0,0.0,0.0,125.93,0.0,60.0,180.0,0.0
2024-11-19,48,20:00,0.0,0.0,0.0,117.1,0.0,60.0,180.0,0.0
2024-11-19,49,20:15,0.0,0.0,0.0,117.1,0.0,60.0,180.0,0.0
2024-11-19,50,20:30,0.0,0.0,0.0,117.1,0.0,60.0,180.0,0.0
2024-11-19,51,20:45,0.0,0.0,0.0,117.1,0.0,60.0,180.0,0.0
2024-11-19,52,21:00,0.0,0.0,0.0,109.37,0.0,60.0,180.0,0.0
2024-11-19,53,21:15,0.0,0.0,0.0,109.37,0.0,60.0,180.0,0.0
2024-11-19,54,21:30,0.0,0.0,0.0,109.37,0.0,60.0,180.0,0.0
2024-11-19,55,21:45,0.0,0.0,0.0,109.37,0.0,60.0,40.0,140.0
2024-11-20,0,08:00,1.8638,9.5021,11.3659,142.87,0.405963,20.0,40.0,0.0
2024-11-20,1,08:15,6.7293,17.0147,23.744,142.87,0.848075,20.0,40.0,0.0
2024-11-20,2,08:30,5.9956,17.1381,23.1337,142.87,0.826277,20.0,40.0,0.0
2024-11-20,3,08:45,7.1179,16.0793,23.1972,142.87,0.828545,20.0,40.0,0.0
2024-11-20,4,09:00,6.1091,3.2115,9.3206,140.09,0.326429,20.0,40.0,0.0
2024-11-20,5,09:15,5.6324,0.0,5.6324,140.09,0.197262,20.0,80.0,0.0
2024-11-20,6,09:30,5.8458,0.0,5.8458,140.09,0.204735,20.0,80.0,0.0
2024-11-20,7,09:45,5.1816,0.0,5.1816,140.09,0.181472,20.0,80.0,0.0
2024-11-20,8,10:00,6.7301,0.0,6.7301,120.35,0.202492,20.0,80.0,0.0
2024-11-20,9,10:15,3.9878,0.0,3.9878,120.35,0.119983,20.0,80.0,0.0
2024-11-20,10,10:30,0.0,9.5021,9.5021,120.35,0.285894,80.0,80.0,0.0
2024-11-20,11,10:45,0.0,17.0147,17.0147,120.35,0.511929,80.0,80.0,0.0
2024-11-20,12,11:00,0.0,17.1381,17.1381,107.77,0.461743,80.0,80.0,0.0
2024-11-20,13,11:15,0.0,16.0793,16.0793,107.77,0.433216,80.0,80.0,0.0
2024-11-20,14,11:30,0.0,3.2115,3.2115,107.77,0.086525,80.0,80.0,0.0
2024-11-20,15,11:45,0.0,9.5021,9.5021,107.77,0.25601,40.0,120.0,0.0
2024-11-20,16,12:00,0.0,17.0147,17.0147,97.26,0.413712,40.0,120.0,0.0
2024-11-20,17,12:15,0.0,17.1381,17.1381,97.26,0.416713,40.0,120.0,0.0
2024-11-20,18,12:30,0.0,16.0793,16.0793,97.26,0.390968,40.0,120.0,0.0
2024-11-20,19,12:45,0.0,3.2115,3.2115,97.26,0.078087,40.0,120.0,0.0
2024-11-20,20,13:00,0.0,0.0,0.0,97.36,0.0,40.0,160.0,0.0
2024-11-20,21,13:15,0.0,0.0,0.0,97.36,0.0,40.0,160.0,0.0
2024-11-20,22,13:30,0.0,0.0,0.0,97.36,0.0,40.0,160.0,0.0
2024-11-20,23,13:45,0.0,0.0,0.0,97.36,0.0,40.0,160.0,0.0
2024-11-20,24,14:00,0.0,0.0,0.0,106.64,0.0,40.0,160.0,0.0
2024-11-20,25,14:15,0.0,0.0,0.0,106.64,0.0,40.0,160.0,0.0
2024-11-20,26,14:30,0.0,0.0,0.0,106.64,0.0,40.0,160.0,0.0
2024-11-20,27,14:45,0.0,0.0,0.0,106.64,0.0,40.0,160.0,0.0
2024-11-20,28,15:00,0.0,0.0,0.0,130.84,0.0,40.0,10.0,150.0
2024-11-20,29,15:15,0.0,0.0,0.0,130.84,0.0,40.0,10.0,0.0
2024-11-20,30,15:30,0.0,0.0,0.0,130.84,0.0,40.0,10.0,0.0
2024-11-20,31,15:45,0.0,0.0,0.0,130.84,0.0,40.0,10.0,0.0
2024-11-20,32,16:00,0.0,0.0,0.0,135.09,0.0,40.0,10.0,0.0
2024-11-20,33,16:15,0.0,0.0,0.0,135.09,0.0,40.0,10.0,0.0
2024-11-20,34,16:30,0.0,0.0,0.0,135.09,0.0,40.0,10.0,0.0
2024-11-20,35,16:45,0.0,0.0,0.0,135.09,0.0,40.0,10.0,0.0
2024-11-20,36,17:00,0.0,0.0,0.0,142.0,0.0,40.0,10.0,0.0
2024-11-20,37,17:15,0.0,0.0,0.0,142.0,0.0,40.0,10.0,0.0
2024-11-20,38,17:30,0.0,0.0,0.0,142.0,0.0,40.0,10.0,0.0
2024-11-20,39,17:45,0.0,0.0,0.0,142.0,0.0,40.0,10.0,0.0
2024-11-20,40,18:00,0.0,0.0,0.0,142.58,0.0,40.0,10.0,0.0
2024-11-20,41,18:15,0.0,0.0,0.0,142.58,0.0,40.0,10.0,0.0
2024-11-20,42,18:30,0.0,0.0,0.0,142.58,0.0,40.0,10.0,0.0
2024-11-20,43,18:45,0.0,0.0,0.0,142.58,0.0,40.0,10.0,0.0
2024-11-20,44,19:00,0.0,0.0,0.0,140.26,0.0,40.0,10.0,0.0
2024-11-20,45,19:15,0.0,0.0,0.0,140.26,0.0,40.0,10.0,0.0
2024-11-20,46,19:30,0.0,0.0,0.0,140.26,0.0,40.0,10.0,0.0
2024-11-20,47,19:45,0.0,0.0,0.0,140.26,0.0,40.0,10.0,0.0
2024-11-20,48,20:00,0.0,0.0,0.0,135.98,0.0,40.0,10.0,0.0
2024-11-20,49,20:15,0.0,0.0,0.0,135.98,0.0,40.0,10.0,0.0
2024-11-20,50,20:30,0.0,0.0,0.0,135.98,0.0,40.0,10.0,0.0
2024-11-20,51,20:45,0.0,0.0,0.0,135.98,0.0,40.0,10.0,0.0
2024-11-20,52,21:00,0.0,0.0,0.0,123.05,0.0,40.0,10.0,0.0
2024-11-20,53,21:15,0.0,0.0,0.0,123.05,0.0,40.0,10.0,0.0
2024-11-20,54,21:30,0.0,0.0,0.0,123.05,0.0,40.0,10.0,0.0
2024-11-20,55,21:45,0.0,0.0,0.0,123.05,0.0,40.0,10.0,0.0
2024-11-21,0,08:00,1.8638,9.5021,11.3659,132.99,0.377889,0.0,10.0,0.0
2024-11-21,1,08:15,6.7293,17.0147,23.744,132.99,0.789427,0.0,10.0,0.0
2024-11-21,2,08:30,5.9956,17.1381,23.1337,132.99,0.769137,0.0,10.0,0.0
2024-11-21,3,08:45,7.1179,16.0793,23.1972,132.99,0.771248,0.0,10.0,0.0
2024-11-21,4,09:00,6.1091,3.2115,9.3206,134.98,0.314522,0.0,10.0,0.0
2024-11-21,5,09:15,5.6324,0.0,5.6324,134.98,0.190067,0.0,50.0,0.0
2024-11-21,6,09:30,5.8458,0.0,5.8458,134.98,0.197267,0.0,50.0,0.0
2024-11-21,7,09:45,5.1816,0.0,5.1816,134.98,0.174852,0.0,50.0,0.0
2024-11-21,8,10:00,6.7301,0.0,6.7301,127.33,0.214236,0.0,50.0,0.0
2024-11-21,9,10:15,3.9878,0.0,3.9878,127.33,0.126942,0.0,50.0,0.0
2024-11-21,10,10:30,1.8638,9.5021,11.3659,127.33,0.361806,60.0,50.0,0.0
2024-11-21,11,10:45,6.7293,17.0147,23.744,127.33,0.755829,60.0,50.0,0.0
2024-11-21,12,11:00,5.9956,17.1381,23.1337,115.47,0.667812,60.0,50.0,0.0
2024-11-21,13,11:15,7.1179,16.0793,23.1972,115.47,0.669644,60.0,50.0,0.0
2024-11-21,14,11:30,6.1091,3.2115,9.3206,115.47,0.269061,60.0,50.0,0.0
2024-11-21,15,11:45,5.6324,9.5021,15.1345,115.47,0.436896,20.0,90.0,0.0
2024-11-21,16,12:00,5.8458,17.0147,22.8605,113.57,0.649066,20.0,90.0,0.0
2024-11-21,17,12:15,5.1816,17.1381,22.3197,113.57,0.633711,20.0,90.0,0.0
2024-11-21,18,12:30,6.7301,16.0793,22.8094,113.57,0.647615,20.0,90.0,0.0
2024-11-21,19,12:45,3.9878,3.2115,7.1993,113.57,0.204406,20.0,90.0,0.0
2024-11-21,20,13:00,1.8638,9.5021,11.3659,120.83,0.343336,80.0,130.0,0.0
2024-11-21,21,13:15,6.7293,17.0147,23.744,120.83,0.717245,80.0,130.0,0.0
2024-11-21,22,13:30,5.9956,17.1381,23.1337,120.83,0.698811,80.0,130.0,0.0
2024-11-21,23,13:45,7.1179,16.0793,23.1972,120.83,0.700729,80.0,130.0,0.0
2024-11-21,24,14:00,6.1091,3.2115,9.3206,141.62,0.329994,80.0,130.0,0.0
2024-11-21,25,14:15,5.6324,9.5021,15.1345,141.62,0.535838,40.0,170.0,0.0
2024-11-21,26,14:30,5.8458,17.0147,22.8605,141.62,0.809376,40.0,170.0,0.0
2024-11-21,27,14:45,5.1816,17.1381,22.3197,141.62,0.790228,40.0,170.0,0.0
2024-11-21,28,15:00,6.7301,16.0793,22.8094,154.85,0.883008,40.0,40.0,130.0
2024-11-21,29,15:15,3.9878,3.2115,7.1993,154.85,0.278702,40.0,40.0,0.0
2024-11-21,30,15:30,0.0,9.5021,9.5021,154.85,0.36785,100.0,80.0,0.0
2024-11-21,31,15:45,0.0,17.0147,17.0147,154.85,0.658681,100.0,80.0,0.0
2024-11-21,32,16:00,0.0,17.1381,17.1381,174.97,0.749663,100.0,80.0,0.0
2024-11-21,33,16:15,0.0,16.0793,16.0793,174.97,0.703348,100.0,80.0,0.0
2024-11-21,34,16:30,0.0,3.2115,3.2115,174.97,0.140478,100.0,80.0,0.0
2024-11-21,35,16:45,0.0,9.5021,9.5021,174.97,0.415645,60.0,120.0,0.0
2024-11-21,36,17:00,0.0,17.0147,17.0147,182.26,0.775274,60.0,120.0,0.0
2024-11-21,37,17:15,0.0,17.1381,17.1381,182.26,0.780897,60.0,120.0,0.0
2024-11-21,38,17:30,0.0,16.0793,16.0793,182.26,0.732652,60.0,120.0,0.0
2024-11-21,39,17:45,0.0,3.2115,3.2115,182.26,0.146331,60.0,120.0,0.0
2024-11-21,40,18:00,0.0,0.0,0.0,161.34,0.0,60.0,160.0,0.0
2024-11-21,41,18:15,0.0,0.0,0.0,161.34,0.0,60.0,160.0,0.0
2024-11-21,42,18:30,0.0,0.0,0.0,161.34,0.0,60.0,160.0,0.0
2024-11-21,43,18:45,0.0,0.0,0.0,161.34,0.0,60.0,160.0,0.0
2024-11-21,44,19:00,0.0,0.0,0.0,154.05,0.0,60.0,160.0,0.0
2024-11-21,45,19:15,0.0,0.0,0.0,154.05,0.0,60.0,160.0,0.0
2024-11-21,46,19:30,0.0,0.0,0.0,154.05,0.0,60.0,160.0,0.0
2024-11-21,47,19:45,0.0,0.0,0.0,154.05,0.0,60.0,160.0,0.0
2024-11-21,48,20:00,0.0,0.0,0.0,131.33,0.0,60.0,160.0,0.0
2024-11-21,49,20:15,0.0,0.0,0.0,131.33,0.0,60.0,160.0,0.0
2024-11-21,50,20:30,0.0,0.0,0.0,131.33,0.0,60.0,160.0,0.0
2024-11-21,51,20:45,0.0,0.0,0.0,131.33,0.0,60.0,160.0,0.0
2024-11-21,52,21:00,0.0,0.0,0.0,123.05,0.0,60.0,160.0,0.0
2024-11-21,53,21:15,0.0,0.0,0.0,123.05,0.0,60.0,160.0,0.0
2024-11-21,54,21:30,0.0,0.0,0.0,123.05,0.0,60.0,160.0,0.0
2024-11-21,55,21:45,0.0,0.0,0.0,123.05,0.0,60.0,30.0,130.0
2024-11-22,0,08:00,1.8638,9.5021,11.3659,144.08,0.409401,20.0,30.0,0.0
2024-11-22,1,08:15,6.7293,17.0147,23.744,144.08,0.855257,20.0,30.0,0.0
2024-11-22,2,08:30,5.9956,17.1381,23.1337,144.08,0.833275,20.0,30.0,0.0
2024-11-22,3,08:45,7.1179,16.0793,23.1972,144.08,0.835562,20.0,30.0,0.0
2024-11-22,4,09:00,6.1091,3.2115,9.3206,141.58,0.329901,20.0,30.0,0.0
2024-11-22,5,09:15,5.6324,0.0,5.6324,141.58,0.19936,20.0,70.0,0.0
2024-11-22,6,09:30,5.8458,0.0,5.8458,141.58,0.206913,20.0,70.0,0.0
2024-11-22,7,09:45,5.1816,0.0,5.1816,141.58,0.183402,20.0,70.0,0.0
2024-11-22,8,10:00,6.7301,0.0,6.7301,135.75,0.228403,20.0,70.0,0.0
2024-11-22,9,10:15,3.9878,0.0,3.9878,135.75,0.135336,20.0,70.0,0.0
2024-11-22,10,10:30,1.8638,9.5021,11.3659,135.75,0.385731,80.0,70.0,0.0
2024-11-22,11,10:45,6.7293,17.0147,23.744,135.75,0.80581,80.0,70.0,0.0
2024-11-22,12,11:00,5.9956,17.1381,23.1337,116.84,0.675735,80.0,70.0,0.0
2024-11-22,13,11:15,7.1179,16.0793,23.1972,116.84,0.677589,80.0,70.0,0.0
2024-11-22,14,11:30,6.1091,3.2115,9.3206,116.84,0.272254,80.0,70.0,0.0
2024-11-22,15,11:45,5.6324,9.5021,15.1345,116.84,0.44208,40.0,110.0,0.0
2024-11-22,16,12:00,5.8458,17.0147,22.8605,105.14,0.600888,40.0,110.0,0.0
2024-11-22,17,12:15,5.1816,17.1381,22.3197,105.14,0.586672,40.0,110.0,0.0
2024-11-22,18,12:30,6.7301,16.0793,22.8094,105.14,0.599545,40.0,110.0,0.0
2024-11-22,19,12:45,3.9878,3.2115,7.1993,105.14,0.189233,40.0,110.0,0.0
2024-11-22,20,13:00,0.0,9.5021,9.5021,95.23,0.226221,100.0,150.0,0.0
2024-11-22,21,13:15,0.0,17.0147,17.0147,95.23,0.405077,100.0,150.0,0.0
2024-11-22,22,13:30,0.0,17.1381,17.1381,95.23,0.408015,100.0,150.0,0.0
2024-11-22,23,13:45,0.0,16.0793,16.0793,95.23,0.382807,100.0,150.0,0.0
2024-11-22,24,14:00,0.0,3.2115,3.2115,96.18,0.07722,100.0,150.0,0.0
2024-11-22,25,14:15,0.0,9.5021,9.5021,96.18,0.228478,60.0,190.0,0.0
2024-11-22,26,14:30,0.0,17.0147,17.0147,96.18,0.409118,60.0,190.0,0.0
2024-11-22,27,14:45,0.0,17.1381,17.1381,96.18,0.412085,60.0,190.0,0.0
2024-11-22,28,15:00,0.0,16.0793,16.0793,106.24,0.427066,60.0,100.0,90.0
2024-11-22,29,15:15,0.0,3.2115,3.2115,106.24,0.085297,60.0,100.0,0.0
2024-11-22,30,15:30,0.0,0.0,0.0,106.24,0.0,60.0,140.0,0.0
2024-11-22,31,15:45,0.0,0.0,0.0,106.24,0.0,60.0,140.0,0.0
2024-11-22,32,16:00,0.0,0.0,0.0,111.21,0.0,60.0,140.0,0.0
2024-11-22,33,16:15,0.0,0.0,0.0,111.21,0.0,60.0,140.0,0.0
2024-11-22,34,16:30,0.0,0.0,0.0,111.21,0.0,60.0,140.0,0.0
2024-11-22,35,16:45,0.0,0.0,0.0,111.21,0.0,60.0,140.0,0.0
2024-11-22,36,17:00,0.0,0.0,0.0,128.44,0.0,60.0,140.0,0.0
2024-11-22,37,17:15,0.0,0.0,0.0,128.44,0.0,60.0,140.0,0.0
2024-11-22,38,17:30,0.0,0.0,0.0,128.44,0.0,60.0,140.0,0.0
2024-11-22,39,17:45,0.0,0.0,0.0,128.44,0.0,60.0,140.0,0.0
2024-11-22,40,18:00,0.0,0.0,0.0,134.28,0.0,60.0,140.0,0.0
2024-11-22,41,18:15,0.0,0.0,0.0,134.28,0.0,60.0,140.0,0.0
2024-11-22,42,18:30,0.0,0.0,0.0,134.28,0.0,60.0,140.0,0.0
2024-11-22,43,18:45,0.0,0.0,0.0,134.28,0.0,60.0,140.0,0.0
2024-11-22,44,19:00,0.0,0.0,0.0,128.8,0.0,60.0,140.0,0.0
2024-11-22,45,19:15,0.0,0.0,0.0,128.8,0.0,60.0,140.0,0.0
2024-11-22,46,19:30,0.0,0.0,0.0,128.8,0.0,60.0,140.0,0.0
2024-11-22,47,19:45,0.0,0.0,0.0,128.8,0.0,60.0,140.0,0.0
2024-11-22,48,20:00,0.0,0.0,0.0,106.21,0.0,60.0,140.0,0.0
2024-11-22,49,20:15,0.0,0.0,0.0,106.21,0.0,60.0,140.0,0.0
2024-11-22,50,20:30,0.0,0.0,0.0,106.21,0.0,60.0,140.0,0.0
2024-11-22,51,20:45,0.0,0.0,0.0,106.21,0.0,60.0,140.0,0.0
2024-11-22,52,21:00,0.0,0.0,0.0,106.35,0.0,60.0,140.0,0.0
2024-11-22,53,21:15,0.0,0.0,0.0,106.35,0.0,60.0,140.0,0.0
2024-11-22,54,21:30,0.0,0.0,0.0,106.35,0.0,60.0,140.0,0.0
2024-11-22,55,21:45,0.0,0.0,0.0,106.35,0.0,60.0,0.0,140.0
2024-11-25,0,08:00,1.8638,9.5021,11.3659,77.01,0.218823,20.0,0.0,0.0
2024-11-25,1,08:15,6.7293,17.0147,23.744,77.01,0.45713,20.0,0.0,0.0
2024-11-25,2,08:30,5.9956,17.1381,23.1337,77.01,0.445381,20.0,0.0,0.0
2024-11-25,3,08:45,7.1179,16.0793,23.1972,77.01,0.446604,20.0,0.0,0.0
2024-11-25,4,09:00,6.1091,3.2115,9.3206,66.57,0.155117,20.0,0.0,0.0
2024-11-25,5,09:15,5.6324,0.0,5.6324,66.57,0.093738,20.0,40.0,0.0
2024-11-25,6,09:30,5.8458,0.0,5.8458,66.57,0.097289,20.0,40.0,0.0
2024-11-25,7,09:45,5.1816,0.0,5.1816,66.57,0.086234,20.0,40.0,0.0
2024-11-25,8,10:00,6.7301,0.0,6.7301,42.55,0.071591,20.0,40.0,0.0
2024-11-25,9,10:15,3.9878,0.0,3.9878,42.55,0.04242,20.0,40.0,0.0
2024-11-25,10,10:30,1.8638,9.5021,11.3659,42.55,0.120905,80.0,40.0,0.0
2024-11-25,11,10:45,6.7293,17.0147,23.744,42.55,0.252576,80.0,40.0,0.0
2024-11-25,12,11:00,5.9956,17.1381,23.1337,41.37,0.23926,80.0,40.0,0.0
2024-11-25,13,11:15,7.1179,16.0793,23.1972,41.37,0.239917,80.0,40.0,0.0
2024-11-25,14,11:30,6.1091,3.2115,9.3206,41.37,0.096398,80.0,40.0,0.0
2024-11-25,15,11:45,5.6324,9.5021,15.1345,41.37,0.156529,40.0,80.0,0.0
2024-11-25,16,12:00,5.8458,17.0147,22.8605,40.0,0.228605,40.0,80.0,0.0
2024-11-25,17,12:15,5.1816,17.1381,22.3197,40.0,0.223197,40.0,80.0,0.0
2024-11-25,18,12:30,6.7301,16.0793,22.8094,40.0,0.228094,40.0,80.0,0.0
2024-11-25,19,12:45,3.9878,3.2115,7.1993,40.0,0.071993,40.0,80.0,0.0
2024-11-25,20,13:00,1.8638,9.5021,11.3659,57.16,0.162419,100.0,120.0,0.0
2024-11-25,21,13:15,6.7293,17.0147,23.744,57.16,0.339301,100.0,120.0,0.0
2024-11-25,22,13:30,5.9956,17.1381,23.1337,57.16,0.33058,100.0,120.0,0.0
2024-11-25,23,13:45,7.1179,16.0793,23.1972,57.16,0.331488,100.0,120.0,0.0
2024-11-25,24,14:00,6.1091,3.2115,9.3206,67.97,0.15838,100.0,120.0,0.0
2024-11-25,25,14:15,5.6324,9.5021,15.1345,67.97,0.257174,60.0,160.0,0.0
2024-11-25,26,14:30,5.8458,17.0147,22.8605,67.97,0.388457,60.0,160.0,0.0
2024-11-25,27,14:45,5.1816,17.1381,22.3197,67.97,0.379267,60.0,160.0,0.0
2024-11-25,28,15:00,6.7301,16.0793,22.8094,94.99,0.541666,60.0,30.0,130.0
2024-11-25,29,15:15,3.9878,3.2115,7.1993,94.99,0.170965,60.0,30.0,0.0
2024-11-25,30,15:30,0.0,9.5021,9.5021,94.99,0.225651,120.0,70.0,0.0
2024-11-25,31,15:45,0.0,17.0147,17.0147,94.99,0.404056,120.0,70.0,0.0
2024-11-25,32,16:00,0.0,17.1381,17.1381,92.58,0.396661,120.0,70.0,0.0
2024-11-25,33,16:15,0.0,16.0793,16.0793,92.58,0.372155,120.0,70.0,0.0
2024-11-25,34,16:30,0.0,3.2115,3.2115,92.58,0.07433,120.0,70.0,0.0
2024-11-25,35,16:45,0.0,9.5021,9.5021,92.58,0.219926,80.0,110.0,0.0
2024-11-25,36,17:00,0.0,17.0147,17.0147,116.08,0.493766,80.0,110.0,0.0
2024-11-25,37,17:15,0.0,17.1381,17.1381,116.08,0.497347,80.0,110.0,0.0
2024-11-25,38,17:30,0.0,16.0793,16.0793,116.08,0.466621,80.0,110.0,0.0
2024-11-25,39,17:45,0.0,3.2115,3.2115,116.08,0.093197,80.0,110.0,0.0
2024-11-25,40,18:00,0.0,9.5021,9.5021,128.0,0.304067,40.0,150.0,0.0
2024-11-25,41,18:15,0.0,17.0147,17.0147,128.0,0.54447,40.0,150.0,0.0
2024-11-25,42,18:30,0.0,17.1381,17.1381,128.0,0.548419,40.0,150.0,0.0
2024-11-25,43,18:45,0.0,16.0793,16.0793,128.0,0.514537,40.0,150.0,0.0
2024-11-25,44,19:00,0.0,3.2115,3.2115,118.0,0.094739,40.0,150.0,0.0
2024-11-25,45,19:15,0.0,0.0,0.0,118.0,0.0,40.0,190.0,0.0
2024-11-25,46,19:30,0.0,0.0,0.0,118.0,0.0,40.0,190.0,0.0
2024-11-25,47,19:45,0.0,0.0,0.0,118.0,0.0,40.0,190.0,0.0
2024-11-25,48,20:00,0.0,0.0,0.0,94.73,0.0,40.0,190.0,0.0
2024-11-25,49,20:15,0.0,0.0,0.0,94.73,0.0,40.0,190.0,0.0
2024-11-25,50,20:30,0.0,0.0,0.0,94.73,0.0,40.0,190.0,0.0
2024-11-25,51,20:45,0.0,0.0,0.0,94.73,0.0,40.0,190.0,0.0
2024-11-25,52,21:00,0.0,0.0,0.0,81.26,0.0,40.0,190.0,0.0
2024-11-25,53,21:15,0.0,0.0,0.0,81.26,0.0,40.0,190.0,0.0
2024-11-25,54,21:30,0.0,0.0,0.0,81.26,0.0,40.0,190.0,0.0
2024-11-25,55,21:45,0.0,0.0,0.0,81.26,0.0,40.0,30.0,160.0
2024-11-26,0,08:00,1.8638,9.5021,11.3659,137.84,0.39167,0.0,30.0,0.0
2024-11-26,1,08:15,6.7293,17.0147,23.744,137.84,0.818217,0.0,30.0,0.0
2024-11-26,2,08:30,5.9956,17.1381,23.1337,137.84,0.797187,0.0,30.0,0.0
2024-11-26,3,08:45,7.1179,16.0793,23.1972,137.84,0.799375,0.0,30.0,0.0
2024-11-26,4,09:00,6.1091,3.2115,9.3206,127.09,0.296137,0.0,30.0,0.0
2024-11-26,5,09:15,5.6324,0.0,5.6324,127.09,0.178957,0.0,70.0,0.0
2024-11-26,6,09:30,5.8458,0.0,5.8458,127.09,0.185736,0.0,70.0,0.0
2024-11-26,7,09:45,5.1816,0.0,5.1816,127.09,0.164632,0.0,70.0,0.0
2024-11-26,8,10:00,6.7301,0.0,6.7301,112.09,0.188594,0.0,70.0,0.0
2024-11-26,9,10:15,3.9878,0.0,3.9878,112.09,0.111748,0.0,70.0,0.0
2024-11-26,10,10:30,0.0,9.5021,9.5021,112.09,0.266272,60.0,70.0,0.0
2024-11-26,11,10:45,0.0,17.0147,17.0147,112.09,0.476794,60.0,70.0,0.0
2024-11-26,12,11:00,0.0,17.1381,17.1381,100.0,0.428452,60.0,70.0,0.0
2024-11-26,13,11:15,0.0,16.0793,16.0793,100.0,0.401982,60.0,70.0,0.0
2024-11-26,14,11:30,0.0,3.2115,3.2115,100.0,0.080287,60.0,70.0,0.0
2024-11-26,15,11:45,0.0,9.5021,9.5021,100.0,0.237552,20.0,110.0,0.0
2024-11-26,16,12:00,0.0,17.0147,17.0147,90.9,0.386658,20.0,110.0,0.0
2024-11-26,17,12:15,0.0,17.1381,17.1381,90.9,0.389463,20.0,110.0,0.0
2024-11-26,18,12:30,0.0,16.0793,16.0793,90.9,0.365402,20.0,110.0,0.0
2024-11-26,19,12:45,0.0,3.2115,3.2115,90.9,0.072981,20.0,110.0,0.0
2024-11-26,20,13:00,0.0,0.0,0.0,102.07,0.0,20.0,150.0,0.0
2024-11-26,21,13:15,0.0,0.0,0.0,102.07,0.0,20.0,150.0,0.0
2024-11-26,22,13:30,0.0,0.0,0.0,102.07,0.0,20.0,150.0,0.0
2024-11-26,23,13:45,0.0,0.0,0.0,102.07,0.0,20.0,150.0,0.0
2024-11-26,24,14:00,0.0,0.0,0.0,116.1,0.0,20.0,150.0,0.0
2024-11-26,25,14:15,0.0,0.0,0.0,116.1,0.0,20.0,150.0,0.0
2024-11-26,26,14:30,0.0,0.0,0.0,116.1,0.0,20.0,150.0,0.0
2024-11-26,27,14:45,0.0,0.0,0.0,116.1,0.0,20.0,150.0,0.0
2024-11-26,28,15:00,0.0,0.0,0.0,123.95,0.0,20.0,150.0,0.0
2024-11-26,29,15:15,0.0,0.0,0.0,123.95,0.0,20.0,150.0,0.0
2024-11-26,30,15:30,0.0,0.0,0.0,123.95,0.0,20.0,150.0,0.0
2024-11-26,31,15:45,0.0,0.0,0.0,123.95,0.0,20.0,150.0,0.0
2024-11-26,32,16:00,0.0,0.0,0.0,143.1,0.0,20.0,150.0,0.0
2024-11-26,33,16:15,0.0,0.0,0.0,143.1,0.0,20.0,150.0,0.0
2024-11-26,34,16:30,0.0,0.0,0.0,143.1,0.0,20.0,150.0,0.0
2024-11-26,35,16:45,0.0,0.0,0.0,143.1,0.0,20.0,150.0,0.0
2024-11-26,36,17:00,0.0,0.0,0.0,155.52,0.0,20.0,150.0,0.0
2024-11-26,37,17:15,0.0,0.0,0.0,155.52,0.0,20.0,150.0,0.0
2024-11-26,38,17:30,0.0,0.0,0.0,155.52,0.0,20.0,150.0,0.0
2024-11-26,39,17:45,0.0,0.0,0.0,155.52,0.0,20.0,150.0,0.0
2024-11-26,40,18:00,0.0,0.0,0.0,160.91,0.0,20.0,150.0,0.0
2024-11-26,41,18:15,0.0,0.0,0.0,160.91,0.0,20.0,150.0,0.0
2024-11-26,42,18:30,0.0,0.0,0.0,160.91,0.0,20.0,150.0,0.0
2024-11-26,43,18:45,0.0,0.0,0.0,160.91,0.0,20.0,150.0,0.0
2024-11-26,44,19:00,0.0,0.0,0.0,153.28,0.0,20.0,150.0,0.0
2024-11-26,45,19:15,0.0,0.0,0.0,153.28,0.0,20.0,150.0,0.0
2024-11-26,46,19:30,0.0,0.0,0.0,153.28,0.0,20.0,150.0,0.0
2024-11-26,47,19:45,0.0,0.0,0.0,153.28,0.0,20.0,150.0,0.0
2024-11-26,48,20:00,0.0,0.0,0.0,126.38,0.0,20.0,150.0,0.0
2024-11-26,49,20:15,0.0,0.0,0.0,126.38,0.0,20.0,150.0,0.0
2024-11-26,50,20:30,0.0,0.0,0.0,126.38,0.0,20.0,150.0,0.0
2024-11-26,51,20:45,0.0,0.0,0.0,126.38,0.0,20.0,150.0,0.0
2024-11-26,52,21:00,0.0,0.0,0.0,118.23,0.0,20.0,150.0,0.0
2024-11-26,53,21:15,0.0,0.0,0.0,118.23,0.0,20.0,150.0,0.0
2024-11-26,54,21:30,0.0,0.0,0.0,118.23,0.0,20.0,150.0,0.0
2024-11-26,55,21:45,0.0,0.0,0.0,118.23,0.0,20.0,20.0,130.0
2024-11-27,0,08:00,1.8638,0.0,1.8638,184.84,0.086128,20.0,20.0,0.0
2024-11-27,1,08:15,6.7293,0.0,6.7293,184.84,0.31096,20.0,20.0,0.0
2024-11-27,2,08:30,5.9956,0.0,5.9956,184.84,0.277056,20.0,20.0,0.0
2024-11-27,3,08:45,7.1179,0.0,7.1179,184.84,0.328918,20.0,20.0,0.0
2024-11-27,4,09:00,6.1091,0.0,6.1091,164.45,0.251159,20.0,20.0,0.0
2024-11-27,5,09:15,5.6324,0.0,5.6324,164.45,0.231564,20.0,20.0,0.0
2024-11-27,6,09:30,5.8458,0.0,5.8458,164.45,0.240336,20.0,20.0,0.0
2024-11-27,7,09:45,5.1816,0.0,5.1816,164.45,0.213027,20.0,20.0,0.0
2024-11-27,8,10:00,6.7301,0.0,6.7301,153.1,0.257595,20.0,20.0,0.0
2024-11-27,9,10:15,3.9878,0.0,3.9878,153.1,0.152633,20.0,20.0,0.0
2024-11-27,10,10:30,1.8638,9.5021,11.3659,153.1,0.435031,80.0,20.0,0.0
2024-11-27,11,10:45,6.7293,17.0147,23.744,153.1,0.9088,80.0,20.0,0.0
2024-11-27,12,11:00,5.9956,17.1381,23.1337,150.0,0.867513,80.0,20.0,0.0
2024-11-27,13,11:15,7.1179,16.0793,23.1972,150.0,0.869894,80.0,20.0,0.0
2024-11-27,14,11:30,6.1091,3.2115,9.3206,150.0,0.349521,80.0,20.0,0.0
2024-11-27,15,11:45,5.6324,9.5021,15.1345,150.0,0.567545,40.0,60.0,0.0
2024-11-27,16,12:00,5.8458,17.0147,22.8605,145.66,0.832465,40.0,60.0,0.0
2024-11-27,17,12:15,5.1816,17.1381,22.3197,145.66,0.812771,40.0,60.0,0.0
2024-11-27,18,12:30,6.7301,16.0793,22.8094,145.66,0.830604,40.0,60.0,0.0
2024-11-27,19,12:45,3.9878,3.2115,7.1993,145.66,0.262162,40.0,60.0,0.0
2024-11-27,20,13:00,1.8638,9.5021,11.3659,140.49,0.3992,100.0,100.0,0.0
2024-11-27,21,13:15,6.7293,17.0147,23.744,140.49,0.833947,100.0,100.0,0.0
2024-11-27,22,13:30,5.9956,17.1381,23.1337,140.49,0.812513,100.0,100.0,0.0
2024-11-27,23,13:45,7.1179,16.0793,23.1972,140.49,0.814743,100.0,100.0,0.0
2024-11-27,24,14:00,6.1091,3.2115,9.3206,130.09,0.303128,100.0,100.0,0.0
2024-11-27,25,14:15,5.6324,9.5021,15.1345,130.09,0.492213,60.0,140.0,0.0
2024-11-27,26,14:30,5.8458,17.0147,22.8605,130.09,0.74348,60.0,140.0,0.0
2024-11-27,27,14:45,5.1816,17.1381,22.3197,130.09,0.725891,60.0,140.0,0.0
2024-11-27,28,15:00,6.7301,16.0793,22.8094,131.7,0.750999,60.0,20.0,120.0
2024-11-27,29,15:15,3.9878,3.2115,7.1993,131.7,0.237037,60.0,20.0,0.0
2024-11-27,30,15:30,0.0,9.5021,9.5021,131.7,0.312856,120.0,60.0,0.0
2024-11-27,31,15:45,0.0,17.0147,17.0147,131.7,0.560208,120.0,60.0,0.0
2024-11-27,32,16:00,0.0,17.1381,17.1381,117.56,0.503689,120.0,60.0,0.0
2024-11-27,33,16:15,0.0,16.0793,16.0793,117.56,0.47257,120.0,60.0,0.0
2024-11-27,34,16:30,0.0,3.2115,3.2115,117.56,0.094386,120.0,60.0,0.0
2024-11-27,35,16:45,0.0,9.5021,9.5021,117.56,0.279267,80.0,100.0,0.0
2024-11-27,36,17:00,0.0,17.0147,17.0147,110.24,0.468924,80.0,100.0,0.0
2024-11-27,37,17:15,0.0,17.1381,17.1381,110.24,0.472326,80.0,100.0,0.0
2024-11-27,38,17:30,0.0,16.0793,16.0793,110.24,0.443145,80.0,100.0,0.0
2024-11-27,39,17:45,0.0,3.2115,3.2115,110.24,0.088509,80.0,100.0,0.0
2024-11-27,40,18:00,0.0,9.5021,9.5021,112.29,0.266748,40.0,140.0,0.0
2024-11-27,41,18:15,0.0,17.0147,17.0147,112.29,0.477644,40.0,140.0,0.0
2024-11-27,42,18:30,0.0,17.1381,17.1381,112.29,0.481109,40.0,140.0,0.0
2024-11-27,43,18:45,0.0,16.0793,16.0793,112.29,0.451386,40.0,140.0,0.0
2024-11-27,44,19:00,0.0,3.2115,3.2115,101.84,0.081764,40.0,140.0,0.0
2024-11-27,45,19:15,0.0,0.0,0.0,101.84,0.0,40.0,180.0,0.0
2024-11-27,46,19:30,0.0,0.0,0.0,101.84,0.0,40.0,180.0,0.0
2024-11-27,47,19:45,0.0,0.0,0.0,101.84,0.0,40.0,180.0,0.0
2024-11-27,48,20:00,0.0,0.0,0.0,78.14,0.0,40.0,180.0,0.0
2024-11-27,49,20:15,0.0,0.0,0.0,78.14,0.0,40.0,180.0,0.0
2024-11-27,50,20:30,0.0,0.0,0.0,78.14,0.0,40.0,180.0,0.0
2024-11-27,51,20:45,0.0,0.0,0.0,78.14,0.0,40.0,180.0,0.0
2024-11-27,52,21:00,0.0,0.0,0.0,71.86,0.0,40.0,180.0,0.0
2024-11-27,53,21:15,0.0,0.0,0.0,71.86,0.0,40.0,180.0,0.0
2024-11-27,54,21:30,0.0,0.0,0.0,71.86,0.0,40.0,180.0,0.0
2024-11-27,55,21:45,0.0,0.0,0.0,71.86,0.0,40.0,20.0,160.0
2024-11-28,0,08:00,1.8638,9.5021,11.3659,107.41,0.305204,0.0,20.0,0.0
2024-11-28,1,08:15,6.7293,17.0147,23.744,107.41,0.637585,0.0,20.0,0.0
2024-11-28,2,08:30,5.9956,17.1381,23.1337,107.41,0.621197,0.0,20.0,0.0
2024-11-28,3,08:45,7.1179,16.0793,23.1972,107.41,0.622902,0.0,20.0,0.0
2024-11-28,4,09:00,6.1091,3.2115,9.3206,107.41,0.25028,0.0,20.0,0.0
2024-11-28,5,09:15,5.6324,0.0,5.6324,107.41,0.151245,0.0,60.0,0.0
2024-11-28,6,09:30,5.8458,0.0,5.8458,107.41,0.156975,0.0,60.0,0.0
2024-11-28,7,09:45,5.1816,0.0,5.1816,107.41,0.139138,0.0,60.0,0.0
2024-11-28,8,10:00,6.7301,0.0,6.7301,92.1,0.154961,0.0,60.0,0.0
2024-11-28,9,10:15,3.9878,0.0,3.9878,92.1,0.091819,0.0,60.0,0.0
2024-11-28,10,10:30,1.8638,9.5021,11.3659,92.1,0.261701,60.0,60.0,0.0
2024-11-28,11,10:45,6.7293,17.0147,23.744,92.1,0.546705,60.0,60.0,0.0
2024-11-28,12,11:00,5.9956,17.1381,23.1337,98.7,0.570824,60.0,60.0,0.0
2024-11-28,13,11:15,7.1179,16.0793,23.1972,98.7,0.57239,60.0,60.0,0.0
2024-11-28,14,11:30,6.1091,3.2115,9.3206,98.7,0.229985,60.0,60.0,0.0
2024-11-28,15,11:45,5.6324,9.5021,15.1345,98.7,0.373445,20.0,100.0,0.0
2024-11-28,16,12:00,5.8458,17.0147,22.8605,96.16,0.549566,20.0,100.0,0.0
2024-11-28,17,12:15,5.1816,17.1381,22.3197,96.16,0.536565,20.0,100.0,0.0
2024-11-28,18,12:30,6.7301,16.0793,22.8094,96.16,0.548337,20.0,100.0,0.0
2024-11-28,19,12:45,3.9878,3.2115,7.1993,96.16,0.173071,20.0,100.0,0.0
2024-11-28,20,13:00,1.8638,9.5021,11.3659,96.68,0.274715,80.0,140.0,0.0
2024-11-28,21,13:15,6.7293,17.0147,23.744,96.68,0.573891,80.0,140.0,0.0
2024-11-28,22,13:30,5.9956,17.1381,23.1337,96.68,0.559141,80.0,140.0,0.0
2024-11-28,23,13:45,7.1179,16.0793,23.1972,96.68,0.560676,80.0,140.0,0.0
2024-11-28,24,14:00,6.1091,3.2115,9.3206,97.86,0.228028,80.0,140.0,0.0
2024-11-28,25,14:15,5.6324,9.5021,15.1345,97.86,0.370267,40.0,180.0,0.0
2024-11-28,26,14:30,5.8458,17.0147,22.8605,97.86,0.559282,40.0,180.0,0.0
2024-11-28,27,14:45,5.1816,17.1381,22.3197,97.86,0.546051,40.0,180.0,0.0
2024-11-28,28,15:00,6.7301,16.0793,22.8094,111.59,0.636325,40.0,10.0,170.0
2024-11-28,29,15:15,3.9878,3.2115,7.1993,111.59,0.200842,40.0,10.0,0.0
2024-11-28,30,15:30,1.8638,9.5021,11.3659,111.59,0.317081,100.0,50.0,0.0
2024-11-28,31,15:45,6.7293,17.0147,23.744,111.59,0.662397,100.0,50.0,0.0
2024-11-28,32,16:00,5.9956,17.1381,23.1337,132.62,0.766997,100.0,50.0,0.0
2024-11-28,33,16:15,7.1179,16.0793,23.1972,132.62,0.769102,100.0,50.0,0.0
2024-11-28,34,16:30,6.1091,3.2115,9.3206,132.62,0.309023,100.0,50.0,0.0
2024-11-28,35,16:45,5.6324,9.5021,15.1345,132.62,0.501786,60.0,90.0,0.0
2024-11-28,36,17:00,5.8458,17.0147,22.8605,149.33,0.853439,60.0,90.0,0.0
2024-11-28,37,17:15,5.1816,17.1381,22.3197,149.33,0.833249,60.0,90.0,0.0
2024-11-28,38,17:30,6.7301,16.0793,22.8094,149.33,0.851531,60.0,90.0,0.0
2024-11-28,39,17:45,3.9878,3.2115,7.1993,149.33,0.268767,60.0,90.0,0.0
2024-11-28,40,18:00,0.0,9.5021,9.5021,158.23,0.375879,120.0,130.0,0.0
2024-11-28,41,18:15,0.0,17.0147,17.0147,158.23,0.673058,120.0,130.0,0.0
2024-11-28,42,18:30,0.0,17.1381,17.1381,158.23,0.67794,120.0,130.0,0.0
2024-11-28,43,18:45,0.0,16.0793,16.0793,158.23,0.636056,120.0,130.0,0.0
2024-11-28,44,19:00,0.0,3.2115,3.2115,153.91,0.12357,120.0,130.0,0.0
2024-11-28,45,19:15,0.0,9.5021,9.5021,153.91,0.365617,80.0,170.0,0.0
2024-11-28,46,19:30,0.0,17.0147,17.0147,153.91,0.654682,80.0,170.0,0.0
2024-11-28,47,19:45,0.0,17.1381,17.1381,153.91,0.659431,80.0,170.0,0.0
2024-11-28,48,20:00,0.0,16.0793,16.0793,143.97,0.578733,80.0,170.0,0.0
2024-11-28,49,20:15,0.0,3.2115,3.2115,143.97,0.115589,80.0,170.0,0.0
2024-11-28,50,20:30,0.0,0.0,0.0,143.97,0.0,80.0,210.0,0.0
2024-11-28,51,20:45,0.0,0.0,0.0,143.97,0.0,80.0,210.0,0.0
2024-11-28,52,21:00,0.0,0.0,0.0,132.49,0.0,80.0,210.0,0.0
2024-11-28,53,21:15,0.0,0.0,0.0,132.49,0.0,80.0,210.0,0.0
2024-11-28,54,21:30,0.0,0.0,0.0,132.49,0.0,80.0,210.0,0.0
2024-11-28,55,21:45,0.0,0.0,0.0,132.49,0.0,80.0,40.0,170.0
2024-11-29,0,08:00,1.8638,9.5021,11.3659,181.35,0.515303,40.0,40.0,0.0
2024-11-29,1,08:15,6.7293,17.0147,23.744,181.35,1.076491,40.0,40.0,0.0
2024-11-29,2,08:30,5.9956,17.1381,23.1337,181.35,1.048823,40.0,40.0,0.0
2024-11-29,3,08:45,7.1179,16.0793,23.1972,181.35,1.051702,40.0,40.0,0.0
2024-11-29,4,09:00,6.1091,3.2115,9.3206,162.49,0.378624,40.0,40.0,0.0
2024-11-29,5,09:15,5.6324,9.5021,15.1345,162.49,0.614803,0.0,80.0,0.0
2024-11-29,6,09:30,5.8458,17.0147,22.8605,162.49,0.92865,0.0,80.0,0.0
2024-11-29,7,09:45,5.1816,17.1381,22.3197,162.49,0.906681,0.0,80.0,0.0
2024-11-29,8,10:00,6.7301,16.0793,22.8094,143.01,0.815492,0.0,80.0,0.0
2024-11-29,9,10:15,3.9878,3.2115,7.1993,143.01,0.257392,0.0,80.0,0.0
2024-11-29,10,10:30,1.8638,9.5021,11.3659,143.01,0.406361,60.0,120.0,0.0
2024-11-29,11,10:45,6.7293,17.0147,23.744,143.01,0.848906,60.0,120.0,0.0
2024-11-29,12,11:00,5.9956,17.1381,23.1337,136.4,0.788858,60.0,120.0,0.0
2024-11-29,13,11:15,7.1179,16.0793,23.1972,136.4,0.791024,60.0,120.0,0.0
2024-11-29,14,11:30,6.1091,3.2115,9.3206,136.4,0.317831,60.0,120.0,0.0
2024-11-29,15,11:45,5.6324,9.5021,15.1345,136.4,0.516088,20.0,160.0,0.0
2024-11-29,16,12:00,5.8458,17.0147,22.8605,126.59,0.723477,20.0,160.0,0.0
2024-11-29,17,12:15,5.1816,17.1381,22.3197,126.59,0.706362,20.0,160.0,0.0
2024-11-29,18,12:30,6.7301,16.0793,22.8094,126.59,0.72186,20.0,160.0,0.0
2024-11-29,19,12:45,3.9878,3.2115,7.1993,126.59,0.227839,20.0,160.0,0.0
2024-11-29,20,13:00,1.8638,9.5021,11.3659,119.5,0.339557,80.0,200.0,0.0
2024-11-29,21,13:15,6.7293,17.0147,23.744,119.5,0.709351,80.0,200.0,0.0
2024-11-29,22,13:30,5.9956,17.1381,23.1337,119.5,0.691119,80.0,200.0,0.0
2024-11-29,23,13:45,7.1179,16.0793,23.1972,119.5,0.693016,80.0,200.0,0.0
2024-11-29,24,14:00,6.1091,3.2115,9.3206,129.58,0.30194,80.0,200.0,0.0
2024-11-29,25,14:15,5.6324,9.5021,15.1345,129.58,0.490283,40.0,240.0,0.0
2024-11-29,26,14:30,5.8458,17.0147,22.8605,129.58,0.740565,40.0,240.0,0.0
2024-11-29,27,14:45,5.1816,17.1381,22.3197,129.58,0.723046,40.0,240.0,0.0
2024-11-29,28,15:00,6.7301,16.0793,22.8094,141.02,0.804145,40.0,70.0,170.0
2024-11-29,29,15:15,3.9878,3.2115,7.1993,141.02,0.253811,40.0,70.0,0.0
2024-11-29,30,15:30,0.0,9.5021,9.5021,141.02,0.334996,100.0,110.0,0.0
2024-11-29,31,15:45,0.0,17.0147,17.0147,141.02,0.599852,100.0,110.0,0.0
2024-11-29,32,16:00,0.0,17.1381,17.1381,152.01,0.65129,100.0,110.0,0.0
2024-11-29,33,16:15,0.0,16.0793,16.0793,152.01,0.611053,100.0,110.0,0.0
2024-11-29,34,16:30,0.0,3.2115,3.2115,152.01,0.122045,100.0,110.0,0.0
2024-11-29,35,16:45,0.0,9.5021,9.5021,152.01,0.361103,60.0,150.0,0.0
2024-11-29,36,17:00,0.0,17.0147,17.0147,150.44,0.639922,60.0,150.0,0.0
2024-11-29,37,17:15,0.0,17.1381,17.1381,150.44,0.644564,60.0,150.0,0.0
2024-11-29,38,17:30,0.0,16.0793,16.0793,150.44,0.604742,60.0,150.0,0.0
2024-11-29,39,17:45,0.0,3.2115,3.2115,150.44,0.120784,60.0,150.0,0.0
2024-11-29,40,18:00,0.0,0.0,0.0,142.03,0.0,60.0,190.0,0.0
2024-11-29,41,18:15,0.0,0.0,0.0,142.03,0.0,60.0,190.0,0.0
2024-11-29,42,18:30,0.0,0.0,0.0,142.03,0.0,60.0,190.0,0.0
2024-11-29,43,18:45,0.0,0.0,0.0,142.03,0.0,60.0,190.0,0.0
2024-11-29,44,19:00,0.0,0.0,0.0,130.81,0.0,60.0,190.0,0.0
2024-11-29,45,19:15,0.0,0.0,0.0,130.81,0.0,60.0,190.0,0.0
2024-11-29,46,19:30,0.0,0.0,0.0,130.81,0.0,60.0,190.0,0.0
2024-11-29,47,19:45,0.0,0.0,0.0,130.81,0.0,60.0,190.0,0.0
2024-11-29,48,20:00,0.0,0.0,0.0,119.9,0.0,60.0,190.0,0.0
2024-11-29,49,20:15,0.0,0.0,0.0,119.9,0.0,60.0,190.0,0.0
2024-11-29,50,20:30,0.0,0.0,0.0,119.9,0.0,60.0,190.0,0.0
2024-11-29,51,20:45,0.0,0.0,0.0,119.9,0.0,60.0,190.0,0.0
2024-11-29,52,21:00,0.0,0.0,0.0,115.1,0.0,60.0,190.0,0.0
2024-11-29,53,21:15,0.0,0.0,0.0,115.1,0.0,60.0,190.0,0.0
2024-11-29,54,21:30,0.0,0.0,0.0,115.1,0.0,60.0,190.0,0.0
2024-11-29,55,21:45,0.0,0.0,0.0,115.1,0.0,60.0,50.0,140.0
2024-12-02,0,08:00,1.8638,9.5021,11.3659,125.2,0.355754,20.0,50.0,0.0
2024-12-02,1,08:15,6.7293,17.0147,23.744,125.2,0.743186,20.0,50.0,0.0
2024-12-02,2,08:30,5.9956,17.1381,23.1337,125.2,0.724084,20.0,50.0,0.0
2024-12-02,3,08:45,7.1179,16.0793,23.1972,125.2,0.726072,20.0,50.0,0.0
2024-12-02,4,09:00,6.1091,3.2115,9.3206,123.63,0.288075,20.0,50.0,0.0
2024-12-02,5,09:15,5.6324,0.0,5.6324,123.63,0.174085,20.0,90.0,0.0
2024-12-02,6,09:30,5.8458,0.0,5.8458,123.63,0.180679,20.0,90.0,0.0
2024-12-02,7,09:45,5.1816,0.0,5.1816,123.63,0.160149,20.0,90.0,0.0
2024-12-02,8,10:00,6.7301,0.0,6.7301,121.27,0.20404,20.0,90.0,0.0
2024-12-02,9,10:15,3.9878,0.0,3.9878,121.27,0.1209,20.0,90.0,0.0
2024-12-02,10,10:30,1.8638,9.5021,11.3659,121.27,0.344587,80.0,90.0,0.0
2024-12-02,11,10:45,6.7293,17.0147,23.744,121.27,0.719857,80.0,90.0,0.0
2024-12-02,12,11:00,5.9956,17.1381,23.1337,115.8,0.66972,80.0,90.0,0.0
2024-12-02,13,11:15,7.1179,16.0793,23.1972,115.8,0.671558,80.0,90.0,0.0
2024-12-02,14,11:30,6.1091,3.2115,9.3206,115.8,0.26983,80.0,90.0,0.0
2024-12-02,15,11:45,5.6324,9.5021,15.1345,115.8,0.438145,40.0,130.0,0.0
2024-12-02,16,12:00,5.8458,17.0147,22.8605,115.09,0.657753,40.0,130.0,0.0
2024-12-02,17,12:15,5.1816,17.1381,22.3197,115.09,0.642193,40.0,130.0,0.0
2024-12-02,18,12:30,6.7301,16.0793,22.8094,115.09,0.656283,40.0,130.0,0.0
2024-12-02,19,12:45,3.9878,3.2115,7.1993,115.09,0.207141,40.0,130.0,0.0
2024-12-02,20,13:00,0.0,9.5021,9.5021,127.6,0.303117,100.0,170.0,0.0
2024-12-02,21,13:15,0.0,17.0147,17.0147,127.6,0.542768,100.0,170.0,0.0
2024-12-02,22,13:30,0.0,17.1381,17.1381,127.6,0.546705,100.0,170.0,0.0
2024-12-02,23,13:45,0.0,16.0793,16.0793,127.6,0.512929,100.0,170.0,0.0
2024-12-02,24,14:00,0.0,3.2115,3.2115,136.74,0.109785,100.0,170.0,0.0
2024-12-02,25,14:15,0.0,9.5021,9.5021,136.74,0.324829,60.0,210.0,0.0
2024-12-02,26,14:30,0.0,17.0147,17.0147,136.74,0.581647,60.0,210.0,0.0
2024-12-02,27,14:45,0.0,17.1381,17.1381,136.74,0.585866,60.0,210.0,0.0
2024-12-02,28,15:00,0.0,16.0793,16.0793,144.04,0.579015,60.0,50.0,160.0
2024-12-02,29,15:15,0.0,3.2115,3.2115,144.04,0.115646,60.0,50.0,0.0
2024-12-02,30,15:30,0.0,9.5021,9.5021,144.04,0.34217,20.0,90.0,0.0
2024-12-02,31,15:45,0.0,17.0147,17.0147,144.04,0.612698,20.0,90.0,0.0
2024-12-02,32,16:00,0.0,17.1381,17.1381,144.75,0.620185,20.0,90.0,0.0
2024-12-02,33,16:15,0.0,16.0793,16.0793,144.75,0.581869,20.0,90.0,0.0
2024-12-02,34,16:30,0.0,3.2115,3.2115,144.75,0.116216,20.0,90.0,0.0
2024-12-02,35,16:45,0.0,0.0,0.0,144.75,0.0,20.0,130.0,0.0
2024-12-02,36,17:00,0.0,0.0,0.0,147.68,0.0,20.0,130.0,0.0
2024-12-02,37,17:15,0.0,0.0,0.0,147.68,0.0,20.0,130.0,0.0
2024-12-02,38,17:30,0.0,0.0,0.0,147.68,0.0,20.0,130.0,0.0
2024-12-02,39,17:45,0.0,0.0,0.0,147.68,0.0,20.0,130.0,0.0
2024-12-02,40,18:00,0.0,0.0,0.0,147.9,0.0,20.0,130.0,0.0
2024-12-02,41,18:15,0.0,0.0,0.0,147.9,0.0,20.0,130.0,0.0
2024-12-02,42,18:30,0.0,0.0,0.0,147.9,0.0,20.0,130.0,0.0
2024-12-02,43,18:45,0.0,0.0,0.0,147.9,0.0,20.0,130.0,0.0
2024-12-02,44,19:00,0.0,0.0,0.0,138.0,0.0,20.0,130.0,0.0
2024-12-02,45,19:15,0.0,0.0,0.0,138.0,0.0,20.0,130.0,0.0
2024-12-02,46,19:30,0.0,0.0,0.0,138.0,0.0,20.0,130.0,0.0
2024-12-02,47,19:45,0.0,0.0,0.0,138.0,0.0,20.0,130.0,0.0
2024-12-02,48,20:00,0.0,0.0,0.0,120.01,0.0,20.0,130.0,0.0
2024-12-02,49,20:15,0.0,0.0,0.0,120.01,0.0,20.0,130.0,0.0
2024-12-02,50,20:30,0.0,0.0,0.0,120.01,0.0,20.0,130.0,0.0
2024-12-02,51,20:45,0.0,0.0,0.0,120.01,0.0,20.0,130.0,0.0
2024-12-02,52,21:00,0.0,0.0,0.0,112.68,0.0,20.0,130.0,0.0
2024-12-02,53,21:15,0.0,0.0,0.0,112.68,0.0,20.0,130.0,0.0
2024-12-02,54,21:30,0.0,0.0,0.0,112.68,0.0,20.0,130.0,0.0
2024-12-02,55,21:45,0.0,0.0,0.0,112.68,0.0,20.0,0.0,130.0
2024-12-03,0,08:00,1.8638,0.0,1.8638,154.62,0.072047,20.0,0.0,0.0
2024-12-03,1,08:15,6.7293,0.0,6.7293,154.62,0.26012,20.0,0.0,0.0
2024-12-03,2,08:30,5.9956,0.0,5.9956,154.62,0.231759,20.0,0.0,0.0
2024-12-03,3,08:45,7.1179,0.0,7.1179,154.62,0.275142,20.0,0.0,0.0
2024-12-03,4,09:00,6.1091,0.0,6.1091,150.09,0.229228,20.0,0.0,0.0
2024-12-03,5,09:15,5.6324,0.0,5.6324,150.09,0.211343,20.0,0.0,0.0
2024-12-03,6,09:30,5.8458,0.0,5.8458,150.09,0.21935,20.0,0.0,0.0
2024-12-03,7,09:45,5.1816,0.0,5.1816,150.09,0.194426,20.0,0.0,0.0
2024-12-03,8,10:00,6.7301,0.0,6.7301,141.37,0.237859,20.0,0.0,0.0
2024-12-03,9,10:15,3.9878,0.0,3.9878,141.37,0.140939,20.0,0.0,0.0
2024-12-03,10,10:30,1.8638,9.5021,11.3659,141.37,0.4017,80.0,0.0,0.0
2024-12-03,11,10:45,6.7293,17.0147,23.744,141.37,0.839171,80.0,0.0,0.0
2024-12-03,12,11:00,5.9956,17.1381,23.1337,139.23,0.805226,80.0,0.0,0.0
2024-12-03,13,11:15,7.1179,16.0793,23.1972,139.23,0.807436,80.0,0.0,0.0
2024-12-03,14,11:30,6.1091,3.2115,9.3206,139.23,0.324425,80.0,0.0,0.0
2024-12-03,15,11:45,5.6324,9.5021,15.1345,139.23,0.526796,40.0,40.0,0.0
2024-12-03,16,12:00,5.8458,17.0147,22.8605,135.62,0.775085,40.0,40.0,0.0
2024-12-03,17,12:15,5.1816,17.1381,22.3197,135.62,0.756748,40.0,40.0,0.0
2024-12-03,18,12:30,6.7301,16.0793,22.8094,135.62,0.773352,40.0,40.0,0.0
2024-12-03,19,12:45,3.9878,3.2115,7.1993,135.62,0.244092,40.0,40.0,0.0
2024-12-03,20,13:00,1.8638,9.5021,11.3659,142.41,0.404656,100.0,80.0,0.0
2024-12-03,21,13:15,6.7293,17.0147,23.744,142.41,0.845344,100.0,80.0,0.0
2024-12-03,22,13:30,5.9956,17.1381,23.1337,142.41,0.823617,100.0,80.0,0.0
2024-12-03,23,13:45,7.1179,16.0793,23.1972,142.41,0.825877,100.0,80.0,0.0
2024-12-03,24,14:00,6.1091,3.2115,9.3206,150.02,0.349568,100.0,80.0,0.0
2024-12-03,25,14:15,5.6324,9.5021,15.1345,150.02,0.567621,60.0,120.0,0.0
2024-12-03,26,14:30,5.8458,17.0147,22.8605,150.02,0.857383,60.0,120.0,0.0
2024-12-03,27,14:45,5.1816,17.1381,22.3197,150.02,0.837099,60.0,120.0,0.0
2024-12-03,28,15:00,6.7301,16.0793,22.8094,168.94,0.963354,60.0,0.0,120.0
2024-12-03,29,15:15,3.9878,3.2115,7.1993,168.94,0.304062,60.0,0.0,0.0
2024-12-03,30,15:30,0.0,9.5021,9.5021,168.94,0.401321,120.0,40.0,0.0
2024-12-03,31,15:45,0.0,17.0147,17.0147,168.94,0.718615,120.0,40.0,0.0
2024-12-03,32,16:00,0.0,17.1381,17.1381,205.18,0.879098,120.0,40.0,0.0
2024-12-03,33,16:15,0.0,16.0793,16.0793,205.18,0.824787,120.0,40.0,0.0
2024-12-03,34,16:30,0.0,3.2115,3.2115,205.18,0.164733,120.0,40.0,0.0
2024-12-03,35,16:45,0.0,9.5021,9.5021,205.18,0.48741,80.0,80.0,0.0
2024-12-03,36,17:00,0.0,17.0147,17.0147,210.0,0.89327,80.0,80.0,0.0
2024-12-03,37,17:15,0.0,17.1381,17.1381,210.0,0.89975,80.0,80.0,0.0
2024-12-03,38,17:30,0.0,16.0793,16.0793,210.0,0.844162,80.0,80.0,0.0
2024-12-03,39,17:45,0.0,3.2115,3.2115,210.0,0.168603,80.0,80.0,0.0
2024-12-03,40,18:00,0.0,9.5021,9.5021,197.88,0.470069,40.0,120.0,0.0
2024-12-03,41,18:15,0.0,17.0147,17.0147,197.88,0.841716,40.0,120.0,0.0
2024-12-03,42,18:30,0.0,17.1381,17.1381,197.88,0.847821,40.0,120.0,0.0
2024-12-03,43,18:45,0.0,16.0793,16.0793,197.88,0.795442,40.0,120.0,0.0
2024-12-03,44,19:00,0.0,3.2115,3.2115,189.83,0.152409,40.0,120.0,0.0
2024-12-03,45,19:15,0.0,9.5021,9.5021,189.83,0.450946,0.0,160.0,0.0
2024-12-03,46,19:30,0.0,17.0147,17.0147,189.83,0.807474,0.0,160.0,0.0
2024-12-03,47,19:45,0.0,17.1381,17.1381,189.83,0.813331,0.0,160.0,0.0
2024-12-03,48,20:00,0.0,16.0793,16.0793,170.04,0.68353,0.0,160.0,0.0
2024-12-03,49,20:15,0.0,3.2115,3.2115,170.04,0.13652,0.0,160.0,0.0
2024-12-03,50,20:30,0.0,0.0,0.0,170.04,0.0,0.0,200.0,0.0
2024-12-03,51,20:45,0.0,0.0,0.0,170.04,0.0,0.0,200.0,0.0
2024-12-03,52,21:00,0.0,0.0,0.0,153.61,0.0,0.0,200.0,0.0
2024-12-03,53,21:15,0.0,0.0,0.0,153.61,0.0,0.0,200.0,0.0
2024-12-03,54,21:30,0.0,0.0,0.0,153.61,0.0,0.0,200.0,0.0
2024-12-03,55,21:45,0.0,0.0,0.0,153.61,0.0,0.0,20.0,180.0
2024-12-04,0,08:00,1.8638,0.0,1.8638,276.66,0.128912,0.0,20.0,0.0
2024-12-04,1,08:15,6.7293,0.0,6.7293,276.66,0.465431,0.0,20.0,0.0
2024-12-04,2,08:30,5.9956,0.0,5.9956,276.66,0.414685,0.0,20.0,0.0
2024-12-04,3,08:45,7.1179,0.0,7.1179,276.66,0.492309,0.0,20.0,0.0
2024-12-04,4,09:00,6.1091,0.0,6.1091,250.76,0.382978,0.0,20.0,0.0
2024-12-04,5,09:15,5.6324,0.0,5.6324,250.76,0.353098,0.0,20.0,0.0
2024-12-04,6,09:30,5.8458,0.0,5.8458,250.76,0.366474,0.0,20.0,0.0
2024-12-04,7,09:45,5.1816,0.0,5.1816,250.76,0.324833,0.0,20.0,0.0
2024-12-04,8,10:00,6.7301,0.0,6.7301,212.21,0.357049,0.0,20.0,0.0
2024-12-04,9,10:15,3.9878,0.0,3.9878,212.21,0.211563,0.0,20.0,0.0
2024-12-04,10,10:30,1.8638,9.5021,11.3659,212.21,0.602991,60.0,20.0,0.0
2024-12-04,11,10:45,6.7293,17.0147,23.744,212.21,1.259676,60.0,20.0,0.0
2024-12-04,12,11:00,5.9956,17.1381,23.1337,198.95,1.150611,60.0,20.0,0.0
2024-12-04,13,11:15,7.1179,16.0793,23.1972,198.95,1.153769,60.0,20.0,0.0
2024-12-04,14,11:30,6.1091,3.2115,9.3206,198.95,0.463581,60.0,20.0,0.0
2024-12-04,15,11:45,5.6324,9.5021,15.1345,198.95,0.752754,20.0,60.0,0.0
2024-12-04,16,12:00,5.8458,17.0147,22.8605,192.25,1.098732,20.0,60.0,0.0
2024-12-04,17,12:15,5.1816,17.1381,22.3197,192.25,1.072739,20.0,60.0,0.0
2024-12-04,18,12:30,6.7301,16.0793,22.8094,192.25,1.096276,20.0,60.0,0.0
2024-12-04,19,12:45,3.9878,3.2115,7.1993,192.25,0.346016,20.0,60.0,0.0
2024-12-04,20,13:00,1.8638,9.5021,11.3659,199.82,0.567785,80.0,100.0,0.0
2024-12-04,21,13:15,6.7293,17.0147,23.744,199.82,1.186129,80.0,100.0,0.0
2024-12-04,22,13:30,5.9956,17.1381,23.1337,199.82,1.155643,80.0,100.0,0.0
2024-12-04,23,13:45,7.1179,16.0793,23.1972,199.82,1.158815,80.0,100.0,0.0
2024-12-04,24,14:00,6.1091,3.2115,9.3206,218.44,0.508996,80.0,100.0,0.0
2024-12-04,25,14:15,5.6324,9.5021,15.1345,218.44,0.826497,40.0,140.0,0.0
2024-12-04,26,14:30,5.8458,17.0147,22.8605,218.44,1.248411,40.0,140.0,0.0
2024-12-04,27,14:45,5.1816,17.1381,22.3197,218.44,1.218877,40.0,140.0,0.0
2024-12-04,28,15:00,6.7301,16.0793,22.8094,242.87,1.384929,40.0,50.0,90.0
2024-12-04,29,15:15,3.9878,3.2115,7.1993,242.87,0.437123,40.0,50.0,0.0
2024-12-04,30,15:30,0.0,9.5021,9.5021,242.87,0.576943,100.0,90.0,0.0
2024-12-04,31,15:45,0.0,17.0147,17.0147,242.87,1.033088,100.0,90.0,0.0
2024-12-04,32,16:00,0.0,17.1381,17.1381,267.35,1.145467,100.0,90.0,0.0
2024-12-04,33,16:15,0.0,16.0793,16.0793,267.35,1.074699,100.0,90.0,0.0
2024-12-04,34,16:30,0.0,3.2115,3.2115,267.35,0.214648,100.0,90.0,0.0
2024-12-04,35,16:45,0.0,9.5021,9.5021,267.35,0.635096,60.0,130.0,0.0
2024-12-04,36,17:00,0.0,17.0147,17.0147,287.76,1.224036,60.0,130.0,0.0
2024-12-04,37,17:15,0.0,17.1381,17.1381,287.76,1.232914,60.0,130.0,0.0
2024-12-04,38,17:30,0.0,16.0793,16.0793,287.76,1.156743,60.0,130.0,0.0
2024-12-04,39,17:45,0.0,3.2115,3.2115,287.76,0.231034,60.0,130.0,0.0
2024-12-04,40,18:00,0.0,9.5021,9.5021,230.22,0.546893,20.0,170.0,0.0
2024-12-04,41,18:15,0.0,17.0147,17.0147,230.22,0.97928,20.0,170.0,0.0
2024-12-04,42,18:30,0.0,17.1381,17.1381,230.22,0.986383,20.0,170.0,0.0
2024-12-04,43,18:45,0.0,16.0793,16.0793,230.22,0.925443,20.0,170.0,0.0
2024-12-04,44,19:00,0.0,3.2115,3.2115,197.59,0.158639,20.0,170.0,0.0
2024-12-04,45,19:15,0.0,0.0,0.0,197.59,0.0,20.0,210.0,0.0
2024-12-04,46,19:30,0.0,0.0,0.0,197.59,0.0,20.0,210.0,0.0
2024-12-04,47,19:45,0.0,0.0,0.0,197.59,0.0,20.0,210.0,0.0
2024-12-04,48,20:00,0.0,0.0,0.0,165.68,0.0,20.0,210.0,0.0
2024-12-04,49,20:15,0.0,0.0,0.0,165.68,0.0,20.0,210.0,0.0
2024-12-04,50,20:30,0.0,0.0,0.0,165.68,0.0,20.0,210.0,0.0
2024-12-04,51,20:45,0.0,0.0,0.0,165.68,0.0,20.0,210.0,0.0
2024-12-04,52,21:00,0.0,0.0,0.0,148.34,0.0,20.0,210.0,0.0
2024-12-04,53,21:15,0.0,0.0,0.0,148.34,0.0,20.0,210.0,0.0
2024-12-04,54,21:30,0.0,0.0,0.0,148.34,0.0,20.0,210.0,0.0
2024-12-04,55,21:45,0.0,0.0,0.0,148.34,0.0,20.0,20.0,190.0
2024-12-05,0,08:00,1.8638,0.0,1.8638,141.29,0.065835,20.0,20.0,0.0
2024-12-05,1,08:15,6.7293,0.0,6.7293,141.29,0.237695,20.0,20.0,0.0
2024-12-05,2,08:30,5.9956,0.0,5.9956,141.29,0.211779,20.0,20.0,0.0
2024-12-05,3,08:45,7.1179,0.0,7.1179,141.29,0.251422,20.0,20.0,0.0
2024-12-05,4,09:00,6.1091,0.0,6.1091,131.78,0.201263,20.0,20.0,0.0
2024-12-05,5,09:15,5.6324,0.0,5.6324,131.78,0.185561,20.0,20.0,0.0
2024-12-05,6,09:30,5.8458,0.0,5.8458,131.78,0.19259,20.0,20.0,0.0
2024-12-05,7,09:45,5.1816,0.0,5.1816,131.78,0.170707,20.0,20.0,0.0
2024-12-05,8,10:00,6.7301,0.0,6.7301,124.92,0.210181,20.0,20.0,0.0
2024-12-05,9,10:15,3.9878,0.0,3.9878,124.92,0.124539,20.0,20.0,0.0
2024-12-05,10,10:30,1.8638,9.5021,11.3659,124.92,0.354958,80.0,20.0,0.0
2024-12-05,11,10:45,6.7293,17.0147,23.744,124.92,0.741524,80.0,20.0,0.0
2024-12-05,12,11:00,5.9956,17.1381,23.1337,107.31,0.620619,80.0,20.0,0.0
2024-12-05,13,11:15,7.1179,16.0793,23.1972,107.31,0.622322,80.0,20.0,0.0
2024-12-05,14,11:30,6.1091,3.2115,9.3206,107.31,0.250047,80.0,20.0,0.0
2024-12-05,15,11:45,5.6324,9.5021,15.1345,107.31,0.406022,40.0,60.0,0.0
2024-12-05,16,12:00,5.8458,17.0147,22.8605,102.67,0.586772,40.0,60.0,0.0
2024-12-05,17,12:15,5.1816,17.1381,22.3197,102.67,0.57289,40.0,60.0,0.0
2024-12-05,18,12:30,6.7301,16.0793,22.8094,102.67,0.58546,40.0,60.0,0.0
2024-12-05,19,12:45,3.9878,3.2115,7.1993,102.67,0.184788,40.0,60.0,0.0
2024-12-05,20,13:00,0.0,9.5021,9.5021,102.93,0.244513,100.0,100.0,0.0
2024-12-05,21,13:15,0.0,17.0147,17.0147,102.93,0.43783,100.0,100.0,0.0
2024-12-05,22,13:30,0.0,17.1381,17.1381,102.93,0.441006,100.0,100.0,0.0
2024-12-05,23,13:45,0.0,16.0793,16.0793,102.93,0.41376,100.0,100.0,0.0
2024-12-05,24,14:00,0.0,3.2115,3.2115,102.89,0.082607,100.0,100.0,0.0
2024-12-05,25,14:15,0.0,9.5021,9.5021,102.89,0.244418,60.0,140.0,0.0
2024-12-05,26,14:30,0.0,17.0147,17.0147,102.89,0.43766,60.0,140.0,0.0
2024-12-05,27,14:45,0.0,17.1381,17.1381,102.89,0.440835,60.0,140.0,0.0
2024-12-05,28,15:00,0.0,16.0793,16.0793,100.87,0.405479,60.0,0.0,140.0
2024-12-05,29,15:15,0.0,3.2115,3.2115,100.87,0.080986,60.0,0.0,0.0
2024-12-05,30,15:30,0.0,0.0,0.0,100.87,0.0,60.0,40.0,0.0
2024-12-05,31,15:45,0.0,0.0,0.0,100.87,0.0,60.0,40.0,0.0
2024-12-05,32,16:00,0.0,0.0,0.0,101.5,0.0,60.0,40.0,0.0
2024-12-05,33,16:15,0.0,0.0,0.0,101.5,0.0,60.0,40.0,0.0
2024-12-05,34,16:30,0.0,0.0,0.0,101.5,0.0,60.0,40.0,0.0
2024-12-05,35,16:45,0.0,0.0,0.0,101.5,0.0,60.0,40.0,0.0
2024-12-05,36,17:00,0.0,0.0,0.0,118.31,0.0,60.0,40.0,0.0
2024-12-05,37,17:15,0.0,0.0,0.0,118.31,0.0,60.0,40.0,0.0
2024-12-05,38,17:30,0.0,0.0,0.0,118.31,0.0,60.0,40.0,0.0
2024-12-05,39,17:45,0.0,0.0,0.0,118.31,0.0,60.0,40.0,0.0
2024-12-05,40,18:00,0.0,0.0,0.0,112.16,0.0,60.0,40.0,0.0
2024-12-05,41,18:15,0.0,0.0,0.0,112.16,0.0,60.0,40.0,0.0
2024-12-05,42,18:30,0.0,0.0,0.0,112.16,0.0,60.0,40.0,0.0
2024-12-05,43,18:45,0.0,0.0,0.0,112.16,0.0,60.0,40.0,0.0
2024-12-05,44,19:00,0.0,0.0,0.0,105.36,0.0,60.0,40.0,0.0
2024-12-05,45,19:15,0.0,0.0,0.0,105.36,0.0,60.0,40.0,0.0
2024-12-05,46,19:30,0.0,0.0,0.0,105.36,0.0,60.0,40.0,0.0
2024-12-05,47,19:45,0.0,0.0,0.0,105.36,0.0,60.0,40.0,0.0
2024-12-05,48,20:00,0.0,0.0,0.0,87.13,0.0,60.0,40.0,0.0
2024-12-05,49,20:15,0.0,0.0,0.0,87.13,0.0,60.0,40.0,0.0
2024-12-05,50,20:30,0.0,0.0,0.0,87.13,0.0,60.0,40.0,0.0
2024-12-05,51,20:45,0.0,0.0,0.0,87.13,0.0,60.0,40.0,0.0
2024-12-05,52,21:00,0.0,0.0,0.0,77.3,0.0,60.0,40.0,0.0
2024-12-05,53,21:15,0.0,0.0,0.0,77.3,0.0,60.0,40.0,0.0
2024-12-05,54,21:30,0.0,0.0,0.0,77.3,0.0,60.0,40.0,0.0
2024-12-05,55,21:45,0.0,0.0,0.0,77.3,0.0,60.0,40.0,0.0
2024-12-06,0,08:00,1.8638,9.5021,11.3659,110.17,0.313046,20.0,40.0,0.0
2024-12-06,1,08:15,6.7293,17.0147,23.744,110.17,0.653968,20.0,40.0,0.0
2024-12-06,2,08:30,5.9956,17.1381,23.1337,110.17,0.637159,20.0,40.0,0.0
2024-12-06,3,08:45,7.1179,16.0793,23.1972,110.17,0.638908,20.0,40.0,0.0
2024-12-06,4,09:00,6.1091,3.2115,9.3206,110.16,0.256688,20.0,40.0,0.0
2024-12-06,5,09:15,5.6324,0.0,5.6324,110.16,0.155118,20.0,80.0,0.0
2024-12-06,6,09:30,5.8458,0.0,5.8458,110.16,0.160994,20.0,80.0,0.0
2024-12-06,7,09:45,5.1816,0.0,5.1816,110.16,0.142701,20.0,80.0,0.0
2024-12-06,8,10:00,6.7301,0.0,6.7301,104.08,0.175117,20.0,80.0,0.0
2024-12-06,9,10:15,3.9878,0.0,3.9878,104.08,0.103763,20.0,80.0,0.0
2024-12-06,10,10:30,1.8638,9.5021,11.3659,104.08,0.295742,80.0,80.0,0.0
2024-12-06,11,10:45,6.7293,17.0147,23.744,104.08,0.617818,80.0,80.0,0.0
2024-12-06,12,11:00,5.9956,17.1381,23.1337,98.37,0.568915,80.0,80.0,0.0
2024-12-06,13,11:15,7.1179,16.0793,23.1972,98.37,0.570476,80.0,80.0,0.0
2024-12-06,14,11:30,6.1091,3.2115,9.3206,98.37,0.229216,80.0,80.0,0.0
2024-12-06,15,11:45,5.6324,9.5021,15.1345,98.37,0.372196,40.0,120.0,0.0
2024-12-06,16,12:00,5.8458,17.0147,22.8605,91.9,0.52522,40.0,120.0,0.0
2024-12-06,17,12:15,5.1816,17.1381,22.3197,91.9,0.512794,40.0,120.0,0.0
2024-12-06,18,12:30,6.7301,16.0793,22.8094,91.9,0.524046,40.0,120.0,0.0
2024-12-06,19,12:45,3.9878,3.2115,7.1993,91.9,0.165404,40.0,120.0,0.0
2024-12-06,20,13:00,1.8638,9.5021,11.3659,100.7,0.286137,100.0,160.0,0.0
2024-12-06,21,13:15,6.7293,17.0147,23.744,100.7,0.597754,100.0,160.0,0.0
2024-12-06,22,13:30,5.9956,17.1381,23.1337,100.7,0.58239,100.0,160.0,0.0
2024-12-06,23,13:45,7.1179,16.0793,23.1972,100.7,0.583989,100.0,160.0,0.0
2024-12-06,24,14:00,6.1091,3.2115,9.3206,109.0,0.253985,100.0,160.0,0.0
2024-12-06,25,14:15,5.6324,9.5021,15.1345,109.0,0.412416,60.0,200.0,0.0
2024-12-06,26,14:30,5.8458,17.0147,22.8605,109.0,0.622948,60.0,200.0,0.0
2024-12-06,27,14:45,5.1816,17.1381,22.3197,109.0,0.608211,60.0,200.0,0.0
2024-12-06,28,15:00,6.7301,16.0793,22.8094,116.92,0.666718,60.0,30.0,170.0
2024-12-06,29,15:15,3.9878,3.2115,7.1993,116.92,0.210435,60.0,30.0,0.0
2024-12-06,30,15:30,0.0,9.5021,9.5021,116.92,0.277746,120.0,70.0,0.0
2024-12-06,31,15:45,0.0,17.0147,17.0147,116.92,0.497339,120.0,70.0,0.0
2024-12-06,32,16:00,0.0,17.1381,17.1381,131.55,0.563629,120.0,70.0,0.0
2024-12-06,33,16:15,0.0,16.0793,16.0793,131.55,0.528807,120.0,70.0,0.0
2024-12-06,34,16:30,0.0,3.2115,3.2115,131.55,0.105618,120.0,70.0,0.0
2024-12-06,35,16:45,0.0,9.5021,9.5021,131.55,0.3125,80.0,110.0,0.0
2024-12-06,36,17:00,0.0,17.0147,17.0147,142.99,0.608232,80.0,110.0,0.0
2024-12-06,37,17:15,0.0,17.1381,17.1381,142.99,0.612644,80.0,110.0,0.0
2024-12-06,38,17:30,0.0,16.0793,16.0793,142.99,0.574794,80.0,110.0,0.0
2024-12-06,39,17:45,0.0,3.2115,3.2115,142.99,0.114803,80.0,110.0,0.0
2024-12-06,40,18:00,0.0,0.0,0.0,151.07,0.0,80.0,150.0,0.0
2024-12-06,41,18:15,0.0,0.0,0.0,151.07,0.0,80.0,150.0,0.0
2024-12-06,42,18:30,0.0,0.0,0.0,151.07,0.0,80.0,150.0,0.0
2024-12-06,43,18:45,0.0,0.0,0.0,151.07,0.0,80.0,150.0,0.0
2024-12-06,44,19:00,0.0,0.0,0.0,142.48,0.0,80.0,150.0,0.0
2024-12-06,45,19:15,0.0,0.0,0.0,142.48,0.0,80.0,150.0,0.0
2024-12-06,46,19:30,0.0,0.0,0.0,142.48,0.0,80.0,150.0,0.0
2024-12-06,47,19:45,0.0,0.0,0.0,142.48,0.0,80.0,150.0,0.0
2024-12-06,48,20:00,0.0,0.0,0.0,130.0,0.0,80.0,150.0,0.0
2024-12-06,49,20:15,0.0,0.0,0.0,130.0,0.0,80.0,150.0,0.0
2024-12-06,50,20:30,0.0,0.0,0.0,130.0,0.0,80.0,150.0,0.0
2024-12-06,51,20:45,0.0,0.0,0.0,130.0,0.0,80.0,150.0,0.0
2024-12-06,52,21:00,0.0,0.0,0.0,119.42,0.0,80.0,150.0,0.0
2024-12-06,53,21:15,0.0,0.0,0.0,119.42,0.0,80.0,150.0,0.0
2024-12-06,54,21:30,0.0,0.0,0.0,119.42,0.0,80.0,150.0,0.0
2024-12-06,55,21:45,0.0,0.0,0.0,119.42,0.0,80.0,30.0,120.0
2024-12-09,0,08:00,1.8638,9.5021,11.3659,122.54,0.348195,40.0,30.0,0.0
2024-12-09,1,08:15,6.7293,17.0147,23.744,122.54,0.727396,40.0,30.0,0.0
2024-12-09,2,08:30,5.9956,17.1381,23.1337,122.54,0.7087,40.0,30.0,0.0
2024-12-09,3,08:45,7.1179,16.0793,23.1972,122.54,0.710645,40.0,30.0,0.0
2024-12-09,4,09:00,6.1091,3.2115,9.3206,123.12,0.286887,40.0,30.0,0.0
2024-12-09,5,09:15,5.6324,9.5021,15.1345,123.12,0.465841,0.0,70.0,0.0
2024-12-09,6,09:30,5.8458,17.0147,22.8605,123.12,0.703646,0.0,70.0,0.0
2024-12-09,7,09:45,5.1816,17.1381,22.3197,123.12,0.686999,0.0,70.0,0.0
2024-12-09,8,10:00,6.7301,16.0793,22.8094,129.81,0.740221,0.0,70.0,0.0
2024-12-09,9,10:15,3.9878,3.2115,7.1993,129.81,0.233635,0.0,70.0,0.0
2024-12-09,10,10:30,1.8638,9.5021,11.3659,129.81,0.368853,60.0,110.0,0.0
2024-12-09,11,10:45,6.7293,17.0147,23.744,129.81,0.770551,60.0,110.0,0.0
2024-12-09,12,11:00,5.9956,17.1381,23.1337,128.7,0.744326,60.0,110.0,0.0
2024-12-09,13,11:15,7.1179,16.0793,23.1972,128.7,0.746369,60.0,110.0,0.0
2024-12-09,14,11:30,6.1091,3.2115,9.3206,128.7,0.299889,60.0,110.0,0.0
2024-12-09,15,11:45,5.6324,9.5021,15.1345,128.7,0.486954,20.0,150.0,0.0
2024-12-09,16,12:00,5.8458,17.0147,22.8605,128.32,0.733364,20.0,150.0,0.0
2024-12-09,17,12:15,5.1816,17.1381,22.3197,128.32,0.716015,20.0,150.0,0.0
2024-12-09,18,12:30,6.7301,16.0793,22.8094,128.32,0.731725,20.0,150.0,0.0
2024-12-09,19,12:45,3.9878,3.2115,7.1993,128.32,0.230953,20.0,150.0,0.0
2024-12-09,20,13:00,0.0,9.5021,9.5021,124.51,0.295776,80.0,190.0,0.0
2024-12-09,21,13:15,0.0,17.0147,17.0147,124.51,0.529624,80.0,190.0,0.0
2024-12-09,22,13:30,0.0,17.1381,17.1381,124.51,0.533466,80.0,190.0,0.0
2024-12-09,23,13:45,0.0,16.0793,16.0793,124.51,0.500508,80.0,190.0,0.0
2024-12-09,24,14:00,0.0,3.2115,3.2115,121.35,0.097428,80.0,190.0,0.0
2024-12-09,25,14:15,0.0,9.5021,9.5021,121.35,0.28827,40.0,230.0,0.0
2024-12-09,26,14:30,0.0,17.0147,17.0147,121.35,0.516183,40.0,230.0,0.0
2024-12-09,27,14:45,0.0,17.1381,17.1381,121.35,0.519927,40.0,230.0,0.0
2024-12-09,28,15:00,0.0,16.0793,16.0793,116.83,0.469636,40.0,100.0,130.0
2024-12-09,29,15:15,0.0,3.2115,3.2115,116.83,0.093799,40.0,100.0,0.0
2024-12-09,30,15:30,0.0,0.0,0.0,116.83,0.0,40.0,140.0,0.0
2024-12-09,31,15:45,0.0,0.0,0.0,116.83,0.0,40.0,140.0,0.0
2024-12-09,32,16:00,0.0,0.0,0.0,116.08,0.0,40.0,140.0,0.0
2024-12-09,33,16:15,0.0,0.0,0.0,116.08,0.0,40.0,140.0,0.0
2024-12-09,34,16:30,0.0,0.0,0.0,116.08,0.0,40.0,140.0,0.0
2024-12-09,35,16:45,0.0,0.0,0.0,116.08,0.0,40.0,140.0,0.0
2024-12-09,36,17:00,0.0,0.0,0.0,120.57,0.0,40.0,140.0,0.0
2024-12-09,37,17:15,0.0,0.0,0.0,120.57,0.0,40.0,140.0,0.0
2024-12-09,38,17:30,0.0,0.0,0.0,120.57,0.0,40.0,140.0,0.0
2024-12-09,39,17:45,0.0,0.0,0.0,120.57,0.0,40.0,140.0,0.0
2024-12-09,40,18:00,0.0,0.0,0.0,123.69,0.0,40.0,140.0,0.0
2024-12-09,41,18:15,0.0,0.0,0.0,123.69,0.0,40.0,140.0,0.0
2024-12-09,42,18:30,0.0,0.0,0.0,123.69,0.0,40.0,140.0,0.0
2024-12-09,43,18:45,0.0,0.0,0.0,123.69,0.0,40.0,140.0,0.0
2024-12-09,44,19:00,0.0,0.0,0.0,125.76,0.0,40.0,140.0,0.0
2024-12-09,45,19:15,0.0,0.0,0.0,125.76,0.0,40.0,140.0,0.0
2024-12-09,46,19:30,0.0,0.0,0.0,125.76,0.0,40.0,140.0,0.0
2024-12-09,47,19:45,0.0,0.0,0.0,125.76,0.0,40.0,140.0,0.0
2024-12-09,48,20:00,0.0,0.0,0.0,114.97,0.0,40.0,140.0,0.0
2024-12-09,49,20:15,0.0,0.0,0.0,114.97,0.0,40.0,140.0,0.0
2024-12-09,50,20:30,0.0,0.0,0.0,114.97,0.0,40.0,140.0,0.0
2024-12-09,51,20:45,0.0,0.0,0.0,114.97,0.0,40.0,140.0,0.0
2024-12-09,52,21:00,0.0,0.0,0.0,100.98,0.0,40.0,140.0,0.0
2024-12-09,53,21:15,0.0,0.0,0.0,100.98,0.0,40.0,140.0,0.0
2024-12-09,54,21:30,0.0,0.0,0.0,100.98,0.0,40.0,140.0,0.0
2024-12-09,55,21:45,0.0,0.0,0.0,100.98,0.0,40.0,20.0,120.0
2024-12-10,0,08:00,1.8638,9.5021,11.3659,169.76,0.48237,0.0,20.0,0.0
2024-12-10,1,08:15,6.7293,17.0147,23.744,169.76,1.007693,0.0,20.0,0.0
2024-12-10,2,08:30,5.9956,17.1381,23.1337,169.76,0.981793,0.0,20.0,0.0
2024-12-10,3,08:45,7.1179,16.0793,23.1972,169.76,0.984488,0.0,20.0,0.0
2024-12-10,4,09:00,6.1091,3.2115,9.3206,182.14,0.424412,0.0,20.0,0.0
2024-12-10,5,09:15,5.6324,0.0,5.6324,182.14,0.256473,0.0,60.0,0.0
2024-12-10,6,09:30,5.8458,0.0,5.8458,182.14,0.266189,0.0,60.0,0.0
2024-12-10,7,09:45,5.1816,0.0,5.1816,182.14,0.235943,0.0,60.0,0.0
2024-12-10,8,10:00,6.7301,0.0,6.7301,184.75,0.310846,0.0,60.0,0.0
2024-12-10,9,10:15,3.9878,0.0,3.9878,184.75,0.184187,0.0,60.0,0.0
2024-12-10,10,10:30,1.8638,9.5021,11.3659,184.75,0.524964,60.0,60.0,0.0
2024-12-10,11,10:45,6.7293,17.0147,23.744,184.75,1.096674,60.0,60.0,0.0
2024-12-10,12,11:00,5.9956,17.1381,23.1337,186.5,1.078608,60.0,60.0,0.0
2024-12-10,13,11:15,7.1179,16.0793,23.1972,186.5,1.081568,60.0,60.0,0.0
2024-12-10,14,11:30,6.1091,3.2115,9.3206,186.5,0.434571,60.0,60.0,0.0
2024-12-10,15,11:45,5.6324,9.5021,15.1345,186.5,0.705648,20.0,100.0,0.0
2024-12-10,16,12:00,5.8458,17.0147,22.8605,180.62,1.032265,20.0,100.0,0.0
2024-12-10,17,12:15,5.1816,17.1381,22.3197,180.62,1.007845,20.0,100.0,0.0
2024-12-10,18,12:30,6.7301,16.0793,22.8094,180.62,1.029958,20.0,100.0,0.0
2024-12-10,19,12:45,3.9878,3.2115,7.1993,180.62,0.325084,20.0,100.0,0.0
2024-12-10,20,13:00,1.8638,9.5021,11.3659,190.78,0.542098,80.0,140.0,0.0
2024-12-10,21,13:15,6.7293,17.0147,23.744,190.78,1.132468,80.0,140.0,0.0
2024-12-10,22,13:30,5.9956,17.1381,23.1337,190.78,1.103361,80.0,140.0,0.0
2024-12-10,23,13:45,7.1179,16.0793,23.1972,190.78,1.106389,80.0,140.0,0.0
2024-12-10,24,14:00,6.1091,3.2115,9.3206,189.41,0.441352,80.0,140.0,0.0
2024-12-10,25,14:15,5.6324,9.5021,15.1345,189.41,0.716658,40.0,180.0,0.0
2024-12-10,26,14:30,5.8458,17.0147,22.8605,189.41,1.082501,40.0,180.0,0.0
2024-12-10,27,14:45,5.1816,17.1381,22.3197,189.41,1.056892,40.0,180.0,0.0
2024-12-10,28,15:00,6.7301,16.0793,22.8094,197.64,1.127011,40.0,30.0,150.0
2024-12-10,29,15:15,3.9878,3.2115,7.1993,197.64,0.355717,40.0,30.0,0.0
2024-12-10,30,15:30,0.0,9.5021,9.5021,197.64,0.469498,100.0,70.0,0.0
2024-12-10,31,15:45,0.0,17.0147,17.0147,197.64,0.840695,100.0,70.0,0.0
2024-12-10,32,16:00,0.0,17.1381,17.1381,200.18,0.857676,100.0,70.0,0.0
2024-12-10,33,16:15,0.0,16.0793,16.0793,200.18,0.804688,100.0,70.0,0.0
2024-12-10,34,16:30,0.0,3.2115,3.2115,200.18,0.160719,100.0,70.0,0.0
2024-12-10,35,16:45,0.0,9.5021,9.5021,200.18,0.475532,60.0,110.0,0.0
2024-12-10,36,17:00,0.0,17.0147,17.0147,202.38,0.860857,60.0,110.0,0.0
2024-12-10,37,17:15,0.0,17.1381,17.1381,202.38,0.867102,60.0,110.0,0.0
2024-12-10,38,17:30,0.0,16.0793,16.0793,202.38,0.813531,60.0,110.0,0.0
2024-12-10,39,17:45,0.0,3.2115,3.2115,202.38,0.162485,60.0,110.0,0.0
2024-12-10,40,18:00,0.0,0.0,0.0,181.0,0.0,60.0,150.0,0.0
2024-12-10,41,18:15,0.0,0.0,0.0,181.0,0.0,60.0,150.0,0.0
2024-12-10,42,18:30,0.0,0.0,0.0,181.0,0.0,60.0,150.0,0.0
2024-12-10,43,18:45,0.0,0.0,0.0,181.0,0.0,60.0,150.0,0.0
2024-12-10,44,19:00,0.0,0.0,0.0,180.17,0.0,60.0,150.0,0.0
2024-12-10,45,19:15,0.0,0.0,0.0,180.17,0.0,60.0,150.0,0.0
2024-12-10,46,19:30,0.0,0.0,0.0,180.17,0.0,60.0,150.0,0.0
2024-12-10,47,19:45,0.0,0.0,0.0,180.17,0.0,60.0,150.0,0.0
2024-12-10,48,20:00,0.0,0.0,0.0,166.6,0.0,60.0,150.0,0.0
2024-12-10,49,20:15,0.0,0.0,0.0,166.6,0.0,60.0,150.0,0.0
2024-12-10,50,20:30,0.0,0.0,0.0,166.6,0.0,60.0,150.0,0.0
2024-12-10,51,20:45,0.0,0.0,0.0,166.6,0.0,60.0,150.0,0.0
2024-12-10,52,21:00,0.0,0.0,0.0,151.15,0.0,60.0,150.0,0.0
2024-12-10,53,21:15,0.0,0.0,0.0,151.15,0.0,60.0,150.0,0.0
2024-12-10,54,21:30,0.0,0.0,0.0,151.15,0.0,60.0,150.0,0.0
2024-12-10,55,21:45,0.0,0.0,0.0,151.15,0.0,60.0,20.0,130.0
2024-12-11,0,08:00,1.8638,9.5021,11.3659,368.97,1.048422,20.0,20.0,0.0
2024-12-11,1,08:15,6.7293,17.0147,23.744,368.97,2.190202,20.0,20.0,0.0
2024-12-11,2,08:30,5.9956,17.1381,23.1337,368.97,2.133908,20.0,20.0,0.0
2024-12-11,3,08:45,7.1179,16.0793,23.1972,368.97,2.139765,20.0,20.0,0.0
2024-12-11,4,09:00,6.1091,3.2115,9.3206,377.12,0.878742,20.0,20.0,0.0
2024-12-11,5,09:15,5.6324,0.0,5.6324,377.12,0.531027,20.0,60.0,0.0
2024-12-11,6,09:30,5.8458,0.0,5.8458,377.12,0.551143,20.0,60.0,0.0
2024-12-11,7,09:45,5.1816,0.0,5.1816,377.12,0.488519,20.0,60.0,0.0
2024-12-11,8,10:00,6.7301,0.0,6.7301,348.64,0.586596,20.0,60.0,0.0
2024-12-11,9,10:15,3.9878,0.0,3.9878,348.64,0.347577,20.0,60.0,0.0
2024-12-11,10,10:30,1.8638,9.5021,11.3659,348.64,0.990655,80.0,60.0,0.0
2024-12-11,11,10:45,6.7293,17.0147,23.744,348.64,2.069523,80.0,60.0,0.0
2024-12-11,12,11:00,5.9956,17.1381,23.1337,379.99,2.197642,80.0,60.0,0.0
2024-12-11,13,11:15,7.1179,16.0793,23.1972,379.99,2.203673,80.0,60.0,0.0
2024-12-11,14,11:30,6.1091,3.2115,9.3206,379.99,0.88543,80.0,60.0,0.0
2024-12-11,15,11:45,5.6324,9.5021,15.1345,379.99,1.437743,40.0,100.0,0.0
2024-12-11,16,12:00,5.8458,17.0147,22.8605,385.87,2.205294,40.0,100.0,0.0
2024-12-11,17,12:15,5.1816,17.1381,22.3197,385.87,2.153122,40.0,100.0,0.0
2024-12-11,18,12:30,6.7301,16.0793,22.8094,385.87,2.200364,40.0,100.0,0.0
2024-12-11,19,12:45,3.9878,3.2115,7.1993,385.87,0.694497,40.0,100.0,0.0
2024-12-11,20,13:00,0.0,9.5021,9.5021,404.91,0.961873,100.0,140.0,0.0
2024-12-11,21,13:15,0.0,17.0147,17.0147,404.91,1.722353,100.0,140.0,0.0
2024-12-11,22,13:30,0.0,17.1381,17.1381,404.91,1.734846,100.0,140.0,0.0
2024-12-11,23,13:45,0.0,16.0793,16.0793,404.91,1.627665,100.0,140.0,0.0
2024-12-11,24,14:00,0.0,3.2115,3.2115,371.96,0.298636,100.0,140.0,0.0
2024-12-11,25,14:15,0.0,9.5021,9.5021,371.96,0.8836,60.0,180.0,0.0
2024-12-11,26,14:30,0.0,17.0147,17.0147,371.96,1.582194,60.0,180.0,0.0
2024-12-11,27,14:45,0.0,17.1381,17.1381,371.96,1.593671,60.0,180.0,0.0
2024-12-11,28,15:00,0.0,16.0793,16.0793,380.94,1.53131,60.0,60.0,120.0
2024-12-11,29,15:15,0.0,3.2115,3.2115,380.94,0.305846,60.0,60.0,0.0
2024-12-11,30,15:30,0.0,9.5021,9.5021,380.94,0.904932,20.0,100.0,0.0
2024-12-11,31,15:45,0.0,17.0147,17.0147,380.94,1.620392,20.0,100.0,0.0
2024-12-11,32,16:00,0.0,17.1381,17.1381,437.87,1.876064,20.0,100.0,0.0
2024-12-11,33,16:15,0.0,16.0793,16.0793,437.87,1.760159,20.0,100.0,0.0
2024-12-11,34,16:30,0.0,3.2115,3.2115,437.87,0.351553,20.0,100.0,0.0
2024-12-11,35,16:45,0.0,0.0,0.0,437.87,0.0,20.0,140.0,0.0
2024-12-11,36,17:00,0.0,0.0,0.0,445.08,0.0,20.0,140.0,0.0
2024-12-11,37,17:15,0.0,0.0,0.0,445.08,0.0,20.0,140.0,0.0
2024-12-11,38,17:30,0.0,0.0,0.0,445.08,0.0,20.0,140.0,0.0
2024-12-11,39,17:45,0.0,0.0,0.0,445.08,0.0,20.0,140.0,0.0
2024-12-11,40,18:00,0.0,0.0,0.0,359.92,0.0,20.0,140.0,0.0
2024-12-11,41,18:15,0.0,0.0,0.0,359.92,0.0,20.0,140.0,0.0
2024-12-11,42,18:30,0.0,0.0,0.0,359.92,0.0,20.0,140.0,0.0
2024-12-11,43,18:45,0.0,0.0,0.0,359.92,0.0,20.0,140.0,0.0
2024-12-11,44,19:00,0.0,0.0,0.0,341.25,0.0,20.0,140.0,0.0
2024-12-11,45,19:15,0.0,0.0,0.0,341.25,0.0,20.0,140.0,0.0
2024-12-11,46,19:30,0.0,0.0,0.0,341.25,0.0,20.0,140.0,0.0
2024-12-11,47,19:45,0.0,0.0,0.0,341.25,0.0,20.0,140.0,0.0
2024-12-11,48,20:00,0.0,0.0,0.0,206.82,0.0,20.0,140.0,0.0
2024-12-11,49,20:15,0.0,0.0,0.0,206.82,0.0,20.0,140.0,0.0
2024-12-11,50,20:30,0.0,0.0,0.0,206.82,0.0,20.0,140.0,0.0
2024-12-11,51,20:45,0.0,0.0,0.0,206.82,0.0,20.0,140.0,0.0
2024-12-11,52,21:00,0.0,0.0,0.0,171.2,0.0,20.0,140.0,0.0
2024-12-11,53,21:15,0.0,0.0,0.0,171.2,0.0,20.0,140.0,0.0
2024-12-11,54,21:30,0.0,0.0,0.0,171.2,0.0,20.0,140.0,0.0
2024-12-11,55,21:45,0.0,0.0,0.0,171.2,0.0,20.0,20.0,120.0
2024-12-12,0,08:00,1.8638,0.0,1.8638,655.6,0.305483,20.0,20.0,0.0
2024-12-12,1,08:15,6.7293,0.0,6.7293,655.6,1.102929,20.0,20.0,0.0
2024-12-12,2,08:30,5.9956,0.0,5.9956,655.6,0.982677,20.0,20.0,0.0
2024-12-12,3,08:45,7.1179,0.0,7.1179,655.6,1.166623,20.0,20.0,0.0
2024-12-12,4,09:00,6.1091,0.0,6.1091,646.76,0.987776,20.0,20.0,0.0
2024-12-12,5,09:15,5.6324,0.0,5.6324,646.76,0.91071,20.0,20.0,0.0
2024-12-12,6,09:30,5.8458,0.0,5.8458,646.76,0.94521,20.0,20.0,0.0
2024-12-12,7,09:45,5.1816,0.0,5.1816,646.76,0.837809,20.0,20.0,0.0
2024-12-12,8,10:00,6.7301,0.0,6.7301,543.83,0.915008,20.0,20.0,0.0
2024-12-12,9,10:15,3.9878,0.0,3.9878,543.83,0.542171,20.0,20.0,0.0
2024-12-12,10,10:30,1.8638,9.5021,11.3659,543.83,1.545284,80.0,20.0,0.0
2024-12-12,11,10:45,6.7293,17.0147,23.744,543.83,3.228169,80.0,20.0,0.0
2024-12-12,12,11:00,5.9956,17.1381,23.1337,465.36,2.691372,80.0,20.0,0.0
2024-12-12,13,11:15,7.1179,16.0793,23.1972,465.36,2.698759,80.0,20.0,0.0
2024-12-12,14,11:30,6.1091,3.2115,9.3206,465.36,1.084354,80.0,20.0,0.0
2024-12-12,15,11:45,5.6324,9.5021,15.1345,465.36,1.760752,40.0,60.0,0.0
2024-12-12,16,12:00,5.8458,17.0147,22.8605,404.99,2.314567,40.0,60.0,0.0
2024-12-12,17,12:15,5.1816,17.1381,22.3197,404.99,2.25981,40.0,60.0,0.0
2024-12-12,18,12:30,6.7301,16.0793,22.8094,404.99,2.309393,40.0,60.0,0.0
2024-12-12,19,12:45,3.9878,3.2115,7.1993,404.99,0.72891,40.0,60.0,0.0
2024-12-12,20,13:00,1.8638,9.5021,11.3659,415.3,1.180068,100.0,100.0,0.0
2024-12-12,21,13:15,6.7293,17.0147,23.744,415.3,2.465216,100.0,100.0,0.0
2024-12-12,22,13:30,5.9956,17.1381,23.1337,415.3,2.401854,100.0,100.0,0.0
2024-12-12,23,13:45,7.1179,16.0793,23.1972,415.3,2.408447,100.0,100.0,0.0
2024-12-12,24,14:00,6.1091,3.2115,9.3206,490.34,1.142561,100.0,100.0,0.0
2024-12-12,25,14:15,5.6324,9.5021,15.1345,490.34,1.855268,60.0,140.0,0.0
2024-12-12,26,14:30,5.8458,17.0147,22.8605,490.34,2.802353,60.0,140.0,0.0
2024-12-12,27,14:45,5.1816,17.1381,22.3197,490.34,2.736056,60.0,140.0,0.0
2024-12-12,28,15:00,6.7301,16.0793,22.8094,668.49,3.811961,60.0,20.0,120.0
2024-12-12,29,15:15,3.9878,3.2115,7.1993,668.49,1.203163,60.0,20.0,0.0
2024-12-12,30,15:30,0.0,9.5021,9.5021,668.49,1.588014,120.0,60.0,0.0
2024-12-12,31,15:45,0.0,17.0147,17.0147,668.49,2.843535,120.0,60.0,0.0
2024-12-12,32,16:00,0.0,17.1381,17.1381,818.98,3.508939,120.0,60.0,0.0
2024-12-12,33,16:15,0.0,16.0793,16.0793,818.98,3.292152,120.0,60.0,0.0
2024-12-12,34,16:30,0.0,3.2115,3.2115,818.98,0.657536,120.0,60.0,0.0
2024-12-12,35,16:45,0.0,9.5021,9.5021,818.98,1.945506,80.0,100.0,0.0
2024-12-12,36,17:00,0.0,17.0147,17.0147,936.28,3.982625,80.0,100.0,0.0
2024-12-12,37,17:15,0.0,17.1381,17.1381,936.28,4.011514,80.0,100.0,0.0
2024-12-12,38,17:30,0.0,16.0793,16.0793,936.28,3.763677,80.0,100.0,0.0
2024-12-12,39,17:45,0.0,3.2115,3.2115,936.28,0.751713,80.0,100.0,0.0
2024-12-12,40,18:00,0.0,0.0,0.0,674.18,0.0,80.0,140.0,0.0
2024-12-12,41,18:15,0.0,0.0,0.0,674.18,0.0,80.0,140.0,0.0
2024-12-12,42,18:30,0.0,0.0,0.0,674.18,0.0,80.0,140.0,0.0
2024-12-12,43,18:45,0.0,0.0,0.0,674.18,0.0,80.0,140.0,0.0
2024-12-12,44,19:00,0.0,0.0,0.0,551.01,0.0,80.0,140.0,0.0
2024-12-12,45,19:15,0.0,0.0,0.0,551.01,0.0,80.0,140.0,0.0
2024-12-12,46,19:30,0.0,0.0,0.0,551.01,0.0,80.0,140.0,0.0
2024-12-12,47,19:45,0.0,0.0,0.0,551.01,0.0,80.0,140.0,0.0
2024-12-12,48,20:00,0.0,0.0,0.0,295.66,0.0,80.0,140.0,0.0
2024-12-12,49,20:15,0.0,0.0,0.0,295.66,0.0,80.0,140.0,0.0
2024-12-12,50,20:30,0.0,0.0,0.0,295.66,0.0,80.0,140.0,0.0
2024-12-12,51,20:45,0.0,0.0,0.0,295.66,0.0,80.0,140.0,0.0
2024-12-12,52,21:00,0.0,0.0,0.0,169.4,0.0,80.0,140.0,0.0
2024-12-12,53,21:15,0.0,0.0,0.0,169.4,0.0,80.0,140.0,0.0
2024-12-12,54,21:30,0.0,0.0,0.0,169.4,0.0,80.0,140.0,0.0
2024-12-12,55,21:45,0.0,0.0,0.0,169.4,0.0,80.0,0.0,140.0
2024-12-13,0,08:00,1.8638,9.5021,11.3659,253.0,0.718895,40.0,0.0,0.0
2024-12-13,1,08:15,6.7293,17.0147,23.744,253.0,1.501805,40.0,0.0,0.0
2024-12-13,2,08:30,5.9956,17.1381,23.1337,253.0,1.463205,40.0,0.0,0.0
2024-12-13,3,08:45,7.1179,16.0793,23.1972,253.0,1.467221,40.0,0.0,0.0
2024-12-13,4,09:00,6.1091,3.2115,9.3206,245.74,0.572609,40.0,0.0,0.0
2024-12-13,5,09:15,5.6324,9.5021,15.1345,245.74,0.92979,0.0,40.0,0.0
2024-12-13,6,09:30,5.8458,17.0147,22.8605,245.74,1.404434,0.0,40.0,0.0
2024-12-13,7,09:45,5.1816,17.1381,22.3197,245.74,1.371209,0.0,40.0,0.0
2024-12-13,8,10:00,6.7301,16.0793,22.8094,208.42,1.188483,0.0,40.0,0.0
2024-12-13,9,10:15,3.9878,3.2115,7.1993,208.42,0.375119,0.0,40.0,0.0
2024-12-13,10,10:30,1.8638,9.5021,11.3659,208.42,0.592222,60.0,80.0,0.0
2024-12-13,11,10:45,6.7293,17.0147,23.744,208.42,1.237179,60.0,80.0,0.0
2024-12-13,12,11:00,5.9956,17.1381,23.1337,174.4,1.008628,60.0,80.0,0.0
2024-12-13,13,11:15,7.1179,16.0793,23.1972,174.4,1.011397,60.0,80.0,0.0
2024-12-13,14,11:30,6.1091,3.2115,9.3206,174.4,0.406376,60.0,80.0,0.0
2024-12-13,15,11:45,5.6324,9.5021,15.1345,174.4,0.659866,20.0,120.0,0.0
2024-12-13,16,12:00,5.8458,17.0147,22.8605,166.06,0.949053,20.0,120.0,0.0
2024-12-13,17,12:15,5.1816,17.1381,22.3197,166.06,0.926601,20.0,120.0,0.0
2024-12-13,18,12:30,6.7301,16.0793,22.8094,166.06,0.946931,20.0,120.0,0.0
2024-12-13,19,12:45,3.9878,3.2115,7.1993,166.06,0.298878,20.0,120.0,0.0
2024-12-13,20,13:00,0.0,9.5021,9.5021,165.0,0.391961,80.0,160.0,0.0
2024-12-13,21,13:15,0.0,17.0147,17.0147,165.0,0.701855,80.0,160.0,0.0
2024-12-13,22,13:30,0.0,17.1381,17.1381,165.0,0.706946,80.0,160.0,0.0
2024-12-13,23,13:45,0.0,16.0793,16.0793,165.0,0.66327,80.0,160.0,0.0
2024-12-13,24,14:00,0.0,3.2115,3.2115,184.5,0.14813,80.0,160.0,0.0
2024-12-13,25,14:15,0.0,9.5021,9.5021,184.5,0.438284,40.0,200.0,0.0
2024-12-13,26,14:30,0.0,17.0147,17.0147,184.5,0.784802,40.0,200.0,0.0
2024-12-13,27,14:45,0.0,17.1381,17.1381,184.5,0.790495,40.0,200.0,0.0
2024-12-13,28,15:00,0.0,16.0793,16.0793,220.77,0.887456,40.0,100.0,100.0
2024-12-13,29,15:15,0.0,3.2115,3.2115,220.77,0.17725,40.0,100.0,0.0
2024-12-13,30,15:30,0.0,0.0,0.0,220.77,0.0,40.0,140.0,0.0
2024-12-13,31,15:45,0.0,0.0,0.0,220.77,0.0,40.0,140.0,0.0
2024-12-13,32,16:00,0.0,0.0,0.0,250.06,0.0,40.0,140.0,0.0
2024-12-13,33,16:15,0.0,0.0,0.0,250.06,0.0,40.0,140.0,0.0
2024-12-13,34,16:30,0.0,0.0,0.0,250.06,0.0,40.0,140.0,0.0
2024-12-13,35,16:45,0.0,0.0,0.0,250.06,0.0,40.0,140.0,0.0
2024-12-13,36,17:00,0.0,0.0,0.0,284.21,0.0,40.0,140.0,0.0
2024-12-13,37,17:15,0.0,0.0,0.0,284.21,0.0,40.0,140.0,0.0
2024-12-13,38,17:30,0.0,0.0,0.0,284.21,0.0,40.0,140.0,0.0
2024-12-13,39,17:45,0.0,0.0,0.0,284.21,0.0,40.0,140.0,0.0
2024-12-13,40,18:00,0.0,0.0,0.0,260.0,0.0,40.0,140.0,0.0
2024-12-13,41,18:15,0.0,0.0,0.0,260.0,0.0,40.0,140.0,0.0
2024-12-13,42,18:30,0.0,0.0,0.0,260.0,0.0,40.0,140.0,0.0
2024-12-13,43,18:45,0.0,0.0,0.0,260.0,0.0,40.0,140.0,0.0
2024-12-13,44,19:00,0.0,0.0,0.0,225.6,0.0,40.0,140.0,0.0
2024-12-13,45,19:15,0.0,0.0,0.0,225.6,0.0,40.0,140.0,0.0
2024-12-13,46,19:30,0.0,0.0,0.0,225.6,0.0,40.0,140.0,0.0
2024-12-13,47,19:45,0.0,0.0,0.0,225.6,0.0,40.0,140.0,0.0
2024-12-13,48,20:00,0.0,0.0,0.0,175.0,0.0,40.0,140.0,0.0
2024-12-13,49,20:15,0.0,0.0,0.0,175.0,0.0,40.0,140.0,0.0
2024-12-13,50,20:30,0.0,0.0,0.0,175.0,0.0,40.0,140.0,0.0
2024-12-13,51,20:45,0.0,0.0,0.0,175.0,0.0,40.0,140.0,0.0
2024-12-13,52,21:00,0.0,0.0,0.0,146.22,0.0,40.0,140.0,0.0
2024-12-13,53,21:15,0.0,0.0,0.0,146.22,0.0,40.0,140.0,0.0
2024-12-13,54,21:30,0.0,0.0,0.0,146.22,0.0,40.0,140.0,0.0
2024-12-13,55,21:45,0.0,0.0,0.0,146.22,0.0,40.0,0.0,140.0
2024-12-16,0,08:00,1.8638,9.5021,11.3659,71.79,0.20399,0.0,0.0,0.0
2024-12-16,1,08:15,6.7293,17.0147,23.744,71.79,0.426145,0.0,0.0,0.0
2024-12-16,2,08:30,5.9956,17.1381,23.1337,71.79,0.415192,0.0,0.0,0.0
2024-12-16,3,08:45,7.1179,16.0793,23.1972,71.79,0.416331,0.0,0.0,0.0
2024-12-16,4,09:00,6.1091,3.2115,9.3206,75.91,0.176881,0.0,0.0,0.0
2024-12-16,5,09:15,5.6324,0.0,5.6324,75.91,0.10689,0.0,40.0,0.0
2024-12-16,6,09:30,5.8458,0.0,5.8458,75.91,0.110939,0.0,40.0,0.0
2024-12-16,7,09:45,5.1816,0.0,5.1816,75.91,0.098333,0.0,40.0,0.0
2024-12-16,8,10:00,6.7301,0.0,6.7301,75.46,0.126963,0.0,40.0,0.0
2024-12-16,9,10:15,3.9878,0.0,3.9878,75.46,0.07523,0.0,40.0,0.0
2024-12-16,10,10:30,1.8638,9.5021,11.3659,75.46,0.214418,60.0,40.0,0.0
2024-12-16,11,10:45,6.7293,17.0147,23.744,75.46,0.44793,60.0,40.0,0.0
2024-12-16,12,11:00,5.9956,17.1381,23.1337,80.13,0.463425,60.0,40.0,0.0
2024-12-16,13,11:15,7.1179,16.0793,23.1972,80.13,0.464697,60.0,40.0,0.0
2024-12-16,14,11:30,6.1091,3.2115,9.3206,80.13,0.186714,60.0,40.0,0.0
2024-12-16,15,11:45,5.6324,9.5021,15.1345,80.13,0.303183,20.0,80.0,0.0
2024-12-16,16,12:00,5.8458,17.0147,22.8605,85.22,0.487043,20.0,80.0,0.0
2024-12-16,17,12:15,5.1816,17.1381,22.3197,85.22,0.47552,20.0,80.0,0.0
2024-12-16,18,12:30,6.7301,16.0793,22.8094,85.22,0.485954,20.0,80.0,0.0
2024-12-16,19,12:45,3.9878,3.2115,7.1993,85.22,0.153381,20.0,80.0,0.0
2024-12-16,20,13:00,1.8638,9.5021,11.3659,81.7,0.232149,80.0,120.0,0.0
2024-12-16,21,13:15,6.7293,17.0147,23.744,81.7,0.48497,80.0,120.0,0.0
2024-12-16,22,13:30,5.9956,17.1381,23.1337,81.7,0.472505,80.0,120.0,0.0
2024-12-16,23,13:45,7.1179,16.0793,23.1972,81.7,0.473802,80.0,120.0,0.0
2024-12-16,24,14:00,6.1091,3.2115,9.3206,81.7,0.190372,80.0,120.0,0.0
2024-12-16,25,14:15,5.6324,9.5021,15.1345,81.7,0.309123,40.0,160.0,0.0
2024-12-16,26,14:30,5.8458,17.0147,22.8605,81.7,0.466925,40.0,160.0,0.0
2024-12-16,27,14:45,5.1816,17.1381,22.3197,81.7,0.455879,40.0,160.0,0.0
2024-12-16,28,15:00,6.7301,16.0793,22.8094,81.7,0.465882,40.0,0.0,160.0
2024-12-16,29,15:15,3.9878,3.2115,7.1993,81.7,0.147045,40.0,0.0,0.0
2024-12-16,30,15:30,0.0,9.5021,9.5021,81.7,0.19408,100.0,40.0,0.0
2024-12-16,31,15:45,0.0,17.0147,17.0147,81.7,0.347525,100.0,40.0,0.0
2024-12-16,32,16:00,0.0,17.1381,17.1381,74.0,0.317055,100.0,40.0,0.0
2024-12-16,33,16:15,0.0,16.0793,16.0793,74.0,0.297467,100.0,40.0,0.0
2024-12-16,34,16:30,0.0,3.2115,3.2115,74.0,0.059413,100.0,40.0,0.0
2024-12-16,35,16:45,0.0,9.5021,9.5021,74.0,0.175789,60.0,80.0,0.0
2024-12-16,36,17:00,0.0,17.0147,17.0147,81.56,0.346929,60.0,80.0,0.0
2024-12-16,37,17:15,0.0,17.1381,17.1381,81.56,0.349446,60.0,80.0,0.0
2024-12-16,38,17:30,0.0,16.0793,16.0793,81.56,0.327857,60.0,80.0,0.0
2024-12-16,39,17:45,0.0,3.2115,3.2115,81.56,0.065482,60.0,80.0,0.0
2024-12-16,40,18:00,0.0,9.5021,9.5021,72.01,0.171061,20.0,120.0,0.0
2024-12-16,41,18:15,0.0,17.0147,17.0147,72.01,0.306307,20.0,120.0,0.0
2024-12-16,42,18:30,0.0,17.1381,17.1381,72.01,0.308529,20.0,120.0,0.0
2024-12-16,43,18:45,0.0,16.0793,16.0793,72.01,0.289467,20.0,120.0,0.0
2024-12-16,44,19:00,0.0,3.2115,3.2115,70.94,0.056956,20.0,120.0,0.0
2024-12-16,45,19:15,0.0,0.0,0.0,70.94,0.0,20.0,160.0,0.0
2024-12-16,46,19:30,0.0,0.0,0.0,70.94,0.0,20.0,160.0,0.0
2024-12-16,47,19:45,0.0,0.0,0.0,70.94,0.0,20.0,160.0,0.0
2024-12-16,48,20:00,0.0,0.0,0.0,61.5,0.0,20.0,160.0,0.0
2024-12-16,49,20:15,0.0,0.0,0.0,61.5,0.0,20.0,160.0,0.0
2024-12-16,50,20:30,0.0,0.0,0.0,61.5,0.0,20.0,160.0,0.0
2024-12-16,51,20:45,0.0,0.0,0.0,61.5,0.0,20.0,160.0,0.0
2024-12-16,52,21:00,0.0,0.0,0.0,44.41,0.0,20.0,160.0,0.0
2024-12-16,53,21:15,0.0,0.0,0.0,44.41,0.0,20.0,160.0,0.0
2024-12-16,54,21:30,0.0,0.0,0.0,44.41,0.0,20.0,160.0,0.0
2024-12-16,55,21:45,0.0,0.0,0.0,44.41,0.0,20.0,20.0,140.0
2024-12-17,0,08:00,1.8638,0.0,1.8638,115.92,0.054014,20.0,20.0,0.0
2024-12-17,1,08:15,6.7293,0.0,6.7293,115.92,0.195015,20.0,20.0,0.0
2024-12-17,2,08:30,5.9956,0.0,5.9956,115.92,0.173752,20.0,20.0,0.0
2024-12-17,3,08:45,7.1179,0.0,7.1179,115.92,0.206277,20.0,20.0,0.0
2024-12-17,4,09:00,6.1091,0.0,6.1091,114.04,0.17417,20.0,20.0,0.0
2024-12-17,5,09:15,5.6324,0.0,5.6324,114.04,0.160581,20.0,20.0,0.0
2024-12-17,6,09:30,5.8458,0.0,5.8458,114.04,0.166664,20.0,20.0,0.0
2024-12-17,7,09:45,5.1816,0.0,5.1816,114.04,0.147727,20.0,20.0,0.0
2024-12-17,8,10:00,6.7301,0.0,6.7301,108.4,0.182386,20.0,20.0,0.0
2024-12-17,9,10:15,3.9878,0.0,3.9878,108.4,0.108069,20.0,20.0,0.0
2024-12-17,10,10:30,1.8638,9.5021,11.3659,108.4,0.308017,80.0,20.0,0.0
2024-12-17,11,10:45,6.7293,17.0147,23.744,108.4,0.643461,80.0,20.0,0.0
2024-12-17,12,11:00,5.9956,17.1381,23.1337,102.38,0.592107,80.0,20.0,0.0
2024-12-17,13,11:15,7.1179,16.0793,23.1972,102.38,0.593732,80.0,20.0,0.0
2024-12-17,14,11:30,6.1091,3.2115,9.3206,102.38,0.23856,80.0,20.0,0.0
2024-12-17,15,11:45,5.6324,9.5021,15.1345,102.38,0.387369,40.0,60.0,0.0
2024-12-17,16,12:00,5.8458,17.0147,22.8605,102.72,0.587057,40.0,60.0,0.0
2024-12-17,17,12:15,5.1816,17.1381,22.3197,102.72,0.573169,40.0,60.0,0.0
2024-12-17,18,12:30,6.7301,16.0793,22.8094,102.72,0.585745,40.0,60.0,0.0
2024-12-17,19,12:45,3.9878,3.2115,7.1993,102.72,0.184878,40.0,60.0,0.0
2024-12-17,20,13:00,1.8638,9.5021,11.3659,106.2,0.301766,100.0,100.0,0.0
2024-12-17,21,13:15,6.7293,17.0147,23.744,106.2,0.630402,100.0,100.0,0.0
2024-12-17,22,13:30,5.9956,17.1381,23.1337,106.2,0.614199,100.0,100.0,0.0
2024-12-17,23,13:45,7.1179,16.0793,23.1972,106.2,0.615885,100.0,100.0,0.0
2024-12-17,24,14:00,6.1091,3.2115,9.3206,109.63,0.255453,100.0,100.0,0.0
2024-12-17,25,14:15,5.6324,9.5021,15.1345,109.63,0.4148,60.0,140.0,0.0
2024-12-17,26,14:30,5.8458,17.0147,22.8605,109.63,0.626549,60.0,140.0,0.0
2024-12-17,27,14:45,5.1816,17.1381,22.3197,109.63,0.611726,60.0,140.0,0.0
2024-12-17,28,15:00,6.7301,16.0793,22.8094,116.42,0.663867,60.0,30.0,110.0
2024-12-17,29,15:15,3.9878,3.2115,7.1993,116.42,0.209535,60.0,30.0,0.0
2024-12-17,30,15:30,0.0,9.5021,9.5021,116.42,0.276558,120.0,70.0,0.0
2024-12-17,31,15:45,0.0,17.0147,17.0147,116.42,0.495212,120.0,70.0,0.0
2024-12-17,32,16:00,0.0,17.1381,17.1381,117.1,0.501718,120.0,70.0,0.0
2024-12-17,33,16:15,0.0,16.0793,16.0793,117.1,0.470721,120.0,70.0,0.0
2024-12-17,34,16:30,0.0,3.2115,3.2115,117.1,0.094016,120.0,70.0,0.0
2024-12-17,35,16:45,0.0,9.5021,9.5021,117.1,0.278174,80.0,110.0,0.0
2024-12-17,36,17:00,0.0,17.0147,17.0147,127.33,0.54162,80.0,110.0,0.0
2024-12-17,37,17:15,0.0,17.1381,17.1381,127.33,0.545548,80.0,110.0,0.0
2024-12-17,38,17:30,0.0,16.0793,16.0793,127.33,0.511844,80.0,110.0,0.0
2024-12-17,39,17:45,0.0,3.2115,3.2115,127.33,0.10223,80.0,110.0,0.0
2024-12-17,40,18:00,0.0,9.5021,9.5021,121.6,0.288864,40.0,150.0,0.0
2024-12-17,41,18:15,0.0,17.0147,17.0147,121.6,0.517246,40.0,150.0,0.0
2024-12-17,42,18:30,0.0,17.1381,17.1381,121.6,0.520998,40.0,150.0,0.0
2024-12-17,43,18:45,0.0,16.0793,16.0793,121.6,0.48881,40.0,150.0,0.0
2024-12-17,44,19:00,0.0,3.2115,3.2115,108.1,0.08679,40.0,150.0,0.0
2024-12-17,45,19:15,0.0,0.0,0.0,108.1,0.0,40.0,190.0,0.0
2024-12-17,46,19:30,0.0,0.0,0.0,108.1,0.0,40.0,190.0,0.0
2024-12-17,47,19:45,0.0,0.0,0.0,108.1,0.0,40.0,190.0,0.0
2024-12-17,48,20:00,0.0,0.0,0.0,98.51,0.0,40.0,190.0,0.0
2024-12-17,49,20:15,0.0,0.0,0.0,98.51,0.0,40.0,190.0,0.0
2024-12-17,50,20:30,0.0,0.0,0.0,98.51,0.0,40.0,190.0,0.0
2024-12-17,51,20:45,0.0,0.0,0.0,98.51,0.0,40.0,190.0,0.0
2024-12-17,52,21:00,0.0,0.0,0.0,95.84,0.0,40.0,190.0,0.0
2024-12-17,53,21:15,0.0,0.0,0.0,95.84,0.0,40.0,190.0,0.0
2024-12-17,54,21:30,0.0,0.0,0.0,95.84,0.0,40.0,190.0,0.0
2024-12-17,55,21:45,0.0,0.0,0.0,95.84,0.0,40.0,20.0,170.0
2024-12-18,0,08:00,1.8638,9.5021,11.3659,77.58,0.220442,0.0,20.0,0.0
2024-12-18,1,08:15,6.7293,17.0147,23.744,77.58,0.460514,0.0,20.0,0.0
2024-12-18,2,08:30,5.9956,17.1381,23.1337,77.58,0.448678,0.0,20.0,0.0
2024-12-18,3,08:45,7.1179,16.0793,23.1972,77.58,0.449909,0.0,20.0,0.0
2024-12-18,4,09:00,6.1091,3.2115,9.3206,72.82,0.169681,0.0,20.0,0.0
2024-12-18,5,09:15,5.6324,0.0,5.6324,72.82,0.102539,0.0,60.0,0.0
2024-12-18,6,09:30,5.8458,0.0,5.8458,72.82,0.106423,0.0,60.0,0.0
2024-12-18,7,09:45,5.1816,0.0,5.1816,72.82,0.094331,0.0,60.0,0.0
2024-12-18,8,10:00,6.7301,0.0,6.7301,65.99,0.11103,0.0,60.0,0.0
2024-12-18,9,10:15,3.9878,0.0,3.9878,65.99,0.065789,0.0,60.0,0.0
2024-12-18,10,10:30,1.8638,9.5021,11.3659,65.99,0.187509,60.0,60.0,0.0
2024-12-18,11,10:45,6.7293,17.0147,23.744,65.99,0.391716,60.0,60.0,0.0
2024-12-18,12,11:00,5.9956,17.1381,23.1337,63.08,0.364818,60.0,60.0,0.0
2024-12-18,13,11:15,7.1179,16.0793,23.1972,63.08,0.365819,60.0,60.0,0.0
2024-12-18,14,11:30,6.1091,3.2115,9.3206,63.08,0.146985,60.0,60.0,0.0
2024-12-18,15,11:45,5.6324,9.5021,15.1345,63.08,0.238672,20.0,100.0,0.0
2024-12-18,16,12:00,5.8458,17.0147,22.8605,63.07,0.360453,20.0,100.0,0.0
2024-12-18,17,12:15,5.1816,17.1381,22.3197,63.07,0.351925,20.0,100.0,0.0
2024-12-18,18,12:30,6.7301,16.0793,22.8094,63.07,0.359647,20.0,100.0,0.0
2024-12-18,19,12:45,3.9878,3.2115,7.1993,63.07,0.113515,20.0,100.0,0.0
2024-12-18,20,13:00,1.8638,9.5021,11.3659,63.08,0.179241,80.0,140.0,0.0
2024-12-18,21,13:15,6.7293,17.0147,23.744,63.08,0.374442,80.0,140.0,0.0
2024-12-18,22,13:30,5.9956,17.1381,23.1337,63.08,0.364818,80.0,140.0,0.0
2024-12-18,23,13:45,7.1179,16.0793,23.1972,63.08,0.365819,80.0,140.0,0.0
2024-12-18,24,14:00,6.1091,3.2115,9.3206,63.08,0.146985,80.0,140.0,0.0
2024-12-18,25,14:15,5.6324,9.5021,15.1345,63.08,0.238672,40.0,180.0,0.0
2024-12-18,26,14:30,5.8458,17.0147,22.8605,63.08,0.36051,40.0,180.0,0.0
2024-12-18,27,14:45,5.1816,17.1381,22.3197,63.08,0.351981,40.0,180.0,0.0
2024-12-18,28,15:00,6.7301,16.0793,22.8094,55.63,0.317221,40.0,10.0,170.0
2024-12-18,29,15:15,3.9878,3.2115,7.1993,55.63,0.100124,40.0,10.0,0.0
2024-12-18,30,15:30,0.0,9.5021,9.5021,55.63,0.13215,100.0,50.0,0.0
2024-12-18,31,15:45,0.0,17.0147,17.0147,55.63,0.236632,100.0,50.0,0.0
2024-12-18,32,16:00,0.0,17.1381,17.1381,46.81,0.200559,100.0,50.0,0.0
2024-12-18,33,16:15,0.0,16.0793,16.0793,46.81,0.188168,100.0,50.0,0.0
2024-12-18,34,16:30,0.0,3.2115,3.2115,46.81,0.037582,100.0,50.0,0.0
2024-12-18,35,16:45,0.0,9.5021,9.5021,46.81,0.111198,60.0,90.0,0.0
2024-12-18,36,17:00,0.0,17.0147,17.0147,57.9,0.246287,60.0,90.0,0.0
2024-12-18,37,17:15,0.0,17.1381,17.1381,57.9,0.248074,60.0,90.0,0.0
2024-12-18,38,17:30,0.0,16.0793,16.0793,57.9,0.232748,60.0,90.0,0.0
2024-12-18,39,17:45,0.0,3.2115,3.2115,57.9,0.046486,60.0,90.0,0.0
2024-12-18,40,18:00,0.0,9.5021,9.5021,63.08,0.149848,20.0,130.0,0.0
2024-12-18,41,18:15,0.0,17.0147,17.0147,63.08,0.268321,20.0,130.0,0.0
2024-12-18,42,18:30,0.0,17.1381,17.1381,63.08,0.270268,20.0,130.0,0.0
2024-12-18,43,18:45,0.0,16.0793,16.0793,63.08,0.25357,20.0,130.0,0.0
2024-12-18,44,19:00,0.0,3.2115,3.2115,63.08,0.050645,20.0,130.0,0.0
2024-12-18,45,19:15,0.0,0.0,0.0,63.08,0.0,20.0,170.0,0.0
2024-12-18,46,19:30,0.0,0.0,0.0,63.08,0.0,20.0,170.0,0.0
2024-12-18,47,19:45,0.0,0.0,0.0,63.08,0.0,20.0,170.0,0.0
2024-12-18,48,20:00,0.0,0.0,0.0,57.9,0.0,20.0,170.0,0.0
2024-12-18,49,20:15,0.0,0.0,0.0,57.9,0.0,20.0,170.0,0.0
2024-12-18,50,20:30,0.0,0.0,0.0,57.9,0.0,20.0,170.0,0.0
2024-12-18,51,20:45,0.0,0.0,0.0,57.9,0.0,20.0,170.0,0.0
2024-12-18,52,21:00,0.0,0.0,0.0,50.69,0.0,20.0,170.0,0.0
2024-12-18,53,21:15,0.0,0.0,0.0,50.69,0.0,20.0,170.0,0.0
2024-12-18,54,21:30,0.0,0.0,0.0,50.69,0.0,20.0,170.0,0.0
2024-12-18,55,21:45,0.0,0.0,0.0,50.69,0.0,20.0,20.0,150.0
2024-12-19,0,08:00,1.8638,0.0,1.8638,67.44,0.031424,20.0,20.0,0.0
2024-12-19,1,08:15,6.7293,0.0,6.7293,67.44,0.113456,20.0,20.0,0.0
2024-12-19,2,08:30,5.9956,0.0,5.9956,67.44,0.101086,20.0,20.0,0.0
2024-12-19,3,08:45,7.1179,0.0,7.1179,67.44,0.120008,20.0,20.0,0.0
2024-12-19,4,09:00,6.1091,0.0,6.1091,68.42,0.104496,20.0,20.0,0.0
2024-12-19,5,09:15,5.6324,0.0,5.6324,68.42,0.096343,20.0,20.0,0.0
2024-12-19,6,09:30,5.8458,0.0,5.8458,68.42,0.099993,20.0,20.0,0.0
2024-12-19,7,09:45,5.1816,0.0,5.1816,68.42,0.088631,20.0,20.0,0.0
2024-12-19,8,10:00,6.7301,0.0,6.7301,65.84,0.110777,20.0,20.0,0.0
2024-12-19,9,10:15,3.9878,0.0,3.9878,65.84,0.065639,20.0,20.0,0.0
2024-12-19,10,10:30,1.8638,9.5021,11.3659,65.84,0.187083,80.0,20.0,0.0
2024-12-19,11,10:45,6.7293,17.0147,23.744,65.84,0.390825,80.0,20.0,0.0
2024-12-19,12,11:00,5.9956,17.1381,23.1337,67.7,0.391538,80.0,20.0,0.0
2024-12-19,13,11:15,7.1179,16.0793,23.1972,67.7,0.392612,80.0,20.0,0.0
2024-12-19,14,11:30,6.1091,3.2115,9.3206,67.7,0.15775,80.0,20.0,0.0
2024-12-19,15,11:45,5.6324,9.5021,15.1345,67.7,0.256152,40.0,60.0,0.0
2024-12-19,16,12:00,5.8458,17.0147,22.8605,69.72,0.398458,40.0,60.0,0.0
2024-12-19,17,12:15,5.1816,17.1381,22.3197,69.72,0.389032,40.0,60.0,0.0
2024-12-19,18,12:30,6.7301,16.0793,22.8094,69.72,0.397567,40.0,60.0,0.0
2024-12-19,19,12:45,3.9878,3.2115,7.1993,69.72,0.125484,40.0,60.0,0.0
2024-12-19,20,13:00,1.8638,9.5021,11.3659,70.4,0.20004,100.0,100.0,0.0
2024-12-19,21,13:15,6.7293,17.0147,23.744,70.4,0.417894,100.0,100.0,0.0
2024-12-19,22,13:30,5.9956,17.1381,23.1337,70.4,0.407153,100.0,100.0,0.0
2024-12-19,23,13:45,7.1179,16.0793,23.1972,70.4,0.40827,100.0,100.0,0.0
2024-12-19,24,14:00,6.1091,3.2115,9.3206,69.72,0.162457,100.0,100.0,0.0
2024-12-19,25,14:15,5.6324,9.5021,15.1345,69.72,0.263795,60.0,140.0,0.0
2024-12-19,26,14:30,5.8458,17.0147,22.8605,69.72,0.398458,60.0,140.0,0.0
2024-12-19,27,14:45,5.1816,17.1381,22.3197,69.72,0.389032,60.0,140.0,0.0
2024-12-19,28,15:00,6.7301,16.0793,22.8094,70.47,0.401844,60.0,0.0,140.0
2024-12-19,29,15:15,3.9878,3.2115,7.1993,70.47,0.126833,60.0,0.0,0.0
2024-12-19,30,15:30,0.0,9.5021,9.5021,70.47,0.167403,120.0,40.0,0.0
2024-12-19,31,15:45,0.0,17.0147,17.0147,70.47,0.299756,120.0,40.0,0.0
2024-12-19,32,16:00,0.0,17.1381,17.1381,71.46,0.306172,120.0,40.0,0.0
2024-12-19,33,16:15,0.0,16.0793,16.0793,71.46,0.287256,120.0,40.0,0.0
2024-12-19,34,16:30,0.0,3.2115,3.2115,71.46,0.057373,120.0,40.0,0.0
2024-12-19,35,16:45,0.0,9.5021,9.5021,71.46,0.169755,80.0,80.0,0.0
2024-12-19,36,17:00,0.0,17.0147,17.0147,81.52,0.346759,80.0,80.0,0.0
2024-12-19,37,17:15,0.0,17.1381,17.1381,81.52,0.349274,80.0,80.0,0.0
2024-12-19,38,17:30,0.0,16.0793,16.0793,81.52,0.327696,80.0,80.0,0.0
2024-12-19,39,17:45,0.0,3.2115,3.2115,81.52,0.06545,80.0,80.0,0.0
2024-12-19,40,18:00,0.0,9.5021,9.5021,92.58,0.219926,40.0,120.0,0.0
2024-12-19,41,18:15,0.0,17.0147,17.0147,92.58,0.393805,40.0,120.0,0.0
2024-12-19,42,18:30,0.0,17.1381,17.1381,92.58,0.396661,40.0,120.0,0.0
2024-12-19,43,18:45,0.0,16.0793,16.0793,92.58,0.372155,40.0,120.0,0.0
2024-12-19,44,19:00,0.0,3.2115,3.2115,87.36,0.070139,40.0,120.0,0.0
2024-12-19,45,19:15,0.0,9.5021,9.5021,87.36,0.207526,0.0,160.0,0.0
2024-12-19,46,19:30,0.0,17.0147,17.0147,87.36,0.3716,0.0,160.0,0.0
2024-12-19,47,19:45,0.0,17.1381,17.1381,87.36,0.374296,0.0,160.0,0.0
2024-12-19,48,20:00,0.0,16.0793,16.0793,75.37,0.302974,0.0,160.0,0.0
2024-12-19,49,20:15,0.0,3.2115,3.2115,75.37,0.060512,0.0,160.0,0.0
2024-12-19,50,20:30,0.0,0.0,0.0,75.37,0.0,0.0,200.0,0.0
2024-12-19,51,20:45,0.0,0.0,0.0,75.37,0.0,0.0,200.0,0.0
2024-12-19,52,21:00,0.0,0.0,0.0,70.0,0.0,0.0,200.0,0.0
2024-12-19,53,21:15,0.0,0.0,0.0,70.0,0.0,0.0,200.0,0.0
2024-12-19,54,21:30,0.0,0.0,0.0,70.0,0.0,0.0,200.0,0.0
2024-12-19,55,21:45,0.0,0.0,0.0,70.0,0.0,0.0,20.0,180.0
2024-12-20,0,08:00,1.8638,0.0,1.8638,109.72,0.051125,0.0,20.0,0.0
2024-12-20,1,08:15,6.7293,0.0,6.7293,109.72,0.184584,0.0,20.0,0.0
2024-12-20,2,08:30,5.9956,0.0,5.9956,109.72,0.164459,0.0,20.0,0.0
2024-12-20,3,08:45,7.1179,0.0,7.1179,109.72,0.195244,0.0,20.0,0.0
2024-12-20,4,09:00,6.1091,0.0,6.1091,106.65,0.162883,0.0,20.0,0.0
2024-12-20,5,09:15,5.6324,0.0,5.6324,106.65,0.150175,0.0,20.0,0.0
2024-12-20,6,09:30,5.8458,0.0,5.8458,106.65,0.155864,0.0,20.0,0.0
2024-12-20,7,09:45,5.1816,0.0,5.1816,106.65,0.138154,0.0,20.0,0.0
2024-12-20,8,10:00,6.7301,0.0,6.7301,103.14,0.173536,0.0,20.0,0.0
2024-12-20,9,10:15,3.9878,0.0,3.9878,103.14,0.102825,0.0,20.0,0.0
2024-12-20,10,10:30,1.8638,9.5021,11.3659,103.14,0.293071,60.0,20.0,0.0
2024-12-20,11,10:45,6.7293,17.0147,23.744,103.14,0.612238,60.0,20.0,0.0
2024-12-20,12,11:00,5.9956,17.1381,23.1337,97.44,0.563536,60.0,20.0,0.0
2024-12-20,13,11:15,7.1179,16.0793,23.1972,97.44,0.565083,60.0,20.0,0.0
2024-12-20,14,11:30,6.1091,3.2115,9.3206,97.44,0.227049,60.0,20.0,0.0
2024-12-20,15,11:45,5.6324,9.5021,15.1345,97.44,0.368677,20.0,60.0,0.0
2024-12-20,16,12:00,5.8458,17.0147,22.8605,87.56,0.500416,20.0,60.0,0.0
2024-12-20,17,12:15,5.1816,17.1381,22.3197,87.56,0.488578,20.0,60.0,0.0
2024-12-20,18,12:30,6.7301,16.0793,22.8094,87.56,0.499297,20.0,60.0,0.0
2024-12-20,19,12:45,3.9878,3.2115,7.1993,87.56,0.157592,20.0,60.0,0.0
2024-12-20,20,13:00,1.8638,9.5021,11.3659,83.84,0.23823,80.0,100.0,0.0
2024-12-20,21,13:15,6.7293,17.0147,23.744,83.84,0.497673,80.0,100.0,0.0
2024-12-20,22,13:30,5.9956,17.1381,23.1337,83.84,0.484882,80.0,100.0,0.0
2024-12-20,23,13:45,7.1179,16.0793,23.1972,83.84,0.486213,80.0,100.0,0.0
2024-12-20,24,14:00,6.1091,3.2115,9.3206,88.03,0.205122,80.0,100.0,0.0
2024-12-20,25,14:15,5.6324,9.5021,15.1345,88.03,0.333073,40.0,140.0,0.0
2024-12-20,26,14:30,5.8458,17.0147,22.8605,88.03,0.503102,40.0,140.0,0.0
2024-12-20,27,14:45,5.1816,17.1381,22.3197,88.03,0.4912,40.0,140.0,0.0
2024-12-20,28,15:00,6.7301,16.0793,22.8094,98.67,0.56265,40.0,20.0,120.0
2024-12-20,29,15:15,3.9878,3.2115,7.1993,98.67,0.177588,40.0,20.0,0.0
2024-12-20,30,15:30,0.0,9.5021,9.5021,98.67,0.234393,100.0,60.0,0.0
2024-12-20,31,15:45,0.0,17.0147,17.0147,98.67,0.419709,100.0,60.0,0.0
2024-12-20,32,16:00,0.0,17.1381,17.1381,105.24,0.450903,100.0,60.0,0.0
2024-12-20,33,16:15,0.0,16.0793,16.0793,105.24,0.423046,100.0,60.0,0.0
2024-12-20,34,16:30,0.0,3.2115,3.2115,105.24,0.084494,100.0,60.0,0.0
2024-12-20,35,16:45,0.0,9.5021,9.5021,105.24,0.25,60.0,100.0,0.0
2024-12-20,36,17:00,0.0,17.0147,17.0147,109.89,0.467436,60.0,100.0,0.0
2024-12-20,37,17:15,0.0,17.1381,17.1381,109.89,0.470826,60.0,100.0,0.0
2024-12-20,38,17:30,0.0,16.0793,16.0793,109.89,0.441738,60.0,100.0,0.0
2024-12-20,39,17:45,0.0,3.2115,3.2115,109.89,0.088228,60.0,100.0,0.0
2024-12-20,40,18:00,0.0,0.0,0.0,101.18,0.0,60.0,140.0,0.0
2024-12-20,41,18:15,0.0,0.0,0.0,101.18,0.0,60.0,140.0,0.0
2024-12-20,42,18:30,0.0,0.0,0.0,101.18,0.0,60.0,140.0,0.0
2024-12-20,43,18:45,0.0,0.0,0.0,101.18,0.0,60.0,140.0,0.0
2024-12-20,44,19:00,0.0,0.0,0.0,98.65,0.0,60.0,140.0,0.0
2024-12-20,45,19:15,0.0,0.0,0.0,98.65,0.0,60.0,140.0,0.0
2024-12-20,46,19:30,0.0,0.0,0.0,98.65,0.0,60.0,140.0,0.0
2024-12-20,47,19:45,0.0,0.0,0.0,98.65,0.0,60.0,140.0,0.0
2024-12-20,48,20:00,0.0,0.0,0.0,89.73,0.0,60.0,140.0,0.0
2024-12-20,49,20:15,0.0,0.0,0.0,89.73,0.0,60.0,140.0,0.0
2024-12-20,50,20:30,0.0,0.0,0.0,89.73,0.0,60.0,140.0,0.0
2024-12-20,51,20:45,0.0,0.0,0.0,89.73,0.0,60.0,140.0,0.0
2024-12-20,52,21:00,0.0,0.0,0.0,71.82,0.0,60.0,140.0,0.0
2024-12-20,53,21:15,0.0,0.0,0.0,71.82,0.0,60.0,140.0,0.0
2024-12-20,54,21:30,0.0,0.0,0.0,71.82,0.0,60.0,140.0,0.0
2024-12-20,55,21:45,0.0,0.0,0.0,71.82,0.0,60.0,10.0,130.0
2024-12-23,0,08:00,1.8638,9.5021,11.3659,59.34,0.168614,20.0,10.0,0.0
2024-12-23,1,08:15,6.7293,17.0147,23.744,59.34,0.352242,20.0,10.0,0.0
2024-12-23,2,08:30,5.9956,17.1381,23.1337,59.34,0.343188,20.0,10.0,0.0
2024-12-23,3,08:45,7.1179,16.0793,23.1972,59.34,0.34413,20.0,10.0,0.0
2024-12-23,4,09:00,6.1091,3.2115,9.3206,59.62,0.138923,20.0,10.0,0.0
2024-12-23,5,09:15,5.6324,0.0,5.6324,59.62,0.083952,20.0,50.0,0.0
2024-12-23,6,09:30,5.8458,0.0,5.8458,59.62,0.087132,20.0,50.0,0.0
2024-12-23,7,09:45,5.1816,0.0,5.1816,59.62,0.077231,20.0,50.0,0.0
2024-12-23,8,10:00,6.7301,0.0,6.7301,52.73,0.08872,20.0,50.0,0.0
2024-12-23,9,10:15,3.9878,0.0,3.9878,52.73,0.052569,20.0,50.0,0.0
2024-12-23,10,10:30,0.0,9.5021,9.5021,52.73,0.125261,80.0,50.0,0.0
2024-12-23,11,10:45,0.0,17.0147,17.0147,52.73,0.224296,80.0,50.0,0.0
2024-12-23,12,11:00,0.0,17.1381,17.1381,52.0,0.222795,80.0,50.0,0.0
2024-12-23,13,11:15,0.0,16.0793,16.0793,52.0,0.209031,80.0,50.0,0.0
2024-12-23,14,11:30,0.0,3.2115,3.2115,52.0,0.041749,80.0,50.0,0.0
2024-12-23,15,11:45,0.0,9.5021,9.5021,52.0,0.123527,40.0,90.0,0.0
2024-12-23,16,12:00,0.0,17.0147,17.0147,54.17,0.230421,40.0,90.0,0.0
2024-12-23,17,12:15,0.0,17.1381,17.1381,54.17,0.232093,40.0,90.0,0.0
2024-12-23,18,12:30,0.0,16.0793,16.0793,54.17,0.217754,40.0,90.0,0.0
2024-12-23,19,12:45,0.0,3.2115,3.2115,54.17,0.043492,40.0,90.0,0.0
2024-12-23,20,13:00,0.0,9.5021,9.5021,54.81,0.130202,0.0,130.0,0.0
2024-12-23,21,13:15,0.0,17.0147,17.0147,54.81,0.233144,0.0,130.0,0.0
2024-12-23,22,13:30,0.0,17.1381,17.1381,54.81,0.234835,0.0,130.0,0.0
2024-12-23,23,13:45,0.0,16.0793,16.0793,54.81,0.220326,0.0,130.0,0.0
2024-12-23,24,14:00,0.0,3.2115,3.2115,61.56,0.049425,0.0,130.0,0.0
2024-12-23,25,14:15,0.0,0.0,0.0,61.56,0.0,0.0,170.0,0.0
2024-12-23,26,14:30,0.0,0.0,0.0,61.56,0.0,0.0,170.0,0.0
2024-12-23,27,14:45,0.0,0.0,0.0,61.56,0.0,0.0,170.0,0.0
2024-12-23,28,15:00,0.0,0.0,0.0,73.69,0.0,0.0,170.0,0.0
2024-12-23,29,15:15,0.0,0.0,0.0,73.69,0.0,0.0,170.0,0.0
2024-12-23,30,15:30,0.0,0.0,0.0,73.69,0.0,0.0,170.0,0.0
2024-12-23,31,15:45,0.0,0.0,0.0,73.69,0.0,0.0,170.0,0.0
2024-12-23,32,16:00,0.0,0.0,0.0,82.56,0.0,0.0,170.0,0.0
2024-12-23,33,16:15,0.0,0.0,0.0,82.56,0.0,0.0,170.0,0.0
2024-12-23,34,16:30,0.0,0.0,0.0,82.56,0.0,0.0,170.0,0.0
2024-12-23,35,16:45,0.0,0.0,0.0,82.56,0.0,0.0,170.0,0.0
2024-12-23,36,17:00,0.0,0.0,0.0,98.25,0.0,0.0,170.0,0.0
2024-12-23,37,17:15,0.0,0.0,0.0,98.25,0.0,0.0,170.0,0.0
2024-12-23,38,17:30,0.0,0.0,0.0,98.25,0.0,0.0,170.0,0.0
2024-12-23,39,17:45,0.0,0.0,0.0,98.25,0.0,0.0,170.0,0.0
2024-12-23,40,18:00,0.0,0.0,0.0,101.75,0.0,0.0,170.0,0.0
2024-12-23,41,18:15,0.0,0.0,0.0,101.75,0.0,0.0,170.0,0.0
2024-12-23,42,18:30,0.0,0.0,0.0,101.75,0.0,0.0,170.0,0.0
2024-12-23,43,18:45,0.0,0.0,0.0,101.75,0.0,0.0,170.0,0.0
2024-12-23,44,19:00,0.0,0.0,0.0,97.47,0.0,0.0,170.0,0.0
2024-12-23,45,19:15,0.0,0.0,0.0,97.47,0.0,0.0,170.0,0.0
2024-12-23,46,19:30,0.0,0.0,0.0,97.47,0.0,0.0,170.0,0.0
2024-12-23,47,19:45,0.0,0.0,0.0,97.47,0.0,0.0,170.0,0.0
2024-12-23,48,20:00,0.0,0.0,0.0,92.59,0.0,0.0,170.0,0.0
2024-12-23,49,20:15,0.0,0.0,0.0,92.59,0.0,0.0,170.0,0.0
2024-12-23,50,20:30,0.0,0.0,0.0,92.59,0.0,0.0,170.0,0.0
2024-12-23,51,20:45,0.0,0.0,0.0,92.59,0.0,0.0,170.0,0.0
2024-12-23,52,21:00,0.0,0.0,0.0,108.29,0.0,0.0,170.0,0.0
2024-12-23,53,21:15,0.0,0.0,0.0,108.29,0.0,0.0,170.0,0.0
2024-12-23,54,21:30,0.0,0.0,0.0,108.29,0.0,0.0,170.0,0.0
2024-12-23,55,21:45,0.0,0.0,0.0,108.29,0.0,0.0,20.0,150.0
2024-12-24,0,08:00,1.8638,0.0,1.8638,115.09,0.053627,0.0,20.0,0.0
2024-12-24,1,08:15,6.7293,0.0,6.7293,115.09,0.193618,0.0,20.0,0.0
2024-12-24,2,08:30,5.9956,0.0,5.9956,115.09,0.172508,0.0,20.0,0.0
2024-12-24,3,08:45,7.1179,0.0,7.1179,115.09,0.2048,0.0,20.0,0.0
2024-12-24,4,09:00,6.1091,0.0,6.1091,120.95,0.184723,0.0,20.0,0.0
2024-12-24,5,09:15,5.6324,0.0,5.6324,120.95,0.170311,0.0,20.0,0.0
2024-12-24,6,09:30,5.8458,0.0,5.8458,120.95,0.176763,0.0,20.0,0.0
2024-12-24,7,09:45,5.1816,0.0,5.1816,120.95,0.156678,0.0,20.0,0.0
2024-12-24,8,10:00,6.7301,0.0,6.7301,120.0,0.201903,0.0,20.0,0.0
2024-12-24,9,10:15,3.9878,0.0,3.9878,120.0,0.119634,0.0,20.0,0.0
2024-12-24,10,10:30,1.8638,9.5021,11.3659,120.0,0.340978,60.0,20.0,0.0
2024-12-24,11,10:45,6.7293,17.0147,23.744,120.0,0.712319,60.0,20.0,0.0
2024-12-24,12,11:00,5.9956,17.1381,23.1337,118.16,0.683369,60.0,20.0,0.0
2024-12-24,13,11:15,7.1179,16.0793,23.1972,118.16,0.685245,60.0,20.0,0.0
2024-12-24,14,11:30,6.1091,3.2115,9.3206,118.16,0.275329,60.0,20.0,0.0
2024-12-24,15,11:45,5.6324,9.5021,15.1345,118.16,0.447074,20.0,60.0,0.0
2024-12-24,16,12:00,5.8458,17.0147,22.8605,117.49,0.67147,20.0,60.0,0.0
2024-12-24,17,12:15,5.1816,17.1381,22.3197,117.49,0.655584,20.0,60.0,0.0
2024-12-24,18,12:30,6.7301,16.0793,22.8094,117.49,0.669969,20.0,60.0,0.0
2024-12-24,19,12:45,3.9878,3.2115,7.1993,117.49,0.211461,20.0,60.0,0.0
2024-12-24,20,13:00,1.8638,9.5021,11.3659,115.38,0.32785,80.0,100.0,0.0
2024-12-24,21,13:15,6.7293,17.0147,23.744,115.38,0.684894,80.0,100.0,0.0
2024-12-24,22,13:30,5.9956,17.1381,23.1337,115.38,0.667291,80.0,100.0,0.0
2024-12-24,23,13:45,7.1179,16.0793,23.1972,115.38,0.669122,80.0,100.0,0.0
2024-12-24,24,14:00,6.1091,3.2115,9.3206,117.98,0.27491,80.0,100.0,0.0
2024-12-24,25,14:15,5.6324,9.5021,15.1345,117.98,0.446393,40.0,140.0,0.0
2024-12-24,26,14:30,5.8458,17.0147,22.8605,117.98,0.67427,40.0,140.0,0.0
2024-12-24,27,14:45,5.1816,17.1381,22.3197,117.98,0.658319,40.0,140.0,0.0
2024-12-24,28,15:00,6.7301,16.0793,22.8094,119.5,0.68143,40.0,0.0,140.0
2024-12-24,29,15:15,3.9878,3.2115,7.1993,119.5,0.215079,40.0,0.0,0.0
2024-12-24,30,15:30,1.8638,9.5021,11.3659,119.5,0.339557,100.0,40.0,0.0
2024-12-24,31,15:45,6.7293,17.0147,23.744,119.5,0.709351,100.0,40.0,0.0
2024-12-24,32,16:00,5.9956,17.1381,23.1337,120.21,0.695225,100.0,40.0,0.0
2024-12-24,33,16:15,7.1179,16.0793,23.1972,120.21,0.697133,100.0,40.0,0.0
2024-12-24,34,16:30,6.1091,3.2115,9.3206,120.21,0.280106,100.0,40.0,0.0
2024-12-24,35,16:45,5.6324,9.5021,15.1345,120.21,0.454831,60.0,80.0,0.0
2024-12-24,36,17:00,5.8458,17.0147,22.8605,118.0,0.674384,60.0,80.0,0.0
2024-12-24,37,17:15,5.1816,17.1381,22.3197,118.0,0.65843,60.0,80.0,0.0
2024-12-24,38,17:30,6.7301,16.0793,22.8094,118.0,0.672877,60.0,80.0,0.0
2024-12-24,39,17:45,3.9878,3.2115,7.1993,118.0,0.212379,60.0,80.0,0.0
2024-12-24,40,18:00,0.0,9.5021,9.5021,110.98,0.263636,120.0,120.0,0.0
2024-12-24,41,18:15,0.0,17.0147,17.0147,110.98,0.472072,120.0,120.0,0.0
2024-12-24,42,18:30,0.0,17.1381,17.1381,110.98,0.475496,120.0,120.0,0.0
2024-12-24,43,18:45,0.0,16.0793,16.0793,110.98,0.44612,120.0,120.0,0.0
2024-12-24,44,19:00,0.0,3.2115,3.2115,105.66,0.084831,120.0,120.0,0.0
2024-12-24,45,19:15,0.0,9.5021,9.5021,105.66,0.250998,80.0,160.0,0.0
2024-12-24,46,19:30,0.0,17.0147,17.0147,105.66,0.449443,80.0,160.0,0.0
2024-12-24,47,19:45,0.0,17.1381,17.1381,105.66,0.452703,80.0,160.0,0.0
2024-12-24,48,20:00,0.0,16.0793,16.0793,102.56,0.412273,80.0,160.0,0.0
2024-12-24,49,20:15,0.0,3.2115,3.2115,102.56,0.082343,80.0,160.0,0.0
2024-12-24,50,20:30,0.0,0.0,0.0,102.56,0.0,80.0,200.0,0.0
2024-12-24,51,20:45,0.0,0.0,0.0,102.56,0.0,80.0,200.0,0.0
2024-12-24,52,21:00,0.0,0.0,0.0,94.63,0.0,80.0,200.0,0.0
2024-12-24,53,21:15,0.0,0.0,0.0,94.63,0.0,80.0,200.0,0.0
2024-12-24,54,21:30,0.0,0.0,0.0,94.63,0.0,80.0,200.0,0.0
2024-12-24,55,21:45,0.0,0.0,0.0,94.63,0.0,80.0,30.0,170.0
2024-12-26,0,08:00,1.8638,9.5021,11.3659,119.1,0.338421,40.0,30.0,0.0
2024-12-26,1,08:15,6.7293,17.0147,23.744,119.1,0.706976,40.0,30.0,0.0
2024-12-26,2,08:30,5.9956,17.1381,23.1337,119.1,0.688805,40.0,30.0,0.0
2024-12-26,3,08:45,7.1179,16.0793,23.1972,119.1,0.690696,40.0,30.0,0.0
2024-12-26,4,09:00,6.1091,3.2115,9.3206,118.23,0.275492,40.0,30.0,0.0
2024-12-26,5,09:15,5.6324,9.5021,15.1345,118.23,0.447339,0.0,70.0,0.0
2024-12-26,6,09:30,5.8458,17.0147,22.8605,118.23,0.675699,0.0,70.0,0.0
2024-12-26,7,09:45,5.1816,17.1381,22.3197,118.23,0.659714,0.0,70.0,0.0
2024-12-26,8,10:00,6.7301,16.0793,22.8094,113.25,0.645791,0.0,70.0,0.0
2024-12-26,9,10:15,3.9878,3.2115,7.1993,113.25,0.20383,0.0,70.0,0.0
2024-12-26,10,10:30,0.0,9.5021,9.5021,113.25,0.269028,60.0,110.0,0.0
2024-12-26,11,10:45,0.0,17.0147,17.0147,113.25,0.481728,60.0,110.0,0.0
2024-12-26,12,11:00,0.0,17.1381,17.1381,106.01,0.454202,60.0,110.0,0.0
2024-12-26,13,11:15,0.0,16.0793,16.0793,106.01,0.426141,60.0,110.0,0.0
2024-12-26,14,11:30,0.0,3.2115,3.2115,106.01,0.085112,60.0,110.0,0.0
2024-12-26,15,11:45,0.0,9.5021,9.5021,106.01,0.251829,20.0,150.0,0.0
2024-12-26,16,12:00,0.0,17.0147,17.0147,107.71,0.458163,20.0,150.0,0.0
2024-12-26,17,12:15,0.0,17.1381,17.1381,107.71,0.461486,20.0,150.0,0.0
2024-12-26,18,12:30,0.0,16.0793,16.0793,107.71,0.432975,20.0,150.0,0.0
2024-12-26,19,12:45,0.0,3.2115,3.2115,107.71,0.086477,20.0,150.0,0.0
2024-12-26,20,13:00,0.0,0.0,0.0,103.9,0.0,20.0,190.0,0.0
2024-12-26,21,13:15,0.0,0.0,0.0,103.9,0.0,20.0,190.0,0.0
2024-12-26,22,13:30,0.0,0.0,0.0,103.9,0.0,20.0,190.0,0.0
2024-12-26,23,13:45,0.0,0.0,0.0,103.9,0.0,20.0,190.0,0.0
2024-12-26,24,14:00,0.0,0.0,0.0,109.64,0.0,20.0,190.0,0.0
2024-12-26,25,14:15,0.0,0.0,0.0,109.64,0.0,20.0,190.0,0.0
2024-12-26,26,14:30,0.0,0.0,0.0,109.64,0.0,20.0,190.0,0.0
2024-12-26,27,14:45,0.0,0.0,0.0,109.64,0.0,20.0,190.0,0.0
2024-12-26,28,15:00,0.0,0.0,0.0,120.75,0.0,20.0,190.0,0.0
2024-12-26,29,15:15,0.0,0.0,0.0,120.75,0.0,20.0,190.0,0.0
2024-12-26,30,15:30,0.0,0.0,0.0,120.75,0.0,20.0,190.0,0.0
2024-12-26,31,15:45,0.0,0.0,0.0,120.75,0.0,20.0,190.0,0.0
2024-12-26,32,16:00,0.0,0.0,0.0,129.64,0.0,20.0,190.0,0.0
2024-12-26,33,16:15,0.0,0.0,0.0,129.64,0.0,20.0,190.0,0.0
2024-12-26,34,16:30,0.0,0.0,0.0,129.64,0.0,20.0,190.0,0.0
2024-12-26,35,16:45,0.0,0.0,0.0,129.64,0.0,20.0,190.0,0.0
2024-12-26,36,17:00,0.0,0.0,0.0,137.9,0.0,20.0,190.0,0.0
2024-12-26,37,17:15,0.0,0.0,0.0,137.9,0.0,20.0,190.0,0.0
2024-12-26,38,17:30,0.0,0.0,0.0,137.9,0.0,20.0,190.0,0.0
2024-12-26,39,17:45,0.0,0.0,0.0,137.9,0.0,20.0,190.0,0.0
2024-12-26,40,18:00,0.0,0.0,0.0,138.05,0.0,20.0,190.0,0.0
2024-12-26,41,18:15,0.0,0.0,0.0,138.05,0.0,20.0,190.0,0.0
2024-12-26,42,18:30,0.0,0.0,0.0,138.05,0.0,20.0,190.0,0.0
2024-12-26,43,18:45,0.0,0.0,0.0,138.05,0.0,20.0,190.0,0.0
2024-12-26,44,19:00,0.0,0.0,0.0,135.71,0.0,20.0,190.0,0.0
2024-12-26,45,19:15,0.0,0.0,0.0,135.71,0.0,20.0,190.0,0.0
2024-12-26,46,19:30,0.0,0.0,0.0,135.71,0.0,20.0,190.0,0.0
2024-12-26,47,19:45,0.0,0.0,0.0,135.71,0.0,20.0,190.0,0.0
2024-12-26,48,20:00,0.0,0.0,0.0,129.13,0.0,20.0,190.0,0.0
2024-12-26,49,20:15,0.0,0.0,0.0,129.13,0.0,20.0,190.0,0.0
2024-12-26,50,20:30,0.0,0.0,0.0,129.13,0.0,20.0,190.0,0.0
2024-12-26,51,20:45,0.0,0.0,0.0,129.13,0.0,20.0,190.0,0.0
2024-12-26,52,21:00,0.0,0.0,0.0,120.85,0.0,20.0,190.0,0.0
2024-12-26,53,21:15,0.0,0.0,0.0,120.85,0.0,20.0,190.0,0.0
2024-12-26,54,21:30,0.0,0.0,0.0,120.85,0.0,20.0,190.0,0.0
2024-12-26,55,21:45,0.0,0.0,0.0,120.85,0.0,20.0,0.0,190.0
2024-12-27,0,08:00,1.8638,0.0,1.8638,131.85,0.061437,20.0,0.0,0.0
2024-12-27,1,08:15,6.7293,0.0,6.7293,131.85,0.221814,20.0,0.0,0.0
2024-12-27,2,08:30,5.9956,0.0,5.9956,131.85,0.19763,20.0,0.0,0.0
2024-12-27,3,08:45,7.1179,0.0,7.1179,131.85,0.234624,20.0,0.0,0.0
2024-12-27,4,09:00,6.1091,0.0,6.1091,130.15,0.198774,20.0,0.0,0.0
2024-12-27,5,09:15,5.6324,0.0,5.6324,130.15,0.183266,20.0,0.0,0.0
2024-12-27,6,09:30,5.8458,0.0,5.8458,130.15,0.190208,20.0,0.0,0.0
2024-12-27,7,09:45,5.1816,0.0,5.1816,130.15,0.168595,20.0,0.0,0.0
2024-12-27,8,10:00,6.7301,0.0,6.7301,120.1,0.202071,20.0,0.0,0.0
2024-12-27,9,10:15,3.9878,0.0,3.9878,120.1,0.119734,20.0,0.0,0.0
2024-12-27,10,10:30,1.8638,9.5021,11.3659,120.1,0.341262,80.0,0.0,0.0
2024-12-27,11,10:45,6.7293,17.0147,23.744,120.1,0.712912,80.0,0.0,0.0
2024-12-27,12,11:00,5.9956,17.1381,23.1337,107.94,0.624262,80.0,0.0,0.0
2024-12-27,13,11:15,7.1179,16.0793,23.1972,107.94,0.625976,80.0,0.0,0.0
2024-12-27,14,11:30,6.1091,3.2115,9.3206,107.94,0.251515,80.0,0.0,0.0
2024-12-27,15,11:45,5.6324,9.5021,15.1345,107.94,0.408406,40.0,40.0,0.0
2024-12-27,16,12:00,5.8458,17.0147,22.8605,107.81,0.616147,40.0,40.0,0.0
2024-12-27,17,12:15,5.1816,17.1381,22.3197,107.81,0.601571,40.0,40.0,0.0
2024-12-27,18,12:30,6.7301,16.0793,22.8094,107.81,0.61477,40.0,40.0,0.0
2024-12-27,19,12:45,3.9878,3.2115,7.1993,107.81,0.194039,40.0,40.0,0.0
2024-12-27,20,13:00,1.8638,9.5021,11.3659,107.94,0.30671,100.0,80.0,0.0
2024-12-27,21,13:15,6.7293,17.0147,23.744,107.94,0.640731,100.0,80.0,0.0
2024-12-27,22,13:30,5.9956,17.1381,23.1337,107.94,0.624262,100.0,80.0,0.0
2024-12-27,23,13:45,7.1179,16.0793,23.1972,107.94,0.625976,100.0,80.0,0.0
2024-12-27,24,14:00,6.1091,3.2115,9.3206,121.65,0.283462,100.0,80.0,0.0
2024-12-27,25,14:15,5.6324,9.5021,15.1345,121.65,0.460279,60.0,120.0,0.0
2024-12-27,26,14:30,5.8458,17.0147,22.8605,121.65,0.695245,60.0,120.0,0.0
2024-12-27,27,14:45,5.1816,17.1381,22.3197,121.65,0.678797,60.0,120.0,0.0
2024-12-27,28,15:00,6.7301,16.0793,22.8094,136.46,0.778142,60.0,0.0,120.0
2024-12-27,29,15:15,3.9878,3.2115,7.1993,136.46,0.245604,60.0,0.0,0.0
2024-12-27,30,15:30,0.0,9.5021,9.5021,136.46,0.324164,120.0,40.0,0.0
2024-12-27,31,15:45,0.0,17.0147,17.0147,136.46,0.580456,120.0,40.0,0.0
2024-12-27,32,16:00,0.0,17.1381,17.1381,146.25,0.626612,120.0,40.0,0.0
2024-12-27,33,16:15,0.0,16.0793,16.0793,146.25,0.587899,120.0,40.0,0.0
2024-12-27,34,16:30,0.0,3.2115,3.2115,146.25,0.11742,120.0,40.0,0.0
2024-12-27,35,16:45,0.0,9.5021,9.5021,146.25,0.34742,80.0,80.0,0.0
2024-12-27,36,17:00,0.0,17.0147,17.0147,151.8,0.645707,80.0,80.0,0.0
2024-12-27,37,17:15,0.0,17.1381,17.1381,151.8,0.650391,80.0,80.0,0.0
2024-12-27,38,17:30,0.0,16.0793,16.0793,151.8,0.610209,80.0,80.0,0.0
2024-12-27,39,17:45,0.0,3.2115,3.2115,151.8,0.121876,80.0,80.0,0.0
2024-12-27,40,18:00,0.0,9.5021,9.5021,158.4,0.376283,40.0,120.0,0.0
2024-12-27,41,18:15,0.0,17.0147,17.0147,158.4,0.673781,40.0,120.0,0.0
2024-12-27,42,18:30,0.0,17.1381,17.1381,158.4,0.678668,40.0,120.0,0.0
2024-12-27,43,18:45,0.0,16.0793,16.0793,158.4,0.636739,40.0,120.0,0.0
2024-12-27,44,19:00,0.0,3.2115,3.2115,146.43,0.117564,40.0,120.0,0.0
2024-12-27,45,19:15,0.0,0.0,0.0,146.43,0.0,40.0,160.0,0.0
2024-12-27,46,19:30,0.0,0.0,0.0,146.43,0.0,40.0,160.0,0.0
2024-12-27,47,19:45,0.0,0.0,0.0,146.43,0.0,40.0,160.0,0.0
2024-12-27,48,20:00,0.0,0.0,0.0,133.14,0.0,40.0,160.0,0.0
2024-12-27,49,20:15,0.0,0.0,0.0,133.14,0.0,40.0,160.0,0.0
2024-12-27,50,20:30,0.0,0.0,0.0,133.14,0.0,40.0,160.0,0.0
2024-12-27,51,20:45,0.0,0.0,0.0,133.14,0.0,40.0,160.0,0.0
2024-12-27,52,21:00,0.0,0.0,0.0,125.42,0.0,40.0,160.0,0.0
2024-12-27,53,21:15,0.0,0.0,0.0,125.42,0.0,40.0,160.0,0.0
2024-12-27,54,21:30,0.0,0.0,0.0,125.42,0.0,40.0,160.0,0.0
2024-12-27,55,21:45,0.0,0.0,0.0,125.42,0.0,40.0,0.0,160.0
2024-12-30,0,08:00,1.8638,9.5021,11.3659,86.3,0.24522,0.0,0.0,0.0
2024-12-30,1,08:15,6.7293,17.0147,23.744,86.3,0.512276,0.0,0.0,0.0
2024-12-30,2,08:30,5.9956,17.1381,23.1337,86.3,0.499109,0.0,0.0,0.0
2024-12-30,3,08:45,7.1179,16.0793,23.1972,86.3,0.500479,0.0,0.0,0.0
2024-12-30,4,09:00,6.1091,3.2115,9.3206,87.06,0.202862,0.0,0.0,0.0
2024-12-30,5,09:15,5.6324,0.0,5.6324,87.06,0.12259,0.0,40.0,0.0
2024-12-30,6,09:30,5.8458,0.0,5.8458,87.06,0.127234,0.0,40.0,0.0
2024-12-30,7,09:45,5.1816,0.0,5.1816,87.06,0.112777,0.0,40.0,0.0
2024-12-30,8,10:00,6.7301,0.0,6.7301,83.71,0.140844,0.0,40.0,0.0
2024-12-30,9,10:15,3.9878,0.0,3.9878,83.71,0.083455,0.0,40.0,0.0
2024-12-30,10,10:30,1.8638,9.5021,11.3659,83.71,0.237861,60.0,40.0,0.0
2024-12-30,11,10:45,6.7293,17.0147,23.744,83.71,0.496902,60.0,40.0,0.0
2024-12-30,12,11:00,5.9956,17.1381,23.1337,78.88,0.456196,60.0,40.0,0.0
2024-12-30,13,11:15,7.1179,16.0793,23.1972,78.88,0.457448,60.0,40.0,0.0
2024-12-30,14,11:30,6.1091,3.2115,9.3206,78.88,0.183801,60.0,40.0,0.0
2024-12-30,15,11:45,5.6324,9.5021,15.1345,78.88,0.298453,20.0,80.0,0.0
2024-12-30,16,12:00,5.8458,17.0147,22.8605,82.86,0.473555,20.0,80.0,0.0
2024-12-30,17,12:15,5.1816,17.1381,22.3197,82.86,0.462352,20.0,80.0,0.0
2024-12-30,18,12:30,6.7301,16.0793,22.8094,82.86,0.472496,20.0,80.0,0.0
2024-12-30,19,12:45,3.9878,3.2115,7.1993,82.86,0.149133,20.0,80.0,0.0
2024-12-30,20,13:00,1.8638,9.5021,11.3659,80.5,0.228739,80.0,120.0,0.0
2024-12-30,21,13:15,6.7293,17.0147,23.744,80.5,0.477847,80.0,120.0,0.0
2024-12-30,22,13:30,5.9956,17.1381,23.1337,80.5,0.465565,80.0,120.0,0.0
2024-12-30,23,13:45,7.1179,16.0793,23.1972,80.5,0.466843,80.0,120.0,0.0
2024-12-30,24,14:00,6.1091,3.2115,9.3206,83.7,0.195033,80.0,120.0,0.0
2024-12-30,25,14:15,5.6324,9.5021,15.1345,83.7,0.31669,40.0,160.0,0.0
2024-12-30,26,14:30,5.8458,17.0147,22.8605,83.7,0.478356,40.0,160.0,0.0
2024-12-30,27,14:45,5.1816,17.1381,22.3197,83.7,0.467039,40.0,160.0,0.0
2024-12-30,28,15:00,6.7301,16.0793,22.8094,92.42,0.527011,40.0,30.0,130.0
2024-12-30,29,15:15,3.9878,3.2115,7.1993,92.42,0.16634,40.0,30.0,0.0
2024-12-30,30,15:30,0.0,9.5021,9.5021,92.42,0.219546,100.0,70.0,0.0
2024-12-30,31,15:45,0.0,17.0147,17.0147,92.42,0.393124,100.0,70.0,0.0
2024-12-30,32,16:00,0.0,17.1381,17.1381,96.97,0.41547,100.0,70.0,0.0
2024-12-30,33,16:15,0.0,16.0793,16.0793,96.97,0.389802,100.0,70.0,0.0
2024-12-30,34,16:30,0.0,3.2115,3.2115,96.97,0.077854,100.0,70.0,0.0
2024-12-30,35,16:45,0.0,9.5021,9.5021,96.97,0.230354,60.0,110.0,0.0
2024-12-30,36,17:00,0.0,17.0147,17.0147,109.97,0.467776,60.0,110.0,0.0
2024-12-30,37,17:15,0.0,17.1381,17.1381,109.97,0.471169,60.0,110.0,0.0
2024-12-30,38,17:30,0.0,16.0793,16.0793,109.97,0.44206,60.0,110.0,0.0
2024-12-30,39,17:45,0.0,3.2115,3.2115,109.97,0.088292,60.0,110.0,0.0
2024-12-30,40,18:00,0.0,0.0,0.0,100.0,0.0,60.0,150.0,0.0
2024-12-30,41,18:15,0.0,0.0,0.0,100.0,0.0,60.0,150.0,0.0
2024-12-30,42,18:30,0.0,0.0,0.0,100.0,0.0,60.0,150.0,0.0
2024-12-30,43,18:45,0.0,0.0,0.0,100.0,0.0,60.0,150.0,0.0
2024-12-30,44,19:00,0.0,0.0,0.0,86.62,0.0,60.0,150.0,0.0
2024-12-30,45,19:15,0.0,0.0,0.0,86.62,0.0,60.0,150.0,0.0
2024-12-30,46,19:30,0.0,0.0,0.0,86.62,0.0,60.0,150.0,0.0
2024-12-30,47,19:45,0.0,0.0,0.0,86.62,0.0,60.0,150.0,0.0
2024-12-30,48,20:00,0.0,0.0,0.0,74.83,0.0,60.0,150.0,0.0
2024-12-30,49,20:15,0.0,0.0,0.0,74.83,0.0,60.0,150.0,0.0
2024-12-30,50,20:30,0.0,0.0,0.0,74.83,0.0,60.0,150.0,0.0
2024-12-30,51,20:45,0.0,0.0,0.0,74.83,0.0,60.0,150.0,0.0
2024-12-30,52,21:00,0.0,0.0,0.0,68.02,0.0,60.0,150.0,0.0
2024-12-30,53,21:15,0.0,0.0,0.0,68.02,0.0,60.0,150.0,0.0
2024-12-30,54,21:30,0.0,0.0,0.0,68.02,0.0,60.0,150.0,0.0
2024-12-30,55,21:45,0.0,0.0,0.0,68.02,0.0,60.0,0.0,150.0
2024-12-31,0,08:00,1.8638,9.5021,11.3659,78.43,0.222858,20.0,0.0,0.0
2024-12-31,1,08:15,6.7293,17.0147,23.744,78.43,0.46556,20.0,0.0,0.0
2024-12-31,2,08:30,5.9956,17.1381,23.1337,78.43,0.453594,20.0,0.0,0.0
2024-12-31,3,08:45,7.1179,16.0793,23.1972,78.43,0.454839,20.0,0.0,0.0
2024-12-31,4,09:00,6.1091,3.2115,9.3206,83.46,0.194473,20.0,0.0,0.0
2024-12-31,5,09:15,5.6324,0.0,5.6324,83.46,0.117521,20.0,40.0,0.0
2024-12-31,6,09:30,5.8458,0.0,5.8458,83.46,0.121973,20.0,40.0,0.0
2024-12-31,7,09:45,5.1816,0.0,5.1816,83.46,0.108114,20.0,40.0,0.0
2024-12-31,8,10:00,6.7301,0.0,6.7301,82.47,0.138758,20.0,40.0,0.0
2024-12-31,9,10:15,3.9878,0.0,3.9878,82.47,0.082218,20.0,40.0,0.0
2024-12-31,10,10:30,1.8638,9.5021,11.3659,82.47,0.234337,80.0,40.0,0.0
2024-12-31,11,10:45,6.7293,17.0147,23.744,82.47,0.489541,80.0,40.0,0.0
2024-12-31,12,11:00,5.9956,17.1381,23.1337,81.03,0.468631,80.0,40.0,0.0
2024-12-31,13,11:15,7.1179,16.0793,23.1972,81.03,0.469917,80.0,40.0,0.0
2024-12-31,14,11:30,6.1091,3.2115,9.3206,81.03,0.188811,80.0,40.0,0.0
2024-12-31,15,11:45,5.6324,9.5021,15.1345,81.03,0.306588,40.0,80.0,0.0
2024-12-31,16,12:00,5.8458,17.0147,22.8605,81.17,0.463896,40.0,80.0,0.0
2024-12-31,17,12:15,5.1816,17.1381,22.3197,81.17,0.452922,40.0,80.0,0.0
2024-12-31,18,12:30,6.7301,16.0793,22.8094,81.17,0.462859,40.0,80.0,0.0
2024-12-31,19,12:45,3.9878,3.2115,7.1993,81.17,0.146092,40.0,80.0,0.0
2024-12-31,20,13:00,1.8638,9.5021,11.3659,78.93,0.224278,100.0,120.0,0.0
2024-12-31,21,13:15,6.7293,17.0147,23.744,78.93,0.468528,100.0,120.0,0.0
2024-12-31,22,13:30,5.9956,17.1381,23.1337,78.93,0.456485,100.0,120.0,0.0
2024-12-31,23,13:45,7.1179,16.0793,23.1972,78.93,0.457738,100.0,120.0,0.0
2024-12-31,24,14:00,6.1091,3.2115,9.3206,76.84,0.179048,100.0,120.0,0.0
2024-12-31,25,14:15,5.6324,9.5021,15.1345,76.84,0.290735,60.0,160.0,0.0
2024-12-31,26,14:30,5.8458,17.0147,22.8605,76.84,0.43915,60.0,160.0,0.0
2024-12-31,27,14:45,5.1816,17.1381,22.3197,76.84,0.428761,60.0,160.0,0.0
2024-12-31,28,15:00,6.7301,16.0793,22.8094,82.07,0.467991,60.0,30.0,130.0
2024-12-31,29,15:15,3.9878,3.2115,7.1993,82.07,0.147711,60.0,30.0,0.0
2024-12-31,30,15:30,0.0,9.5021,9.5021,82.07,0.194959,120.0,70.0,0.0
2024-12-31,31,15:45,0.0,17.0147,17.0147,82.07,0.349099,120.0,70.0,0.0
2024-12-31,32,16:00,0.0,17.1381,17.1381,83.67,0.358486,120.0,70.0,0.0
2024-12-31,33,16:15,0.0,16.0793,16.0793,83.67,0.336338,120.0,70.0,0.0
2024-12-31,34,16:30,0.0,3.2115,3.2115,83.67,0.067176,120.0,70.0,0.0
2024-12-31,35,16:45,0.0,9.5021,9.5021,83.67,0.19876,80.0,110.0,0.0
2024-12-31,36,17:00,0.0,17.0147,17.0147,83.25,0.354118,80.0,110.0,0.0
2024-12-31,37,17:15,0.0,17.1381,17.1381,83.25,0.356687,80.0,110.0,0.0
2024-12-31,38,17:30,0.0,16.0793,16.0793,83.25,0.33465,80.0,110.0,0.0
2024-12-31,39,17:45,0.0,3.2115,3.2115,83.25,0.066839,80.0,110.0,0.0
2024-12-31,40,18:00,0.0,0.0,0.0,77.68,0.0,80.0,150.0,0.0
2024-12-31,41,18:15,0.0,0.0,0.0,77.68,0.0,80.0,150.0,0.0
2024-12-31,42,18:30,0.0,0.0,0.0,77.68,0.0,80.0,150.0,0.0
2024-12-31,43,18:45,0.0,0.0,0.0,77.68,0.0,80.0,150.0,0.0
2024-12-31,44,19:00,0.0,0.0,0.0,67.77,0.0,80.0,150.0,0.0
2024-12-31,45,19:15,0.0,0.0,0.0,67.77,0.0,80.0,150.0,0.0
2024-12-31,46,19:30,0.0,0.0,0.0,67.77,0.0,80.0,150.0,0.0
2024-12-31,47,19:45,0.0,0.0,0.0,67.77,0.0,80.0,150.0,0.0
2024-12-31,48,20:00,0.0,0.0,0.0,35.56,0.0,80.0,150.0,0.0
2024-12-31,49,20:15,0.0,0.0,0.0,35.56,0.0,80.0,150.0,0.0
2024-12-31,50,20:30,0.0,0.0,0.0,35.56,0.0,80.0,150.0,0.0
2024-12-31,51,20:45,0.0,0.0,0.0,35.56,0.0,80.0,150.0,0.0
2024-12-31,52,21:00,0.0,0.0,0.0,15.7,0.0,80.0,150.0,0.0
2024-12-31,53,21:15,0.0,0.0,0.0,15.7,0.0,80.0,150.0,0.0
2024-12-31,54,21:30,0.0,0.0,0.0,15.7,0.0,80.0,150.0,0.0
2024-12-31,55,21:45,0.0,0.0,0.0,15.7,0.0,80.0,0.0,150.0
